<?xml version="1.0" encoding="UTF-8"?>
<!-- track-length = 196555 filtered ascend = 1247 plain-ascend = 13 cost=207700 energy=25.5kwh time=2h 41m 44.9578006824413s -->
<gpx 
 xmlns="http://www.topografix.com/GPX/1/1" 
 xmlns:xsi="http://www.w3.org/2001/XMLSchema-instance" 
 xsi:schemaLocation="http://www.topografix.com/GPX/1/1 http://www.topografix.com/GPX/1/1/gpx.xsd" 
 version="1.1" 
 creator="BRouter-Web 0.18.1">
 <trk>
  <name>FlixBus N1315 Nürnberg ZOB - Plzeň CAN</name>
  <trkseg>
   <trkpt lat="49.447813733731174" lon="11.08553337000808"/>
   <trkpt lat="49.447967209658636" lon="11.08566481035005"/>
   <trkpt lat="49.44798967708726" lon="11.085723824381112"/>
   <trkpt lat="49.447986187123206" lon="11.08576674367643"/>
   <trkpt lat="49.447879" lon="11.086054"><ele>307.5</ele></trkpt>
   <trkpt lat="49.447716" lon="11.085906"><ele>308</ele></trkpt>
   <trkpt lat="49.447617" lon="11.085817"><ele>308</ele></trkpt>
   <trkpt lat="49.44748717967197" lon="11.085705073612294"/>
   <trkpt lat="49.447440687532854" lon="11.08562627408675"/>
   <trkpt lat="49.447328" lon="11.085521"><ele>308.75</ele></trkpt>
   <trkpt lat="49.447329" lon="11.085512"><ele>309</ele></trkpt>
   <trkpt lat="49.44734" lon="11.085388"><ele>309</ele></trkpt>
   <trkpt lat="49.447352" lon="11.085226"><ele>309</ele></trkpt>
   <trkpt lat="49.447361" lon="11.085114"><ele>309</ele></trkpt>
   <trkpt lat="49.44737" lon="11.08498"><ele>309</ele></trkpt>
   <trkpt lat="49.447402" lon="11.08442"><ele>309</ele></trkpt>
   <trkpt lat="49.447431" lon="11.083804"><ele>308.75</ele></trkpt>
   <trkpt lat="49.447443" lon="11.083685"><ele>308.25</ele></trkpt>
   <trkpt lat="49.447461" lon="11.083551"><ele>308</ele></trkpt>
   <trkpt lat="49.44758" lon="11.083605"><ele>308</ele></trkpt>
   <trkpt lat="49.447804" lon="11.083705"><ele>308.25</ele></trkpt>
   <trkpt lat="49.448021" lon="11.083814"><ele>308</ele></trkpt>
   <trkpt lat="49.448226" lon="11.083921"><ele>308</ele></trkpt>
   <trkpt lat="49.448331" lon="11.083976"><ele>308</ele></trkpt>
   <trkpt lat="49.448466" lon="11.084065"><ele>308</ele></trkpt>
   <trkpt lat="49.448657" lon="11.084212"><ele>307.75</ele></trkpt>
   <trkpt lat="49.449096" lon="11.084573"><ele>306.5</ele></trkpt>
   <trkpt lat="49.449135" lon="11.084606"><ele>306.25</ele></trkpt>
   <trkpt lat="49.449233" lon="11.084692"><ele>306</ele></trkpt>
   <trkpt lat="49.449184" lon="11.084827"><ele>305.75</ele></trkpt>
   <trkpt lat="49.448955" lon="11.08548"><ele>306</ele></trkpt>
   <trkpt lat="49.448834" lon="11.085832"><ele>306</ele></trkpt>
   <trkpt lat="49.448785" lon="11.085967"><ele>306.25</ele></trkpt>
   <trkpt lat="49.448726" lon="11.086101"><ele>306.5</ele></trkpt>
   <trkpt lat="49.448616" lon="11.086412"><ele>306.75</ele></trkpt>
   <trkpt lat="49.448589" lon="11.086486"><ele>307</ele></trkpt>
   <trkpt lat="49.44852" lon="11.08668"><ele>307</ele></trkpt>
   <trkpt lat="49.448466" lon="11.086833"><ele>307</ele></trkpt>
   <trkpt lat="49.448348" lon="11.087174"><ele>307</ele></trkpt>
   <trkpt lat="49.44823" lon="11.087517"><ele>307.25</ele></trkpt>
   <trkpt lat="49.448173" lon="11.087734"><ele>307</ele></trkpt>
   <trkpt lat="49.448167" lon="11.087758"><ele>307</ele></trkpt>
   <trkpt lat="49.448106" lon="11.087936"><ele>306.75</ele></trkpt>
   <trkpt lat="49.447904" lon="11.088509"><ele>306</ele></trkpt>
   <trkpt lat="49.447875" lon="11.088578"><ele>306</ele></trkpt>
   <trkpt lat="49.447786" lon="11.088774"><ele>305.25</ele></trkpt>
   <trkpt lat="49.447753" lon="11.088869"><ele>305</ele></trkpt>
   <trkpt lat="49.447735" lon="11.088926"><ele>305</ele></trkpt>
   <trkpt lat="49.447699" lon="11.089048"><ele>305</ele></trkpt>
   <trkpt lat="49.447577" lon="11.089109"><ele>305</ele></trkpt>
   <trkpt lat="49.447522" lon="11.089128"><ele>305</ele></trkpt>
   <trkpt lat="49.447416" lon="11.08916"><ele>306.75</ele></trkpt>
   <trkpt lat="49.446398" lon="11.089328"><ele>306.5</ele></trkpt>
   <trkpt lat="49.44632" lon="11.089334"><ele>306.25</ele></trkpt>
   <trkpt lat="49.446201" lon="11.089334"><ele>306</ele></trkpt>
   <trkpt lat="49.44616" lon="11.089332"><ele>306</ele></trkpt>
   <trkpt lat="49.446162" lon="11.089351"><ele>306</ele></trkpt>
   <trkpt lat="49.446181" lon="11.089506"><ele>306</ele></trkpt>
   <trkpt lat="49.446193" lon="11.089597"><ele>306.5</ele></trkpt>
   <trkpt lat="49.446217" lon="11.089859"><ele>307.75</ele></trkpt>
   <trkpt lat="49.446229" lon="11.089961"><ele>308</ele></trkpt>
   <trkpt lat="49.446314" lon="11.090801"><ele>308.5</ele></trkpt>
   <trkpt lat="49.44635" lon="11.091198"><ele>308.75</ele></trkpt>
   <trkpt lat="49.446366" lon="11.091473"><ele>308.75</ele></trkpt>
   <trkpt lat="49.446366" lon="11.092167"><ele>309</ele></trkpt>
   <trkpt lat="49.446363" lon="11.092854"><ele>309</ele></trkpt>
   <trkpt lat="49.446347" lon="11.093107"><ele>309</ele></trkpt>
   <trkpt lat="49.446325" lon="11.0933"><ele>309</ele></trkpt>
   <trkpt lat="49.446312" lon="11.093395"><ele>309</ele></trkpt>
   <trkpt lat="49.446216" lon="11.093868"><ele>309</ele></trkpt>
   <trkpt lat="49.446032" lon="11.094689"><ele>309</ele></trkpt>
   <trkpt lat="49.445972" lon="11.094973"><ele>309</ele></trkpt>
   <trkpt lat="49.445942" lon="11.095114"><ele>309</ele></trkpt>
   <trkpt lat="49.445836" lon="11.0953"><ele>309</ele></trkpt>
   <trkpt lat="49.445779" lon="11.095452"><ele>309</ele></trkpt>
   <trkpt lat="49.445604" lon="11.095832"><ele>309.75</ele></trkpt>
   <trkpt lat="49.445575" lon="11.095932"><ele>309.5</ele></trkpt>
   <trkpt lat="49.445572" lon="11.095992"><ele>309.25</ele></trkpt>
   <trkpt lat="49.445496" lon="11.096124"><ele>309</ele></trkpt>
   <trkpt lat="49.445459" lon="11.09619"><ele>309</ele></trkpt>
   <trkpt lat="49.445045" lon="11.096879"><ele>309</ele></trkpt>
   <trkpt lat="49.444991" lon="11.096965"><ele>309</ele></trkpt>
   <trkpt lat="49.444928" lon="11.097056"><ele>309</ele></trkpt>
   <trkpt lat="49.444851" lon="11.097176"><ele>309</ele></trkpt>
   <trkpt lat="49.444807" lon="11.097243"><ele>308.75</ele></trkpt>
   <trkpt lat="49.444689" lon="11.097438"><ele>308.25</ele></trkpt>
   <trkpt lat="49.444605" lon="11.097578"><ele>308.25</ele></trkpt>
   <trkpt lat="49.444594" lon="11.097597"><ele>308.25</ele></trkpt>
   <trkpt lat="49.444489" lon="11.097788"><ele>308.75</ele></trkpt>
   <trkpt lat="49.444384" lon="11.097959"><ele>309</ele></trkpt>
   <trkpt lat="49.44428" lon="11.098117"><ele>308.75</ele></trkpt>
   <trkpt lat="49.444244" lon="11.098168"><ele>308.75</ele></trkpt>
   <trkpt lat="49.444198" lon="11.09823"><ele>308.75</ele></trkpt>
   <trkpt lat="49.444159" lon="11.098277"><ele>309</ele></trkpt>
   <trkpt lat="49.444069" lon="11.098379"><ele>309</ele></trkpt>
   <trkpt lat="49.443761" lon="11.098705"><ele>309.5</ele></trkpt>
   <trkpt lat="49.443721" lon="11.098749"><ele>309.75</ele></trkpt>
   <trkpt lat="49.443598" lon="11.098802"><ele>310</ele></trkpt>
   <trkpt lat="49.443389" lon="11.099036"><ele>310</ele></trkpt>
   <trkpt lat="49.443304" lon="11.099142"><ele>310</ele></trkpt>
   <trkpt lat="49.443236" lon="11.099231"><ele>310</ele></trkpt>
   <trkpt lat="49.443112" lon="11.099397"><ele>310</ele></trkpt>
   <trkpt lat="49.443041" lon="11.099494"><ele>310</ele></trkpt>
   <trkpt lat="49.443017" lon="11.099526"><ele>310</ele></trkpt>
   <trkpt lat="49.443003" lon="11.099546"><ele>310</ele></trkpt>
   <trkpt lat="49.442951" lon="11.099617"><ele>310</ele></trkpt>
   <trkpt lat="49.442951" lon="11.099724"><ele>310</ele></trkpt>
   <trkpt lat="49.442954" lon="11.1"><ele>310.25</ele></trkpt>
   <trkpt lat="49.442957" lon="11.100179"><ele>310.25</ele></trkpt>
   <trkpt lat="49.442965" lon="11.100444"><ele>310</ele></trkpt>
   <trkpt lat="49.442988" lon="11.101526"><ele>310.5</ele></trkpt>
   <trkpt lat="49.442994" lon="11.102731"><ele>310.5</ele></trkpt>
   <trkpt lat="49.442991" lon="11.103072"><ele>311</ele></trkpt>
   <trkpt lat="49.442977" lon="11.10338"><ele>311</ele></trkpt>
   <trkpt lat="49.442963" lon="11.103548"><ele>311</ele></trkpt>
   <trkpt lat="49.442943" lon="11.103712"><ele>311</ele></trkpt>
   <trkpt lat="49.4429" lon="11.103972"><ele>311.25</ele></trkpt>
   <trkpt lat="49.442886" lon="11.104053"><ele>311.25</ele></trkpt>
   <trkpt lat="49.442842" lon="11.104277"><ele>311.5</ele></trkpt>
   <trkpt lat="49.442831" lon="11.104327"><ele>311.5</ele></trkpt>
   <trkpt lat="49.442786" lon="11.104488"><ele>312</ele></trkpt>
   <trkpt lat="49.442703" lon="11.104723"><ele>312</ele></trkpt>
   <trkpt lat="49.442536" lon="11.105126"><ele>312</ele></trkpt>
   <trkpt lat="49.442058" lon="11.106247"><ele>313</ele></trkpt>
   <trkpt lat="49.441512" lon="11.107527"><ele>313</ele></trkpt>
   <trkpt lat="49.441192" lon="11.108271"><ele>313</ele></trkpt>
   <trkpt lat="49.440572" lon="11.109714"><ele>313.75</ele></trkpt>
   <trkpt lat="49.440007" lon="11.111025"><ele>315</ele></trkpt>
   <trkpt lat="49.439966" lon="11.111121"><ele>315</ele></trkpt>
   <trkpt lat="49.43994" lon="11.111188"><ele>315</ele></trkpt>
   <trkpt lat="49.439859" lon="11.111384"><ele>315</ele></trkpt>
   <trkpt lat="49.439613" lon="11.111956"><ele>315</ele></trkpt>
   <trkpt lat="49.439548" lon="11.112111"><ele>315</ele></trkpt>
   <trkpt lat="49.439485" lon="11.112259"><ele>315</ele></trkpt>
   <trkpt lat="49.439381" lon="11.112505"><ele>315</ele></trkpt>
   <trkpt lat="49.439285" lon="11.112757"><ele>315.5</ele></trkpt>
   <trkpt lat="49.4392" lon="11.113017"><ele>315.75</ele></trkpt>
   <trkpt lat="49.439152" lon="11.113198"><ele>315.5</ele></trkpt>
   <trkpt lat="49.439123" lon="11.113319"><ele>315</ele></trkpt>
   <trkpt lat="49.439071" lon="11.11356"><ele>315</ele></trkpt>
   <trkpt lat="49.43906" lon="11.113615"><ele>315</ele></trkpt>
   <trkpt lat="49.439051" lon="11.113659"><ele>315</ele></trkpt>
   <trkpt lat="49.439031" lon="11.113751"><ele>315</ele></trkpt>
   <trkpt lat="49.438967" lon="11.114055"><ele>315</ele></trkpt>
   <trkpt lat="49.438838" lon="11.114575"><ele>314.75</ele></trkpt>
   <trkpt lat="49.438586" lon="11.115491"><ele>312.75</ele></trkpt>
   <trkpt lat="49.438488" lon="11.115926"><ele>314.75</ele></trkpt>
   <trkpt lat="49.438419" lon="11.116223"><ele>314.25</ele></trkpt>
   <trkpt lat="49.438376" lon="11.1164"><ele>313.75</ele></trkpt>
   <trkpt lat="49.438245" lon="11.116911"><ele>314.25</ele></trkpt>
   <trkpt lat="49.438149" lon="11.117206"><ele>315.25</ele></trkpt>
   <trkpt lat="49.438053" lon="11.117462"><ele>315.75</ele></trkpt>
   <trkpt lat="49.438021" lon="11.117543"><ele>316</ele></trkpt>
   <trkpt lat="49.437966" lon="11.117676"><ele>316</ele></trkpt>
   <trkpt lat="49.437894" lon="11.117848"><ele>316.25</ele></trkpt>
   <trkpt lat="49.437821" lon="11.118028"><ele>316.75</ele></trkpt>
   <trkpt lat="49.437715" lon="11.118278"><ele>318.25</ele></trkpt>
   <trkpt lat="49.437409" lon="11.118969"><ele>318.75</ele></trkpt>
   <trkpt lat="49.437375" lon="11.119039"><ele>319</ele></trkpt>
   <trkpt lat="49.437294" lon="11.11921"><ele>319</ele></trkpt>
   <trkpt lat="49.437093" lon="11.119595"><ele>318.75</ele></trkpt>
   <trkpt lat="49.437057" lon="11.119664"><ele>318.75</ele></trkpt>
   <trkpt lat="49.436948" lon="11.119935"><ele>319</ele></trkpt>
   <trkpt lat="49.436824" lon="11.120302"><ele>319</ele></trkpt>
   <trkpt lat="49.436678" lon="11.120686"><ele>319</ele></trkpt>
   <trkpt lat="49.436557" lon="11.120955"><ele>319.75</ele></trkpt>
   <trkpt lat="49.436043" lon="11.122047"><ele>320</ele></trkpt>
   <trkpt lat="49.435989" lon="11.122271"><ele>320.25</ele></trkpt>
   <trkpt lat="49.435952" lon="11.122351"><ele>320.5</ele></trkpt>
   <trkpt lat="49.435603" lon="11.123107"><ele>320.25</ele></trkpt>
   <trkpt lat="49.435499" lon="11.123344"><ele>320</ele></trkpt>
   <trkpt lat="49.435413" lon="11.123549"><ele>320.25</ele></trkpt>
   <trkpt lat="49.435306" lon="11.123785"><ele>320</ele></trkpt>
   <trkpt lat="49.434938" lon="11.124648"><ele>320</ele></trkpt>
   <trkpt lat="49.434702" lon="11.125225"><ele>321</ele></trkpt>
   <trkpt lat="49.434667" lon="11.125315"><ele>321</ele></trkpt>
   <trkpt lat="49.434649" lon="11.12536"><ele>321</ele></trkpt>
   <trkpt lat="49.434501" lon="11.125651"><ele>321</ele></trkpt>
   <trkpt lat="49.434323" lon="11.126116"><ele>321</ele></trkpt>
   <trkpt lat="49.434284" lon="11.126335"><ele>321</ele></trkpt>
   <trkpt lat="49.43423" lon="11.126493"><ele>321</ele></trkpt>
   <trkpt lat="49.434069" lon="11.12694"><ele>321</ele></trkpt>
   <trkpt lat="49.433893" lon="11.127437"><ele>321</ele></trkpt>
   <trkpt lat="49.433763" lon="11.127815"><ele>321</ele></trkpt>
   <trkpt lat="49.433628" lon="11.128205"><ele>321</ele></trkpt>
   <trkpt lat="49.433411" lon="11.128814"><ele>321.25</ele></trkpt>
   <trkpt lat="49.433293" lon="11.129161"><ele>321.75</ele></trkpt>
   <trkpt lat="49.433214" lon="11.129409"><ele>322</ele></trkpt>
   <trkpt lat="49.433082" lon="11.129651"><ele>322</ele></trkpt>
   <trkpt lat="49.433038" lon="11.129773"><ele>322</ele></trkpt>
   <trkpt lat="49.432899" lon="11.130136"><ele>322</ele></trkpt>
   <trkpt lat="49.432821" lon="11.130329"><ele>322</ele></trkpt>
   <trkpt lat="49.432568" lon="11.131051"><ele>322</ele></trkpt>
   <trkpt lat="49.432542" lon="11.131128"><ele>322</ele></trkpt>
   <trkpt lat="49.432471" lon="11.131326"><ele>321.75</ele></trkpt>
   <trkpt lat="49.432404" lon="11.131515"><ele>322</ele></trkpt>
   <trkpt lat="49.432171" lon="11.132175"><ele>322.75</ele></trkpt>
   <trkpt lat="49.431949" lon="11.132808"><ele>323</ele></trkpt>
   <trkpt lat="49.431866" lon="11.133044"><ele>322.5</ele></trkpt>
   <trkpt lat="49.43115" lon="11.13507"><ele>324</ele></trkpt>
   <trkpt lat="49.431117" lon="11.135162"><ele>324</ele></trkpt>
   <trkpt lat="49.431028" lon="11.135418"><ele>324</ele></trkpt>
   <trkpt lat="49.430963" lon="11.135601"><ele>324</ele></trkpt>
   <trkpt lat="49.429952" lon="11.138475"><ele>325</ele></trkpt>
   <trkpt lat="49.429857" lon="11.13872"><ele>325.25</ele></trkpt>
   <trkpt lat="49.429669" lon="11.139182"><ele>325</ele></trkpt>
   <trkpt lat="49.429607" lon="11.139355"><ele>325.75</ele></trkpt>
   <trkpt lat="49.429543" lon="11.139538"><ele>325.75</ele></trkpt>
   <trkpt lat="49.429215" lon="11.140413"><ele>326</ele></trkpt>
   <trkpt lat="49.429059" lon="11.140877"><ele>326</ele></trkpt>
   <trkpt lat="49.428897" lon="11.141274"><ele>326</ele></trkpt>
   <trkpt lat="49.428475" lon="11.142222"><ele>326.5</ele></trkpt>
   <trkpt lat="49.428283" lon="11.142625"><ele>326.75</ele></trkpt>
   <trkpt lat="49.428082" lon="11.143004"><ele>326.75</ele></trkpt>
   <trkpt lat="49.427787" lon="11.143535"><ele>326.5</ele></trkpt>
   <trkpt lat="49.427683" lon="11.143727"><ele>327</ele></trkpt>
   <trkpt lat="49.42714" lon="11.144707"><ele>327</ele></trkpt>
   <trkpt lat="49.426946" lon="11.145098"><ele>326.75</ele></trkpt>
   <trkpt lat="49.426752" lon="11.145452"><ele>327.25</ele></trkpt>
   <trkpt lat="49.425836" lon="11.147064"><ele>327.75</ele></trkpt>
   <trkpt lat="49.425576" lon="11.147547"><ele>327.75</ele></trkpt>
   <trkpt lat="49.425298" lon="11.148088"><ele>327.75</ele></trkpt>
   <trkpt lat="49.425047" lon="11.148604"><ele>328.75</ele></trkpt>
   <trkpt lat="49.424863" lon="11.148993"><ele>328.25</ele></trkpt>
   <trkpt lat="49.424562" lon="11.149671"><ele>328.5</ele></trkpt>
   <trkpt lat="49.424342" lon="11.150193"><ele>328.5</ele></trkpt>
   <trkpt lat="49.424119" lon="11.150754"><ele>329</ele></trkpt>
   <trkpt lat="49.423897" lon="11.151337"><ele>329</ele></trkpt>
   <trkpt lat="49.422421" lon="11.155462"><ele>331</ele></trkpt>
   <trkpt lat="49.421962" lon="11.15675"><ele>331</ele></trkpt>
   <trkpt lat="49.421574" lon="11.157834"><ele>331.5</ele></trkpt>
   <trkpt lat="49.421298" lon="11.158606"><ele>332</ele></trkpt>
   <trkpt lat="49.420961" lon="11.159545"><ele>332</ele></trkpt>
   <trkpt lat="49.420891" lon="11.159741"><ele>332</ele></trkpt>
   <trkpt lat="49.420839" lon="11.15989"><ele>332.5</ele></trkpt>
   <trkpt lat="49.420758" lon="11.160109"><ele>332.5</ele></trkpt>
   <trkpt lat="49.419504" lon="11.163614"><ele>333.75</ele></trkpt>
   <trkpt lat="49.41918" lon="11.164522"><ele>334.25</ele></trkpt>
   <trkpt lat="49.418225" lon="11.167189"><ele>335.75</ele></trkpt>
   <trkpt lat="49.417691" lon="11.168675"><ele>338</ele></trkpt>
   <trkpt lat="49.417427" lon="11.169357"><ele>339.5</ele></trkpt>
   <trkpt lat="49.417258" lon="11.169773"><ele>339.75</ele></trkpt>
   <trkpt lat="49.41693" lon="11.170542"><ele>341</ele></trkpt>
   <trkpt lat="49.416506" lon="11.17145"><ele>341.75</ele></trkpt>
   <trkpt lat="49.416045" lon="11.172359"><ele>342</ele></trkpt>
   <trkpt lat="49.41577" lon="11.172867"><ele>342.5</ele></trkpt>
   <trkpt lat="49.415248" lon="11.173777"><ele>342.75</ele></trkpt>
   <trkpt lat="49.414902" lon="11.174372"><ele>343.25</ele></trkpt>
   <trkpt lat="49.41456" lon="11.174956"><ele>343.75</ele></trkpt>
   <trkpt lat="49.414343" lon="11.175327"><ele>343.25</ele></trkpt>
   <trkpt lat="49.414065" lon="11.175803"><ele>343</ele></trkpt>
   <trkpt lat="49.413864" lon="11.17615"><ele>343</ele></trkpt>
   <trkpt lat="49.411679" lon="11.179885"><ele>344.5</ele></trkpt>
   <trkpt lat="49.41012" lon="11.182574"><ele>346</ele></trkpt>
   <trkpt lat="49.409757" lon="11.183236"><ele>346.5</ele></trkpt>
   <trkpt lat="49.409405" lon="11.183923"><ele>347</ele></trkpt>
   <trkpt lat="49.408803" lon="11.185214"><ele>349</ele></trkpt>
   <trkpt lat="49.408565" lon="11.185768"><ele>349</ele></trkpt>
   <trkpt lat="49.408264" lon="11.186517"><ele>350</ele></trkpt>
   <trkpt lat="49.407933" lon="11.187426"><ele>351.75</ele></trkpt>
   <trkpt lat="49.407621" lon="11.188332"><ele>352.5</ele></trkpt>
   <trkpt lat="49.407316" lon="11.189319"><ele>353.75</ele></trkpt>
   <trkpt lat="49.407116" lon="11.190032"><ele>354.25</ele></trkpt>
   <trkpt lat="49.40693" lon="11.190725"><ele>355.5</ele></trkpt>
   <trkpt lat="49.406623" lon="11.192046"><ele>359</ele></trkpt>
   <trkpt lat="49.406456" lon="11.192836"><ele>360.75</ele></trkpt>
   <trkpt lat="49.406258" lon="11.193914"><ele>363</ele></trkpt>
   <trkpt lat="49.406161" lon="11.19442"><ele>364</ele></trkpt>
   <trkpt lat="49.406066" lon="11.194645"><ele>365</ele></trkpt>
   <trkpt lat="49.40597" lon="11.194752"><ele>365.5</ele></trkpt>
   <trkpt lat="49.405717" lon="11.194887"><ele>367.5</ele></trkpt>
   <trkpt lat="49.405259" lon="11.194889"><ele>369.75</ele></trkpt>
   <trkpt lat="49.404629" lon="11.19498"><ele>372</ele></trkpt>
   <trkpt lat="49.404148" lon="11.195109"><ele>373</ele></trkpt>
   <trkpt lat="49.403422" lon="11.195342"><ele>372</ele></trkpt>
   <trkpt lat="49.402518" lon="11.195795"><ele>371</ele></trkpt>
   <trkpt lat="49.400261" lon="11.196927"><ele>368.75</ele></trkpt>
   <trkpt lat="49.399896" lon="11.197182"><ele>369.5</ele></trkpt>
   <trkpt lat="49.398965" lon="11.19763"><ele>370.5</ele></trkpt>
   <trkpt lat="49.398399" lon="11.197789"><ele>371</ele></trkpt>
   <trkpt lat="49.397924" lon="11.197866"><ele>372</ele></trkpt>
   <trkpt lat="49.397625" lon="11.197987"><ele>372</ele></trkpt>
   <trkpt lat="49.397364" lon="11.198153"><ele>372</ele></trkpt>
   <trkpt lat="49.397104" lon="11.198429"><ele>371.5</ele></trkpt>
   <trkpt lat="49.396969" lon="11.1986"><ele>371.75</ele></trkpt>
   <trkpt lat="49.396727" lon="11.198858"><ele>371</ele></trkpt>
   <trkpt lat="49.39663" lon="11.198962"><ele>371.25</ele></trkpt>
   <trkpt lat="49.39649" lon="11.199092"><ele>372</ele></trkpt>
   <trkpt lat="49.395931" lon="11.199392"><ele>373</ele></trkpt>
   <trkpt lat="49.395066" lon="11.19985"><ele>372.5</ele></trkpt>
   <trkpt lat="49.394765" lon="11.199874"><ele>372</ele></trkpt>
   <trkpt lat="49.394655" lon="11.199861"><ele>372</ele></trkpt>
   <trkpt lat="49.394549" lon="11.19983"><ele>372</ele></trkpt>
   <trkpt lat="49.394478" lon="11.199787"><ele>372</ele></trkpt>
   <trkpt lat="49.394391" lon="11.199705"><ele>372.25</ele></trkpt>
   <trkpt lat="49.394322" lon="11.199601"><ele>372.5</ele></trkpt>
   <trkpt lat="49.394259" lon="11.199469"><ele>372.5</ele></trkpt>
   <trkpt lat="49.394209" lon="11.199313"><ele>372.75</ele></trkpt>
   <trkpt lat="49.394186" lon="11.199159"><ele>373</ele></trkpt>
   <trkpt lat="49.394182" lon="11.19899"><ele>373.5</ele></trkpt>
   <trkpt lat="49.394198" lon="11.198822"><ele>374</ele></trkpt>
   <trkpt lat="49.394237" lon="11.198662"><ele>374.75</ele></trkpt>
   <trkpt lat="49.3943" lon="11.198506"><ele>375</ele></trkpt>
   <trkpt lat="49.394361" lon="11.198404"><ele>375</ele></trkpt>
   <trkpt lat="49.394445" lon="11.198299"><ele>375</ele></trkpt>
   <trkpt lat="49.394549" lon="11.198222"><ele>375.5</ele></trkpt>
   <trkpt lat="49.394624" lon="11.198184"><ele>375.75</ele></trkpt>
   <trkpt lat="49.394725" lon="11.198166"><ele>376.5</ele></trkpt>
   <trkpt lat="49.39483" lon="11.198178"><ele>376.75</ele></trkpt>
   <trkpt lat="49.394928" lon="11.198223"><ele>377.25</ele></trkpt>
   <trkpt lat="49.39503" lon="11.198299"><ele>377.75</ele></trkpt>
   <trkpt lat="49.395143" lon="11.198441"><ele>378</ele></trkpt>
   <trkpt lat="49.395191" lon="11.198535"><ele>378</ele></trkpt>
   <trkpt lat="49.395316" lon="11.198819"><ele>379</ele></trkpt>
   <trkpt lat="49.395398" lon="11.199243"><ele>377.25</ele></trkpt>
   <trkpt lat="49.395449" lon="11.19952"><ele>375</ele></trkpt>
   <trkpt lat="49.39561" lon="11.200371"><ele>374.75</ele></trkpt>
   <trkpt lat="49.395722" lon="11.201012"><ele>377.75</ele></trkpt>
   <trkpt lat="49.395853" lon="11.201632"><ele>379</ele></trkpt>
   <trkpt lat="49.396089" lon="11.202911"><ele>378.25</ele></trkpt>
   <trkpt lat="49.396341" lon="11.204214"><ele>378.25</ele></trkpt>
   <trkpt lat="49.396482" lon="11.204881"><ele>377.5</ele></trkpt>
   <trkpt lat="49.396722" lon="11.205742"><ele>378</ele></trkpt>
   <trkpt lat="49.396825" lon="11.206077"><ele>377</ele></trkpt>
   <trkpt lat="49.39701" lon="11.207027"><ele>375.75</ele></trkpt>
   <trkpt lat="49.39704" lon="11.207193"><ele>375.25</ele></trkpt>
   <trkpt lat="49.397353" lon="11.208837"><ele>376</ele></trkpt>
   <trkpt lat="49.399568" lon="11.2206"><ele>374.25</ele></trkpt>
   <trkpt lat="49.400181" lon="11.224056"><ele>375.75</ele></trkpt>
   <trkpt lat="49.400773" lon="11.227665"><ele>379.25</ele></trkpt>
   <trkpt lat="49.401251" lon="11.230944"><ele>383</ele></trkpt>
   <trkpt lat="49.401542" lon="11.233271"><ele>386.25</ele></trkpt>
   <trkpt lat="49.401813" lon="11.235542"><ele>390</ele></trkpt>
   <trkpt lat="49.402026" lon="11.237635"><ele>394.75</ele></trkpt>
   <trkpt lat="49.402339" lon="11.24121"><ele>402</ele></trkpt>
   <trkpt lat="49.402521" lon="11.243716"><ele>406</ele></trkpt>
   <trkpt lat="49.402648" lon="11.245949"><ele>409.25</ele></trkpt>
   <trkpt lat="49.402767" lon="11.248381"><ele>414</ele></trkpt>
   <trkpt lat="49.402839" lon="11.250758"><ele>416.75</ele></trkpt>
   <trkpt lat="49.402907" lon="11.254317"><ele>421</ele></trkpt>
   <trkpt lat="49.402899" lon="11.257718"><ele>423</ele></trkpt>
   <trkpt lat="49.402846" lon="11.260822"><ele>424</ele></trkpt>
   <trkpt lat="49.40274" lon="11.264075"><ele>423</ele></trkpt>
   <trkpt lat="49.402573" lon="11.267341"><ele>423.25</ele></trkpt>
   <trkpt lat="49.402252" lon="11.272429"><ele>422.5</ele></trkpt>
   <trkpt lat="49.401876" lon="11.277508"><ele>419.25</ele></trkpt>
   <trkpt lat="49.401692" lon="11.280367"><ele>419.5</ele></trkpt>
   <trkpt lat="49.401638" lon="11.281599"><ele>419</ele></trkpt>
   <trkpt lat="49.401616" lon="11.282674"><ele>417.5</ele></trkpt>
   <trkpt lat="49.401615" lon="11.283798"><ele>417.25</ele></trkpt>
   <trkpt lat="49.401631" lon="11.284592"><ele>416.5</ele></trkpt>
   <trkpt lat="49.401652" lon="11.285092"><ele>416.75</ele></trkpt>
   <trkpt lat="49.401682" lon="11.285705"><ele>417</ele></trkpt>
   <trkpt lat="49.401724" lon="11.286368"><ele>416.25</ele></trkpt>
   <trkpt lat="49.401824" lon="11.287482"><ele>417.25</ele></trkpt>
   <trkpt lat="49.401894" lon="11.288138"><ele>416.75</ele></trkpt>
   <trkpt lat="49.401959" lon="11.288661"><ele>415</ele></trkpt>
   <trkpt lat="49.402019" lon="11.289098"><ele>415</ele></trkpt>
   <trkpt lat="49.40217" lon="11.290095"><ele>415.5</ele></trkpt>
   <trkpt lat="49.402336" lon="11.291053"><ele>414.25</ele></trkpt>
   <trkpt lat="49.402676" lon="11.292781"><ele>413</ele></trkpt>
   <trkpt lat="49.40289" lon="11.293757"><ele>412.25</ele></trkpt>
   <trkpt lat="49.403133" lon="11.294825"><ele>412</ele></trkpt>
   <trkpt lat="49.40399" lon="11.298457"><ele>408.25</ele></trkpt>
   <trkpt lat="49.404256" lon="11.299561"><ele>407.75</ele></trkpt>
   <trkpt lat="49.404688" lon="11.301378"><ele>408</ele></trkpt>
   <trkpt lat="49.405089" lon="11.303182"><ele>407</ele></trkpt>
   <trkpt lat="49.405625" lon="11.305708"><ele>406</ele></trkpt>
   <trkpt lat="49.405848" lon="11.306857"><ele>405</ele></trkpt>
   <trkpt lat="49.406232" lon="11.308969"><ele>403</ele></trkpt>
   <trkpt lat="49.406271" lon="11.309218"><ele>402</ele></trkpt>
   <trkpt lat="49.406357" lon="11.309726"><ele>403.25</ele></trkpt>
   <trkpt lat="49.406732" lon="11.312048"><ele>401.25</ele></trkpt>
   <trkpt lat="49.406916" lon="11.313296"><ele>401.5</ele></trkpt>
   <trkpt lat="49.406987" lon="11.313836"><ele>401.5</ele></trkpt>
   <trkpt lat="49.407048" lon="11.31428"><ele>400.5</ele></trkpt>
   <trkpt lat="49.407355" lon="11.316711"><ele>400</ele></trkpt>
   <trkpt lat="49.407529" lon="11.318262"><ele>399</ele></trkpt>
   <trkpt lat="49.407714" lon="11.320053"><ele>399.75</ele></trkpt>
   <trkpt lat="49.40782" lon="11.321257"><ele>398</ele></trkpt>
   <trkpt lat="49.407941" lon="11.322753"><ele>398.25</ele></trkpt>
   <trkpt lat="49.4082" lon="11.327021"><ele>397</ele></trkpt>
   <trkpt lat="49.408309" lon="11.330577"><ele>401.75</ele></trkpt>
   <trkpt lat="49.408382" lon="11.334071"><ele>407</ele></trkpt>
   <trkpt lat="49.408312" lon="11.337148"><ele>413.75</ele></trkpt>
   <trkpt lat="49.408258" lon="11.338958"><ele>416</ele></trkpt>
   <trkpt lat="49.40822" lon="11.339951"><ele>419.25</ele></trkpt>
   <trkpt lat="49.40817" lon="11.341058"><ele>421.75</ele></trkpt>
   <trkpt lat="49.408109" lon="11.342183"><ele>423.75</ele></trkpt>
   <trkpt lat="49.408028" lon="11.343502"><ele>424.25</ele></trkpt>
   <trkpt lat="49.408002" lon="11.343872"><ele>426.75</ele></trkpt>
   <trkpt lat="49.407796" lon="11.346583"><ele>433.5</ele></trkpt>
   <trkpt lat="49.407656" lon="11.348099"><ele>435.25</ele></trkpt>
   <trkpt lat="49.407615" lon="11.348551"><ele>437</ele></trkpt>
   <trkpt lat="49.407485" lon="11.349857"><ele>441</ele></trkpt>
   <trkpt lat="49.407064" lon="11.353621"><ele>448.25</ele></trkpt>
   <trkpt lat="49.406823" lon="11.355383"><ele>450.25</ele></trkpt>
   <trkpt lat="49.406422" lon="11.357862"><ele>454</ele></trkpt>
   <trkpt lat="49.406135" lon="11.359342"><ele>454.5</ele></trkpt>
   <trkpt lat="49.40572" lon="11.361186"><ele>454.75</ele></trkpt>
   <trkpt lat="49.405372" lon="11.362558"><ele>454</ele></trkpt>
   <trkpt lat="49.405012" lon="11.36385"><ele>454</ele></trkpt>
   <trkpt lat="49.404747" lon="11.364744"><ele>453</ele></trkpt>
   <trkpt lat="49.404316" lon="11.366079"><ele>449.75</ele></trkpt>
   <trkpt lat="49.403497" lon="11.368318"><ele>447.25</ele></trkpt>
   <trkpt lat="49.402592" lon="11.370594"><ele>445.5</ele></trkpt>
   <trkpt lat="49.401741" lon="11.372829"><ele>445.25</ele></trkpt>
   <trkpt lat="49.401053" lon="11.374913"><ele>443.25</ele></trkpt>
   <trkpt lat="49.400721" lon="11.376027"><ele>444.75</ele></trkpt>
   <trkpt lat="49.400419" lon="11.377286"><ele>446.25</ele></trkpt>
   <trkpt lat="49.400309" lon="11.377804"><ele>447</ele></trkpt>
   <trkpt lat="49.40017" lon="11.378594"><ele>448.5</ele></trkpt>
   <trkpt lat="49.400035" lon="11.379615"><ele>448</ele></trkpt>
   <trkpt lat="49.399934" lon="11.380759"><ele>450.25</ele></trkpt>
   <trkpt lat="49.399907" lon="11.381888"><ele>450</ele></trkpt>
   <trkpt lat="49.399919" lon="11.382881"><ele>449.75</ele></trkpt>
   <trkpt lat="49.399979" lon="11.383755"><ele>450.5</ele></trkpt>
   <trkpt lat="49.400061" lon="11.384597"><ele>451.5</ele></trkpt>
   <trkpt lat="49.400194" lon="11.38547"><ele>451.25</ele></trkpt>
   <trkpt lat="49.400327" lon="11.386209"><ele>453.25</ele></trkpt>
   <trkpt lat="49.400597" lon="11.387315"><ele>455.5</ele></trkpt>
   <trkpt lat="49.400813" lon="11.388059"><ele>443.25</ele></trkpt>
   <trkpt lat="49.400901" lon="11.388314"><ele>444.5</ele></trkpt>
   <trkpt lat="49.401191" lon="11.389055"><ele>448.75</ele></trkpt>
   <trkpt lat="49.40157" lon="11.389863"><ele>453.5</ele></trkpt>
   <trkpt lat="49.402276" lon="11.391139"><ele>461.5</ele></trkpt>
   <trkpt lat="49.402744" lon="11.391848"><ele>466.25</ele></trkpt>
   <trkpt lat="49.403276" lon="11.392578"><ele>471.5</ele></trkpt>
   <trkpt lat="49.403876" lon="11.393334"><ele>477.25</ele></trkpt>
   <trkpt lat="49.404256" lon="11.393771"><ele>480.75</ele></trkpt>
   <trkpt lat="49.404845" lon="11.39436"><ele>486</ele></trkpt>
   <trkpt lat="49.406966" lon="11.396044"><ele>486</ele></trkpt>
   <trkpt lat="49.407512" lon="11.396535"><ele>489</ele></trkpt>
   <trkpt lat="49.407848" lon="11.396861"><ele>490.5</ele></trkpt>
   <trkpt lat="49.408403" lon="11.39746"><ele>493.5</ele></trkpt>
   <trkpt lat="49.408815" lon="11.397976"><ele>495.5</ele></trkpt>
   <trkpt lat="49.409363" lon="11.398793"><ele>499.75</ele></trkpt>
   <trkpt lat="49.409704" lon="11.399362"><ele>502.5</ele></trkpt>
   <trkpt lat="49.409872" lon="11.399706"><ele>503.75</ele></trkpt>
   <trkpt lat="49.41011" lon="11.400155"><ele>505.25</ele></trkpt>
   <trkpt lat="49.410473" lon="11.400979"><ele>507.5</ele></trkpt>
   <trkpt lat="49.410916" lon="11.402183"><ele>511.25</ele></trkpt>
   <trkpt lat="49.411062" lon="11.402681"><ele>512.5</ele></trkpt>
   <trkpt lat="49.411189" lon="11.403102"><ele>513.5</ele></trkpt>
   <trkpt lat="49.411383" lon="11.403929"><ele>515</ele></trkpt>
   <trkpt lat="49.411483" lon="11.404467"><ele>515.25</ele></trkpt>
   <trkpt lat="49.411623" lon="11.405294"><ele>517.5</ele></trkpt>
   <trkpt lat="49.411712" lon="11.405957"><ele>517.75</ele></trkpt>
   <trkpt lat="49.41191" lon="11.407843"><ele>520</ele></trkpt>
   <trkpt lat="49.412054" lon="11.40901"><ele>522</ele></trkpt>
   <trkpt lat="49.412211" lon="11.410063"><ele>522.75</ele></trkpt>
   <trkpt lat="49.412429" lon="11.411212"><ele>523.25</ele></trkpt>
   <trkpt lat="49.412819" lon="11.412931"><ele>527.75</ele></trkpt>
   <trkpt lat="49.413072" lon="11.413799"><ele>529.75</ele></trkpt>
   <trkpt lat="49.413486" lon="11.415138"><ele>532</ele></trkpt>
   <trkpt lat="49.414025" lon="11.41669"><ele>535.25</ele></trkpt>
   <trkpt lat="49.414405" lon="11.417927"><ele>539.25</ele></trkpt>
   <trkpt lat="49.414898" lon="11.4198"><ele>543.25</ele></trkpt>
   <trkpt lat="49.415338" lon="11.421656"><ele>548</ele></trkpt>
   <trkpt lat="49.415572" lon="11.423363"><ele>552</ele></trkpt>
   <trkpt lat="49.415803" lon="11.425302"><ele>555.5</ele></trkpt>
   <trkpt lat="49.415935" lon="11.427368"><ele>559.5</ele></trkpt>
   <trkpt lat="49.415972" lon="11.428645"><ele>562</ele></trkpt>
   <trkpt lat="49.415963" lon="11.430406"><ele>565</ele></trkpt>
   <trkpt lat="49.41595" lon="11.431073"><ele>566.75</ele></trkpt>
   <trkpt lat="49.415912" lon="11.432507"><ele>571</ele></trkpt>
   <trkpt lat="49.4159" lon="11.433884"><ele>573.75</ele></trkpt>
   <trkpt lat="49.415918" lon="11.435011"><ele>576</ele></trkpt>
   <trkpt lat="49.415965" lon="11.436212"><ele>577.5</ele></trkpt>
   <trkpt lat="49.416047" lon="11.437281"><ele>579</ele></trkpt>
   <trkpt lat="49.416182" lon="11.438692"><ele>579</ele></trkpt>
   <trkpt lat="49.416492" lon="11.44079"><ele>580.5</ele></trkpt>
   <trkpt lat="49.416941" lon="11.443077"><ele>580</ele></trkpt>
   <trkpt lat="49.417565" lon="11.445735"><ele>577.75</ele></trkpt>
   <trkpt lat="49.417657" lon="11.446063"><ele>577</ele></trkpt>
   <trkpt lat="49.417918" lon="11.447159"><ele>576</ele></trkpt>
   <trkpt lat="49.418093" lon="11.447882"><ele>575.5</ele></trkpt>
   <trkpt lat="49.418277" lon="11.44872"><ele>574</ele></trkpt>
   <trkpt lat="49.418374" lon="11.449174"><ele>573.75</ele></trkpt>
   <trkpt lat="49.418596" lon="11.450324"><ele>572.5</ele></trkpt>
   <trkpt lat="49.41879" lon="11.451481"><ele>571</ele></trkpt>
   <trkpt lat="49.418955" lon="11.452694"><ele>570</ele></trkpt>
   <trkpt lat="49.419063" lon="11.453703"><ele>570</ele></trkpt>
   <trkpt lat="49.419125" lon="11.454418"><ele>570</ele></trkpt>
   <trkpt lat="49.419209" lon="11.455625"><ele>568.5</ele></trkpt>
   <trkpt lat="49.419265" lon="11.456614"><ele>567.5</ele></trkpt>
   <trkpt lat="49.419484" lon="11.460946"><ele>564</ele></trkpt>
   <trkpt lat="49.419773" lon="11.466444"><ele>565.5</ele></trkpt>
   <trkpt lat="49.419864" lon="11.468598"><ele>566.75</ele></trkpt>
   <trkpt lat="49.419885" lon="11.46979"><ele>568.5</ele></trkpt>
   <trkpt lat="49.419891" lon="11.471019"><ele>569.25</ele></trkpt>
   <trkpt lat="49.419893" lon="11.471473"><ele>570</ele></trkpt>
   <trkpt lat="49.419882" lon="11.472487"><ele>571.5</ele></trkpt>
   <trkpt lat="49.419829" lon="11.474493"><ele>571.25</ele></trkpt>
   <trkpt lat="49.419795" lon="11.475262"><ele>572</ele></trkpt>
   <trkpt lat="49.419737" lon="11.476309"><ele>572.75</ele></trkpt>
   <trkpt lat="49.419647" lon="11.477662"><ele>572.25</ele></trkpt>
   <trkpt lat="49.41957" lon="11.478845"><ele>570.75</ele></trkpt>
   <trkpt lat="49.419535" lon="11.479347"><ele>570.5</ele></trkpt>
   <trkpt lat="49.419347" lon="11.482218"><ele>570.5</ele></trkpt>
   <trkpt lat="49.41904" lon="11.486798"><ele>569.75</ele></trkpt>
   <trkpt lat="49.418777" lon="11.490764"><ele>573.5</ele></trkpt>
   <trkpt lat="49.41868" lon="11.492066"><ele>575.25</ele></trkpt>
   <trkpt lat="49.418591" lon="11.493043"><ele>576.75</ele></trkpt>
   <trkpt lat="49.418434" lon="11.49445"><ele>577.5</ele></trkpt>
   <trkpt lat="49.418335" lon="11.495192"><ele>579.5</ele></trkpt>
   <trkpt lat="49.418191" lon="11.49609"><ele>580.25</ele></trkpt>
   <trkpt lat="49.418067" lon="11.49682"><ele>581.5</ele></trkpt>
   <trkpt lat="49.41787" lon="11.497784"><ele>582.25</ele></trkpt>
   <trkpt lat="49.417706" lon="11.49852"><ele>582</ele></trkpt>
   <trkpt lat="49.41748" lon="11.499428"><ele>583.5</ele></trkpt>
   <trkpt lat="49.417234" lon="11.500319"><ele>583.75</ele></trkpt>
   <trkpt lat="49.416911" lon="11.501381"><ele>584.25</ele></trkpt>
   <trkpt lat="49.416628" lon="11.502243"><ele>584.5</ele></trkpt>
   <trkpt lat="49.416008" lon="11.503979"><ele>583.75</ele></trkpt>
   <trkpt lat="49.415149" lon="11.506287"><ele>583</ele></trkpt>
   <trkpt lat="49.414817" lon="11.50721"><ele>582.25</ele></trkpt>
   <trkpt lat="49.414459" lon="11.508285"><ele>582.5</ele></trkpt>
   <trkpt lat="49.414261" lon="11.508927"><ele>581.25</ele></trkpt>
   <trkpt lat="49.414042" lon="11.509691"><ele>581</ele></trkpt>
   <trkpt lat="49.413709" lon="11.510974"><ele>580</ele></trkpt>
   <trkpt lat="49.413561" lon="11.511635"><ele>579.5</ele></trkpt>
   <trkpt lat="49.413374" lon="11.512518"><ele>578</ele></trkpt>
   <trkpt lat="49.4132" lon="11.513493"><ele>578.25</ele></trkpt>
   <trkpt lat="49.413074" lon="11.51426"><ele>576</ele></trkpt>
   <trkpt lat="49.41295" lon="11.515151"><ele>575.75</ele></trkpt>
   <trkpt lat="49.412839" lon="11.516085"><ele>573.5</ele></trkpt>
   <trkpt lat="49.412726" lon="11.517134"><ele>572</ele></trkpt>
   <trkpt lat="49.412453" lon="11.519875"><ele>567.25</ele></trkpt>
   <trkpt lat="49.412352" lon="11.520761"><ele>566.5</ele></trkpt>
   <trkpt lat="49.412278" lon="11.521345"><ele>566</ele></trkpt>
   <trkpt lat="49.412174" lon="11.522083"><ele>566</ele></trkpt>
   <trkpt lat="49.412061" lon="11.522788"><ele>565.5</ele></trkpt>
   <trkpt lat="49.411944" lon="11.523447"><ele>563.5</ele></trkpt>
   <trkpt lat="49.411806" lon="11.524146"><ele>564</ele></trkpt>
   <trkpt lat="49.411658" lon="11.524819"><ele>561.75</ele></trkpt>
   <trkpt lat="49.411441" lon="11.525748"><ele>560.75</ele></trkpt>
   <trkpt lat="49.411164" lon="11.526843"><ele>559.5</ele></trkpt>
   <trkpt lat="49.409712" lon="11.532294"><ele>553.75</ele></trkpt>
   <trkpt lat="49.409418" lon="11.53342"><ele>552.75</ele></trkpt>
   <trkpt lat="49.409275" lon="11.533999"><ele>552.25</ele></trkpt>
   <trkpt lat="49.409142" lon="11.534572"><ele>552.25</ele></trkpt>
   <trkpt lat="49.409037" lon="11.535104"><ele>551.5</ele></trkpt>
   <trkpt lat="49.408929" lon="11.53571"><ele>551.5</ele></trkpt>
   <trkpt lat="49.408851" lon="11.536233"><ele>551.5</ele></trkpt>
   <trkpt lat="49.408783" lon="11.536767"><ele>551.25</ele></trkpt>
   <trkpt lat="49.408727" lon="11.537319"><ele>551</ele></trkpt>
   <trkpt lat="49.408686" lon="11.537759"><ele>551.5</ele></trkpt>
   <trkpt lat="49.408647" lon="11.538272"><ele>551</ele></trkpt>
   <trkpt lat="49.408621" lon="11.538789"><ele>550.75</ele></trkpt>
   <trkpt lat="49.408606" lon="11.539295"><ele>551</ele></trkpt>
   <trkpt lat="49.408603" lon="11.539773"><ele>551</ele></trkpt>
   <trkpt lat="49.408619" lon="11.54057"><ele>550.75</ele></trkpt>
   <trkpt lat="49.408646" lon="11.541215"><ele>550.75</ele></trkpt>
   <trkpt lat="49.408687" lon="11.541801"><ele>551</ele></trkpt>
   <trkpt lat="49.408727" lon="11.542247"><ele>551</ele></trkpt>
   <trkpt lat="49.408775" lon="11.542734"><ele>551</ele></trkpt>
   <trkpt lat="49.408843" lon="11.543238"><ele>550</ele></trkpt>
   <trkpt lat="49.408887" lon="11.543555"><ele>550.75</ele></trkpt>
   <trkpt lat="49.408956" lon="11.543984"><ele>551.25</ele></trkpt>
   <trkpt lat="49.409083" lon="11.544665"><ele>550.5</ele></trkpt>
   <trkpt lat="49.409265" lon="11.545472"><ele>551</ele></trkpt>
   <trkpt lat="49.409448" lon="11.546186"><ele>551</ele></trkpt>
   <trkpt lat="49.409589" lon="11.546694"><ele>552</ele></trkpt>
   <trkpt lat="49.409805" lon="11.547355"><ele>551.5</ele></trkpt>
   <trkpt lat="49.41004" lon="11.548042"><ele>550.75</ele></trkpt>
   <trkpt lat="49.410288" lon="11.548684"><ele>550</ele></trkpt>
   <trkpt lat="49.411185" lon="11.550914"><ele>547.25</ele></trkpt>
   <trkpt lat="49.412087" lon="11.553117"><ele>544</ele></trkpt>
   <trkpt lat="49.412267" lon="11.553585"><ele>543.5</ele></trkpt>
   <trkpt lat="49.412388" lon="11.553892"><ele>541.25</ele></trkpt>
   <trkpt lat="49.412631" lon="11.554572"><ele>541.25</ele></trkpt>
   <trkpt lat="49.412855" lon="11.555284"><ele>540.25</ele></trkpt>
   <trkpt lat="49.413003" lon="11.555779"><ele>539.75</ele></trkpt>
   <trkpt lat="49.413129" lon="11.556271"><ele>539.25</ele></trkpt>
   <trkpt lat="49.413242" lon="11.556771"><ele>538</ele></trkpt>
   <trkpt lat="49.413337" lon="11.557235"><ele>537.75</ele></trkpt>
   <trkpt lat="49.413503" lon="11.558198"><ele>536</ele></trkpt>
   <trkpt lat="49.413561" lon="11.558741"><ele>535.25</ele></trkpt>
   <trkpt lat="49.413599" lon="11.559079"><ele>535.75</ele></trkpt>
   <trkpt lat="49.413631" lon="11.55945"><ele>534.75</ele></trkpt>
   <trkpt lat="49.413661" lon="11.559877"><ele>534</ele></trkpt>
   <trkpt lat="49.413676" lon="11.560273"><ele>533.75</ele></trkpt>
   <trkpt lat="49.41369" lon="11.560742"><ele>534</ele></trkpt>
   <trkpt lat="49.41369" lon="11.561319"><ele>533</ele></trkpt>
   <trkpt lat="49.413681" lon="11.561738"><ele>530</ele></trkpt>
   <trkpt lat="49.413667" lon="11.562038"><ele>532.75</ele></trkpt>
   <trkpt lat="49.41365" lon="11.562412"><ele>532.75</ele></trkpt>
   <trkpt lat="49.413621" lon="11.562805"><ele>532.75</ele></trkpt>
   <trkpt lat="49.413553" lon="11.563461"><ele>532.5</ele></trkpt>
   <trkpt lat="49.41351" lon="11.56382"><ele>532.25</ele></trkpt>
   <trkpt lat="49.413358" lon="11.564767"><ele>532</ele></trkpt>
   <trkpt lat="49.413209" lon="11.56548"><ele>531.75</ele></trkpt>
   <trkpt lat="49.413126" lon="11.565846"><ele>532.25</ele></trkpt>
   <trkpt lat="49.413002" lon="11.566329"><ele>531.75</ele></trkpt>
   <trkpt lat="49.412868" lon="11.566802"><ele>532</ele></trkpt>
   <trkpt lat="49.412686" lon="11.567381"><ele>532</ele></trkpt>
   <trkpt lat="49.412389" lon="11.568189"><ele>533</ele></trkpt>
   <trkpt lat="49.412001" lon="11.569102"><ele>531.5</ele></trkpt>
   <trkpt lat="49.411815" lon="11.569514"><ele>531.5</ele></trkpt>
   <trkpt lat="49.411543" lon="11.570092"><ele>532.25</ele></trkpt>
   <trkpt lat="49.41079" lon="11.57159"><ele>535.5</ele></trkpt>
   <trkpt lat="49.409797" lon="11.573479"><ele>538.5</ele></trkpt>
   <trkpt lat="49.409526" lon="11.574021"><ele>539.5</ele></trkpt>
   <trkpt lat="49.409122" lon="11.574879"><ele>540.75</ele></trkpt>
   <trkpt lat="49.408784" lon="11.575648"><ele>541.25</ele></trkpt>
   <trkpt lat="49.408515" lon="11.576307"><ele>543</ele></trkpt>
   <trkpt lat="49.408335" lon="11.576776"><ele>544.75</ele></trkpt>
   <trkpt lat="49.408091" lon="11.577496"><ele>546.5</ele></trkpt>
   <trkpt lat="49.407925" lon="11.578037"><ele>547.25</ele></trkpt>
   <trkpt lat="49.407774" lon="11.578588"><ele>548.75</ele></trkpt>
   <trkpt lat="49.407614" lon="11.57927"><ele>549.5</ele></trkpt>
   <trkpt lat="49.407535" lon="11.579648"><ele>550.75</ele></trkpt>
   <trkpt lat="49.407429" lon="11.580231"><ele>553.5</ele></trkpt>
   <trkpt lat="49.407292" lon="11.581181"><ele>555.75</ele></trkpt>
   <trkpt lat="49.407181" lon="11.58236"><ele>559.5</ele></trkpt>
   <trkpt lat="49.407151" lon="11.583183"><ele>562.25</ele></trkpt>
   <trkpt lat="49.407141" lon="11.583959"><ele>564.5</ele></trkpt>
   <trkpt lat="49.407169" lon="11.584858"><ele>566.5</ele></trkpt>
   <trkpt lat="49.407256" lon="11.58589"><ele>568</ele></trkpt>
   <trkpt lat="49.40734" lon="11.58652"><ele>570.75</ele></trkpt>
   <trkpt lat="49.407494" lon="11.587504"><ele>572</ele></trkpt>
   <trkpt lat="49.407664" lon="11.588337"><ele>573.75</ele></trkpt>
   <trkpt lat="49.407828" lon="11.589028"><ele>575.5</ele></trkpt>
   <trkpt lat="49.408065" lon="11.589926"><ele>578</ele></trkpt>
   <trkpt lat="49.408261" lon="11.590539"><ele>577.75</ele></trkpt>
   <trkpt lat="49.40834" lon="11.590786"><ele>580.75</ele></trkpt>
   <trkpt lat="49.408673" lon="11.591695"><ele>582.5</ele></trkpt>
   <trkpt lat="49.409036" lon="11.592556"><ele>584</ele></trkpt>
   <trkpt lat="49.409401" lon="11.593354"><ele>585.5</ele></trkpt>
   <trkpt lat="49.409617" lon="11.593792"><ele>585.5</ele></trkpt>
   <trkpt lat="49.41059" lon="11.595715"><ele>591.25</ele></trkpt>
   <trkpt lat="49.411376" lon="11.597342"><ele>593.5</ele></trkpt>
   <trkpt lat="49.412052" lon="11.59897"><ele>595.25</ele></trkpt>
   <trkpt lat="49.413023" lon="11.602086"><ele>595.75</ele></trkpt>
   <trkpt lat="49.4134" lon="11.603845"><ele>594.25</ele></trkpt>
   <trkpt lat="49.413841" lon="11.606495"><ele>591.5</ele></trkpt>
   <trkpt lat="49.414159" lon="11.608156"><ele>587.75</ele></trkpt>
   <trkpt lat="49.414469" lon="11.609478"><ele>584.25</ele></trkpt>
   <trkpt lat="49.414633" lon="11.610087"><ele>581.5</ele></trkpt>
   <trkpt lat="49.415032" lon="11.611372"><ele>581</ele></trkpt>
   <trkpt lat="49.415351" lon="11.612248"><ele>578.5</ele></trkpt>
   <trkpt lat="49.415505" lon="11.612649"><ele>577.5</ele></trkpt>
   <trkpt lat="49.415915" lon="11.613612"><ele>576.75</ele></trkpt>
   <trkpt lat="49.41616" lon="11.614149"><ele>576.75</ele></trkpt>
   <trkpt lat="49.416643" lon="11.615103"><ele>576</ele></trkpt>
   <trkpt lat="49.418055" lon="11.617794"><ele>575.75</ele></trkpt>
   <trkpt lat="49.418387" lon="11.618486"><ele>577</ele></trkpt>
   <trkpt lat="49.418854" lon="11.619541"><ele>578.25</ele></trkpt>
   <trkpt lat="49.419275" lon="11.620718"><ele>579</ele></trkpt>
   <trkpt lat="49.419561" lon="11.621586"><ele>579.75</ele></trkpt>
   <trkpt lat="49.419918" lon="11.622852"><ele>579.25</ele></trkpt>
   <trkpt lat="49.420463" lon="11.625276"><ele>583.5</ele></trkpt>
   <trkpt lat="49.420799" lon="11.626907"><ele>589</ele></trkpt>
   <trkpt lat="49.421085" lon="11.628124"><ele>592.5</ele></trkpt>
   <trkpt lat="49.42131" lon="11.628954"><ele>595.25</ele></trkpt>
   <trkpt lat="49.42152" lon="11.629671"><ele>596.5</ele></trkpt>
   <trkpt lat="49.421733" lon="11.630307"><ele>597</ele></trkpt>
   <trkpt lat="49.421934" lon="11.630868"><ele>597.5</ele></trkpt>
   <trkpt lat="49.422093" lon="11.631231"><ele>597.5</ele></trkpt>
   <trkpt lat="49.422449" lon="11.631975"><ele>600</ele></trkpt>
   <trkpt lat="49.422779" lon="11.632603"><ele>602.5</ele></trkpt>
   <trkpt lat="49.423131" lon="11.633201"><ele>603.25</ele></trkpt>
   <trkpt lat="49.423602" lon="11.633905"><ele>606.5</ele></trkpt>
   <trkpt lat="49.424073" lon="11.634583"><ele>607</ele></trkpt>
   <trkpt lat="49.425674" lon="11.636542"><ele>613.5</ele></trkpt>
   <trkpt lat="49.426159" lon="11.637185"><ele>613</ele></trkpt>
   <trkpt lat="49.426607" lon="11.63785"><ele>614.75</ele></trkpt>
   <trkpt lat="49.427308" lon="11.639105"><ele>615.5</ele></trkpt>
   <trkpt lat="49.427764" lon="11.640157"><ele>616.25</ele></trkpt>
   <trkpt lat="49.427993" lon="11.640762"><ele>616</ele></trkpt>
   <trkpt lat="49.428353" lon="11.641833"><ele>615.75</ele></trkpt>
   <trkpt lat="49.428637" lon="11.642974"><ele>615</ele></trkpt>
   <trkpt lat="49.428898" lon="11.644327"><ele>613.5</ele></trkpt>
   <trkpt lat="49.428982" lon="11.644883"><ele>614.25</ele></trkpt>
   <trkpt lat="49.429054" lon="11.645494"><ele>614</ele></trkpt>
   <trkpt lat="49.429106" lon="11.646016"><ele>614</ele></trkpt>
   <trkpt lat="49.429153" lon="11.646575"><ele>613</ele></trkpt>
   <trkpt lat="49.429195" lon="11.647418"><ele>611.5</ele></trkpt>
   <trkpt lat="49.429215" lon="11.647957"><ele>610.5</ele></trkpt>
   <trkpt lat="49.429222" lon="11.648477"><ele>610.5</ele></trkpt>
   <trkpt lat="49.429223" lon="11.649053"><ele>610</ele></trkpt>
   <trkpt lat="49.429215" lon="11.649512"><ele>609.5</ele></trkpt>
   <trkpt lat="49.429181" lon="11.650433"><ele>608.75</ele></trkpt>
   <trkpt lat="49.42911" lon="11.651398"><ele>607.75</ele></trkpt>
   <trkpt lat="49.429017" lon="11.652335"><ele>607.25</ele></trkpt>
   <trkpt lat="49.428955" lon="11.652841"><ele>606.75</ele></trkpt>
   <trkpt lat="49.428851" lon="11.653531"><ele>605.5</ele></trkpt>
   <trkpt lat="49.428831" lon="11.653654"><ele>605</ele></trkpt>
   <trkpt lat="49.428749" lon="11.654125"><ele>604.25</ele></trkpt>
   <trkpt lat="49.428669" lon="11.654591"><ele>604.25</ele></trkpt>
   <trkpt lat="49.428556" lon="11.655143"><ele>603.5</ele></trkpt>
   <trkpt lat="49.428343" lon="11.656078"><ele>602.75</ele></trkpt>
   <trkpt lat="49.428257" lon="11.65646"><ele>603</ele></trkpt>
   <trkpt lat="49.42752" lon="11.659438"><ele>600</ele></trkpt>
   <trkpt lat="49.427264" lon="11.660526"><ele>598</ele></trkpt>
   <trkpt lat="49.427013" lon="11.661693"><ele>596</ele></trkpt>
   <trkpt lat="49.42678" lon="11.662874"><ele>594.75</ele></trkpt>
   <trkpt lat="49.426599" lon="11.663902"><ele>593.75</ele></trkpt>
   <trkpt lat="49.426316" lon="11.665672"><ele>592</ele></trkpt>
   <trkpt lat="49.42613" lon="11.667212"><ele>590.75</ele></trkpt>
   <trkpt lat="49.42606" lon="11.667836"><ele>591.5</ele></trkpt>
   <trkpt lat="49.425856" lon="11.670395"><ele>588</ele></trkpt>
   <trkpt lat="49.425783" lon="11.671713"><ele>587.75</ele></trkpt>
   <trkpt lat="49.425631" lon="11.67543"><ele>585</ele></trkpt>
   <trkpt lat="49.425466" lon="11.677914"><ele>583.75</ele></trkpt>
   <trkpt lat="49.425374" lon="11.678886"><ele>582.5</ele></trkpt>
   <trkpt lat="49.425194" lon="11.6805"><ele>580.25</ele></trkpt>
   <trkpt lat="49.42514" lon="11.680923"><ele>579</ele></trkpt>
   <trkpt lat="49.424931" lon="11.682381"><ele>580.75</ele></trkpt>
   <trkpt lat="49.424764" lon="11.683374"><ele>579.75</ele></trkpt>
   <trkpt lat="49.424119" lon="11.687048"><ele>578.25</ele></trkpt>
   <trkpt lat="49.423825" lon="11.688815"><ele>577</ele></trkpt>
   <trkpt lat="49.423699" lon="11.68967"><ele>576.5</ele></trkpt>
   <trkpt lat="49.423577" lon="11.690675"><ele>575.5</ele></trkpt>
   <trkpt lat="49.423496" lon="11.691494"><ele>575.25</ele></trkpt>
   <trkpt lat="49.423431" lon="11.692344"><ele>574.5</ele></trkpt>
   <trkpt lat="49.42336" lon="11.693609"><ele>573.75</ele></trkpt>
   <trkpt lat="49.423328" lon="11.695279"><ele>572.75</ele></trkpt>
   <trkpt lat="49.423329" lon="11.696805"><ele>571.75</ele></trkpt>
   <trkpt lat="49.423341" lon="11.697951"><ele>570.75</ele></trkpt>
   <trkpt lat="49.423319" lon="11.70022"><ele>570</ele></trkpt>
   <trkpt lat="49.423295" lon="11.700815"><ele>569</ele></trkpt>
   <trkpt lat="49.423262" lon="11.701338"><ele>568.25</ele></trkpt>
   <trkpt lat="49.423168" lon="11.70284"><ele>567.75</ele></trkpt>
   <trkpt lat="49.422924" lon="11.704634"><ele>565.5</ele></trkpt>
   <trkpt lat="49.422573" lon="11.706288"><ele>562.25</ele></trkpt>
   <trkpt lat="49.422193" lon="11.707713"><ele>558.75</ele></trkpt>
   <trkpt lat="49.421723" lon="11.709217"><ele>554.25</ele></trkpt>
   <trkpt lat="49.42123" lon="11.710487"><ele>550</ele></trkpt>
   <trkpt lat="49.420528" lon="11.712025"><ele>545.75</ele></trkpt>
   <trkpt lat="49.420135" lon="11.713044"><ele>542.25</ele></trkpt>
   <trkpt lat="49.41973" lon="11.714218"><ele>541.75</ele></trkpt>
   <trkpt lat="49.419417" lon="11.715422"><ele>541</ele></trkpt>
   <trkpt lat="49.419135" lon="11.716684"><ele>540.75</ele></trkpt>
   <trkpt lat="49.418936" lon="11.717831"><ele>540.5</ele></trkpt>
   <trkpt lat="49.418806" lon="11.719052"><ele>542</ele></trkpt>
   <trkpt lat="49.418701" lon="11.72027"><ele>542</ele></trkpt>
   <trkpt lat="49.418632" lon="11.721527"><ele>542</ele></trkpt>
   <trkpt lat="49.418584" lon="11.722586"><ele>543.25</ele></trkpt>
   <trkpt lat="49.418456" lon="11.724638"><ele>543</ele></trkpt>
   <trkpt lat="49.418275" lon="11.726382"><ele>542.5</ele></trkpt>
   <trkpt lat="49.418091" lon="11.727578"><ele>542</ele></trkpt>
   <trkpt lat="49.417907" lon="11.728508"><ele>542</ele></trkpt>
   <trkpt lat="49.417709" lon="11.729375"><ele>541.5</ele></trkpt>
   <trkpt lat="49.417463" lon="11.730324"><ele>540.25</ele></trkpt>
   <trkpt lat="49.417124" lon="11.731465"><ele>539</ele></trkpt>
   <trkpt lat="49.416835" lon="11.732293"><ele>538</ele></trkpt>
   <trkpt lat="49.416452" lon="11.733269"><ele>535.5</ele></trkpt>
   <trkpt lat="49.416048" lon="11.734199"><ele>532</ele></trkpt>
   <trkpt lat="49.415008" lon="11.736417"><ele>529</ele></trkpt>
   <trkpt lat="49.414525" lon="11.737467"><ele>527.5</ele></trkpt>
   <trkpt lat="49.414109" lon="11.738445"><ele>526.25</ele></trkpt>
   <trkpt lat="49.413742" lon="11.739427"><ele>523.75</ele></trkpt>
   <trkpt lat="49.413262" lon="11.740909"><ele>522</ele></trkpt>
   <trkpt lat="49.412846" lon="11.742554"><ele>518.75</ele></trkpt>
   <trkpt lat="49.412767" lon="11.742935"><ele>518</ele></trkpt>
   <trkpt lat="49.412495" lon="11.744347"><ele>516.75</ele></trkpt>
   <trkpt lat="49.412225" lon="11.746676"><ele>514.75</ele></trkpt>
   <trkpt lat="49.412131" lon="11.74791"><ele>516.25</ele></trkpt>
   <trkpt lat="49.412079" lon="11.749146"><ele>515</ele></trkpt>
   <trkpt lat="49.411966" lon="11.750937"><ele>513</ele></trkpt>
   <trkpt lat="49.41181" lon="11.752365"><ele>513</ele></trkpt>
   <trkpt lat="49.41165" lon="11.75344"><ele>510.25</ele></trkpt>
   <trkpt lat="49.411434" lon="11.754657"><ele>508</ele></trkpt>
   <trkpt lat="49.411157" lon="11.755866"><ele>504.75</ele></trkpt>
   <trkpt lat="49.410835" lon="11.75702"><ele>502.5</ele></trkpt>
   <trkpt lat="49.410566" lon="11.757876"><ele>500.75</ele></trkpt>
   <trkpt lat="49.410343" lon="11.758514"><ele>499.5</ele></trkpt>
   <trkpt lat="49.409192" lon="11.761608"><ele>496</ele></trkpt>
   <trkpt lat="49.40898" lon="11.762254"><ele>497.75</ele></trkpt>
   <trkpt lat="49.408845" lon="11.762703"><ele>498</ele></trkpt>
   <trkpt lat="49.408564" lon="11.763785"><ele>499.25</ele></trkpt>
   <trkpt lat="49.408405" lon="11.764509"><ele>498.75</ele></trkpt>
   <trkpt lat="49.408239" lon="11.765445"><ele>499.25</ele></trkpt>
   <trkpt lat="49.408131" lon="11.766188"><ele>498.5</ele></trkpt>
   <trkpt lat="49.408043" lon="11.766873"><ele>498.25</ele></trkpt>
   <trkpt lat="49.407965" lon="11.76775"><ele>498</ele></trkpt>
   <trkpt lat="49.407922" lon="11.7684"><ele>497</ele></trkpt>
   <trkpt lat="49.407786" lon="11.771521"><ele>492.75</ele></trkpt>
   <trkpt lat="49.407711" lon="11.772786"><ele>489.5</ele></trkpt>
   <trkpt lat="49.407613" lon="11.773821"><ele>488.5</ele></trkpt>
   <trkpt lat="49.40733" lon="11.775621"><ele>486.25</ele></trkpt>
   <trkpt lat="49.407129" lon="11.776605"><ele>486.25</ele></trkpt>
   <trkpt lat="49.406892" lon="11.777505"><ele>487</ele></trkpt>
   <trkpt lat="49.406348" lon="11.779124"><ele>486</ele></trkpt>
   <trkpt lat="49.405701" lon="11.780676"><ele>485.5</ele></trkpt>
   <trkpt lat="49.404755" lon="11.782384"><ele>483.5</ele></trkpt>
   <trkpt lat="49.404191" lon="11.783272"><ele>484</ele></trkpt>
   <trkpt lat="49.403527" lon="11.784088"><ele>483</ele></trkpt>
   <trkpt lat="49.403307" lon="11.784376"><ele>483.5</ele></trkpt>
   <trkpt lat="49.402915" lon="11.78486"><ele>484.25</ele></trkpt>
   <trkpt lat="49.400561" lon="11.78758"><ele>482</ele></trkpt>
   <trkpt lat="49.40022" lon="11.788004"><ele>482.25</ele></trkpt>
   <trkpt lat="49.399769" lon="11.788623"><ele>480</ele></trkpt>
   <trkpt lat="49.399012" lon="11.789746"><ele>476.25</ele></trkpt>
   <trkpt lat="49.398749" lon="11.790159"><ele>474.75</ele></trkpt>
   <trkpt lat="49.398394" lon="11.790822"><ele>474.5</ele></trkpt>
   <trkpt lat="49.397787" lon="11.792177"><ele>471.5</ele></trkpt>
   <trkpt lat="49.397548" lon="11.792821"><ele>469.5</ele></trkpt>
   <trkpt lat="49.397289" lon="11.793624"><ele>467.5</ele></trkpt>
   <trkpt lat="49.397034" lon="11.794616"><ele>465.5</ele></trkpt>
   <trkpt lat="49.396904" lon="11.795198"><ele>463</ele></trkpt>
   <trkpt lat="49.39673" lon="11.796164"><ele>458.75</ele></trkpt>
   <trkpt lat="49.396654" lon="11.796694"><ele>458.25</ele></trkpt>
   <trkpt lat="49.396577" lon="11.79742"><ele>454.5</ele></trkpt>
   <trkpt lat="49.396516" lon="11.798281"><ele>454.75</ele></trkpt>
   <trkpt lat="49.396495" lon="11.799093"><ele>454.25</ele></trkpt>
   <trkpt lat="49.396498" lon="11.799969"><ele>453.25</ele></trkpt>
   <trkpt lat="49.396523" lon="11.800665"><ele>452.75</ele></trkpt>
   <trkpt lat="49.396591" lon="11.801435"><ele>450.75</ele></trkpt>
   <trkpt lat="49.396754" lon="11.802659"><ele>447.25</ele></trkpt>
   <trkpt lat="49.397007" lon="11.804043"><ele>444.5</ele></trkpt>
   <trkpt lat="49.397374" lon="11.80561"><ele>442.5</ele></trkpt>
   <trkpt lat="49.397659" lon="11.806574"><ele>441.5</ele></trkpt>
   <trkpt lat="49.397958" lon="11.807479"><ele>441</ele></trkpt>
   <trkpt lat="49.398301" lon="11.808421"><ele>440</ele></trkpt>
   <trkpt lat="49.398673" lon="11.809339"><ele>439</ele></trkpt>
   <trkpt lat="49.399703" lon="11.811668"><ele>435.25</ele></trkpt>
   <trkpt lat="49.400212" lon="11.812914"><ele>434.25</ele></trkpt>
   <trkpt lat="49.400581" lon="11.814026"><ele>431.75</ele></trkpt>
   <trkpt lat="49.400886" lon="11.815124"><ele>430.5</ele></trkpt>
   <trkpt lat="49.401105" lon="11.816028"><ele>429.25</ele></trkpt>
   <trkpt lat="49.401349" lon="11.817115"><ele>429.5</ele></trkpt>
   <trkpt lat="49.401529" lon="11.818164"><ele>428</ele></trkpt>
   <trkpt lat="49.401666" lon="11.81915"><ele>427</ele></trkpt>
   <trkpt lat="49.401772" lon="11.820181"><ele>424.5</ele></trkpt>
   <trkpt lat="49.401819" lon="11.820828"><ele>423.75</ele></trkpt>
   <trkpt lat="49.401892" lon="11.822215"><ele>425</ele></trkpt>
   <trkpt lat="49.401884" lon="11.823389"><ele>425.25</ele></trkpt>
   <trkpt lat="49.401859" lon="11.824568"><ele>425.5</ele></trkpt>
   <trkpt lat="49.401783" lon="11.825624"><ele>426.75</ele></trkpt>
   <trkpt lat="49.401636" lon="11.826948"><ele>427.75</ele></trkpt>
   <trkpt lat="49.401445" lon="11.828213"><ele>427.25</ele></trkpt>
   <trkpt lat="49.401214" lon="11.829421"><ele>427.5</ele></trkpt>
   <trkpt lat="49.401039" lon="11.830188"><ele>428.75</ele></trkpt>
   <trkpt lat="49.400745" lon="11.831325"><ele>429</ele></trkpt>
   <trkpt lat="49.400101" lon="11.833749"><ele>429.25</ele></trkpt>
   <trkpt lat="49.399604" lon="11.83584"><ele>429.75</ele></trkpt>
   <trkpt lat="49.399135" lon="11.838489"><ele>428.5</ele></trkpt>
   <trkpt lat="49.398983" lon="11.839668"><ele>428.75</ele></trkpt>
   <trkpt lat="49.398929" lon="11.840216"><ele>429.25</ele></trkpt>
   <trkpt lat="49.398775" lon="11.841943"><ele>432</ele></trkpt>
   <trkpt lat="49.398595" lon="11.844725"><ele>431.75</ele></trkpt>
   <trkpt lat="49.398527" lon="11.845729"><ele>429.25</ele></trkpt>
   <trkpt lat="49.398288" lon="11.848935"><ele>432.75</ele></trkpt>
   <trkpt lat="49.398166" lon="11.850127"><ele>437.25</ele></trkpt>
   <trkpt lat="49.398032" lon="11.851357"><ele>438.5</ele></trkpt>
   <trkpt lat="49.397881" lon="11.852592"><ele>439</ele></trkpt>
   <trkpt lat="49.397696" lon="11.853916"><ele>442</ele></trkpt>
   <trkpt lat="49.397484" lon="11.855268"><ele>443</ele></trkpt>
   <trkpt lat="49.397189" lon="11.856947"><ele>445</ele></trkpt>
   <trkpt lat="49.39682" lon="11.858779"><ele>447.75</ele></trkpt>
   <trkpt lat="49.396449" lon="11.860479"><ele>448.75</ele></trkpt>
   <trkpt lat="49.395881" lon="11.862866"><ele>449.5</ele></trkpt>
   <trkpt lat="49.395861" lon="11.862982"><ele>447.25</ele></trkpt>
   <trkpt lat="49.395681" lon="11.863696"><ele>451</ele></trkpt>
   <trkpt lat="49.395445" lon="11.864692"><ele>451.5</ele></trkpt>
   <trkpt lat="49.395202" lon="11.865715"><ele>451.5</ele></trkpt>
   <trkpt lat="49.394569" lon="11.86848"><ele>450.5</ele></trkpt>
   <trkpt lat="49.393774" lon="11.872586"><ele>447.5</ele></trkpt>
   <trkpt lat="49.393391" lon="11.875075"><ele>444.5</ele></trkpt>
   <trkpt lat="49.393115" lon="11.877297"><ele>440.75</ele></trkpt>
   <trkpt lat="49.39293" lon="11.879308"><ele>437.25</ele></trkpt>
   <trkpt lat="49.392771" lon="11.881496"><ele>430.75</ele></trkpt>
   <trkpt lat="49.392674" lon="11.883848"><ele>423.25</ele></trkpt>
   <trkpt lat="49.392631" lon="11.886057"><ele>417.5</ele></trkpt>
   <trkpt lat="49.392659" lon="11.88779"><ele>417.25</ele></trkpt>
   <trkpt lat="49.392686" lon="11.888908"><ele>414.5</ele></trkpt>
   <trkpt lat="49.39279" lon="11.891318"><ele>408</ele></trkpt>
   <trkpt lat="49.392961" lon="11.893687"><ele>404</ele></trkpt>
   <trkpt lat="49.393037" lon="11.894458"><ele>402.75</ele></trkpt>
   <trkpt lat="49.393205" lon="11.895991"><ele>400.25</ele></trkpt>
   <trkpt lat="49.393366" lon="11.897309"><ele>398</ele></trkpt>
   <trkpt lat="49.39349" lon="11.898205"><ele>396.75</ele></trkpt>
   <trkpt lat="49.393629" lon="11.899214"><ele>396.75</ele></trkpt>
   <trkpt lat="49.393778" lon="11.900219"><ele>396.25</ele></trkpt>
   <trkpt lat="49.394161" lon="11.902632"><ele>393</ele></trkpt>
   <trkpt lat="49.39488" lon="11.907181"><ele>394.75</ele></trkpt>
   <trkpt lat="49.395022" lon="11.908105"><ele>397.75</ele></trkpt>
   <trkpt lat="49.395103" lon="11.908628"><ele>397.25</ele></trkpt>
   <trkpt lat="49.395353" lon="11.910156"><ele>400.25</ele></trkpt>
   <trkpt lat="49.395764" lon="11.912741"><ele>403.25</ele></trkpt>
   <trkpt lat="49.395789" lon="11.912885"><ele>406</ele></trkpt>
   <trkpt lat="49.395809" lon="11.913011"><ele>408.5</ele></trkpt>
   <trkpt lat="49.39583" lon="11.913136"><ele>410.75</ele></trkpt>
   <trkpt lat="49.396208" lon="11.91553"><ele>411</ele></trkpt>
   <trkpt lat="49.397686" lon="11.924834"><ele>424.5</ele></trkpt>
   <trkpt lat="49.397982" lon="11.926738"><ele>425</ele></trkpt>
   <trkpt lat="49.398418" lon="11.929891"><ele>423.5</ele></trkpt>
   <trkpt lat="49.398707" lon="11.932478"><ele>422.5</ele></trkpt>
   <trkpt lat="49.398914" lon="11.935249"><ele>418.25</ele></trkpt>
   <trkpt lat="49.399001" lon="11.937028"><ele>415.75</ele></trkpt>
   <trkpt lat="49.399031" lon="11.938593"><ele>413.75</ele></trkpt>
   <trkpt lat="49.399065" lon="11.941538"><ele>405.5</ele></trkpt>
   <trkpt lat="49.398992" lon="11.944387"><ele>396</ele></trkpt>
   <trkpt lat="49.398565" lon="11.950636"><ele>389.25</ele></trkpt>
   <trkpt lat="49.398339" lon="11.953584"><ele>390</ele></trkpt>
   <trkpt lat="49.398068" lon="11.957385"><ele>393.5</ele></trkpt>
   <trkpt lat="49.397952" lon="11.959388"><ele>393.25</ele></trkpt>
   <trkpt lat="49.397871" lon="11.961339"><ele>395.25</ele></trkpt>
   <trkpt lat="49.397847" lon="11.962501"><ele>396.75</ele></trkpt>
   <trkpt lat="49.397842" lon="11.963831"><ele>398</ele></trkpt>
   <trkpt lat="49.397856" lon="11.965156"><ele>399</ele></trkpt>
   <trkpt lat="49.397906" lon="11.966555"><ele>398.5</ele></trkpt>
   <trkpt lat="49.397983" lon="11.967629"><ele>397.75</ele></trkpt>
   <trkpt lat="49.398078" lon="11.968762"><ele>397.25</ele></trkpt>
   <trkpt lat="49.398218" lon="11.969988"><ele>395.5</ele></trkpt>
   <trkpt lat="49.398365" lon="11.971025"><ele>395.75</ele></trkpt>
   <trkpt lat="49.398475" lon="11.971739"><ele>394.25</ele></trkpt>
   <trkpt lat="49.398692" lon="11.972851"><ele>393.5</ele></trkpt>
   <trkpt lat="49.398846" lon="11.973568"><ele>392.75</ele></trkpt>
   <trkpt lat="49.399089" lon="11.97461"><ele>391</ele></trkpt>
   <trkpt lat="49.399316" lon="11.975475"><ele>389.75</ele></trkpt>
   <trkpt lat="49.39964" lon="11.976544"><ele>388.75</ele></trkpt>
   <trkpt lat="49.39983" lon="11.977137"><ele>388</ele></trkpt>
   <trkpt lat="49.400075" lon="11.97785"><ele>387.25</ele></trkpt>
   <trkpt lat="49.400296" lon="11.97843"><ele>386.75</ele></trkpt>
   <trkpt lat="49.400579" lon="11.979114"><ele>386.75</ele></trkpt>
   <trkpt lat="49.400873" lon="11.979772"><ele>386.5</ele></trkpt>
   <trkpt lat="49.401009" lon="11.98007"><ele>386</ele></trkpt>
   <trkpt lat="49.401372" lon="11.98078"><ele>386.5</ele></trkpt>
   <trkpt lat="49.401535" lon="11.981093"><ele>386</ele></trkpt>
   <trkpt lat="49.401726" lon="11.981422"><ele>386.75</ele></trkpt>
   <trkpt lat="49.401995" lon="11.981891"><ele>386.75</ele></trkpt>
   <trkpt lat="49.402337" lon="11.982426"><ele>387</ele></trkpt>
   <trkpt lat="49.402811" lon="11.983122"><ele>388.25</ele></trkpt>
   <trkpt lat="49.403287" lon="11.98377"><ele>389.75</ele></trkpt>
   <trkpt lat="49.404073" lon="11.984737"><ele>392.75</ele></trkpt>
   <trkpt lat="49.405238" lon="11.986014"><ele>395.25</ele></trkpt>
   <trkpt lat="49.40601" lon="11.986708"><ele>397</ele></trkpt>
   <trkpt lat="49.406673" lon="11.98728"><ele>398.25</ele></trkpt>
   <trkpt lat="49.408397" lon="11.988635"><ele>400.25</ele></trkpt>
   <trkpt lat="49.408795" lon="11.988939"><ele>400</ele></trkpt>
   <trkpt lat="49.412685" lon="11.991849"><ele>400.75</ele></trkpt>
   <trkpt lat="49.413706" lon="11.992619"><ele>400.75</ele></trkpt>
   <trkpt lat="49.416778" lon="11.994925"><ele>399</ele></trkpt>
   <trkpt lat="49.417689" lon="11.995653"><ele>398.5</ele></trkpt>
   <trkpt lat="49.418887" lon="11.996668"><ele>397</ele></trkpt>
   <trkpt lat="49.420056" lon="11.997743"><ele>394.75</ele></trkpt>
   <trkpt lat="49.421065" lon="11.998863"><ele>393.25</ele></trkpt>
   <trkpt lat="49.422311" lon="12.000353"><ele>391.5</ele></trkpt>
   <trkpt lat="49.423303" lon="12.001664"><ele>389.25</ele></trkpt>
   <trkpt lat="49.424459" lon="12.00354"><ele>389.25</ele></trkpt>
   <trkpt lat="49.425261" lon="12.004822"><ele>392.75</ele></trkpt>
   <trkpt lat="49.426237" lon="12.006455"><ele>397</ele></trkpt>
   <trkpt lat="49.42694" lon="12.007732"><ele>400.25</ele></trkpt>
   <trkpt lat="49.427681" lon="12.009157"><ele>400.5</ele></trkpt>
   <trkpt lat="49.428392" lon="12.010552"><ele>406.25</ele></trkpt>
   <trkpt lat="49.429225" lon="12.012284"><ele>412.75</ele></trkpt>
   <trkpt lat="49.430086" lon="12.014147"><ele>418</ele></trkpt>
   <trkpt lat="49.430768" lon="12.015722"><ele>422</ele></trkpt>
   <trkpt lat="49.431036" lon="12.016361"><ele>424</ele></trkpt>
   <trkpt lat="49.432205" lon="12.019445"><ele>427.5</ele></trkpt>
   <trkpt lat="49.43267" lon="12.020582"><ele>429.75</ele></trkpt>
   <trkpt lat="49.43332" lon="12.022469"><ele>429.75</ele></trkpt>
   <trkpt lat="49.433533" lon="12.023188"><ele>428.75</ele></trkpt>
   <trkpt lat="49.434132" lon="12.024952"><ele>429.75</ele></trkpt>
   <trkpt lat="49.434451" lon="12.025996"><ele>431.25</ele></trkpt>
   <trkpt lat="49.435499" lon="12.029531"><ele>429</ele></trkpt>
   <trkpt lat="49.435677" lon="12.030172"><ele>428.25</ele></trkpt>
   <trkpt lat="49.436265" lon="12.032364"><ele>427.75</ele></trkpt>
   <trkpt lat="49.436853" lon="12.034668"><ele>426.25</ele></trkpt>
   <trkpt lat="49.437317" lon="12.036565"><ele>425.5</ele></trkpt>
   <trkpt lat="49.437795" lon="12.038645"><ele>424.75</ele></trkpt>
   <trkpt lat="49.438079" lon="12.039997"><ele>424.75</ele></trkpt>
   <trkpt lat="49.438372" lon="12.041483"><ele>423.25</ele></trkpt>
   <trkpt lat="49.438817" lon="12.043856"><ele>422.25</ele></trkpt>
   <trkpt lat="49.438953" lon="12.044622"><ele>417.25</ele></trkpt>
   <trkpt lat="49.439149" lon="12.045771"><ele>416</ele></trkpt>
   <trkpt lat="49.439383" lon="12.047314"><ele>420.25</ele></trkpt>
   <trkpt lat="49.439761" lon="12.049998"><ele>418.25</ele></trkpt>
   <trkpt lat="49.43998" lon="12.051702"><ele>417.5</ele></trkpt>
   <trkpt lat="49.440127" lon="12.052969"><ele>417.25</ele></trkpt>
   <trkpt lat="49.440398" lon="12.055613"><ele>415.75</ele></trkpt>
   <trkpt lat="49.440616" lon="12.058218"><ele>413.5</ele></trkpt>
   <trkpt lat="49.440737" lon="12.059879"><ele>410</ele></trkpt>
   <trkpt lat="49.440894" lon="12.062022"><ele>412</ele></trkpt>
   <trkpt lat="49.44125" lon="12.065638"><ele>413.5</ele></trkpt>
   <trkpt lat="49.441668" lon="12.069173"><ele>410.75</ele></trkpt>
   <trkpt lat="49.441789" lon="12.070033"><ele>408.5</ele></trkpt>
   <trkpt lat="49.442135" lon="12.072367"><ele>405.75</ele></trkpt>
   <trkpt lat="49.442462" lon="12.074276"><ele>404.25</ele></trkpt>
   <trkpt lat="49.442578" lon="12.074951"><ele>403.5</ele></trkpt>
   <trkpt lat="49.443251" lon="12.07845"><ele>402</ele></trkpt>
   <trkpt lat="49.443845" lon="12.080969"><ele>401.5</ele></trkpt>
   <trkpt lat="49.444427" lon="12.083356"><ele>400.5</ele></trkpt>
   <trkpt lat="49.444517" lon="12.083664"><ele>399.75</ele></trkpt>
   <trkpt lat="49.445303" lon="12.086784"><ele>399</ele></trkpt>
   <trkpt lat="49.445818" lon="12.088785"><ele>399</ele></trkpt>
   <trkpt lat="49.446412" lon="12.091217"><ele>398.75</ele></trkpt>
   <trkpt lat="49.446986" lon="12.093587"><ele>399.5</ele></trkpt>
   <trkpt lat="49.447116" lon="12.09417"><ele>398.5</ele></trkpt>
   <trkpt lat="49.447316" lon="12.095171"><ele>400.75</ele></trkpt>
   <trkpt lat="49.447567" lon="12.096428"><ele>402.5</ele></trkpt>
   <trkpt lat="49.447969" lon="12.098627"><ele>405.5</ele></trkpt>
   <trkpt lat="49.448322" lon="12.100911"><ele>407.25</ele></trkpt>
   <trkpt lat="49.448711" lon="12.103901"><ele>411.25</ele></trkpt>
   <trkpt lat="49.44894" lon="12.10613"><ele>413.5</ele></trkpt>
   <trkpt lat="49.449073" lon="12.107603"><ele>414</ele></trkpt>
   <trkpt lat="49.449144" lon="12.108479"><ele>418.25</ele></trkpt>
   <trkpt lat="49.449458" lon="12.111833"><ele>426</ele></trkpt>
   <trkpt lat="49.449634" lon="12.113298"><ele>430.75</ele></trkpt>
   <trkpt lat="49.449905" lon="12.115278"><ele>435.5</ele></trkpt>
   <trkpt lat="49.450148" lon="12.116625"><ele>437.5</ele></trkpt>
   <trkpt lat="49.450382" lon="12.11777"><ele>440.25</ele></trkpt>
   <trkpt lat="49.450652" lon="12.118871"><ele>443.75</ele></trkpt>
   <trkpt lat="49.450826" lon="12.119531"><ele>446.75</ele></trkpt>
   <trkpt lat="49.45103" lon="12.12021"><ele>447.25</ele></trkpt>
   <trkpt lat="49.451323" lon="12.121119"><ele>450</ele></trkpt>
   <trkpt lat="49.451773" lon="12.12235"><ele>454.75</ele></trkpt>
   <trkpt lat="49.452639" lon="12.124384"><ele>463.25</ele></trkpt>
   <trkpt lat="49.453712" lon="12.126492"><ele>472</ele></trkpt>
   <trkpt lat="49.455166" lon="12.12855"><ele>478</ele></trkpt>
   <trkpt lat="49.455624" lon="12.129122"><ele>481.25</ele></trkpt>
   <trkpt lat="49.456349" lon="12.129947"><ele>486</ele></trkpt>
   <trkpt lat="49.457461" lon="12.131104"><ele>491.25</ele></trkpt>
   <trkpt lat="49.458219" lon="12.131721"><ele>495.25</ele></trkpt>
   <trkpt lat="49.459552" lon="12.132735"><ele>502.25</ele></trkpt>
   <trkpt lat="49.460464" lon="12.133322"><ele>505.5</ele></trkpt>
   <trkpt lat="49.460995" lon="12.133631"><ele>508</ele></trkpt>
   <trkpt lat="49.462418" lon="12.134305"><ele>512.25</ele></trkpt>
   <trkpt lat="49.46324" lon="12.134621"><ele>514</ele></trkpt>
   <trkpt lat="49.463705" lon="12.134766"><ele>514.25</ele></trkpt>
   <trkpt lat="49.464073" lon="12.134872"><ele>514.75</ele></trkpt>
   <trkpt lat="49.464777" lon="12.135047"><ele>514.5</ele></trkpt>
   <trkpt lat="49.465634" lon="12.135199"><ele>515.25</ele></trkpt>
   <trkpt lat="49.466231" lon="12.135282"><ele>515.75</ele></trkpt>
   <trkpt lat="49.466857" lon="12.135341"><ele>516</ele></trkpt>
   <trkpt lat="49.46728" lon="12.13537"><ele>516</ele></trkpt>
   <trkpt lat="49.468333" lon="12.135399"><ele>515.25</ele></trkpt>
   <trkpt lat="49.469197" lon="12.135378"><ele>514.5</ele></trkpt>
   <trkpt lat="49.470115" lon="12.135332"><ele>512.75</ele></trkpt>
   <trkpt lat="49.47408" lon="12.135024"><ele>498.5</ele></trkpt>
   <trkpt lat="49.474537" lon="12.135007"><ele>497.25</ele></trkpt>
   <trkpt lat="49.475568" lon="12.134974"><ele>492.75</ele></trkpt>
   <trkpt lat="49.476583" lon="12.134974"><ele>488.25</ele></trkpt>
   <trkpt lat="49.477623" lon="12.135034"><ele>483.25</ele></trkpt>
   <trkpt lat="49.478698" lon="12.13516"><ele>479</ele></trkpt>
   <trkpt lat="49.479619" lon="12.135326"><ele>474.5</ele></trkpt>
   <trkpt lat="49.479994" lon="12.135406"><ele>473.25</ele></trkpt>
   <trkpt lat="49.480554" lon="12.135519"><ele>471.5</ele></trkpt>
   <trkpt lat="49.481278" lon="12.135721"><ele>469.25</ele></trkpt>
   <trkpt lat="49.48211" lon="12.136019"><ele>466.75</ele></trkpt>
   <trkpt lat="49.482981" lon="12.136384"><ele>464</ele></trkpt>
   <trkpt lat="49.483982" lon="12.136852"><ele>461</ele></trkpt>
   <trkpt lat="49.484507" lon="12.137144"><ele>459.25</ele></trkpt>
   <trkpt lat="49.484931" lon="12.13742"><ele>458</ele></trkpt>
   <trkpt lat="49.486706" lon="12.138601"><ele>458</ele></trkpt>
   <trkpt lat="49.488409" lon="12.140009"><ele>457</ele></trkpt>
   <trkpt lat="49.489258" lon="12.140799"><ele>455</ele></trkpt>
   <trkpt lat="49.490188" lon="12.141756"><ele>451</ele></trkpt>
   <trkpt lat="49.490661" lon="12.14227"><ele>449.75</ele></trkpt>
   <trkpt lat="49.491234" lon="12.142952"><ele>449</ele></trkpt>
   <trkpt lat="49.492453" lon="12.144499"><ele>442.75</ele></trkpt>
   <trkpt lat="49.493184" lon="12.145343"><ele>443.25</ele></trkpt>
   <trkpt lat="49.493504" lon="12.145669"><ele>443.5</ele></trkpt>
   <trkpt lat="49.494191" lon="12.146331"><ele>444.25</ele></trkpt>
   <trkpt lat="49.494696" lon="12.146768"><ele>444.75</ele></trkpt>
   <trkpt lat="49.495047" lon="12.147042"><ele>445</ele></trkpt>
   <trkpt lat="49.49564" lon="12.147478"><ele>445.5</ele></trkpt>
   <trkpt lat="49.495836" lon="12.147602"><ele>445.75</ele></trkpt>
   <trkpt lat="49.496289" lon="12.147874"><ele>445.75</ele></trkpt>
   <trkpt lat="49.496788" lon="12.148118"><ele>448.75</ele></trkpt>
   <trkpt lat="49.497379" lon="12.148391"><ele>450.75</ele></trkpt>
   <trkpt lat="49.497857" lon="12.148574"><ele>451.75</ele></trkpt>
   <trkpt lat="49.498855" lon="12.148993"><ele>454.25</ele></trkpt>
   <trkpt lat="49.499336" lon="12.149226"><ele>454.25</ele></trkpt>
   <trkpt lat="49.499712" lon="12.149441"><ele>454.75</ele></trkpt>
   <trkpt lat="49.500054" lon="12.149665"><ele>455</ele></trkpt>
   <trkpt lat="49.500364" lon="12.149885"><ele>455.75</ele></trkpt>
   <trkpt lat="49.500684" lon="12.150131"><ele>456</ele></trkpt>
   <trkpt lat="49.501196" lon="12.150593"><ele>455.5</ele></trkpt>
   <trkpt lat="49.501518" lon="12.150924"><ele>456</ele></trkpt>
   <trkpt lat="49.501831" lon="12.15127"><ele>455.75</ele></trkpt>
   <trkpt lat="49.502259" lon="12.151797"><ele>455.5</ele></trkpt>
   <trkpt lat="49.502698" lon="12.152408"><ele>455.25</ele></trkpt>
   <trkpt lat="49.502902" lon="12.152737"><ele>454</ele></trkpt>
   <trkpt lat="49.503218" lon="12.153273"><ele>453.75</ele></trkpt>
   <trkpt lat="49.5035" lon="12.1538"><ele>451.5</ele></trkpt>
   <trkpt lat="49.503775" lon="12.15436"><ele>450.5</ele></trkpt>
   <trkpt lat="49.504456" lon="12.155894"><ele>447</ele></trkpt>
   <trkpt lat="49.504813" lon="12.156672"><ele>444.5</ele></trkpt>
   <trkpt lat="49.504921" lon="12.1569"><ele>443.75</ele></trkpt>
   <trkpt lat="49.505251" lon="12.157539"><ele>441.75</ele></trkpt>
   <trkpt lat="49.50568" lon="12.158268"><ele>439</ele></trkpt>
   <trkpt lat="49.505843" lon="12.158514"><ele>437.75</ele></trkpt>
   <trkpt lat="49.506122" lon="12.158914"><ele>436</ele></trkpt>
   <trkpt lat="49.506386" lon="12.159265"><ele>434.75</ele></trkpt>
   <trkpt lat="49.506787" lon="12.159745"><ele>432.25</ele></trkpt>
   <trkpt lat="49.507165" lon="12.160154"><ele>430.5</ele></trkpt>
   <trkpt lat="49.50745" lon="12.160438"><ele>428.5</ele></trkpt>
   <trkpt lat="49.507996" lon="12.160912"><ele>424.75</ele></trkpt>
   <trkpt lat="49.508254" lon="12.161113"><ele>423.5</ele></trkpt>
   <trkpt lat="49.508416" lon="12.161222"><ele>421.75</ele></trkpt>
   <trkpt lat="49.508843" lon="12.161511"><ele>419</ele></trkpt>
   <trkpt lat="49.509272" lon="12.161772"><ele>416.5</ele></trkpt>
   <trkpt lat="49.510127" lon="12.162237"><ele>411.75</ele></trkpt>
   <trkpt lat="49.510393" lon="12.162329"><ele>410.25</ele></trkpt>
   <trkpt lat="49.510796" lon="12.16245"><ele>408.25</ele></trkpt>
   <trkpt lat="49.51124" lon="12.162524"><ele>406</ele></trkpt>
   <trkpt lat="49.511738" lon="12.162579"><ele>403.25</ele></trkpt>
   <trkpt lat="49.512161" lon="12.162584"><ele>401.25</ele></trkpt>
   <trkpt lat="49.512363" lon="12.162562"><ele>400.25</ele></trkpt>
   <trkpt lat="49.512607" lon="12.162533"><ele>400.25</ele></trkpt>
   <trkpt lat="49.513168" lon="12.16241"><ele>398.25</ele></trkpt>
   <trkpt lat="49.513882" lon="12.16232"><ele>395</ele></trkpt>
   <trkpt lat="49.51418" lon="12.162291"><ele>393.75</ele></trkpt>
   <trkpt lat="49.514486" lon="12.16228"><ele>392.75</ele></trkpt>
   <trkpt lat="49.515451" lon="12.16233"><ele>389.75</ele></trkpt>
   <trkpt lat="49.516029" lon="12.162463"><ele>388.25</ele></trkpt>
   <trkpt lat="49.516632" lon="12.162651"><ele>386.25</ele></trkpt>
   <trkpt lat="49.517277" lon="12.162937"><ele>384.25</ele></trkpt>
   <trkpt lat="49.517576" lon="12.163104"><ele>383.75</ele></trkpt>
   <trkpt lat="49.517828" lon="12.163267"><ele>383</ele></trkpt>
   <trkpt lat="49.518328" lon="12.163624"><ele>383</ele></trkpt>
   <trkpt lat="49.518677" lon="12.163902"><ele>382.25</ele></trkpt>
   <trkpt lat="49.519004" lon="12.164222"><ele>382</ele></trkpt>
   <trkpt lat="49.519274" lon="12.1645"><ele>382.25</ele></trkpt>
   <trkpt lat="49.519527" lon="12.164783"><ele>382.25</ele></trkpt>
   <trkpt lat="49.520012" lon="12.165394"><ele>383</ele></trkpt>
   <trkpt lat="49.520243" lon="12.165729"><ele>383.25</ele></trkpt>
   <trkpt lat="49.520585" lon="12.166262"><ele>384</ele></trkpt>
   <trkpt lat="49.520851" lon="12.166722"><ele>385</ele></trkpt>
   <trkpt lat="49.520963" lon="12.166926"><ele>385.75</ele></trkpt>
   <trkpt lat="49.521105" lon="12.16722"><ele>386.25</ele></trkpt>
   <trkpt lat="49.521421" lon="12.16787"><ele>388</ele></trkpt>
   <trkpt lat="49.521583" lon="12.168249"><ele>389</ele></trkpt>
   <trkpt lat="49.52187" lon="12.168955"><ele>390.5</ele></trkpt>
   <trkpt lat="49.522267" lon="12.169972"><ele>393</ele></trkpt>
   <trkpt lat="49.522468" lon="12.17052"><ele>394.25</ele></trkpt>
   <trkpt lat="49.522663" lon="12.171094"><ele>395.5</ele></trkpt>
   <trkpt lat="49.522884" lon="12.171793"><ele>397</ele></trkpt>
   <trkpt lat="49.523054" lon="12.172368"><ele>398.5</ele></trkpt>
   <trkpt lat="49.523149" lon="12.172683"><ele>398.5</ele></trkpt>
   <trkpt lat="49.523238" lon="12.173007"><ele>400.25</ele></trkpt>
   <trkpt lat="49.523379" lon="12.173555"><ele>401</ele></trkpt>
   <trkpt lat="49.523658" lon="12.174586"><ele>403.25</ele></trkpt>
   <trkpt lat="49.523772" lon="12.174987"><ele>403.5</ele></trkpt>
   <trkpt lat="49.524058" lon="12.175998"><ele>408.75</ele></trkpt>
   <trkpt lat="49.52421" lon="12.176476"><ele>411.25</ele></trkpt>
   <trkpt lat="49.52437" lon="12.176932"><ele>413.75</ele></trkpt>
   <trkpt lat="49.524766" lon="12.17797"><ele>413.75</ele></trkpt>
   <trkpt lat="49.524973" lon="12.17849"><ele>415.5</ele></trkpt>
   <trkpt lat="49.525597" lon="12.17995"><ele>421</ele></trkpt>
   <trkpt lat="49.52603" lon="12.180857"><ele>423.75</ele></trkpt>
   <trkpt lat="49.526251" lon="12.181301"><ele>425.25</ele></trkpt>
   <trkpt lat="49.526473" lon="12.181735"><ele>426.25</ele></trkpt>
   <trkpt lat="49.526717" lon="12.182182"><ele>426.75</ele></trkpt>
   <trkpt lat="49.527368" lon="12.183311"><ele>430.25</ele></trkpt>
   <trkpt lat="49.528262" lon="12.184702"><ele>431.25</ele></trkpt>
   <trkpt lat="49.528647" lon="12.185223"><ele>430.75</ele></trkpt>
   <trkpt lat="49.52946" lon="12.186251"><ele>430.5</ele></trkpt>
   <trkpt lat="49.530302" lon="12.187293"><ele>428</ele></trkpt>
   <trkpt lat="49.530742" lon="12.187782"><ele>426.75</ele></trkpt>
   <trkpt lat="49.531182" lon="12.18825"><ele>426</ele></trkpt>
   <trkpt lat="49.531768" lon="12.188807"><ele>423.75</ele></trkpt>
   <trkpt lat="49.532591" lon="12.189542"><ele>421</ele></trkpt>
   <trkpt lat="49.533039" lon="12.189919"><ele>419.5</ele></trkpt>
   <trkpt lat="49.533432" lon="12.190206"><ele>418.25</ele></trkpt>
   <trkpt lat="49.534513" lon="12.190868"><ele>418.25</ele></trkpt>
   <trkpt lat="49.534869" lon="12.19107"><ele>418</ele></trkpt>
   <trkpt lat="49.535288" lon="12.1913"><ele>418</ele></trkpt>
   <trkpt lat="49.535711" lon="12.191514"><ele>417.75</ele></trkpt>
   <trkpt lat="49.536349" lon="12.191808"><ele>418.25</ele></trkpt>
   <trkpt lat="49.537134" lon="12.192121"><ele>419.5</ele></trkpt>
   <trkpt lat="49.537876" lon="12.192383"><ele>420.5</ele></trkpt>
   <trkpt lat="49.53868" lon="12.192606"><ele>422.5</ele></trkpt>
   <trkpt lat="49.539386" lon="12.192761"><ele>423.75</ele></trkpt>
   <trkpt lat="49.539528" lon="12.192788"><ele>424.25</ele></trkpt>
   <trkpt lat="49.539654" lon="12.192812"><ele>425</ele></trkpt>
   <trkpt lat="49.539811" lon="12.192841"><ele>425.75</ele></trkpt>
   <trkpt lat="49.541229" lon="12.193028"><ele>428.25</ele></trkpt>
   <trkpt lat="49.543386" lon="12.193209"><ele>434.5</ele></trkpt>
   <trkpt lat="49.546566" lon="12.193595"><ele>441</ele></trkpt>
   <trkpt lat="49.547398" lon="12.193754"><ele>442.5</ele></trkpt>
   <trkpt lat="49.547839" lon="12.193868"><ele>443.25</ele></trkpt>
   <trkpt lat="49.54972" lon="12.194523"><ele>449.25</ele></trkpt>
   <trkpt lat="49.550356" lon="12.194784"><ele>450.75</ele></trkpt>
   <trkpt lat="49.551059" lon="12.195092"><ele>452.5</ele></trkpt>
   <trkpt lat="49.551829" lon="12.195469"><ele>454.25</ele></trkpt>
   <trkpt lat="49.553555" lon="12.196478"><ele>459.5</ele></trkpt>
   <trkpt lat="49.554436" lon="12.197088"><ele>461.5</ele></trkpt>
   <trkpt lat="49.555201" lon="12.19765"><ele>463.5</ele></trkpt>
   <trkpt lat="49.555586" lon="12.197956"><ele>464.5</ele></trkpt>
   <trkpt lat="49.555878" lon="12.198206"><ele>464.25</ele></trkpt>
   <trkpt lat="49.556292" lon="12.198552"><ele>468</ele></trkpt>
   <trkpt lat="49.557555" lon="12.199752"><ele>473.75</ele></trkpt>
   <trkpt lat="49.558352" lon="12.200607"><ele>477.75</ele></trkpt>
   <trkpt lat="49.559211" lon="12.201492"><ele>480.5</ele></trkpt>
   <trkpt lat="49.560919" lon="12.20361"><ele>491.25</ele></trkpt>
   <trkpt lat="49.561719" lon="12.204746"><ele>496.5</ele></trkpt>
   <trkpt lat="49.561883" lon="12.204991"><ele>497.75</ele></trkpt>
   <trkpt lat="49.563474" lon="12.207597"><ele>508</ele></trkpt>
   <trkpt lat="49.563913" lon="12.20838"><ele>510.25</ele></trkpt>
   <trkpt lat="49.564557" lon="12.209631"><ele>515.25</ele></trkpt>
   <trkpt lat="49.565522" lon="12.211701"><ele>521.5</ele></trkpt>
   <trkpt lat="49.565937" lon="12.212712"><ele>524.25</ele></trkpt>
   <trkpt lat="49.566375" lon="12.213826"><ele>527</ele></trkpt>
   <trkpt lat="49.567438" lon="12.216951"><ele>536.25</ele></trkpt>
   <trkpt lat="49.567694" lon="12.217815"><ele>538.75</ele></trkpt>
   <trkpt lat="49.567784" lon="12.218123"><ele>537.25</ele></trkpt>
   <trkpt lat="49.568423" lon="12.22064"><ele>544</ele></trkpt>
   <trkpt lat="49.568665" lon="12.221906"><ele>547</ele></trkpt>
   <trkpt lat="49.568807" lon="12.222811"><ele>549.75</ele></trkpt>
   <trkpt lat="49.568898" lon="12.223508"><ele>549</ele></trkpt>
   <trkpt lat="49.569034" lon="12.225309"><ele>554.75</ele></trkpt>
   <trkpt lat="49.569055" lon="12.225965"><ele>556</ele></trkpt>
   <trkpt lat="49.569046" lon="12.227054"><ele>557.5</ele></trkpt>
   <trkpt lat="49.569019" lon="12.227819"><ele>558.5</ele></trkpt>
   <trkpt lat="49.56896" lon="12.228753"><ele>559.25</ele></trkpt>
   <trkpt lat="49.568854" lon="12.229621"><ele>560.5</ele></trkpt>
   <trkpt lat="49.56874" lon="12.230445"><ele>561.25</ele></trkpt>
   <trkpt lat="49.568238" lon="12.232769"><ele>564.75</ele></trkpt>
   <trkpt lat="49.567917" lon="12.233896"><ele>565</ele></trkpt>
   <trkpt lat="49.567229" lon="12.236126"><ele>570.75</ele></trkpt>
   <trkpt lat="49.566483" lon="12.238556"><ele>573</ele></trkpt>
   <trkpt lat="49.565511" lon="12.241746"><ele>575.5</ele></trkpt>
   <trkpt lat="49.565408" lon="12.242172"><ele>575.5</ele></trkpt>
   <trkpt lat="49.565145" lon="12.243475"><ele>576</ele></trkpt>
   <trkpt lat="49.565028" lon="12.244347"><ele>576</ele></trkpt>
   <trkpt lat="49.56497" lon="12.244927"><ele>575.5</ele></trkpt>
   <trkpt lat="49.564875" lon="12.246644"><ele>576.25</ele></trkpt>
   <trkpt lat="49.564934" lon="12.248398"><ele>575.5</ele></trkpt>
   <trkpt lat="49.564981" lon="12.248968"><ele>573.25</ele></trkpt>
   <trkpt lat="49.565052" lon="12.249593"><ele>573</ele></trkpt>
   <trkpt lat="49.565212" lon="12.250631"><ele>571</ele></trkpt>
   <trkpt lat="49.565386" lon="12.251518"><ele>568.75</ele></trkpt>
   <trkpt lat="49.565789" lon="12.25301"><ele>568</ele></trkpt>
   <trkpt lat="49.565972" lon="12.253549"><ele>565.75</ele></trkpt>
   <trkpt lat="49.566444" lon="12.254745"><ele>566.5</ele></trkpt>
   <trkpt lat="49.566876" lon="12.255612"><ele>565.5</ele></trkpt>
   <trkpt lat="49.567339" lon="12.256471"><ele>565.5</ele></trkpt>
   <trkpt lat="49.567534" lon="12.256739"><ele>566</ele></trkpt>
   <trkpt lat="49.567763" lon="12.257081"><ele>567</ele></trkpt>
   <trkpt lat="49.567986" lon="12.257393"><ele>566.75</ele></trkpt>
   <trkpt lat="49.568385" lon="12.257892"><ele>567.75</ele></trkpt>
   <trkpt lat="49.568551" lon="12.258083"><ele>568.5</ele></trkpt>
   <trkpt lat="49.56902" lon="12.258549"><ele>570</ele></trkpt>
   <trkpt lat="49.5695" lon="12.259082"><ele>571</ele></trkpt>
   <trkpt lat="49.56994" lon="12.259602"><ele>572.25</ele></trkpt>
   <trkpt lat="49.570309" lon="12.260051"><ele>572.25</ele></trkpt>
   <trkpt lat="49.570728" lon="12.260667"><ele>573</ele></trkpt>
   <trkpt lat="49.570897" lon="12.260948"><ele>572.75</ele></trkpt>
   <trkpt lat="49.571316" lon="12.261665"><ele>573</ele></trkpt>
   <trkpt lat="49.571623" lon="12.262279"><ele>572.25</ele></trkpt>
   <trkpt lat="49.571959" lon="12.263026"><ele>571</ele></trkpt>
   <trkpt lat="49.572398" lon="12.263975"><ele>569.75</ele></trkpt>
   <trkpt lat="49.572787" lon="12.264868"><ele>569</ele></trkpt>
   <trkpt lat="49.574392" lon="12.26841"><ele>565.25</ele></trkpt>
   <trkpt lat="49.575341" lon="12.270475"><ele>560.75</ele></trkpt>
   <trkpt lat="49.576142" lon="12.272206"><ele>557.75</ele></trkpt>
   <trkpt lat="49.576388" lon="12.27272"><ele>555.5</ele></trkpt>
   <trkpt lat="49.576703" lon="12.273366"><ele>551.5</ele></trkpt>
   <trkpt lat="49.577327" lon="12.27448"><ele>554.25</ele></trkpt>
   <trkpt lat="49.577618" lon="12.274911"><ele>553</ele></trkpt>
   <trkpt lat="49.577993" lon="12.275394"><ele>552.5</ele></trkpt>
   <trkpt lat="49.57848" lon="12.275924"><ele>551.25</ele></trkpt>
   <trkpt lat="49.579043" lon="12.276422"><ele>551</ele></trkpt>
   <trkpt lat="49.579571" lon="12.276817"><ele>549.25</ele></trkpt>
   <trkpt lat="49.58034" lon="12.277229"><ele>548.5</ele></trkpt>
   <trkpt lat="49.581012" lon="12.277468"><ele>547</ele></trkpt>
   <trkpt lat="49.582141" lon="12.277904"><ele>544.5</ele></trkpt>
   <trkpt lat="49.582841" lon="12.278237"><ele>545.5</ele></trkpt>
   <trkpt lat="49.583426" lon="12.278583"><ele>546.25</ele></trkpt>
   <trkpt lat="49.584036" lon="12.279029"><ele>547.75</ele></trkpt>
   <trkpt lat="49.584432" lon="12.279366"><ele>548.25</ele></trkpt>
   <trkpt lat="49.584837" lon="12.279769"><ele>549</ele></trkpt>
   <trkpt lat="49.585242" lon="12.280225"><ele>550.25</ele></trkpt>
   <trkpt lat="49.585761" lon="12.280858"><ele>552.75</ele></trkpt>
   <trkpt lat="49.586142" lon="12.281379"><ele>555</ele></trkpt>
   <trkpt lat="49.586553" lon="12.282034"><ele>555.75</ele></trkpt>
   <trkpt lat="49.58693" lon="12.282707"><ele>558.5</ele></trkpt>
   <trkpt lat="49.587169" lon="12.283189"><ele>559.5</ele></trkpt>
   <trkpt lat="49.587396" lon="12.283687"><ele>560.75</ele></trkpt>
   <trkpt lat="49.587803" lon="12.284689"><ele>564.75</ele></trkpt>
   <trkpt lat="49.588155" lon="12.28571"><ele>567.5</ele></trkpt>
   <trkpt lat="49.588426" lon="12.286585"><ele>569.5</ele></trkpt>
   <trkpt lat="49.588799" lon="12.287939"><ele>573.75</ele></trkpt>
   <trkpt lat="49.589616" lon="12.2913"><ele>580.5</ele></trkpt>
   <trkpt lat="49.590549" lon="12.294988"><ele>590.75</ele></trkpt>
   <trkpt lat="49.591386" lon="12.298046"><ele>596.75</ele></trkpt>
   <trkpt lat="49.593609" lon="12.30573"><ele>600.25</ele></trkpt>
   <trkpt lat="49.593734" lon="12.306227"><ele>597.75</ele></trkpt>
   <trkpt lat="49.593885" lon="12.306862"><ele>598.5</ele></trkpt>
   <trkpt lat="49.594029" lon="12.307636"><ele>598</ele></trkpt>
   <trkpt lat="49.594126" lon="12.308226"><ele>598</ele></trkpt>
   <trkpt lat="49.59424" lon="12.309242"><ele>596</ele></trkpt>
   <trkpt lat="49.594423" lon="12.311372"><ele>592.5</ele></trkpt>
   <trkpt lat="49.59458" lon="12.312622"><ele>591.25</ele></trkpt>
   <trkpt lat="49.594786" lon="12.313691"><ele>587.75</ele></trkpt>
   <trkpt lat="49.594958" lon="12.314421"><ele>586.25</ele></trkpt>
   <trkpt lat="49.595167" lon="12.315171"><ele>585</ele></trkpt>
   <trkpt lat="49.595473" lon="12.316066"><ele>582.5</ele></trkpt>
   <trkpt lat="49.595777" lon="12.3168"><ele>579.75</ele></trkpt>
   <trkpt lat="49.596086" lon="12.317464"><ele>577</ele></trkpt>
   <trkpt lat="49.596491" lon="12.3182"><ele>575.75</ele></trkpt>
   <trkpt lat="49.597019" lon="12.319053"><ele>573.75</ele></trkpt>
   <trkpt lat="49.597587" lon="12.319844"><ele>574</ele></trkpt>
   <trkpt lat="49.598134" lon="12.320538"><ele>573</ele></trkpt>
   <trkpt lat="49.598321" lon="12.320737"><ele>572.75</ele></trkpt>
   <trkpt lat="49.599085" lon="12.321496"><ele>575.25</ele></trkpt>
   <trkpt lat="49.599753" lon="12.322079"><ele>575.75</ele></trkpt>
   <trkpt lat="49.600445" lon="12.322638"><ele>577</ele></trkpt>
   <trkpt lat="49.60107" lon="12.323068"><ele>576.25</ele></trkpt>
   <trkpt lat="49.603407" lon="12.324491"><ele>573</ele></trkpt>
   <trkpt lat="49.604603" lon="12.325202"><ele>570</ele></trkpt>
   <trkpt lat="49.605486" lon="12.325775"><ele>566.5</ele></trkpt>
   <trkpt lat="49.606181" lon="12.326264"><ele>564.25</ele></trkpt>
   <trkpt lat="49.606717" lon="12.326686"><ele>561</ele></trkpt>
   <trkpt lat="49.607535" lon="12.327402"><ele>558.75</ele></trkpt>
   <trkpt lat="49.608378" lon="12.328233"><ele>555.75</ele></trkpt>
   <trkpt lat="49.60894" lon="12.328878"><ele>554</ele></trkpt>
   <trkpt lat="49.609498" lon="12.329562"><ele>553.75</ele></trkpt>
   <trkpt lat="49.609993" lon="12.330244"><ele>553</ele></trkpt>
   <trkpt lat="49.610352" lon="12.330766"><ele>552.5</ele></trkpt>
   <trkpt lat="49.610847" lon="12.331568"><ele>553</ele></trkpt>
   <trkpt lat="49.611212" lon="12.332205"><ele>553.25</ele></trkpt>
   <trkpt lat="49.611834" lon="12.333379"><ele>555.25</ele></trkpt>
   <trkpt lat="49.612154" lon="12.334065"><ele>556.25</ele></trkpt>
   <trkpt lat="49.612224" lon="12.334234"><ele>556</ele></trkpt>
   <trkpt lat="49.612837" lon="12.335705"><ele>559.75</ele></trkpt>
   <trkpt lat="49.613209" lon="12.336803"><ele>562.75</ele></trkpt>
   <trkpt lat="49.613566" lon="12.337869"><ele>564.25</ele></trkpt>
   <trkpt lat="49.613755" lon="12.338529"><ele>565</ele></trkpt>
   <trkpt lat="49.614016" lon="12.339556"><ele>567.5</ele></trkpt>
   <trkpt lat="49.614255" lon="12.340663"><ele>570.25</ele></trkpt>
   <trkpt lat="49.614452" lon="12.341824"><ele>573.5</ele></trkpt>
   <trkpt lat="49.614617" lon="12.343008"><ele>576.25</ele></trkpt>
   <trkpt lat="49.614825" lon="12.345003"><ele>578.25</ele></trkpt>
   <trkpt lat="49.614982" lon="12.346738"><ele>580.25</ele></trkpt>
   <trkpt lat="49.61509" lon="12.347695"><ele>581.25</ele></trkpt>
   <trkpt lat="49.615259" lon="12.348707"><ele>581.25</ele></trkpt>
   <trkpt lat="49.615434" lon="12.349521"><ele>582.5</ele></trkpt>
   <trkpt lat="49.615623" lon="12.350239"><ele>581</ele></trkpt>
   <trkpt lat="49.615768" lon="12.350744"><ele>582</ele></trkpt>
   <trkpt lat="49.615985" lon="12.351411"><ele>581.25</ele></trkpt>
   <trkpt lat="49.616307" lon="12.352261"><ele>581.25</ele></trkpt>
   <trkpt lat="49.616477" lon="12.352675"><ele>580.5</ele></trkpt>
   <trkpt lat="49.61676" lon="12.353271"><ele>579.5</ele></trkpt>
   <trkpt lat="49.617143" lon="12.354062"><ele>578</ele></trkpt>
   <trkpt lat="49.617551" lon="12.354982"><ele>577.25</ele></trkpt>
   <trkpt lat="49.617685" lon="12.355301"><ele>578</ele></trkpt>
   <trkpt lat="49.617989" lon="12.356125"><ele>577.75</ele></trkpt>
   <trkpt lat="49.618181" lon="12.356758"><ele>577</ele></trkpt>
   <trkpt lat="49.618298" lon="12.357201"><ele>576.5</ele></trkpt>
   <trkpt lat="49.618434" lon="12.35776"><ele>576.25</ele></trkpt>
   <trkpt lat="49.618485" lon="12.358009"><ele>577</ele></trkpt>
   <trkpt lat="49.61856" lon="12.358396"><ele>576.5</ele></trkpt>
   <trkpt lat="49.618669" lon="12.359122"><ele>575.5</ele></trkpt>
   <trkpt lat="49.618764" lon="12.360107"><ele>576.25</ele></trkpt>
   <trkpt lat="49.618803" lon="12.360879"><ele>575.25</ele></trkpt>
   <trkpt lat="49.61883" lon="12.362074"><ele>574.5</ele></trkpt>
   <trkpt lat="49.618838" lon="12.363121"><ele>574.25</ele></trkpt>
   <trkpt lat="49.618816" lon="12.364593"><ele>573.5</ele></trkpt>
   <trkpt lat="49.618788" lon="12.365727"><ele>573.5</ele></trkpt>
   <trkpt lat="49.618738" lon="12.366866"><ele>572.5</ele></trkpt>
   <trkpt lat="49.618685" lon="12.367623"><ele>571.5</ele></trkpt>
   <trkpt lat="49.618559" lon="12.368662"><ele>570.5</ele></trkpt>
   <trkpt lat="49.618341" lon="12.369915"><ele>569.75</ele></trkpt>
   <trkpt lat="49.618058" lon="12.371104"><ele>569.75</ele></trkpt>
   <trkpt lat="49.617787" lon="12.371944"><ele>568.75</ele></trkpt>
   <trkpt lat="49.617528" lon="12.37259"><ele>567.75</ele></trkpt>
   <trkpt lat="49.61724" lon="12.373189"><ele>567.75</ele></trkpt>
   <trkpt lat="49.616818" lon="12.373951"><ele>566.5</ele></trkpt>
   <trkpt lat="49.616448" lon="12.374539"><ele>565.75</ele></trkpt>
   <trkpt lat="49.615799" lon="12.375456"><ele>565</ele></trkpt>
   <trkpt lat="49.61524" lon="12.376228"><ele>564.5</ele></trkpt>
   <trkpt lat="49.614295" lon="12.377452"><ele>564</ele></trkpt>
   <trkpt lat="49.613898" lon="12.378048"><ele>563</ele></trkpt>
   <trkpt lat="49.613356" lon="12.378982"><ele>562.75</ele></trkpt>
   <trkpt lat="49.612922" lon="12.379949"><ele>561.75</ele></trkpt>
   <trkpt lat="49.612533" lon="12.381043"><ele>559.5</ele></trkpt>
   <trkpt lat="49.61229" lon="12.381894"><ele>558.25</ele></trkpt>
   <trkpt lat="49.612022" lon="12.383084"><ele>554.75</ele></trkpt>
   <trkpt lat="49.611748" lon="12.38469"><ele>551.25</ele></trkpt>
   <trkpt lat="49.611546" lon="12.386433"><ele>546.25</ele></trkpt>
   <trkpt lat="49.611365" lon="12.388369"><ele>540.75</ele></trkpt>
   <trkpt lat="49.61129" lon="12.389635"><ele>534.25</ele></trkpt>
   <trkpt lat="49.611243" lon="12.39094"><ele>533.5</ele></trkpt>
   <trkpt lat="49.611223" lon="12.393222"><ele>531</ele></trkpt>
   <trkpt lat="49.611278" lon="12.394996"><ele>530.5</ele></trkpt>
   <trkpt lat="49.611415" lon="12.397187"><ele>530.25</ele></trkpt>
   <trkpt lat="49.611582" lon="12.398868"><ele>529.75</ele></trkpt>
   <trkpt lat="49.611724" lon="12.399973"><ele>528</ele></trkpt>
   <trkpt lat="49.612057" lon="12.40196"><ele>523.5</ele></trkpt>
   <trkpt lat="49.612568" lon="12.404463"><ele>519.5</ele></trkpt>
   <trkpt lat="49.612903" lon="12.405789"><ele>516.5</ele></trkpt>
   <trkpt lat="49.613417" lon="12.407427"><ele>513.75</ele></trkpt>
   <trkpt lat="49.613885" lon="12.408649"><ele>510.75</ele></trkpt>
   <trkpt lat="49.61442" lon="12.409811"><ele>507.25</ele></trkpt>
   <trkpt lat="49.615145" lon="12.411159"><ele>502.75</ele></trkpt>
   <trkpt lat="49.615837" lon="12.412231"><ele>499</ele></trkpt>
   <trkpt lat="49.616554" lon="12.413196"><ele>497.5</ele></trkpt>
   <trkpt lat="49.617024" lon="12.413801"><ele>495.25</ele></trkpt>
   <trkpt lat="49.618491" lon="12.415603"><ele>491.25</ele></trkpt>
   <trkpt lat="49.618813" lon="12.416055"><ele>490.75</ele></trkpt>
   <trkpt lat="49.619119" lon="12.416452"><ele>491</ele></trkpt>
   <trkpt lat="49.619412" lon="12.416856"><ele>491</ele></trkpt>
   <trkpt lat="49.61971" lon="12.417286"><ele>490.5</ele></trkpt>
   <trkpt lat="49.619944" lon="12.417658"><ele>489</ele></trkpt>
   <trkpt lat="49.620153" lon="12.417984"><ele>489.5</ele></trkpt>
   <trkpt lat="49.620538" lon="12.418592"><ele>491.75</ele></trkpt>
   <trkpt lat="49.620842" lon="12.419127"><ele>492</ele></trkpt>
   <trkpt lat="49.621417" lon="12.420192"><ele>494</ele></trkpt>
   <trkpt lat="49.622024" lon="12.421456"><ele>497</ele></trkpt>
   <trkpt lat="49.622534" lon="12.422667"><ele>499.75</ele></trkpt>
   <trkpt lat="49.623049" lon="12.424021"><ele>502</ele></trkpt>
   <trkpt lat="49.623477" lon="12.425293"><ele>504</ele></trkpt>
   <trkpt lat="49.623815" lon="12.426426"><ele>505</ele></trkpt>
   <trkpt lat="49.624439" lon="12.428793"><ele>505.5</ele></trkpt>
   <trkpt lat="49.624595" lon="12.429432"><ele>504.25</ele></trkpt>
   <trkpt lat="49.62631" lon="12.437171"><ele>503.75</ele></trkpt>
   <trkpt lat="49.627978" lon="12.443169"><ele>500</ele></trkpt>
   <trkpt lat="49.628292" lon="12.444273"><ele>500.5</ele></trkpt>
   <trkpt lat="49.628667" lon="12.445395"><ele>500</ele></trkpt>
   <trkpt lat="49.628935" lon="12.446151"><ele>500</ele></trkpt>
   <trkpt lat="49.629188" lon="12.44683"><ele>500.5</ele></trkpt>
   <trkpt lat="49.629408" lon="12.447378"><ele>500.5</ele></trkpt>
   <trkpt lat="49.62975" lon="12.448168"><ele>501.5</ele></trkpt>
   <trkpt lat="49.630027" lon="12.448776"><ele>502</ele></trkpt>
   <trkpt lat="49.630377" lon="12.44951"><ele>502.75</ele></trkpt>
   <trkpt lat="49.63048" lon="12.449716"><ele>502.5</ele></trkpt>
   <trkpt lat="49.631587" lon="12.451875"><ele>505.25</ele></trkpt>
   <trkpt lat="49.63207" lon="12.452919"><ele>506.25</ele></trkpt>
   <trkpt lat="49.632376" lon="12.453724"><ele>506.5</ele></trkpt>
   <trkpt lat="49.632604" lon="12.45444"><ele>507.25</ele></trkpt>
   <trkpt lat="49.632766" lon="12.455053"><ele>508</ele></trkpt>
   <trkpt lat="49.632838" lon="12.455346"><ele>508.25</ele></trkpt>
   <trkpt lat="49.632954" lon="12.4559"><ele>509.25</ele></trkpt>
   <trkpt lat="49.633057" lon="12.456539"><ele>509</ele></trkpt>
   <trkpt lat="49.633134" lon="12.457147"><ele>509.75</ele></trkpt>
   <trkpt lat="49.633185" lon="12.457757"><ele>510</ele></trkpt>
   <trkpt lat="49.633216" lon="12.458417"><ele>509</ele></trkpt>
   <trkpt lat="49.633227" lon="12.459013"><ele>508.75</ele></trkpt>
   <trkpt lat="49.633213" lon="12.459641"><ele>508.5</ele></trkpt>
   <trkpt lat="49.633173" lon="12.460294"><ele>508.75</ele></trkpt>
   <trkpt lat="49.633111" lon="12.460988"><ele>509.75</ele></trkpt>
   <trkpt lat="49.633024" lon="12.461744"><ele>509</ele></trkpt>
   <trkpt lat="49.632844" lon="12.463172"><ele>510.5</ele></trkpt>
   <trkpt lat="49.632774" lon="12.463771"><ele>508.75</ele></trkpt>
   <trkpt lat="49.632718" lon="12.464363"><ele>508.5</ele></trkpt>
   <trkpt lat="49.632668" lon="12.465186"><ele>506.75</ele></trkpt>
   <trkpt lat="49.632654" lon="12.465965"><ele>505.25</ele></trkpt>
   <trkpt lat="49.632672" lon="12.466649"><ele>505</ele></trkpt>
   <trkpt lat="49.632715" lon="12.467332"><ele>504.5</ele></trkpt>
   <trkpt lat="49.632767" lon="12.467848"><ele>505.75</ele></trkpt>
   <trkpt lat="49.632838" lon="12.468396"><ele>504.25</ele></trkpt>
   <trkpt lat="49.632917" lon="12.46886"><ele>503</ele></trkpt>
   <trkpt lat="49.632999" lon="12.469298"><ele>503.25</ele></trkpt>
   <trkpt lat="49.633105" lon="12.469777"><ele>503.75</ele></trkpt>
   <trkpt lat="49.633281" lon="12.470492"><ele>502.5</ele></trkpt>
   <trkpt lat="49.633823" lon="12.472468"><ele>502.75</ele></trkpt>
   <trkpt lat="49.633951" lon="12.47293"><ele>502.5</ele></trkpt>
   <trkpt lat="49.634203" lon="12.473902"><ele>503.5</ele></trkpt>
   <trkpt lat="49.634394" lon="12.474728"><ele>503.5</ele></trkpt>
   <trkpt lat="49.634544" lon="12.475472"><ele>504.75</ele></trkpt>
   <trkpt lat="49.6347" lon="12.476341"><ele>506</ele></trkpt>
   <trkpt lat="49.634839" lon="12.477295"><ele>508.25</ele></trkpt>
   <trkpt lat="49.634955" lon="12.478359"><ele>508.75</ele></trkpt>
   <trkpt lat="49.635034" lon="12.479316"><ele>509.25</ele></trkpt>
   <trkpt lat="49.635075" lon="12.480107"><ele>510.25</ele></trkpt>
   <trkpt lat="49.635092" lon="12.481022"><ele>511</ele></trkpt>
   <trkpt lat="49.635096" lon="12.481614"><ele>511.25</ele></trkpt>
   <trkpt lat="49.635082" lon="12.482213"><ele>511.25</ele></trkpt>
   <trkpt lat="49.635061" lon="12.482757"><ele>511</ele></trkpt>
   <trkpt lat="49.635002" lon="12.483789"><ele>512.75</ele></trkpt>
   <trkpt lat="49.63491" lon="12.484748"><ele>514.75</ele></trkpt>
   <trkpt lat="49.634837" lon="12.485393"><ele>515</ele></trkpt>
   <trkpt lat="49.63475" lon="12.485964"><ele>514.25</ele></trkpt>
   <trkpt lat="49.634508" lon="12.487321"><ele>514.25</ele></trkpt>
   <trkpt lat="49.634458" lon="12.487595"><ele>514.25</ele></trkpt>
   <trkpt lat="49.634253" lon="12.488494"><ele>514.25</ele></trkpt>
   <trkpt lat="49.634088" lon="12.489153"><ele>514.5</ele></trkpt>
   <trkpt lat="49.633857" lon="12.489967"><ele>514.5</ele></trkpt>
   <trkpt lat="49.633774" lon="12.490243"><ele>514.25</ele></trkpt>
   <trkpt lat="49.633636" lon="12.490709"><ele>514</ele></trkpt>
   <trkpt lat="49.633118" lon="12.492304"><ele>513</ele></trkpt>
   <trkpt lat="49.632729" lon="12.493468"><ele>511.75</ele></trkpt>
   <trkpt lat="49.632502" lon="12.494128"><ele>511.75</ele></trkpt>
   <trkpt lat="49.632244" lon="12.494963"><ele>511</ele></trkpt>
   <trkpt lat="49.631986" lon="12.495842"><ele>509.75</ele></trkpt>
   <trkpt lat="49.631733" lon="12.496846"><ele>508.5</ele></trkpt>
   <trkpt lat="49.631563" lon="12.497632"><ele>507</ele></trkpt>
   <trkpt lat="49.63143" lon="12.498461"><ele>508.25</ele></trkpt>
   <trkpt lat="49.631331" lon="12.499211"><ele>506.75</ele></trkpt>
   <trkpt lat="49.631262" lon="12.499945"><ele>506.5</ele></trkpt>
   <trkpt lat="49.631224" lon="12.500699"><ele>506.75</ele></trkpt>
   <trkpt lat="49.631209" lon="12.501404"><ele>507</ele></trkpt>
   <trkpt lat="49.631219" lon="12.502097"><ele>507</ele></trkpt>
   <trkpt lat="49.631246" lon="12.502759"><ele>507.5</ele></trkpt>
   <trkpt lat="49.631293" lon="12.503425"><ele>507.5</ele></trkpt>
   <trkpt lat="49.631356" lon="12.504029"><ele>508.25</ele></trkpt>
   <trkpt lat="49.63144" lon="12.504673"><ele>507.75</ele></trkpt>
   <trkpt lat="49.631535" lon="12.505238"><ele>509</ele></trkpt>
   <trkpt lat="49.631621" lon="12.505689"><ele>507.75</ele></trkpt>
   <trkpt lat="49.631763" lon="12.506336"><ele>508.75</ele></trkpt>
   <trkpt lat="49.631941" lon="12.507012"><ele>507.25</ele></trkpt>
   <trkpt lat="49.632062" lon="12.507436"><ele>508</ele></trkpt>
   <trkpt lat="49.632199" lon="12.507868"><ele>507.5</ele></trkpt>
   <trkpt lat="49.632363" lon="12.508346"><ele>508</ele></trkpt>
   <trkpt lat="49.632547" lon="12.508824"><ele>507.5</ele></trkpt>
   <trkpt lat="49.632727" lon="12.509255"><ele>507</ele></trkpt>
   <trkpt lat="49.632922" lon="12.509691"><ele>507.25</ele></trkpt>
   <trkpt lat="49.633092" lon="12.510043"><ele>506.25</ele></trkpt>
   <trkpt lat="49.63328" lon="12.510398"><ele>506.5</ele></trkpt>
   <trkpt lat="49.633537" lon="12.510857"><ele>506.25</ele></trkpt>
   <trkpt lat="49.633798" lon="12.511281"><ele>505.5</ele></trkpt>
   <trkpt lat="49.634063" lon="12.511682"><ele>505.25</ele></trkpt>
   <trkpt lat="49.634342" lon="12.512059"><ele>504.75</ele></trkpt>
   <trkpt lat="49.634599" lon="12.512383"><ele>504</ele></trkpt>
   <trkpt lat="49.634895" lon="12.512729"><ele>503.75</ele></trkpt>
   <trkpt lat="49.635317" lon="12.513197"><ele>503</ele></trkpt>
   <trkpt lat="49.635526" lon="12.513407"><ele>502.75</ele></trkpt>
   <trkpt lat="49.63612" lon="12.513968"><ele>503</ele></trkpt>
   <trkpt lat="49.636772" lon="12.514546"><ele>503</ele></trkpt>
   <trkpt lat="49.637698" lon="12.515315"><ele>503.5</ele></trkpt>
   <trkpt lat="49.638633" lon="12.516139"><ele>505</ele></trkpt>
   <trkpt lat="49.639183" lon="12.516663"><ele>505</ele></trkpt>
   <trkpt lat="49.639624" lon="12.517123"><ele>505.75</ele></trkpt>
   <trkpt lat="49.639788" lon="12.517313"><ele>506</ele></trkpt>
   <trkpt lat="49.640041" lon="12.517609"><ele>506</ele></trkpt>
   <trkpt lat="49.640417" lon="12.518096"><ele>506.5</ele></trkpt>
   <trkpt lat="49.640744" lon="12.518573"><ele>507.5</ele></trkpt>
   <trkpt lat="49.640972" lon="12.51893"><ele>507.25</ele></trkpt>
   <trkpt lat="49.641205" lon="12.519323"><ele>507.75</ele></trkpt>
   <trkpt lat="49.641431" lon="12.519739"><ele>508</ele></trkpt>
   <trkpt lat="49.641756" lon="12.52038"><ele>509</ele></trkpt>
   <trkpt lat="49.641939" lon="12.520798"><ele>509.5</ele></trkpt>
   <trkpt lat="49.642111" lon="12.521229"><ele>510.25</ele></trkpt>
   <trkpt lat="49.642283" lon="12.521681"><ele>510.75</ele></trkpt>
   <trkpt lat="49.642427" lon="12.522084"><ele>511.25</ele></trkpt>
   <trkpt lat="49.6427" lon="12.522853"><ele>512.5</ele></trkpt>
   <trkpt lat="49.642993" lon="12.52373"><ele>513.75</ele></trkpt>
   <trkpt lat="49.643666" lon="12.525791"><ele>513.75</ele></trkpt>
   <trkpt lat="49.644006" lon="12.526763"><ele>514</ele></trkpt>
   <trkpt lat="49.644285" lon="12.527512"><ele>514.75</ele></trkpt>
   <trkpt lat="49.644571" lon="12.528196"><ele>515.25</ele></trkpt>
   <trkpt lat="49.64478" lon="12.528652"><ele>515.75</ele></trkpt>
   <trkpt lat="49.644931" lon="12.528979"><ele>516</ele></trkpt>
   <trkpt lat="49.645278" lon="12.529667"><ele>516</ele></trkpt>
   <trkpt lat="49.645644" lon="12.530313"><ele>517</ele></trkpt>
   <trkpt lat="49.645965" lon="12.530836"><ele>517</ele></trkpt>
   <trkpt lat="49.646261" lon="12.531277"><ele>517.75</ele></trkpt>
   <trkpt lat="49.646567" lon="12.53169"><ele>518</ele></trkpt>
   <trkpt lat="49.646945" lon="12.53217"><ele>518</ele></trkpt>
   <trkpt lat="49.647446" lon="12.532754"><ele>519</ele></trkpt>
   <trkpt lat="49.647672" lon="12.532998"><ele>519</ele></trkpt>
   <trkpt lat="49.64827" lon="12.533564"><ele>520</ele></trkpt>
   <trkpt lat="49.64872" lon="12.533958"><ele>520</ele></trkpt>
   <trkpt lat="49.649489" lon="12.534578"><ele>521</ele></trkpt>
   <trkpt lat="49.650326" lon="12.535217"><ele>521.5</ele></trkpt>
   <trkpt lat="49.650774" lon="12.535547"><ele>521.25</ele></trkpt>
   <trkpt lat="49.651649" lon="12.536242"><ele>524.25</ele></trkpt>
   <trkpt lat="49.652066" lon="12.53661"><ele>525.25</ele></trkpt>
   <trkpt lat="49.652395" lon="12.536918"><ele>525.75</ele></trkpt>
   <trkpt lat="49.652902" lon="12.537456"><ele>527.25</ele></trkpt>
   <trkpt lat="49.653374" lon="12.538006"><ele>529</ele></trkpt>
   <trkpt lat="49.654241" lon="12.539084"><ele>532.25</ele></trkpt>
   <trkpt lat="49.654748" lon="12.539834"><ele>533.75</ele></trkpt>
   <trkpt lat="49.654987" lon="12.540209"><ele>533.75</ele></trkpt>
   <trkpt lat="49.655278" lon="12.540701"><ele>534.5</ele></trkpt>
   <trkpt lat="49.655501" lon="12.541108"><ele>535.75</ele></trkpt>
   <trkpt lat="49.655794" lon="12.541677"><ele>536.5</ele></trkpt>
   <trkpt lat="49.656074" lon="12.542282"><ele>537.5</ele></trkpt>
   <trkpt lat="49.65637" lon="12.542967"><ele>538.75</ele></trkpt>
   <trkpt lat="49.656632" lon="12.543632"><ele>539</ele></trkpt>
   <trkpt lat="49.656876" lon="12.544279"><ele>540</ele></trkpt>
   <trkpt lat="49.657093" lon="12.544916"><ele>541.5</ele></trkpt>
   <trkpt lat="49.657289" lon="12.545569"><ele>541.25</ele></trkpt>
   <trkpt lat="49.657531" lon="12.546479"><ele>541.5</ele></trkpt>
   <trkpt lat="49.657737" lon="12.547358"><ele>541.25</ele></trkpt>
   <trkpt lat="49.658099" lon="12.549048"><ele>541.75</ele></trkpt>
   <trkpt lat="49.658407" lon="12.550712"><ele>538</ele></trkpt>
   <trkpt lat="49.659418" lon="12.555853"><ele>531.5</ele></trkpt>
   <trkpt lat="49.659874" lon="12.558237"><ele>528</ele></trkpt>
   <trkpt lat="49.661037" lon="12.564217"><ele>521.5</ele></trkpt>
   <trkpt lat="49.661918" lon="12.56875"><ele>520.75</ele></trkpt>
   <trkpt lat="49.662278" lon="12.570605"><ele>520.75</ele></trkpt>
   <trkpt lat="49.662907" lon="12.57385"><ele>522.25</ele></trkpt>
   <trkpt lat="49.663116" lon="12.574974"><ele>522.25</ele></trkpt>
   <trkpt lat="49.663353" lon="12.576138"><ele>524</ele></trkpt>
   <trkpt lat="49.663529" lon="12.576944"><ele>524</ele></trkpt>
   <trkpt lat="49.663708" lon="12.577673"><ele>524.75</ele></trkpt>
   <trkpt lat="49.663898" lon="12.578359"><ele>524.75</ele></trkpt>
   <trkpt lat="49.664109" lon="12.579048"><ele>525</ele></trkpt>
   <trkpt lat="49.664321" lon="12.579666"><ele>525.25</ele></trkpt>
   <trkpt lat="49.664563" lon="12.580287"><ele>525</ele></trkpt>
   <trkpt lat="49.664831" lon="12.58091"><ele>525</ele></trkpt>
   <trkpt lat="49.665104" lon="12.581495"><ele>524.5</ele></trkpt>
   <trkpt lat="49.665426" lon="12.582114"><ele>523.5</ele></trkpt>
   <trkpt lat="49.665754" lon="12.582702"><ele>522.75</ele></trkpt>
   <trkpt lat="49.66609" lon="12.58324"><ele>522.5</ele></trkpt>
   <trkpt lat="49.666445" lon="12.583771"><ele>521.5</ele></trkpt>
   <trkpt lat="49.66682" lon="12.584272"><ele>521</ele></trkpt>
   <trkpt lat="49.667188" lon="12.584727"><ele>521.25</ele></trkpt>
   <trkpt lat="49.667572" lon="12.58518"><ele>521</ele></trkpt>
   <trkpt lat="49.668031" lon="12.585656"><ele>520.5</ele></trkpt>
   <trkpt lat="49.668421" lon="12.586032"><ele>520.75</ele></trkpt>
   <trkpt lat="49.668934" lon="12.586454"><ele>519.75</ele></trkpt>
   <trkpt lat="49.669646" lon="12.586977"><ele>518.75</ele></trkpt>
   <trkpt lat="49.670378" lon="12.587502"><ele>517</ele></trkpt>
   <trkpt lat="49.670949" lon="12.587948"><ele>517</ele></trkpt>
   <trkpt lat="49.671345" lon="12.588274"><ele>516.25</ele></trkpt>
   <trkpt lat="49.671917" lon="12.588771"><ele>516</ele></trkpt>
   <trkpt lat="49.672341" lon="12.589189"><ele>516</ele></trkpt>
   <trkpt lat="49.672673" lon="12.589539"><ele>516.25</ele></trkpt>
   <trkpt lat="49.672985" lon="12.589886"><ele>516.5</ele></trkpt>
   <trkpt lat="49.67364" lon="12.590696"><ele>517.25</ele></trkpt>
   <trkpt lat="49.674147" lon="12.591401"><ele>520.5</ele></trkpt>
   <trkpt lat="49.674496" lon="12.591908"><ele>523</ele></trkpt>
   <trkpt lat="49.674938" lon="12.592631"><ele>526.25</ele></trkpt>
   <trkpt lat="49.675255" lon="12.593239"><ele>526.25</ele></trkpt>
   <trkpt lat="49.675677" lon="12.594092"><ele>525.75</ele></trkpt>
   <trkpt lat="49.675904" lon="12.594561"><ele>528.75</ele></trkpt>
   <trkpt lat="49.675916" lon="12.594589"><ele>529</ele></trkpt>
   <trkpt lat="49.676128" lon="12.595067"><ele>533.25</ele></trkpt>
   <trkpt lat="49.676265" lon="12.595412"><ele>535.25</ele></trkpt>
   <trkpt lat="49.676586" lon="12.596239"><ele>536</ele></trkpt>
   <trkpt lat="49.676769" lon="12.596752"><ele>537.25</ele></trkpt>
   <trkpt lat="49.677009" lon="12.5975"><ele>538</ele></trkpt>
   <trkpt lat="49.677228" lon="12.598243"><ele>539</ele></trkpt>
   <trkpt lat="49.677403" lon="12.598892"><ele>540</ele></trkpt>
   <trkpt lat="49.677575" lon="12.599617"><ele>540</ele></trkpt>
   <trkpt lat="49.677743" lon="12.600403"><ele>539.75</ele></trkpt>
   <trkpt lat="49.67789" lon="12.601223"><ele>539.25</ele></trkpt>
   <trkpt lat="49.678012" lon="12.602059"><ele>538.75</ele></trkpt>
   <trkpt lat="49.678134" lon="12.602992"><ele>538</ele></trkpt>
   <trkpt lat="49.678218" lon="12.603938"><ele>537</ele></trkpt>
   <trkpt lat="49.678355" lon="12.605887"><ele>535.75</ele></trkpt>
   <trkpt lat="49.67839" lon="12.60652"><ele>535.25</ele></trkpt>
   <trkpt lat="49.678404" lon="12.606744"><ele>534.75</ele></trkpt>
   <trkpt lat="49.678499" lon="12.608398"><ele>536</ele></trkpt>
   <trkpt lat="49.678554" lon="12.609329"><ele>539.25</ele></trkpt>
   <trkpt lat="49.678637" lon="12.61065"><ele>543.5</ele></trkpt>
   <trkpt lat="49.679163" lon="12.619584"><ele>563</ele></trkpt>
   <trkpt lat="49.679407" lon="12.623755"><ele>562.75</ele></trkpt>
   <trkpt lat="49.679562" lon="12.626365"><ele>559.75</ele></trkpt>
   <trkpt lat="49.679853" lon="12.631203"><ele>560.5</ele></trkpt>
   <trkpt lat="49.679936" lon="12.632602"><ele>559.5</ele></trkpt>
   <trkpt lat="49.680105" lon="12.635469"><ele>560.5</ele></trkpt>
   <trkpt lat="49.680274" lon="12.638429"><ele>567.75</ele></trkpt>
   <trkpt lat="49.680352" lon="12.639664"><ele>569.25</ele></trkpt>
   <trkpt lat="49.680456" lon="12.640645"><ele>572.25</ele></trkpt>
   <trkpt lat="49.680564" lon="12.641482"><ele>575.75</ele></trkpt>
   <trkpt lat="49.680679" lon="12.642216"><ele>575</ele></trkpt>
   <trkpt lat="49.680872" lon="12.643215"><ele>580.75</ele></trkpt>
   <trkpt lat="49.681087" lon="12.644167"><ele>583.75</ele></trkpt>
   <trkpt lat="49.681312" lon="12.645044"><ele>588.75</ele></trkpt>
   <trkpt lat="49.681559" lon="12.645891"><ele>591.25</ele></trkpt>
   <trkpt lat="49.681814" lon="12.646662"><ele>593.75</ele></trkpt>
   <trkpt lat="49.68208" lon="12.64741"><ele>596</ele></trkpt>
   <trkpt lat="49.682607" lon="12.64869"><ele>598</ele></trkpt>
   <trkpt lat="49.683071" lon="12.649659"><ele>601.75</ele></trkpt>
   <trkpt lat="49.683377" lon="12.650254"><ele>603.75</ele></trkpt>
   <trkpt lat="49.683695" lon="12.650831"><ele>605.25</ele></trkpt>
   <trkpt lat="49.68408" lon="12.651472"><ele>608.75</ele></trkpt>
   <trkpt lat="49.684711" lon="12.652401"><ele>611.75</ele></trkpt>
   <trkpt lat="49.685137" lon="12.65298"><ele>614.25</ele></trkpt>
   <trkpt lat="49.685644" lon="12.653639"><ele>615.25</ele></trkpt>
   <trkpt lat="49.685677" lon="12.653683"><ele>615.5</ele></trkpt>
   <trkpt lat="49.686121" lon="12.654276"><ele>616.25</ele></trkpt>
   <trkpt lat="49.686644" lon="12.654917"><ele>616.25</ele></trkpt>
   <trkpt lat="49.687126" lon="12.655559"><ele>616.5</ele></trkpt>
   <trkpt lat="49.68752" lon="12.656066"><ele>616</ele></trkpt>
   <trkpt lat="49.68789" lon="12.65656"><ele>616.5</ele></trkpt>
   <trkpt lat="49.688218" lon="12.657025"><ele>615.5</ele></trkpt>
   <trkpt lat="49.688696" lon="12.657748"><ele>614</ele></trkpt>
   <trkpt lat="49.689129" lon="12.658452"><ele>611.75</ele></trkpt>
   <trkpt lat="49.689471" lon="12.659035"><ele>609.75</ele></trkpt>
   <trkpt lat="49.689925" lon="12.659867"><ele>607</ele></trkpt>
   <trkpt lat="49.690353" lon="12.660711"><ele>603.75</ele></trkpt>
   <trkpt lat="49.690792" lon="12.661639"><ele>601</ele></trkpt>
   <trkpt lat="49.691201" lon="12.662571"><ele>598</ele></trkpt>
   <trkpt lat="49.691553" lon="12.663441"><ele>596</ele></trkpt>
   <trkpt lat="49.691954" lon="12.664515"><ele>592.75</ele></trkpt>
   <trkpt lat="49.692263" lon="12.665406"><ele>590.5</ele></trkpt>
   <trkpt lat="49.692502" lon="12.666167"><ele>588.75</ele></trkpt>
   <trkpt lat="49.692741" lon="12.666969"><ele>587.75</ele></trkpt>
   <trkpt lat="49.693203" lon="12.668714"><ele>583.75</ele></trkpt>
   <trkpt lat="49.693637" lon="12.670541"><ele>581.75</ele></trkpt>
   <trkpt lat="49.693841" lon="12.671452"><ele>579.5</ele></trkpt>
   <trkpt lat="49.694422" lon="12.673979"><ele>580.25</ele></trkpt>
   <trkpt lat="49.694789" lon="12.675508"><ele>580</ele></trkpt>
   <trkpt lat="49.695174" lon="12.677016"><ele>580.5</ele></trkpt>
   <trkpt lat="49.69548" lon="12.67814"><ele>579.5</ele></trkpt>
   <trkpt lat="49.695757" lon="12.679106"><ele>578.5</ele></trkpt>
   <trkpt lat="49.696075" lon="12.680154"><ele>576.5</ele></trkpt>
   <trkpt lat="49.696558" lon="12.681672"><ele>576.5</ele></trkpt>
   <trkpt lat="49.696972" lon="12.68286"><ele>574.25</ele></trkpt>
   <trkpt lat="49.697452" lon="12.684174"><ele>573.75</ele></trkpt>
   <trkpt lat="49.697827" lon="12.685158"><ele>572</ele></trkpt>
   <trkpt lat="49.698274" lon="12.686267"><ele>570</ele></trkpt>
   <trkpt lat="49.698654" lon="12.68718"><ele>569</ele></trkpt>
   <trkpt lat="49.699002" lon="12.687976"><ele>568.25</ele></trkpt>
   <trkpt lat="49.699291" lon="12.688627"><ele>568</ele></trkpt>
   <trkpt lat="49.699781" lon="12.689681"><ele>566.25</ele></trkpt>
   <trkpt lat="49.700369" lon="12.690875"><ele>565.25</ele></trkpt>
   <trkpt lat="49.700975" lon="12.692037"><ele>564.5</ele></trkpt>
   <trkpt lat="49.701516" lon="12.693045"><ele>563.75</ele></trkpt>
   <trkpt lat="49.702289" lon="12.694382"><ele>563.75</ele></trkpt>
   <trkpt lat="49.702913" lon="12.69543"><ele>562.5</ele></trkpt>
   <trkpt lat="49.703034" lon="12.695618"><ele>561.5</ele></trkpt>
   <trkpt lat="49.703625" lon="12.696549"><ele>559</ele></trkpt>
   <trkpt lat="49.703942" lon="12.697026"><ele>558.5</ele></trkpt>
   <trkpt lat="49.704345" lon="12.697622"><ele>556.5</ele></trkpt>
   <trkpt lat="49.705459" lon="12.699176"><ele>548</ele></trkpt>
   <trkpt lat="49.705834" lon="12.699684"><ele>545.25</ele></trkpt>
   <trkpt lat="49.706546" lon="12.700582"><ele>544.25</ele></trkpt>
   <trkpt lat="49.707333" lon="12.701541"><ele>539.25</ele></trkpt>
   <trkpt lat="49.707699" lon="12.701972"><ele>537.25</ele></trkpt>
   <trkpt lat="49.708335" lon="12.702703"><ele>534.25</ele></trkpt>
   <trkpt lat="49.709186" lon="12.703678"><ele>528.75</ele></trkpt>
   <trkpt lat="49.709782" lon="12.704345"><ele>525.75</ele></trkpt>
   <trkpt lat="49.710496" lon="12.705152"><ele>523.5</ele></trkpt>
   <trkpt lat="49.711241" lon="12.706012"><ele>521.5</ele></trkpt>
   <trkpt lat="49.712152" lon="12.707097"><ele>519.75</ele></trkpt>
   <trkpt lat="49.712871" lon="12.707987"><ele>518.25</ele></trkpt>
   <trkpt lat="49.713593" lon="12.708916"><ele>516.5</ele></trkpt>
   <trkpt lat="49.71475" lon="12.710515"><ele>514</ele></trkpt>
   <trkpt lat="49.715211" lon="12.711179"><ele>513.5</ele></trkpt>
   <trkpt lat="49.715727" lon="12.711953"><ele>512.25</ele></trkpt>
   <trkpt lat="49.718046" lon="12.715519"><ele>507.75</ele></trkpt>
   <trkpt lat="49.718684" lon="12.716464"><ele>505.75</ele></trkpt>
   <trkpt lat="49.719301" lon="12.717362"><ele>504</ele></trkpt>
   <trkpt lat="49.719907" lon="12.718176"><ele>503.5</ele></trkpt>
   <trkpt lat="49.720052" lon="12.718356"><ele>503.5</ele></trkpt>
   <trkpt lat="49.720571" lon="12.718998"><ele>502.5</ele></trkpt>
   <trkpt lat="49.720687" lon="12.719139"><ele>502.25</ele></trkpt>
   <trkpt lat="49.720818" lon="12.719279"><ele>502.25</ele></trkpt>
   <trkpt lat="49.721206" lon="12.719722"><ele>501.75</ele></trkpt>
   <trkpt lat="49.721667" lon="12.720216"><ele>500.75</ele></trkpt>
   <trkpt lat="49.722286" lon="12.720833"><ele>499.75</ele></trkpt>
   <trkpt lat="49.722884" lon="12.721377"><ele>498.75</ele></trkpt>
   <trkpt lat="49.723455" lon="12.72187"><ele>498</ele></trkpt>
   <trkpt lat="49.724037" lon="12.722324"><ele>497.75</ele></trkpt>
   <trkpt lat="49.724522" lon="12.722677"><ele>497.25</ele></trkpt>
   <trkpt lat="49.724999" lon="12.723007"><ele>496</ele></trkpt>
   <trkpt lat="49.72559" lon="12.723379"><ele>495.5</ele></trkpt>
   <trkpt lat="49.726141" lon="12.7237"><ele>494.75</ele></trkpt>
   <trkpt lat="49.726962" lon="12.724144"><ele>493</ele></trkpt>
   <trkpt lat="49.728534" lon="12.72495"><ele>491.25</ele></trkpt>
   <trkpt lat="49.729278" lon="12.725355"><ele>490.5</ele></trkpt>
   <trkpt lat="49.729865" lon="12.725706"><ele>489.75</ele></trkpt>
   <trkpt lat="49.730296" lon="12.725979"><ele>488.75</ele></trkpt>
   <trkpt lat="49.730841" lon="12.726374"><ele>488</ele></trkpt>
   <trkpt lat="49.731314" lon="12.726731"><ele>487.75</ele></trkpt>
   <trkpt lat="49.731729" lon="12.727088"><ele>487.5</ele></trkpt>
   <trkpt lat="49.732118" lon="12.727424"><ele>487.25</ele></trkpt>
   <trkpt lat="49.732476" lon="12.727768"><ele>488.5</ele></trkpt>
   <trkpt lat="49.732944" lon="12.728237"><ele>488.25</ele></trkpt>
   <trkpt lat="49.73343" lon="12.728771"><ele>489.25</ele></trkpt>
   <trkpt lat="49.733925" lon="12.729361"><ele>490.75</ele></trkpt>
   <trkpt lat="49.734035" lon="12.729501"><ele>490.75</ele></trkpt>
   <trkpt lat="49.734247" lon="12.729774"><ele>491.5</ele></trkpt>
   <trkpt lat="49.734765" lon="12.730478"><ele>491.75</ele></trkpt>
   <trkpt lat="49.735081" lon="12.730941"><ele>490.25</ele></trkpt>
   <trkpt lat="49.735349" lon="12.731349"><ele>496.25</ele></trkpt>
   <trkpt lat="49.735618" lon="12.731784"><ele>496.75</ele></trkpt>
   <trkpt lat="49.735758" lon="12.732021"><ele>497.5</ele></trkpt>
   <trkpt lat="49.735875" lon="12.732217"><ele>498.75</ele></trkpt>
   <trkpt lat="49.736222" lon="12.732842"><ele>499</ele></trkpt>
   <trkpt lat="49.736624" lon="12.733616"><ele>500.5</ele></trkpt>
   <trkpt lat="49.736935" lon="12.734253"><ele>501.25</ele></trkpt>
   <trkpt lat="49.73729" lon="12.735047"><ele>501.5</ele></trkpt>
   <trkpt lat="49.737589" lon="12.735756"><ele>501.25</ele></trkpt>
   <trkpt lat="49.737871" lon="12.736506"><ele>501.25</ele></trkpt>
   <trkpt lat="49.738211" lon="12.737486"><ele>501.25</ele></trkpt>
   <trkpt lat="49.738481" lon="12.738339"><ele>500</ele></trkpt>
   <trkpt lat="49.738698" lon="12.739098"><ele>500.75</ele></trkpt>
   <trkpt lat="49.738972" lon="12.740155"><ele>500.25</ele></trkpt>
   <trkpt lat="49.739164" lon="12.741024"><ele>500.75</ele></trkpt>
   <trkpt lat="49.739321" lon="12.741782"><ele>499.25</ele></trkpt>
   <trkpt lat="49.739482" lon="12.742692"><ele>499</ele></trkpt>
   <trkpt lat="49.739638" lon="12.743686"><ele>498.25</ele></trkpt>
   <trkpt lat="49.739773" lon="12.744633"><ele>497.5</ele></trkpt>
   <trkpt lat="49.739841" lon="12.745115"><ele>495</ele></trkpt>
   <trkpt lat="49.740146" lon="12.747272"><ele>497.5</ele></trkpt>
   <trkpt lat="49.740324" lon="12.748402"><ele>497.5</ele></trkpt>
   <trkpt lat="49.740527" lon="12.749553"><ele>497.5</ele></trkpt>
   <trkpt lat="49.740677" lon="12.750306"><ele>496.25</ele></trkpt>
   <trkpt lat="49.740747" lon="12.750661"><ele>496.75</ele></trkpt>
   <trkpt lat="49.741007" lon="12.75181"><ele>496.5</ele></trkpt>
   <trkpt lat="49.741096" lon="12.752184"><ele>496.75</ele></trkpt>
   <trkpt lat="49.741225" lon="12.75272"><ele>496.75</ele></trkpt>
   <trkpt lat="49.741367" lon="12.753251"><ele>497</ele></trkpt>
   <trkpt lat="49.741801" lon="12.754767"><ele>497</ele></trkpt>
   <trkpt lat="49.742479" lon="12.75696"><ele>495.25</ele></trkpt>
   <trkpt lat="49.74318" lon="12.759192"><ele>495.25</ele></trkpt>
   <trkpt lat="49.743583" lon="12.760549"><ele>493.5</ele></trkpt>
   <trkpt lat="49.743956" lon="12.7619"><ele>493</ele></trkpt>
   <trkpt lat="49.744144" lon="12.762621"><ele>493</ele></trkpt>
   <trkpt lat="49.744436" lon="12.763772"><ele>492.75</ele></trkpt>
   <trkpt lat="49.744647" lon="12.764661"><ele>492.75</ele></trkpt>
   <trkpt lat="49.744838" lon="12.765544"><ele>492.25</ele></trkpt>
   <trkpt lat="49.745086" lon="12.766759"><ele>492.25</ele></trkpt>
   <trkpt lat="49.745318" lon="12.768032"><ele>492.75</ele></trkpt>
   <trkpt lat="49.74552" lon="12.769242"><ele>492.5</ele></trkpt>
   <trkpt lat="49.745714" lon="12.770514"><ele>491.75</ele></trkpt>
   <trkpt lat="49.745941" lon="12.772098"><ele>491</ele></trkpt>
   <trkpt lat="49.746121" lon="12.773405"><ele>491.5</ele></trkpt>
   <trkpt lat="49.746274" lon="12.774516"><ele>490</ele></trkpt>
   <trkpt lat="49.746388" lon="12.775338"><ele>490.75</ele></trkpt>
   <trkpt lat="49.746854" lon="12.778701"><ele>491.25</ele></trkpt>
   <trkpt lat="49.746942" lon="12.779335"><ele>491</ele></trkpt>
   <trkpt lat="49.747073" lon="12.780279"><ele>490.25</ele></trkpt>
   <trkpt lat="49.747269" lon="12.781665"><ele>491</ele></trkpt>
   <trkpt lat="49.747389" lon="12.782507"><ele>492.5</ele></trkpt>
   <trkpt lat="49.74741" lon="12.782656"><ele>492.75</ele></trkpt>
   <trkpt lat="49.747647" lon="12.784367"><ele>494.25</ele></trkpt>
   <trkpt lat="49.748182" lon="12.788268"><ele>499.25</ele></trkpt>
   <trkpt lat="49.74826" lon="12.788847"><ele>501.5</ele></trkpt>
   <trkpt lat="49.74844" lon="12.790232"><ele>502.75</ele></trkpt>
   <trkpt lat="49.748768" lon="12.792379"><ele>508.5</ele></trkpt>
   <trkpt lat="49.748912" lon="12.793216"><ele>512.25</ele></trkpt>
   <trkpt lat="49.749263" lon="12.795078"><ele>517.75</ele></trkpt>
   <trkpt lat="49.749575" lon="12.796653"><ele>524.75</ele></trkpt>
   <trkpt lat="49.750508" lon="12.800981"><ele>534</ele></trkpt>
   <trkpt lat="49.751194" lon="12.804291"><ele>534.75</ele></trkpt>
   <trkpt lat="49.751339" lon="12.805064"><ele>535</ele></trkpt>
   <trkpt lat="49.751471" lon="12.805842"><ele>533.5</ele></trkpt>
   <trkpt lat="49.75162" lon="12.806862"><ele>533</ele></trkpt>
   <trkpt lat="49.75175" lon="12.80796"><ele>531.5</ele></trkpt>
   <trkpt lat="49.751841" lon="12.808857"><ele>531.5</ele></trkpt>
   <trkpt lat="49.751913" lon="12.809712"><ele>530</ele></trkpt>
   <trkpt lat="49.751989" lon="12.810837"><ele>528</ele></trkpt>
   <trkpt lat="49.752037" lon="12.811811"><ele>526.5</ele></trkpt>
   <trkpt lat="49.75206" lon="12.812667"><ele>526.75</ele></trkpt>
   <trkpt lat="49.752074" lon="12.813606"><ele>528</ele></trkpt>
   <trkpt lat="49.752061" lon="12.814938"><ele>527.75</ele></trkpt>
   <trkpt lat="49.752043" lon="12.815659"><ele>526.25</ele></trkpt>
   <trkpt lat="49.751972" lon="12.817091"><ele>523.5</ele></trkpt>
   <trkpt lat="49.751902" lon="12.818037"><ele>523.5</ele></trkpt>
   <trkpt lat="49.751819" lon="12.81899"><ele>524</ele></trkpt>
   <trkpt lat="49.751719" lon="12.819949"><ele>520.75</ele></trkpt>
   <trkpt lat="49.75155" lon="12.821333"><ele>520</ele></trkpt>
   <trkpt lat="49.751389" lon="12.822501"><ele>517.75</ele></trkpt>
   <trkpt lat="49.751221" lon="12.823585"><ele>515</ele></trkpt>
   <trkpt lat="49.750999" lon="12.824937"><ele>514</ele></trkpt>
   <trkpt lat="49.750904" lon="12.825461"><ele>514.5</ele></trkpt>
   <trkpt lat="49.750879" lon="12.825599"><ele>515</ele></trkpt>
   <trkpt lat="49.750755" lon="12.826289"><ele>514.75</ele></trkpt>
   <trkpt lat="49.75053" lon="12.827408"><ele>516.25</ele></trkpt>
   <trkpt lat="49.750316" lon="12.828437"><ele>515.5</ele></trkpt>
   <trkpt lat="49.750206" lon="12.82891"><ele>515</ele></trkpt>
   <trkpt lat="49.750029" lon="12.829691"><ele>516.25</ele></trkpt>
   <trkpt lat="49.749803" lon="12.830642"><ele>516.25</ele></trkpt>
   <trkpt lat="49.749566" lon="12.831571"><ele>518</ele></trkpt>
   <trkpt lat="49.749093" lon="12.833297"><ele>520.5</ele></trkpt>
   <trkpt lat="49.748859" lon="12.834111"><ele>520.25</ele></trkpt>
   <trkpt lat="49.748481" lon="12.835367"><ele>521</ele></trkpt>
   <trkpt lat="49.748174" lon="12.836319"><ele>520</ele></trkpt>
   <trkpt lat="49.747653" lon="12.837836"><ele>519.25</ele></trkpt>
   <trkpt lat="49.747311" lon="12.838788"><ele>517.75</ele></trkpt>
   <trkpt lat="49.746543" lon="12.840771"><ele>514.5</ele></trkpt>
   <trkpt lat="49.74633" lon="12.841289"><ele>514</ele></trkpt>
   <trkpt lat="49.745749" lon="12.842666"><ele>511.25</ele></trkpt>
   <trkpt lat="49.745084" lon="12.844119"><ele>508.5</ele></trkpt>
   <trkpt lat="49.744831" lon="12.844657"><ele>507.75</ele></trkpt>
   <trkpt lat="49.744436" lon="12.845459"><ele>505.5</ele></trkpt>
   <trkpt lat="49.74392" lon="12.846473"><ele>503.25</ele></trkpt>
   <trkpt lat="49.743671" lon="12.846944"><ele>503</ele></trkpt>
   <trkpt lat="49.743381" lon="12.847494"><ele>502</ele></trkpt>
   <trkpt lat="49.74287" lon="12.848412"><ele>500.75</ele></trkpt>
   <trkpt lat="49.742721" lon="12.848679"><ele>501</ele></trkpt>
   <trkpt lat="49.742074" lon="12.849777"><ele>503.25</ele></trkpt>
   <trkpt lat="49.741405" lon="12.850874"><ele>505.5</ele></trkpt>
   <trkpt lat="49.741304" lon="12.851029"><ele>505.5</ele></trkpt>
   <trkpt lat="49.740713" lon="12.851938"><ele>508.5</ele></trkpt>
   <trkpt lat="49.740424" lon="12.852367"><ele>510</ele></trkpt>
   <trkpt lat="49.740094" lon="12.852857"><ele>512.5</ele></trkpt>
   <trkpt lat="49.738857" lon="12.85469"><ele>519.5</ele></trkpt>
   <trkpt lat="49.738204" lon="12.855675"><ele>522.75</ele></trkpt>
   <trkpt lat="49.737898" lon="12.856154"><ele>523.5</ele></trkpt>
   <trkpt lat="49.736958" lon="12.857642"><ele>524.75</ele></trkpt>
   <trkpt lat="49.736197" lon="12.858941"><ele>526.5</ele></trkpt>
   <trkpt lat="49.73545" lon="12.860316"><ele>526.75</ele></trkpt>
   <trkpt lat="49.734958" lon="12.861247"><ele>524.75</ele></trkpt>
   <trkpt lat="49.734486" lon="12.862165"><ele>524.25</ele></trkpt>
   <trkpt lat="49.733894" lon="12.863418"><ele>522</ele></trkpt>
   <trkpt lat="49.733291" lon="12.864754"><ele>520.75</ele></trkpt>
   <trkpt lat="49.732827" lon="12.865854"><ele>518.75</ele></trkpt>
   <trkpt lat="49.732374" lon="12.866957"><ele>517</ele></trkpt>
   <trkpt lat="49.731825" lon="12.868399"><ele>515</ele></trkpt>
   <trkpt lat="49.731293" lon="12.869906"><ele>513</ele></trkpt>
   <trkpt lat="49.73079" lon="12.871426"><ele>511.75</ele></trkpt>
   <trkpt lat="49.730302" lon="12.873022"><ele>510.5</ele></trkpt>
   <trkpt lat="49.729754" lon="12.874971"><ele>508.5</ele></trkpt>
   <trkpt lat="49.729198" lon="12.877044"><ele>505.5</ele></trkpt>
   <trkpt lat="49.729117" lon="12.87735"><ele>505</ele></trkpt>
   <trkpt lat="49.728528" lon="12.879527"><ele>503.75</ele></trkpt>
   <trkpt lat="49.728011" lon="12.881367"><ele>502.5</ele></trkpt>
   <trkpt lat="49.727571" lon="12.882816"><ele>500.5</ele></trkpt>
   <trkpt lat="49.727085" lon="12.884286"><ele>500.5</ele></trkpt>
   <trkpt lat="49.726868" lon="12.884891"><ele>500.5</ele></trkpt>
   <trkpt lat="49.726456" lon="12.886013"><ele>501</ele></trkpt>
   <trkpt lat="49.726242" lon="12.88656"><ele>501</ele></trkpt>
   <trkpt lat="49.726019" lon="12.887126"><ele>501.5</ele></trkpt>
   <trkpt lat="49.725639" lon="12.888034"><ele>502</ele></trkpt>
   <trkpt lat="49.725246" lon="12.888953"><ele>502.75</ele></trkpt>
   <trkpt lat="49.725155" lon="12.889163"><ele>502.5</ele></trkpt>
   <trkpt lat="49.724942" lon="12.889655"><ele>503.25</ele></trkpt>
   <trkpt lat="49.724534" lon="12.890504"><ele>504.75</ele></trkpt>
   <trkpt lat="49.724012" lon="12.891561"><ele>504.5</ele></trkpt>
   <trkpt lat="49.723728" lon="12.892137"><ele>504.25</ele></trkpt>
   <trkpt lat="49.723238" lon="12.89312"><ele>505</ele></trkpt>
   <trkpt lat="49.723014" lon="12.89357"><ele>505.75</ele></trkpt>
   <trkpt lat="49.722367" lon="12.894997"><ele>506.5</ele></trkpt>
   <trkpt lat="49.721896" lon="12.896074"><ele>507.75</ele></trkpt>
   <trkpt lat="49.721446" lon="12.897242"><ele>508</ele></trkpt>
   <trkpt lat="49.72101" lon="12.898558"><ele>506.75</ele></trkpt>
   <trkpt lat="49.720814" lon="12.899237"><ele>507.5</ele></trkpt>
   <trkpt lat="49.720618" lon="12.899955"><ele>506</ele></trkpt>
   <trkpt lat="49.720452" lon="12.900629"><ele>505.5</ele></trkpt>
   <trkpt lat="49.720286" lon="12.901349"><ele>506.5</ele></trkpt>
   <trkpt lat="49.720142" lon="12.902054"><ele>504.25</ele></trkpt>
   <trkpt lat="49.720014" lon="12.902791"><ele>505.75</ele></trkpt>
   <trkpt lat="49.719878" lon="12.903633"><ele>505.25</ele></trkpt>
   <trkpt lat="49.71976" lon="12.904501"><ele>505.5</ele></trkpt>
   <trkpt lat="49.719558" lon="12.90626"><ele>505</ele></trkpt>
   <trkpt lat="49.718883" lon="12.91276"><ele>495.75</ele></trkpt>
   <trkpt lat="49.718757" lon="12.913833"><ele>493</ele></trkpt>
   <trkpt lat="49.718611" lon="12.914953"><ele>491.5</ele></trkpt>
   <trkpt lat="49.718514" lon="12.915614"><ele>490.5</ele></trkpt>
   <trkpt lat="49.718392" lon="12.916321"><ele>489.75</ele></trkpt>
   <trkpt lat="49.718265" lon="12.917012"><ele>489.75</ele></trkpt>
   <trkpt lat="49.718116" lon="12.917741"><ele>489.5</ele></trkpt>
   <trkpt lat="49.717901" lon="12.918654"><ele>487.25</ele></trkpt>
   <trkpt lat="49.717543" lon="12.920029"><ele>487</ele></trkpt>
   <trkpt lat="49.717139" lon="12.92136"><ele>485</ele></trkpt>
   <trkpt lat="49.716726" lon="12.922567"><ele>482.75</ele></trkpt>
   <trkpt lat="49.716303" lon="12.923694"><ele>480.5</ele></trkpt>
   <trkpt lat="49.71273" lon="12.932602"><ele>470</ele></trkpt>
   <trkpt lat="49.712069" lon="12.934246"><ele>468.25</ele></trkpt>
   <trkpt lat="49.710696" lon="12.937639"><ele>461</ele></trkpt>
   <trkpt lat="49.709588" lon="12.9404"><ele>454.5</ele></trkpt>
   <trkpt lat="49.70881" lon="12.942466"><ele>450.5</ele></trkpt>
   <trkpt lat="49.708617" lon="12.94302"><ele>451</ele></trkpt>
   <trkpt lat="49.708235" lon="12.944188"><ele>448</ele></trkpt>
   <trkpt lat="49.707913" lon="12.945267"><ele>446.25</ele></trkpt>
   <trkpt lat="49.707628" lon="12.94632"><ele>444.5</ele></trkpt>
   <trkpt lat="49.707363" lon="12.947407"><ele>443</ele></trkpt>
   <trkpt lat="49.707134" lon="12.948422"><ele>442.25</ele></trkpt>
   <trkpt lat="49.706931" lon="12.949417"><ele>442.5</ele></trkpt>
   <trkpt lat="49.706772" lon="12.950319"><ele>438.5</ele></trkpt>
   <trkpt lat="49.706618" lon="12.951263"><ele>438.5</ele></trkpt>
   <trkpt lat="49.706412" lon="12.95267"><ele>437.5</ele></trkpt>
   <trkpt lat="49.706224" lon="12.954085"><ele>438.25</ele></trkpt>
   <trkpt lat="49.70411" lon="12.970575"><ele>416.25</ele></trkpt>
   <trkpt lat="49.704022" lon="12.971263"><ele>415.25</ele></trkpt>
   <trkpt lat="49.703784" lon="12.973127"><ele>415.75</ele></trkpt>
   <trkpt lat="49.703712" lon="12.973686"><ele>415</ele></trkpt>
   <trkpt lat="49.703085" lon="12.978652"><ele>422.25</ele></trkpt>
   <trkpt lat="49.703002" lon="12.979269"><ele>426.75</ele></trkpt>
   <trkpt lat="49.702907" lon="12.979968"><ele>427.25</ele></trkpt>
   <trkpt lat="49.702766" lon="12.981094"><ele>431</ele></trkpt>
   <trkpt lat="49.702535" lon="12.983137"><ele>435.5</ele></trkpt>
   <trkpt lat="49.702463" lon="12.983953"><ele>435.75</ele></trkpt>
   <trkpt lat="49.702395" lon="12.984913"><ele>438.5</ele></trkpt>
   <trkpt lat="49.702342" lon="12.986285"><ele>439.75</ele></trkpt>
   <trkpt lat="49.702331" lon="12.98658"><ele>440</ele></trkpt>
   <trkpt lat="49.702318" lon="12.987585"><ele>440</ele></trkpt>
   <trkpt lat="49.702325" lon="12.988303"><ele>441.5</ele></trkpt>
   <trkpt lat="49.702349" lon="12.989261"><ele>442.5</ele></trkpt>
   <trkpt lat="49.702404" lon="12.990381"><ele>444</ele></trkpt>
   <trkpt lat="49.702519" lon="12.991852"><ele>445.75</ele></trkpt>
   <trkpt lat="49.702633" lon="12.992926"><ele>447</ele></trkpt>
   <trkpt lat="49.702757" lon="12.993986"><ele>449</ele></trkpt>
   <trkpt lat="49.702856" lon="12.994624"><ele>447.5</ele></trkpt>
   <trkpt lat="49.702961" lon="12.995242"><ele>449.25</ele></trkpt>
   <trkpt lat="49.703044" lon="12.9957"><ele>449</ele></trkpt>
   <trkpt lat="49.70346" lon="12.997726"><ele>452</ele></trkpt>
   <trkpt lat="49.703531" lon="12.998076"><ele>453</ele></trkpt>
   <trkpt lat="49.703816" lon="12.999335"><ele>455</ele></trkpt>
   <trkpt lat="49.704148" lon="13.000788"><ele>456</ele></trkpt>
   <trkpt lat="49.704411" lon="13.001927"><ele>457.5</ele></trkpt>
   <trkpt lat="49.705448" lon="13.006508"><ele>469.25</ele></trkpt>
   <trkpt lat="49.705752" lon="13.007929"><ele>471</ele></trkpt>
   <trkpt lat="49.706031" lon="13.009396"><ele>472.75</ele></trkpt>
   <trkpt lat="49.706264" lon="13.010762"><ele>475</ele></trkpt>
   <trkpt lat="49.706454" lon="13.012119"><ele>475</ele></trkpt>
   <trkpt lat="49.706601" lon="13.013496"><ele>475.25</ele></trkpt>
   <trkpt lat="49.706718" lon="13.014933"><ele>475</ele></trkpt>
   <trkpt lat="49.70679" lon="13.016223"><ele>475.25</ele></trkpt>
   <trkpt lat="49.706835" lon="13.017627"><ele>475</ele></trkpt>
   <trkpt lat="49.706861" lon="13.018985"><ele>474.25</ele></trkpt>
   <trkpt lat="49.706933" lon="13.0322"><ele>470.75</ele></trkpt>
   <trkpt lat="49.706955" lon="13.034076"><ele>471</ele></trkpt>
   <trkpt lat="49.706963" lon="13.034784"><ele>470</ele></trkpt>
   <trkpt lat="49.706962" lon="13.035964"><ele>470</ele></trkpt>
   <trkpt lat="49.706961" lon="13.036898"><ele>469</ele></trkpt>
   <trkpt lat="49.706974" lon="13.038233"><ele>469</ele></trkpt>
   <trkpt lat="49.70698" lon="13.039596"><ele>468.5</ele></trkpt>
   <trkpt lat="49.706987" lon="13.040132"><ele>468.25</ele></trkpt>
   <trkpt lat="49.706996" lon="13.040931"><ele>468.75</ele></trkpt>
   <trkpt lat="49.707036" lon="13.04208"><ele>469</ele></trkpt>
   <trkpt lat="49.707081" lon="13.042977"><ele>469.25</ele></trkpt>
   <trkpt lat="49.707175" lon="13.04421"><ele>466.75</ele></trkpt>
   <trkpt lat="49.707289" lon="13.045278"><ele>464</ele></trkpt>
   <trkpt lat="49.707465" lon="13.046589"><ele>462.25</ele></trkpt>
   <trkpt lat="49.707669" lon="13.047832"><ele>460.25</ele></trkpt>
   <trkpt lat="49.707922" lon="13.049096"><ele>456.25</ele></trkpt>
   <trkpt lat="49.708207" lon="13.050363"><ele>451.5</ele></trkpt>
   <trkpt lat="49.70852" lon="13.051597"><ele>446.75</ele></trkpt>
   <trkpt lat="49.708839" lon="13.052769"><ele>443.25</ele></trkpt>
   <trkpt lat="49.709228" lon="13.054066"><ele>439.5</ele></trkpt>
   <trkpt lat="49.709687" lon="13.055485"><ele>433.5</ele></trkpt>
   <trkpt lat="49.710121" lon="13.056724"><ele>429</ele></trkpt>
   <trkpt lat="49.710623" lon="13.058057"><ele>426.75</ele></trkpt>
   <trkpt lat="49.711643" lon="13.060465"><ele>424.25</ele></trkpt>
   <trkpt lat="49.71216" lon="13.061561"><ele>424</ele></trkpt>
   <trkpt lat="49.712677" lon="13.062603"><ele>423.5</ele></trkpt>
   <trkpt lat="49.713135" lon="13.063475"><ele>423.25</ele></trkpt>
   <trkpt lat="49.713576" lon="13.064267"><ele>423.25</ele></trkpt>
   <trkpt lat="49.714085" lon="13.065142"><ele>422.5</ele></trkpt>
   <trkpt lat="49.714584" lon="13.065955"><ele>422</ele></trkpt>
   <trkpt lat="49.717546" lon="13.070387"><ele>420.25</ele></trkpt>
   <trkpt lat="49.718107" lon="13.071259"><ele>420</ele></trkpt>
   <trkpt lat="49.718635" lon="13.072143"><ele>419.25</ele></trkpt>
   <trkpt lat="49.71912" lon="13.073034"><ele>418.5</ele></trkpt>
   <trkpt lat="49.71958" lon="13.073958"><ele>418.75</ele></trkpt>
   <trkpt lat="49.720137" lon="13.075172"><ele>417.75</ele></trkpt>
   <trkpt lat="49.720651" lon="13.076441"><ele>417.25</ele></trkpt>
   <trkpt lat="49.721064" lon="13.077586"><ele>417</ele></trkpt>
   <trkpt lat="49.72146" lon="13.07884"><ele>417</ele></trkpt>
   <trkpt lat="49.721819" lon="13.080117"><ele>414</ele></trkpt>
   <trkpt lat="49.722149" lon="13.081482"><ele>414.5</ele></trkpt>
   <trkpt lat="49.722434" lon="13.082915"><ele>413.5</ele></trkpt>
   <trkpt lat="49.722678" lon="13.084393"><ele>412</ele></trkpt>
   <trkpt lat="49.722837" lon="13.085626"><ele>411.75</ele></trkpt>
   <trkpt lat="49.722893" lon="13.086179"><ele>411.25</ele></trkpt>
   <trkpt lat="49.722978" lon="13.087"><ele>412</ele></trkpt>
   <trkpt lat="49.723058" lon="13.088345"><ele>412</ele></trkpt>
   <trkpt lat="49.723108" lon="13.089618"><ele>412</ele></trkpt>
   <trkpt lat="49.723135" lon="13.090851"><ele>412.25</ele></trkpt>
   <trkpt lat="49.723144" lon="13.092117"><ele>412</ele></trkpt>
   <trkpt lat="49.72313" lon="13.094152"><ele>409.5</ele></trkpt>
   <trkpt lat="49.723104" lon="13.095676"><ele>407.25</ele></trkpt>
   <trkpt lat="49.723058" lon="13.097208"><ele>406</ele></trkpt>
   <trkpt lat="49.722987" lon="13.098931"><ele>403.25</ele></trkpt>
   <trkpt lat="49.722911" lon="13.100259"><ele>401.25</ele></trkpt>
   <trkpt lat="49.722806" lon="13.101769"><ele>399.75</ele></trkpt>
   <trkpt lat="49.722666" lon="13.103532"><ele>396.5</ele></trkpt>
   <trkpt lat="49.722483" lon="13.105452"><ele>397.5</ele></trkpt>
   <trkpt lat="49.722274" lon="13.107374"><ele>394.5</ele></trkpt>
   <trkpt lat="49.72213" lon="13.108515"><ele>392.75</ele></trkpt>
   <trkpt lat="49.721968" lon="13.10968"><ele>392.75</ele></trkpt>
   <trkpt lat="49.721821" lon="13.110595"><ele>391.25</ele></trkpt>
   <trkpt lat="49.721652" lon="13.111514"><ele>391.5</ele></trkpt>
   <trkpt lat="49.721428" lon="13.112593"><ele>389.75</ele></trkpt>
   <trkpt lat="49.721175" lon="13.113687"><ele>388.75</ele></trkpt>
   <trkpt lat="49.720874" lon="13.114884"><ele>387.25</ele></trkpt>
   <trkpt lat="49.720543" lon="13.116147"><ele>386.5</ele></trkpt>
   <trkpt lat="49.720424" lon="13.116598"><ele>383.5</ele></trkpt>
   <trkpt lat="49.718173" lon="13.125115"><ele>370.5</ele></trkpt>
   <trkpt lat="49.717581" lon="13.127357"><ele>368</ele></trkpt>
   <trkpt lat="49.717285" lon="13.128488"><ele>367.25</ele></trkpt>
   <trkpt lat="49.71704" lon="13.129425"><ele>365.5</ele></trkpt>
   <trkpt lat="49.716813" lon="13.1303"><ele>365.25</ele></trkpt>
   <trkpt lat="49.716409" lon="13.131852"><ele>363</ele></trkpt>
   <trkpt lat="49.7162" lon="13.132652"><ele>362.5</ele></trkpt>
   <trkpt lat="49.715927" lon="13.133667"><ele>361.25</ele></trkpt>
   <trkpt lat="49.715092" lon="13.136772"><ele>358.25</ele></trkpt>
   <trkpt lat="49.714805" lon="13.137955"><ele>356.75</ele></trkpt>
   <trkpt lat="49.714593" lon="13.138833"><ele>355.75</ele></trkpt>
   <trkpt lat="49.714417" lon="13.13971"><ele>354</ele></trkpt>
   <trkpt lat="49.714122" lon="13.14118"><ele>354</ele></trkpt>
   <trkpt lat="49.713742" lon="13.143612"><ele>353</ele></trkpt>
   <trkpt lat="49.713528" lon="13.145379"><ele>352</ele></trkpt>
   <trkpt lat="49.713371" lon="13.146875"><ele>352</ele></trkpt>
   <trkpt lat="49.713253" lon="13.149424"><ele>351</ele></trkpt>
   <trkpt lat="49.713228" lon="13.15069"><ele>350.25</ele></trkpt>
   <trkpt lat="49.713222" lon="13.151936"><ele>350</ele></trkpt>
   <trkpt lat="49.713261" lon="13.154574"><ele>349.25</ele></trkpt>
   <trkpt lat="49.713327" lon="13.157239"><ele>348</ele></trkpt>
   <trkpt lat="49.713336" lon="13.158437"><ele>347</ele></trkpt>
   <trkpt lat="49.713319" lon="13.159606"><ele>347</ele></trkpt>
   <trkpt lat="49.71329" lon="13.160355"><ele>347.25</ele></trkpt>
   <trkpt lat="49.713227" lon="13.161204"><ele>348.25</ele></trkpt>
   <trkpt lat="49.713106" lon="13.162427"><ele>348</ele></trkpt>
   <trkpt lat="49.712908" lon="13.163777"><ele>348.25</ele></trkpt>
   <trkpt lat="49.712699" lon="13.164883"><ele>348.25</ele></trkpt>
   <trkpt lat="49.712447" lon="13.166013"><ele>349</ele></trkpt>
   <trkpt lat="49.712107" lon="13.167244"><ele>348.75</ele></trkpt>
   <trkpt lat="49.711704" lon="13.168509"><ele>349.75</ele></trkpt>
   <trkpt lat="49.711238" lon="13.169765"><ele>349.5</ele></trkpt>
   <trkpt lat="49.710511" lon="13.171357"><ele>351.5</ele></trkpt>
   <trkpt lat="49.709922" lon="13.172412"><ele>351</ele></trkpt>
   <trkpt lat="49.709458" lon="13.173176"><ele>350.75</ele></trkpt>
   <trkpt lat="49.709328" lon="13.173377"><ele>350</ele></trkpt>
   <trkpt lat="49.708862" lon="13.174055"><ele>350</ele></trkpt>
   <trkpt lat="49.706885" lon="13.176811"><ele>347.5</ele></trkpt>
   <trkpt lat="49.706305" lon="13.177658"><ele>346.5</ele></trkpt>
   <trkpt lat="49.705753" lon="13.178539"><ele>345.5</ele></trkpt>
   <trkpt lat="49.705507" lon="13.178951"><ele>346</ele></trkpt>
   <trkpt lat="49.705195" lon="13.179513"><ele>345</ele></trkpt>
   <trkpt lat="49.704869" lon="13.18015"><ele>344.25</ele></trkpt>
   <trkpt lat="49.704449" lon="13.181015"><ele>344.25</ele></trkpt>
   <trkpt lat="49.704074" lon="13.181896"><ele>342.75</ele></trkpt>
   <trkpt lat="49.703698" lon="13.182866"><ele>341.75</ele></trkpt>
   <trkpt lat="49.703388" lon="13.183744"><ele>341.75</ele></trkpt>
   <trkpt lat="49.703035" lon="13.184897"><ele>341.75</ele></trkpt>
   <trkpt lat="49.70282" lon="13.185649"><ele>341</ele></trkpt>
   <trkpt lat="49.70265" lon="13.186327"><ele>340.5</ele></trkpt>
   <trkpt lat="49.70243" lon="13.187343"><ele>340.5</ele></trkpt>
   <trkpt lat="49.702264" lon="13.18819"><ele>341.25</ele></trkpt>
   <trkpt lat="49.702128" lon="13.18905"><ele>341.75</ele></trkpt>
   <trkpt lat="49.702018" lon="13.189796"><ele>343</ele></trkpt>
   <trkpt lat="49.701933" lon="13.190514"><ele>343</ele></trkpt>
   <trkpt lat="49.701854" lon="13.191368"><ele>343</ele></trkpt>
   <trkpt lat="49.701798" lon="13.192256"><ele>343.25</ele></trkpt>
   <trkpt lat="49.701753" lon="13.193316"><ele>345</ele></trkpt>
   <trkpt lat="49.701745" lon="13.194086"><ele>346</ele></trkpt>
   <trkpt lat="49.701748" lon="13.194627"><ele>346.75</ele></trkpt>
   <trkpt lat="49.701773" lon="13.195734"><ele>347.75</ele></trkpt>
   <trkpt lat="49.701808" lon="13.196385"><ele>348.5</ele></trkpt>
   <trkpt lat="49.70182" lon="13.19659"><ele>348.75</ele></trkpt>
   <trkpt lat="49.701852" lon="13.196962"><ele>349</ele></trkpt>
   <trkpt lat="49.701915" lon="13.197799"><ele>349.75</ele></trkpt>
   <trkpt lat="49.701939" lon="13.198033"><ele>352.5</ele></trkpt>
   <trkpt lat="49.701975" lon="13.198387"><ele>352.5</ele></trkpt>
   <trkpt lat="49.70207" lon="13.199139"><ele>352.75</ele></trkpt>
   <trkpt lat="49.702203" lon="13.200051"><ele>355.5</ele></trkpt>
   <trkpt lat="49.702407" lon="13.201379"><ele>355.75</ele></trkpt>
   <trkpt lat="49.705302" lon="13.219051"><ele>347</ele></trkpt>
   <trkpt lat="49.705944" lon="13.222958"><ele>345.75</ele></trkpt>
   <trkpt lat="49.706242" lon="13.224776"><ele>345.5</ele></trkpt>
   <trkpt lat="49.706277" lon="13.224985"><ele>345.5</ele></trkpt>
   <trkpt lat="49.7067" lon="13.227616"><ele>343</ele></trkpt>
   <trkpt lat="49.707255" lon="13.231119"><ele>344</ele></trkpt>
   <trkpt lat="49.707262" lon="13.231159"><ele>344</ele></trkpt>
   <trkpt lat="49.707536" lon="13.232767"><ele>345</ele></trkpt>
   <trkpt lat="49.708125" lon="13.236217"><ele>346.25</ele></trkpt>
   <trkpt lat="49.708999" lon="13.241686"><ele>345.75</ele></trkpt>
   <trkpt lat="49.709335" lon="13.243716"><ele>345.5</ele></trkpt>
   <trkpt lat="49.709712" lon="13.246098"><ele>344</ele></trkpt>
   <trkpt lat="49.709864" lon="13.247227"><ele>344.25</ele></trkpt>
   <trkpt lat="49.709997" lon="13.248389"><ele>343</ele></trkpt>
   <trkpt lat="49.710102" lon="13.249659"><ele>342.25</ele></trkpt>
   <trkpt lat="49.710159" lon="13.25093"><ele>341.5</ele></trkpt>
   <trkpt lat="49.710176" lon="13.252254"><ele>341.25</ele></trkpt>
   <trkpt lat="49.710153" lon="13.253313"><ele>340</ele></trkpt>
   <trkpt lat="49.710082" lon="13.254452"><ele>339.75</ele></trkpt>
   <trkpt lat="49.709966" lon="13.255755"><ele>339.75</ele></trkpt>
   <trkpt lat="49.709429" lon="13.260003"><ele>337.75</ele></trkpt>
   <trkpt lat="49.709285" lon="13.261269"><ele>336</ele></trkpt>
   <trkpt lat="49.709226" lon="13.262202"><ele>336</ele></trkpt>
   <trkpt lat="49.709195" lon="13.263111"><ele>336.75</ele></trkpt>
   <trkpt lat="49.709185" lon="13.263805"><ele>336.75</ele></trkpt>
   <trkpt lat="49.709212" lon="13.265243"><ele>335.5</ele></trkpt>
   <trkpt lat="49.709287" lon="13.266664"><ele>335</ele></trkpt>
   <trkpt lat="49.709692" lon="13.27058"><ele>332.75</ele></trkpt>
   <trkpt lat="49.70977" lon="13.271639"><ele>332</ele></trkpt>
   <trkpt lat="49.70982" lon="13.272746"><ele>331.5</ele></trkpt>
   <trkpt lat="49.709804" lon="13.273949"><ele>332</ele></trkpt>
   <trkpt lat="49.709787" lon="13.274422"><ele>332</ele></trkpt>
   <trkpt lat="49.709749" lon="13.275039"><ele>331</ele></trkpt>
   <trkpt lat="49.709723" lon="13.275326"><ele>331</ele></trkpt>
   <trkpt lat="49.709659" lon="13.276016"><ele>331.75</ele></trkpt>
   <trkpt lat="49.709596" lon="13.2766"><ele>332.75</ele></trkpt>
   <trkpt lat="49.709505" lon="13.277194"><ele>331</ele></trkpt>
   <trkpt lat="49.709221" lon="13.27866"><ele>330.5</ele></trkpt>
   <trkpt lat="49.708918" lon="13.279868"><ele>329.5</ele></trkpt>
   <trkpt lat="49.708647" lon="13.280792"><ele>329</ele></trkpt>
   <trkpt lat="49.708268" lon="13.281848"><ele>328.75</ele></trkpt>
   <trkpt lat="49.708079" lon="13.282196"><ele>328.25</ele></trkpt>
   <trkpt lat="49.707941" lon="13.282409"><ele>328.5</ele></trkpt>
   <trkpt lat="49.707826" lon="13.282507"><ele>328</ele></trkpt>
   <trkpt lat="49.707717" lon="13.282574"><ele>328</ele></trkpt>
   <trkpt lat="49.707602" lon="13.282577"><ele>328</ele></trkpt>
   <trkpt lat="49.707492" lon="13.282527"><ele>328</ele></trkpt>
   <trkpt lat="49.707368" lon="13.282439"><ele>329.25</ele></trkpt>
   <trkpt lat="49.70727" lon="13.282267"><ele>330.25</ele></trkpt>
   <trkpt lat="49.707178" lon="13.282001"><ele>331.5</ele></trkpt>
   <trkpt lat="49.707171" lon="13.281717"><ele>332.5</ele></trkpt>
   <trkpt lat="49.707235" lon="13.281359"><ele>333</ele></trkpt>
   <trkpt lat="49.707403" lon="13.280901"><ele>335.75</ele></trkpt>
   <trkpt lat="49.707583" lon="13.280536"><ele>337</ele></trkpt>
   <trkpt lat="49.707685" lon="13.280405"><ele>337.25</ele></trkpt>
   <trkpt lat="49.707797" lon="13.280344"><ele>337.5</ele></trkpt>
   <trkpt lat="49.707929" lon="13.280344"><ele>337.5</ele></trkpt>
   <trkpt lat="49.70805" lon="13.280417"><ele>337</ele></trkpt>
   <trkpt lat="49.708319" lon="13.280784"><ele>334.5</ele></trkpt>
   <trkpt lat="49.708831" lon="13.281573"><ele>332.25</ele></trkpt>
   <trkpt lat="49.709022" lon="13.281864"><ele>334.25</ele></trkpt>
   <trkpt lat="49.709752" lon="13.283075"><ele>333.25</ele></trkpt>
   <trkpt lat="49.709795" lon="13.283142"><ele>332</ele></trkpt>
   <trkpt lat="49.709956" lon="13.283395"><ele>331.75</ele></trkpt>
   <trkpt lat="49.711638" lon="13.28608"><ele>337.25</ele></trkpt>
   <trkpt lat="49.715356" lon="13.292234"><ele>350.5</ele></trkpt>
   <trkpt lat="49.715682" lon="13.29274"><ele>352.25</ele></trkpt>
   <trkpt lat="49.715971" lon="13.293238"><ele>355</ele></trkpt>
   <trkpt lat="49.716421" lon="13.293997"><ele>358</ele></trkpt>
   <trkpt lat="49.716726" lon="13.294538"><ele>356.5</ele></trkpt>
   <trkpt lat="49.716869" lon="13.294793"><ele>355.75</ele></trkpt>
   <trkpt lat="49.718344" lon="13.297373"><ele>364.25</ele></trkpt>
   <trkpt lat="49.718537" lon="13.297693"><ele>364.5</ele></trkpt>
   <trkpt lat="49.71893" lon="13.298298"><ele>365</ele></trkpt>
   <trkpt lat="49.719282" lon="13.29881"><ele>365.5</ele></trkpt>
   <trkpt lat="49.720033" lon="13.299881"><ele>366.25</ele></trkpt>
   <trkpt lat="49.720476" lon="13.300495"><ele>366</ele></trkpt>
   <trkpt lat="49.721703" lon="13.302194"><ele>365.75</ele></trkpt>
   <trkpt lat="49.722327" lon="13.303058"><ele>364.75</ele></trkpt>
   <trkpt lat="49.724561" lon="13.306152"><ele>361.75</ele></trkpt>
   <trkpt lat="49.72591" lon="13.308028"><ele>360</ele></trkpt>
   <trkpt lat="49.726263" lon="13.308588"><ele>360.5</ele></trkpt>
   <trkpt lat="49.726507" lon="13.309009"><ele>360.5</ele></trkpt>
   <trkpt lat="49.726721" lon="13.309417"><ele>361</ele></trkpt>
   <trkpt lat="49.726837" lon="13.309671"><ele>361.25</ele></trkpt>
   <trkpt lat="49.727117" lon="13.310331"><ele>362</ele></trkpt>
   <trkpt lat="49.727449" lon="13.311203"><ele>362</ele></trkpt>
   <trkpt lat="49.727712" lon="13.311923"><ele>362</ele></trkpt>
   <trkpt lat="49.728798" lon="13.314899"><ele>360.25</ele></trkpt>
   <trkpt lat="49.730245" lon="13.318866"><ele>360</ele></trkpt>
   <trkpt lat="49.730364" lon="13.319193"><ele>360</ele></trkpt>
   <trkpt lat="49.730635" lon="13.319895"><ele>360</ele></trkpt>
   <trkpt lat="49.730764" lon="13.320194"><ele>360</ele></trkpt>
   <trkpt lat="49.730792" lon="13.320262"><ele>360</ele></trkpt>
   <trkpt lat="49.730832" lon="13.320378"><ele>359.5</ele></trkpt>
   <trkpt lat="49.730833" lon="13.320562"><ele>359</ele></trkpt>
   <trkpt lat="49.730796" lon="13.320707"><ele>359</ele></trkpt>
   <trkpt lat="49.730775" lon="13.320859"><ele>359</ele></trkpt>
   <trkpt lat="49.73077" lon="13.321015"><ele>359</ele></trkpt>
   <trkpt lat="49.73078" lon="13.32117"><ele>359</ele></trkpt>
   <trkpt lat="49.730791" lon="13.321245"><ele>359</ele></trkpt>
   <trkpt lat="49.730807" lon="13.321321"><ele>359</ele></trkpt>
   <trkpt lat="49.73085" lon="13.321462"><ele>359</ele></trkpt>
   <trkpt lat="49.730908" lon="13.321596"><ele>359</ele></trkpt>
   <trkpt lat="49.730947" lon="13.321664"><ele>359</ele></trkpt>
   <trkpt lat="49.730983" lon="13.321721"><ele>359</ele></trkpt>
   <trkpt lat="49.731071" lon="13.321817"><ele>359</ele></trkpt>
   <trkpt lat="49.731156" lon="13.321882"><ele>359</ele></trkpt>
   <trkpt lat="49.731256" lon="13.32193"><ele>359</ele></trkpt>
   <trkpt lat="49.731375" lon="13.321953"><ele>359</ele></trkpt>
   <trkpt lat="49.731445" lon="13.321947"><ele>359</ele></trkpt>
   <trkpt lat="49.731494" lon="13.321941"><ele>359</ele></trkpt>
   <trkpt lat="49.73161" lon="13.321893"><ele>359</ele></trkpt>
   <trkpt lat="49.7317" lon="13.321829"><ele>359</ele></trkpt>
   <trkpt lat="49.731782" lon="13.321743"><ele>359</ele></trkpt>
   <trkpt lat="49.731855" lon="13.321638"><ele>359</ele></trkpt>
   <trkpt lat="49.731916" lon="13.321516"><ele>359</ele></trkpt>
   <trkpt lat="49.732017" lon="13.32147"><ele>359</ele></trkpt>
   <trkpt lat="49.732061" lon="13.321462"><ele>359</ele></trkpt>
   <trkpt lat="49.732102" lon="13.321467"><ele>359</ele></trkpt>
   <trkpt lat="49.732168" lon="13.321487"><ele>359</ele></trkpt>
   <trkpt lat="49.732419" lon="13.321614"><ele>359</ele></trkpt>
   <trkpt lat="49.732588" lon="13.321728"><ele>358.75</ele></trkpt>
   <trkpt lat="49.732711" lon="13.321828"><ele>358.5</ele></trkpt>
   <trkpt lat="49.732876" lon="13.322011"><ele>357.75</ele></trkpt>
   <trkpt lat="49.733014" lon="13.322201"><ele>357.75</ele></trkpt>
   <trkpt lat="49.733148" lon="13.322443"><ele>358</ele></trkpt>
   <trkpt lat="49.733321" lon="13.32285"><ele>358</ele></trkpt>
   <trkpt lat="49.733519" lon="13.323433"><ele>357.75</ele></trkpt>
   <trkpt lat="49.733825" lon="13.324239"><ele>357</ele></trkpt>
   <trkpt lat="49.733869" lon="13.324358"><ele>357</ele></trkpt>
   <trkpt lat="49.734123" lon="13.32504"><ele>356</ele></trkpt>
   <trkpt lat="49.734421" lon="13.32584"><ele>355.75</ele></trkpt>
   <trkpt lat="49.734726" lon="13.326653"><ele>355</ele></trkpt>
   <trkpt lat="49.734825" lon="13.326924"><ele>354</ele></trkpt>
   <trkpt lat="49.734906" lon="13.327139"><ele>353.5</ele></trkpt>
   <trkpt lat="49.735212" lon="13.327961"><ele>351.25</ele></trkpt>
   <trkpt lat="49.735283" lon="13.328153"><ele>351</ele></trkpt>
   <trkpt lat="49.735451" lon="13.328602"><ele>350.25</ele></trkpt>
   <trkpt lat="49.735559" lon="13.328893"><ele>349</ele></trkpt>
   <trkpt lat="49.735941" lon="13.329918"><ele>348</ele></trkpt>
   <trkpt lat="49.736005" lon="13.330092"><ele>347.5</ele></trkpt>
   <trkpt lat="49.73607" lon="13.330266"><ele>347</ele></trkpt>
   <trkpt lat="49.736416" lon="13.331193"><ele>345.5</ele></trkpt>
   <trkpt lat="49.73685" lon="13.332352"><ele>342.25</ele></trkpt>
   <trkpt lat="49.736934" lon="13.332585"><ele>341.5</ele></trkpt>
   <trkpt lat="49.737137" lon="13.333135"><ele>340.5</ele></trkpt>
   <trkpt lat="49.737509" lon="13.33412"><ele>337.75</ele></trkpt>
   <trkpt lat="49.73808" lon="13.335676"><ele>341.75</ele></trkpt>
   <trkpt lat="49.738127" lon="13.335803"><ele>341.5</ele></trkpt>
   <trkpt lat="49.738346" lon="13.3364"><ele>341.75</ele></trkpt>
   <trkpt lat="49.738536" lon="13.337049"><ele>341</ele></trkpt>
   <trkpt lat="49.738553" lon="13.337118"><ele>341</ele></trkpt>
   <trkpt lat="49.738562" lon="13.337185"><ele>341</ele></trkpt>
   <trkpt lat="49.73856" lon="13.337281"><ele>341</ele></trkpt>
   <trkpt lat="49.738553" lon="13.337328"><ele>341</ele></trkpt>
   <trkpt lat="49.738532" lon="13.337398"><ele>341</ele></trkpt>
   <trkpt lat="49.7385" lon="13.337448"><ele>341.25</ele></trkpt>
   <trkpt lat="49.738475" lon="13.337508"><ele>341.25</ele></trkpt>
   <trkpt lat="49.738461" lon="13.337574"><ele>341.25</ele></trkpt>
   <trkpt lat="49.738456" lon="13.337645"><ele>341</ele></trkpt>
   <trkpt lat="49.738462" lon="13.337715"><ele>340.75</ele></trkpt>
   <trkpt lat="49.738479" lon="13.337783"><ele>340.25</ele></trkpt>
   <trkpt lat="49.738505" lon="13.337839"><ele>340</ele></trkpt>
   <trkpt lat="49.738537" lon="13.337885"><ele>340</ele></trkpt>
   <trkpt lat="49.738576" lon="13.337918"><ele>339.75</ele></trkpt>
   <trkpt lat="49.738618" lon="13.337938"><ele>339.75</ele></trkpt>
   <trkpt lat="49.738632" lon="13.337941"><ele>339.75</ele></trkpt>
   <trkpt lat="49.738772" lon="13.338087"><ele>339.25</ele></trkpt>
   <trkpt lat="49.738888" lon="13.338255"><ele>338.25</ele></trkpt>
   <trkpt lat="49.739015" lon="13.338489"><ele>337.5</ele></trkpt>
   <trkpt lat="49.739136" lon="13.33885"><ele>337</ele></trkpt>
   <trkpt lat="49.739166" lon="13.338942"><ele>337</ele></trkpt>
   <trkpt lat="49.739314" lon="13.3393"><ele>336.25</ele></trkpt>
   <trkpt lat="49.739454" lon="13.339595"><ele>335.75</ele></trkpt>
   <trkpt lat="49.739628" lon="13.339906"><ele>335.75</ele></trkpt>
   <trkpt lat="49.739826" lon="13.340211"><ele>335</ele></trkpt>
   <trkpt lat="49.740026" lon="13.340478"><ele>334.75</ele></trkpt>
   <trkpt lat="49.740852" lon="13.341618"><ele>334</ele></trkpt>
   <trkpt lat="49.740991" lon="13.341819"><ele>334</ele></trkpt>
   <trkpt lat="49.741196" lon="13.342144"><ele>333.75</ele></trkpt>
   <trkpt lat="49.741306" lon="13.342334"><ele>334</ele></trkpt>
   <trkpt lat="49.741538" lon="13.342791"><ele>333.25</ele></trkpt>
   <trkpt lat="49.741634" lon="13.343007"><ele>333</ele></trkpt>
   <trkpt lat="49.74172" lon="13.343223"><ele>332.5</ele></trkpt>
   <trkpt lat="49.741806" lon="13.343448"><ele>331.75</ele></trkpt>
   <trkpt lat="49.741891" lon="13.343698"><ele>331.5</ele></trkpt>
   <trkpt lat="49.741947" lon="13.343875"><ele>331</ele></trkpt>
   <trkpt lat="49.742058" lon="13.34427"><ele>331.5</ele></trkpt>
   <trkpt lat="49.742351" lon="13.345593"><ele>331.75</ele></trkpt>
   <trkpt lat="49.742406" lon="13.345833"><ele>331.25</ele></trkpt>
   <trkpt lat="49.742453" lon="13.346054"><ele>331.75</ele></trkpt>
   <trkpt lat="49.742594" lon="13.346618"><ele>332.5</ele></trkpt>
   <trkpt lat="49.742678" lon="13.346981"><ele>333.25</ele></trkpt>
   <trkpt lat="49.742884" lon="13.347907"><ele>329.25</ele></trkpt>
   <trkpt lat="49.743038" lon="13.34857"><ele>329.5</ele></trkpt>
   <trkpt lat="49.743082" lon="13.348764"><ele>331</ele></trkpt>
   <trkpt lat="49.743326" lon="13.349807"><ele>331</ele></trkpt>
   <trkpt lat="49.743418" lon="13.350116"><ele>330.25</ele></trkpt>
   <trkpt lat="49.743471" lon="13.350279"><ele>329.75</ele></trkpt>
   <trkpt lat="49.744225" lon="13.352567"><ele>324.75</ele></trkpt>
   <trkpt lat="49.744447" lon="13.353282"><ele>322.75</ele></trkpt>
   <trkpt lat="49.744957" lon="13.354923"><ele>320</ele></trkpt>
   <trkpt lat="49.745195" lon="13.355626"><ele>319.5</ele></trkpt>
   <trkpt lat="49.745279" lon="13.355856"><ele>319</ele></trkpt>
   <trkpt lat="49.745738" lon="13.357005"><ele>319.5</ele></trkpt>
   <trkpt lat="49.745851" lon="13.357393"><ele>319.75</ele></trkpt>
   <trkpt lat="49.74593" lon="13.357672"><ele>319.75</ele></trkpt>
   <trkpt lat="49.746062" lon="13.358133"><ele>320</ele></trkpt>
   <trkpt lat="49.746412" lon="13.359357"><ele>319.75</ele></trkpt>
   <trkpt lat="49.746658" lon="13.360204"><ele>317.25</ele></trkpt>
   <trkpt lat="49.746751" lon="13.360532"><ele>317.25</ele></trkpt>
   <trkpt lat="49.746825" lon="13.360959"><ele>317</ele></trkpt>
   <trkpt lat="49.74683" lon="13.360996"><ele>317</ele></trkpt>
   <trkpt lat="49.746827" lon="13.361067"><ele>317</ele></trkpt>
   <trkpt lat="49.746812" lon="13.361137"><ele>317.25</ele></trkpt>
   <trkpt lat="49.746747" lon="13.361365"><ele>317</ele></trkpt>
   <trkpt lat="49.746719" lon="13.361388"><ele>317.25</ele></trkpt>
   <trkpt lat="49.7467" lon="13.361405"><ele>317.5</ele></trkpt>
   <trkpt lat="49.746698" lon="13.3614"><ele>318.25</ele></trkpt>
   <trkpt lat="49.74662999756918" lon="13.361497032071743"/>
   <trkpt lat="49.74660051397311" lon="13.361588235574292"/>
   <trkpt lat="49.7464619407892" lon="13.363310730036476"/>
   <trkpt lat="49.74634874642196" lon="13.364446303167764"/>
   <trkpt lat="49.74636608980593" lon="13.364556283862076"/>
   <trkpt lat="49.746393839207414" lon="13.364617980349076"/>
   <trkpt lat="49.74646668131077" lon="13.364642122452711"/>
   <trkpt lat="49.746534320308825" lon="13.364599203157395"/>
   <trkpt lat="49.74655860095177" lon="13.364320227737748"/>
   <trkpt lat="49.746489227653946" lon="13.364266578618603"/>
   <trkpt lat="49.74646321264168" lon="13.364226341779222"/>
   <trkpt lat="49.74646147830701" lon="13.36416464529222"/>
   <trkpt lat="49.74654125763663" lon="13.363351861136964"/>
  </trkseg>
 </trk>
</gpx>