<?xml version="1.0" encoding="UTF-8"?>
<!-- track-length = 185022 filtered ascend = 217 plain-ascend = -9 cost=201345 energy=24.3kwh time=2h 31m 11s -->
<gpx 
 xmlns="http://www.topografix.com/GPX/1/1" 
 xmlns:xsi="http://www.w3.org/2001/XMLSchema-instance" 
 xsi:schemaLocation="http://www.topografix.com/GPX/1/1 http://www.topografix.com/GPX/1/1/gpx.xsd" 
 version="1.1" 
 creator="BRouter-Web 0.18.1">
 <trk>
  <name>SEV Tinglev - Hamburg Hbf</name>
  <trkseg>
   <trkpt lat="54.936387" lon="9.257832"><ele>24</ele></trkpt>
   <trkpt lat="54.936517" lon="9.257881"><ele>24</ele></trkpt>
   <trkpt lat="54.936569" lon="9.257892"><ele>24</ele></trkpt>
   <trkpt lat="54.936604" lon="9.257753"><ele>24</ele></trkpt>
   <trkpt lat="54.936646" lon="9.257783"><ele>24</ele></trkpt>
   <trkpt lat="54.936757" lon="9.257832"><ele>24</ele></trkpt>
   <trkpt lat="54.937068" lon="9.257969"><ele>24</ele></trkpt>
   <trkpt lat="54.937198" lon="9.258026"><ele>24</ele></trkpt>
   <trkpt lat="54.937323" lon="9.258127"><ele>24.25</ele></trkpt>
   <trkpt lat="54.937435" lon="9.258222"><ele>24.5</ele></trkpt>
   <trkpt lat="54.9375" lon="9.258249"><ele>24.5</ele></trkpt>
   <trkpt lat="54.937868" lon="9.258412"><ele>24.25</ele></trkpt>
   <trkpt lat="54.938144" lon="9.258512"><ele>24.25</ele></trkpt>
   <trkpt lat="54.938212" lon="9.258498"><ele>24.25</ele></trkpt>
   <trkpt lat="54.93841" lon="9.258359"><ele>24</ele></trkpt>
   <trkpt lat="54.938445" lon="9.258289"><ele>24</ele></trkpt>
   <trkpt lat="54.938447" lon="9.258213"><ele>24</ele></trkpt>
   <trkpt lat="54.938427" lon="9.258082"><ele>24</ele></trkpt>
   <trkpt lat="54.938153" lon="9.257049"><ele>25</ele></trkpt>
   <trkpt lat="54.938017" lon="9.256541"><ele>25</ele></trkpt>
   <trkpt lat="54.937958" lon="9.256321"><ele>25</ele></trkpt>
   <trkpt lat="54.937937" lon="9.256208"><ele>25</ele></trkpt>
   <trkpt lat="54.93793" lon="9.256095"><ele>25</ele></trkpt>
   <trkpt lat="54.937932" lon="9.256046"><ele>25</ele></trkpt>
   <trkpt lat="54.937946" lon="9.255966"><ele>25</ele></trkpt>
   <trkpt lat="54.937978" lon="9.255887"><ele>25</ele></trkpt>
   <trkpt lat="54.938023" lon="9.255814"><ele>25</ele></trkpt>
   <trkpt lat="54.938067" lon="9.255747"><ele>24.75</ele></trkpt>
   <trkpt lat="54.938382" lon="9.256323"><ele>24.75</ele></trkpt>
   <trkpt lat="54.938657" lon="9.256873"><ele>25.25</ele></trkpt>
   <trkpt lat="54.938925" lon="9.257504"><ele>26.25</ele></trkpt>
   <trkpt lat="54.939022" lon="9.257747"><ele>24.5</ele></trkpt>
   <trkpt lat="54.939171" lon="9.258152"><ele>28.5</ele></trkpt>
   <trkpt lat="54.939317" lon="9.258583"><ele>25.75</ele></trkpt>
   <trkpt lat="54.939486" lon="9.259156"><ele>27.75</ele></trkpt>
   <trkpt lat="54.939675" lon="9.259843"><ele>27</ele></trkpt>
   <trkpt lat="54.940438" lon="9.262648"><ele>24</ele></trkpt>
   <trkpt lat="54.940619" lon="9.263257"><ele>24.25</ele></trkpt>
   <trkpt lat="54.940753" lon="9.263627"><ele>24</ele></trkpt>
   <trkpt lat="54.940896" lon="9.264008"><ele>23.75</ele></trkpt>
   <trkpt lat="54.941027" lon="9.264307"><ele>24</ele></trkpt>
   <trkpt lat="54.941107" lon="9.264465"><ele>24</ele></trkpt>
   <trkpt lat="54.941405" lon="9.265035"><ele>24</ele></trkpt>
   <trkpt lat="54.942106" lon="9.266266"><ele>24</ele></trkpt>
   <trkpt lat="54.944595" lon="9.270526"><ele>23.75</ele></trkpt>
   <trkpt lat="54.944875" lon="9.270937"><ele>24</ele></trkpt>
   <trkpt lat="54.945154" lon="9.271268"><ele>24.25</ele></trkpt>
   <trkpt lat="54.949239" lon="9.275548"><ele>26</ele></trkpt>
   <trkpt lat="54.949394" lon="9.275809"><ele>26</ele></trkpt>
   <trkpt lat="54.949419" lon="9.275838"><ele>26</ele></trkpt>
   <trkpt lat="54.949415" lon="9.275925"><ele>26</ele></trkpt>
   <trkpt lat="54.949424" lon="9.276003"><ele>26</ele></trkpt>
   <trkpt lat="54.949444" lon="9.276073"><ele>26</ele></trkpt>
   <trkpt lat="54.949403" lon="9.276479"><ele>26</ele></trkpt>
   <trkpt lat="54.948974" lon="9.27773"><ele>26</ele></trkpt>
   <trkpt lat="54.947852" lon="9.280946"><ele>26.25</ele></trkpt>
   <trkpt lat="54.947509" lon="9.281855"><ele>26.5</ele></trkpt>
   <trkpt lat="54.947074" lon="9.282914"><ele>24.75</ele></trkpt>
   <trkpt lat="54.946717" lon="9.283687"><ele>25.75</ele></trkpt>
   <trkpt lat="54.946269" lon="9.284616"><ele>25.5</ele></trkpt>
   <trkpt lat="54.945794" lon="9.285528"><ele>25.75</ele></trkpt>
   <trkpt lat="54.943169" lon="9.290241"><ele>28.5</ele></trkpt>
   <trkpt lat="54.942696" lon="9.291147"><ele>27.5</ele></trkpt>
   <trkpt lat="54.942238" lon="9.292082"><ele>28</ele></trkpt>
   <trkpt lat="54.941788" lon="9.293067"><ele>28.25</ele></trkpt>
   <trkpt lat="54.941264" lon="9.294369"><ele>28</ele></trkpt>
   <trkpt lat="54.940804" lon="9.295676"><ele>28</ele></trkpt>
   <trkpt lat="54.940446" lon="9.296907"><ele>28</ele></trkpt>
   <trkpt lat="54.940153" lon="9.298069"><ele>28</ele></trkpt>
   <trkpt lat="54.93988" lon="9.299288"><ele>27.75</ele></trkpt>
   <trkpt lat="54.938933" lon="9.304237"><ele>27.75</ele></trkpt>
   <trkpt lat="54.936722" lon="9.315935"><ele>29</ele></trkpt>
   <trkpt lat="54.936664" lon="9.316231"><ele>29</ele></trkpt>
   <trkpt lat="54.936244" lon="9.318437"><ele>27</ele></trkpt>
   <trkpt lat="54.935826" lon="9.32065"><ele>28</ele></trkpt>
   <trkpt lat="54.935714" lon="9.321307"><ele>28.25</ele></trkpt>
   <trkpt lat="54.935649" lon="9.321825"><ele>28</ele></trkpt>
   <trkpt lat="54.93563" lon="9.322085"><ele>28</ele></trkpt>
   <trkpt lat="54.935603" lon="9.32249"><ele>28</ele></trkpt>
   <trkpt lat="54.935584" lon="9.323358"><ele>27.75</ele></trkpt>
   <trkpt lat="54.935594" lon="9.324193"><ele>26.75</ele></trkpt>
   <trkpt lat="54.935598" lon="9.324911"><ele>26.75</ele></trkpt>
   <trkpt lat="54.935609" lon="9.325954"><ele>27.75</ele></trkpt>
   <trkpt lat="54.935628" lon="9.326475"><ele>28.25</ele></trkpt>
   <trkpt lat="54.935678" lon="9.327033"><ele>28.5</ele></trkpt>
   <trkpt lat="54.935776" lon="9.327768"><ele>28.75</ele></trkpt>
   <trkpt lat="54.936079" lon="9.329669"><ele>29</ele></trkpt>
   <trkpt lat="54.937944" lon="9.33993"><ele>30.5</ele></trkpt>
   <trkpt lat="54.939119" lon="9.346534"><ele>33.75</ele></trkpt>
   <trkpt lat="54.939423" lon="9.348245"><ele>33.75</ele></trkpt>
   <trkpt lat="54.939543" lon="9.349123"><ele>34</ele></trkpt>
   <trkpt lat="54.939637" lon="9.350022"><ele>34.25</ele></trkpt>
   <trkpt lat="54.939702" lon="9.350917"><ele>34.75</ele></trkpt>
   <trkpt lat="54.939738" lon="9.352065"><ele>35</ele></trkpt>
   <trkpt lat="54.939731" lon="9.352946"><ele>34.75</ele></trkpt>
   <trkpt lat="54.939712" lon="9.353903"><ele>35</ele></trkpt>
   <trkpt lat="54.939697" lon="9.354588"><ele>35</ele></trkpt>
   <trkpt lat="54.939557" lon="9.36127"><ele>34.25</ele></trkpt>
   <trkpt lat="54.939553" lon="9.361516"><ele>34.5</ele></trkpt>
   <trkpt lat="54.939523" lon="9.361799"><ele>34.75</ele></trkpt>
   <trkpt lat="54.93949" lon="9.361951"><ele>35.75</ele></trkpt>
   <trkpt lat="54.939478" lon="9.362006"><ele>35.75</ele></trkpt>
   <trkpt lat="54.939409" lon="9.362049"><ele>35.5</ele></trkpt>
   <trkpt lat="54.939349" lon="9.362123"><ele>35.25</ele></trkpt>
   <trkpt lat="54.939303" lon="9.362221"><ele>34.75</ele></trkpt>
   <trkpt lat="54.939273" lon="9.362338"><ele>34.75</ele></trkpt>
   <trkpt lat="54.939262" lon="9.362464"><ele>34.75</ele></trkpt>
   <trkpt lat="54.93927" lon="9.36259"><ele>35.25</ele></trkpt>
   <trkpt lat="54.939294" lon="9.362698"><ele>35.75</ele></trkpt>
   <trkpt lat="54.939332" lon="9.362793"><ele>35.75</ele></trkpt>
   <trkpt lat="54.939384" lon="9.362871"><ele>35.75</ele></trkpt>
   <trkpt lat="54.939446" lon="9.362925"><ele>35.75</ele></trkpt>
   <trkpt lat="54.93948" lon="9.363065"><ele>35.75</ele></trkpt>
   <trkpt lat="54.939497" lon="9.36322"><ele>35.5</ele></trkpt>
   <trkpt lat="54.939495" lon="9.363533"><ele>35.75</ele></trkpt>
   <trkpt lat="54.939508" lon="9.363646"><ele>35.75</ele></trkpt>
   <trkpt lat="54.939393" lon="9.369082"><ele>36.75</ele></trkpt>
   <trkpt lat="54.939348" lon="9.369631"><ele>36.5</ele></trkpt>
   <trkpt lat="54.939321" lon="9.370996"><ele>38</ele></trkpt>
   <trkpt lat="54.939295" lon="9.372294"><ele>38</ele></trkpt>
   <trkpt lat="54.939268" lon="9.373828"><ele>38.5</ele></trkpt>
   <trkpt lat="54.939287" lon="9.37431"><ele>38.75</ele></trkpt>
   <trkpt lat="54.939263" lon="9.375448"><ele>40.75</ele></trkpt>
   <trkpt lat="54.939229" lon="9.376991"><ele>42</ele></trkpt>
   <trkpt lat="54.939225" lon="9.377201"><ele>42</ele></trkpt>
   <trkpt lat="54.939211" lon="9.378317"><ele>41.75</ele></trkpt>
   <trkpt lat="54.939213" lon="9.378642"><ele>41.75</ele></trkpt>
   <trkpt lat="54.939223" lon="9.380929"><ele>41</ele></trkpt>
   <trkpt lat="54.93892" lon="9.381034"><ele>39.75</ele></trkpt>
   <trkpt lat="54.938804" lon="9.381088"><ele>39</ele></trkpt>
   <trkpt lat="54.938648" lon="9.381253"><ele>38</ele></trkpt>
   <trkpt lat="54.938068" lon="9.382083"><ele>35.75</ele></trkpt>
   <trkpt lat="54.937736" lon="9.38256"><ele>35.75</ele></trkpt>
   <trkpt lat="54.937624" lon="9.382701"><ele>35.25</ele></trkpt>
   <trkpt lat="54.937447" lon="9.382862"><ele>35</ele></trkpt>
   <trkpt lat="54.937372" lon="9.382923"><ele>35</ele></trkpt>
   <trkpt lat="54.937271" lon="9.38298"><ele>35</ele></trkpt>
   <trkpt lat="54.937044" lon="9.383056"><ele>35</ele></trkpt>
   <trkpt lat="54.936251" lon="9.383184"><ele>35.25</ele></trkpt>
   <trkpt lat="54.934786" lon="9.3834"><ele>36</ele></trkpt>
   <trkpt lat="54.933816" lon="9.383435"><ele>36</ele></trkpt>
   <trkpt lat="54.932693" lon="9.383454"><ele>36</ele></trkpt>
   <trkpt lat="54.931568" lon="9.383457"><ele>36.25</ele></trkpt>
   <trkpt lat="54.92769" lon="9.383379"><ele>37</ele></trkpt>
   <trkpt lat="54.925618" lon="9.383261"><ele>37</ele></trkpt>
   <trkpt lat="54.923556" lon="9.383109"><ele>36</ele></trkpt>
   <trkpt lat="54.920585" lon="9.382792"><ele>35.75</ele></trkpt>
   <trkpt lat="54.919428" lon="9.382644"><ele>35.25</ele></trkpt>
   <trkpt lat="54.917129" lon="9.382305"><ele>35.25</ele></trkpt>
   <trkpt lat="54.915909" lon="9.382091"><ele>35</ele></trkpt>
   <trkpt lat="54.914684" lon="9.38186"><ele>35</ele></trkpt>
   <trkpt lat="54.913473" lon="9.381576"><ele>34.5</ele></trkpt>
   <trkpt lat="54.911509" lon="9.381018"><ele>33.75</ele></trkpt>
   <trkpt lat="54.910904" lon="9.380812"><ele>33.75</ele></trkpt>
   <trkpt lat="54.909756" lon="9.380431"><ele>33.5</ele></trkpt>
   <trkpt lat="54.909065" lon="9.380175"><ele>33.75</ele></trkpt>
   <trkpt lat="54.908379" lon="9.379906"><ele>33.5</ele></trkpt>
   <trkpt lat="54.90524" lon="9.378597"><ele>33</ele></trkpt>
   <trkpt lat="54.904046" lon="9.378162"><ele>33.25</ele></trkpt>
   <trkpt lat="54.903226" lon="9.377894"><ele>33</ele></trkpt>
   <trkpt lat="54.902493" lon="9.377687"><ele>33.25</ele></trkpt>
   <trkpt lat="54.90203" lon="9.377574"><ele>33.75</ele></trkpt>
   <trkpt lat="54.901807" lon="9.37752"><ele>33.5</ele></trkpt>
   <trkpt lat="54.900759" lon="9.377303"><ele>32.25</ele></trkpt>
   <trkpt lat="54.899628" lon="9.377134"><ele>32.75</ele></trkpt>
   <trkpt lat="54.899013" lon="9.37707"><ele>33</ele></trkpt>
   <trkpt lat="54.898394" lon="9.377026"><ele>32.75</ele></trkpt>
   <trkpt lat="54.897641" lon="9.376997"><ele>33</ele></trkpt>
   <trkpt lat="54.896638" lon="9.376992"><ele>33.75</ele></trkpt>
   <trkpt lat="54.896054" lon="9.377007"><ele>33.75</ele></trkpt>
   <trkpt lat="54.895463" lon="9.377046"><ele>33.5</ele></trkpt>
   <trkpt lat="54.894581" lon="9.377123"><ele>33</ele></trkpt>
   <trkpt lat="54.893696" lon="9.377229"><ele>33.75</ele></trkpt>
   <trkpt lat="54.891897" lon="9.377489"><ele>33.75</ele></trkpt>
   <trkpt lat="54.888585" lon="9.378001"><ele>33.75</ele></trkpt>
   <trkpt lat="54.887068" lon="9.378195"><ele>33.5</ele></trkpt>
   <trkpt lat="54.885704" lon="9.378324"><ele>33</ele></trkpt>
   <trkpt lat="54.885104" lon="9.37837"><ele>33</ele></trkpt>
   <trkpt lat="54.884501" lon="9.378399"><ele>33</ele></trkpt>
   <trkpt lat="54.883038" lon="9.378431"><ele>33</ele></trkpt>
   <trkpt lat="54.881536" lon="9.378383"><ele>33</ele></trkpt>
   <trkpt lat="54.881032" lon="9.378348"><ele>33</ele></trkpt>
   <trkpt lat="54.880285" lon="9.37829"><ele>32.75</ele></trkpt>
   <trkpt lat="54.879543" lon="9.378211"><ele>33</ele></trkpt>
   <trkpt lat="54.878921" lon="9.378129"><ele>32.75</ele></trkpt>
   <trkpt lat="54.877323" lon="9.377867"><ele>32.25</ele></trkpt>
   <trkpt lat="54.876666" lon="9.377704"><ele>32.5</ele></trkpt>
   <trkpt lat="54.875728" lon="9.377443"><ele>33.5</ele></trkpt>
   <trkpt lat="54.875607" lon="9.377402"><ele>34</ele></trkpt>
   <trkpt lat="54.875402" lon="9.37733"><ele>33.75</ele></trkpt>
   <trkpt lat="54.874751" lon="9.377104"><ele>32.5</ele></trkpt>
   <trkpt lat="54.87381" lon="9.376703"><ele>32.25</ele></trkpt>
   <trkpt lat="54.87278" lon="9.376204"><ele>33</ele></trkpt>
   <trkpt lat="54.871509" lon="9.375495"><ele>33</ele></trkpt>
   <trkpt lat="54.870066" lon="9.374527"><ele>33</ele></trkpt>
   <trkpt lat="54.868316" lon="9.373113"><ele>33</ele></trkpt>
   <trkpt lat="54.865572" lon="9.370401"><ele>33</ele></trkpt>
   <trkpt lat="54.861651" lon="9.365937"><ele>34</ele></trkpt>
   <trkpt lat="54.859853" lon="9.363848"><ele>34</ele></trkpt>
   <trkpt lat="54.858703" lon="9.362528"><ele>36.5</ele></trkpt>
   <trkpt lat="54.858404" lon="9.362181"><ele>35.25</ele></trkpt>
   <trkpt lat="54.858358" lon="9.362128"><ele>34.25</ele></trkpt>
   <trkpt lat="54.857791" lon="9.361473"><ele>34</ele></trkpt>
   <trkpt lat="54.855121" lon="9.358432"><ele>34.25</ele></trkpt>
   <trkpt lat="54.849821" lon="9.352386"><ele>36.5</ele></trkpt>
   <trkpt lat="54.847977" lon="9.350299"><ele>39.25</ele></trkpt>
   <trkpt lat="54.846644" lon="9.348855"><ele>42</ele></trkpt>
   <trkpt lat="54.842927" lon="9.344891"><ele>47</ele></trkpt>
   <trkpt lat="54.842469" lon="9.344434"><ele>48.75</ele></trkpt>
   <trkpt lat="54.842094" lon="9.344059"><ele>47.5</ele></trkpt>
   <trkpt lat="54.839759" lon="9.341807"><ele>46.5</ele></trkpt>
   <trkpt lat="54.838069" lon="9.340238"><ele>44.75</ele></trkpt>
   <trkpt lat="54.837428" lon="9.339648"><ele>44</ele></trkpt>
   <trkpt lat="54.836797" lon="9.339099"><ele>43</ele></trkpt>
   <trkpt lat="54.836552" lon="9.338875"><ele>45.25</ele></trkpt>
   <trkpt lat="54.836367" lon="9.338705"><ele>44.75</ele></trkpt>
   <trkpt lat="54.8348" lon="9.337272"><ele>41.25</ele></trkpt>
   <trkpt lat="54.833774" lon="9.336253"><ele>41.25</ele></trkpt>
   <trkpt lat="54.832775" lon="9.33521"><ele>41</ele></trkpt>
   <trkpt lat="54.831527" lon="9.333799"><ele>40.5</ele></trkpt>
   <trkpt lat="54.830266" lon="9.332164"><ele>40</ele></trkpt>
   <trkpt lat="54.828858" lon="9.330376"><ele>40</ele></trkpt>
   <trkpt lat="54.827853" lon="9.329192"><ele>40</ele></trkpt>
   <trkpt lat="54.826815" lon="9.328047"><ele>40</ele></trkpt>
   <trkpt lat="54.825523" lon="9.326905"><ele>39.5</ele></trkpt>
   <trkpt lat="54.823867" lon="9.325811"><ele>39.75</ele></trkpt>
   <trkpt lat="54.822532" lon="9.325116"><ele>39.25</ele></trkpt>
   <trkpt lat="54.82232" lon="9.32503"><ele>42.25</ele></trkpt>
   <trkpt lat="54.8221" lon="9.324941"><ele>41.75</ele></trkpt>
   <trkpt lat="54.821577" lon="9.324728"><ele>39</ele></trkpt>
   <trkpt lat="54.820513" lon="9.324415"><ele>39</ele></trkpt>
   <trkpt lat="54.819473" lon="9.324224"><ele>39</ele></trkpt>
   <trkpt lat="54.818484" lon="9.324124"><ele>39</ele></trkpt>
   <trkpt lat="54.817644" lon="9.324092"><ele>39</ele></trkpt>
   <trkpt lat="54.817144" lon="9.324112"><ele>38.75</ele></trkpt>
   <trkpt lat="54.817034" lon="9.324116"><ele>38.75</ele></trkpt>
   <trkpt lat="54.815999" lon="9.324189"><ele>38</ele></trkpt>
   <trkpt lat="54.814861" lon="9.324351"><ele>37.75</ele></trkpt>
   <trkpt lat="54.81404" lon="9.324517"><ele>37.5</ele></trkpt>
   <trkpt lat="54.813558" lon="9.324642"><ele>37.75</ele></trkpt>
   <trkpt lat="54.813256" lon="9.32472"><ele>37.75</ele></trkpt>
   <trkpt lat="54.812576" lon="9.324937"><ele>37.75</ele></trkpt>
   <trkpt lat="54.811855" lon="9.325198"><ele>37.5</ele></trkpt>
   <trkpt lat="54.810965" lon="9.325569"><ele>37.75</ele></trkpt>
   <trkpt lat="54.81006" lon="9.326001"><ele>37.5</ele></trkpt>
   <trkpt lat="54.808301" lon="9.326891"><ele>37.5</ele></trkpt>
   <trkpt lat="54.808023" lon="9.327037"><ele>37.75</ele></trkpt>
   <trkpt lat="54.805836" lon="9.328141"><ele>38</ele></trkpt>
   <trkpt lat="54.805812" lon="9.328153"><ele>37.75</ele></trkpt>
   <trkpt lat="54.802499" lon="9.329836"><ele>36</ele></trkpt>
   <trkpt lat="54.802059" lon="9.330056"><ele>36</ele></trkpt>
   <trkpt lat="54.801531" lon="9.330319"><ele>36</ele></trkpt>
   <trkpt lat="54.800718" lon="9.33074"><ele>35</ele></trkpt>
   <trkpt lat="54.798549" lon="9.331843"><ele>35</ele></trkpt>
   <trkpt lat="54.797682" lon="9.332294"><ele>35</ele></trkpt>
   <trkpt lat="54.797103" lon="9.332573"><ele>35</ele></trkpt>
   <trkpt lat="54.79287" lon="9.33473"><ele>30.25</ele></trkpt>
   <trkpt lat="54.788573" lon="9.336908"><ele>31.75</ele></trkpt>
   <trkpt lat="54.78433" lon="9.339065"><ele>34</ele></trkpt>
   <trkpt lat="54.783512" lon="9.339484"><ele>34</ele></trkpt>
   <trkpt lat="54.781892" lon="9.340351"><ele>34</ele></trkpt>
   <trkpt lat="54.780121" lon="9.341337"><ele>34</ele></trkpt>
   <trkpt lat="54.778467" lon="9.342315"><ele>34</ele></trkpt>
   <trkpt lat="54.777618" lon="9.342841"><ele>34</ele></trkpt>
   <trkpt lat="54.776612" lon="9.343496"><ele>34.25</ele></trkpt>
   <trkpt lat="54.776475" lon="9.343582"><ele>34.25</ele></trkpt>
   <trkpt lat="54.775862" lon="9.343986"><ele>35</ele></trkpt>
   <trkpt lat="54.775306" lon="9.344375"><ele>35</ele></trkpt>
   <trkpt lat="54.77427" lon="9.345122"><ele>34.5</ele></trkpt>
   <trkpt lat="54.77377" lon="9.345488"><ele>35</ele></trkpt>
   <trkpt lat="54.773273" lon="9.345873"><ele>36</ele></trkpt>
   <trkpt lat="54.772808" lon="9.346256"><ele>37</ele></trkpt>
   <trkpt lat="54.772562" lon="9.346448"><ele>37</ele></trkpt>
   <trkpt lat="54.772503" lon="9.34649"><ele>37</ele></trkpt>
   <trkpt lat="54.771989" lon="9.346912"><ele>37</ele></trkpt>
   <trkpt lat="54.771474" lon="9.347363"><ele>39</ele></trkpt>
   <trkpt lat="54.77086" lon="9.347919"><ele>42.75</ele></trkpt>
   <trkpt lat="54.770336" lon="9.348387"><ele>44</ele></trkpt>
   <trkpt lat="54.770241" lon="9.348472"><ele>44.5</ele></trkpt>
   <trkpt lat="54.769971" lon="9.348734"><ele>45</ele></trkpt>
   <trkpt lat="54.769356" lon="9.34934"><ele>46.25</ele></trkpt>
   <trkpt lat="54.768852" lon="9.349844"><ele>47</ele></trkpt>
   <trkpt lat="54.767956" lon="9.350801"><ele>47.25</ele></trkpt>
   <trkpt lat="54.767598" lon="9.351202"><ele>47</ele></trkpt>
   <trkpt lat="54.76722" lon="9.35164"><ele>46</ele></trkpt>
   <trkpt lat="54.765915" lon="9.353244"><ele>46</ele></trkpt>
   <trkpt lat="54.765701" lon="9.353526"><ele>46.25</ele></trkpt>
   <trkpt lat="54.764857" lon="9.354648"><ele>45</ele></trkpt>
   <trkpt lat="54.764014" lon="9.355852"><ele>44.5</ele></trkpt>
   <trkpt lat="54.763508" lon="9.356579"><ele>46.25</ele></trkpt>
   <trkpt lat="54.762336" lon="9.358407"><ele>47</ele></trkpt>
   <trkpt lat="54.761088" lon="9.360441"><ele>45</ele></trkpt>
   <trkpt lat="54.760751" lon="9.360983"><ele>45</ele></trkpt>
   <trkpt lat="54.759787" lon="9.362555"><ele>45</ele></trkpt>
   <trkpt lat="54.758969" lon="9.363858"><ele>45</ele></trkpt>
   <trkpt lat="54.758179" lon="9.365098"><ele>44</ele></trkpt>
   <trkpt lat="54.757384" lon="9.366284"><ele>43.25</ele></trkpt>
   <trkpt lat="54.756414" lon="9.367667"><ele>45.25</ele></trkpt>
   <trkpt lat="54.755735" lon="9.368551"><ele>42.25</ele></trkpt>
   <trkpt lat="54.75504" lon="9.369439"><ele>41.75</ele></trkpt>
   <trkpt lat="54.753763" lon="9.37095"><ele>40</ele></trkpt>
   <trkpt lat="54.7525" lon="9.372303"><ele>40</ele></trkpt>
   <trkpt lat="54.751966" lon="9.372843"><ele>40</ele></trkpt>
   <trkpt lat="54.751429" lon="9.373347"><ele>40</ele></trkpt>
   <trkpt lat="54.750675" lon="9.374081"><ele>40</ele></trkpt>
   <trkpt lat="54.749882" lon="9.374801"><ele>40</ele></trkpt>
   <trkpt lat="54.746164" lon="9.378099"><ele>40</ele></trkpt>
   <trkpt lat="54.745884" lon="9.378347"><ele>40</ele></trkpt>
   <trkpt lat="54.744731" lon="9.379331"><ele>40</ele></trkpt>
   <trkpt lat="54.744376" lon="9.379646"><ele>40</ele></trkpt>
   <trkpt lat="54.743435" lon="9.380518"><ele>40</ele></trkpt>
   <trkpt lat="54.741967" lon="9.381797"><ele>38</ele></trkpt>
   <trkpt lat="54.741905" lon="9.381853"><ele>38</ele></trkpt>
   <trkpt lat="54.741133" lon="9.382541"><ele>37</ele></trkpt>
   <trkpt lat="54.738773" lon="9.384656"><ele>37</ele></trkpt>
   <trkpt lat="54.737899" lon="9.385421"><ele>38</ele></trkpt>
   <trkpt lat="54.7375" lon="9.385771"><ele>39.75</ele></trkpt>
   <trkpt lat="54.7374" lon="9.385858"><ele>40</ele></trkpt>
   <trkpt lat="54.736661" lon="9.38651"><ele>39</ele></trkpt>
   <trkpt lat="54.734675" lon="9.388272"><ele>35</ele></trkpt>
   <trkpt lat="54.733957" lon="9.388899"><ele>35</ele></trkpt>
   <trkpt lat="54.73312" lon="9.389645"><ele>35</ele></trkpt>
   <trkpt lat="54.729892" lon="9.392437"><ele>35</ele></trkpt>
   <trkpt lat="54.728413" lon="9.39365"><ele>35</ele></trkpt>
   <trkpt lat="54.726851" lon="9.394833"><ele>35</ele></trkpt>
   <trkpt lat="54.726187" lon="9.395306"><ele>35</ele></trkpt>
   <trkpt lat="54.725794" lon="9.395569"><ele>35</ele></trkpt>
   <trkpt lat="54.725303" lon="9.395896"><ele>35</ele></trkpt>
   <trkpt lat="54.724184" lon="9.396582"><ele>35</ele></trkpt>
   <trkpt lat="54.723557" lon="9.396926"><ele>35</ele></trkpt>
   <trkpt lat="54.722787" lon="9.39733"><ele>34</ele></trkpt>
   <trkpt lat="54.722011" lon="9.397708"><ele>34</ele></trkpt>
   <trkpt lat="54.721551" lon="9.397914"><ele>34</ele></trkpt>
   <trkpt lat="54.720298" lon="9.398408"><ele>34</ele></trkpt>
   <trkpt lat="54.718799" lon="9.398914"><ele>34</ele></trkpt>
   <trkpt lat="54.717135" lon="9.399336"><ele>33</ele></trkpt>
   <trkpt lat="54.716844" lon="9.39941"><ele>33</ele></trkpt>
   <trkpt lat="54.715254" lon="9.399717"><ele>32</ele></trkpt>
   <trkpt lat="54.712652" lon="9.400123"><ele>32</ele></trkpt>
   <trkpt lat="54.71159" lon="9.400285"><ele>32</ele></trkpt>
   <trkpt lat="54.709172" lon="9.400689"><ele>32</ele></trkpt>
   <trkpt lat="54.708104" lon="9.400903"><ele>32</ele></trkpt>
   <trkpt lat="54.706997" lon="9.401166"><ele>32</ele></trkpt>
   <trkpt lat="54.70594" lon="9.40146"><ele>32</ele></trkpt>
   <trkpt lat="54.705151" lon="9.4017"><ele>32</ele></trkpt>
   <trkpt lat="54.70416" lon="9.402048"><ele>31</ele></trkpt>
   <trkpt lat="54.703785" lon="9.402191"><ele>31</ele></trkpt>
   <trkpt lat="54.703139" lon="9.402443"><ele>31</ele></trkpt>
   <trkpt lat="54.701722" lon="9.403066"><ele>30</ele></trkpt>
   <trkpt lat="54.700857" lon="9.403485"><ele>30</ele></trkpt>
   <trkpt lat="54.700234" lon="9.403805"><ele>30</ele></trkpt>
   <trkpt lat="54.699441" lon="9.404242"><ele>30</ele></trkpt>
   <trkpt lat="54.698861" lon="9.404556"><ele>30</ele></trkpt>
   <trkpt lat="54.697981" lon="9.405096"><ele>30</ele></trkpt>
   <trkpt lat="54.697209" lon="9.405548"><ele>30.75</ele></trkpt>
   <trkpt lat="54.695216" lon="9.406877"><ele>32</ele></trkpt>
   <trkpt lat="54.693224" lon="9.408286"><ele>30</ele></trkpt>
   <trkpt lat="54.692927" lon="9.408507"><ele>29.5</ele></trkpt>
   <trkpt lat="54.691897" lon="9.409287"><ele>29</ele></trkpt>
   <trkpt lat="54.69107" lon="9.409948"><ele>29</ele></trkpt>
   <trkpt lat="54.690545" lon="9.410343"><ele>28</ele></trkpt>
   <trkpt lat="54.688527" lon="9.411987"><ele>27</ele></trkpt>
   <trkpt lat="54.687744" lon="9.412632"><ele>27</ele></trkpt>
   <trkpt lat="54.687075" lon="9.413212"><ele>27</ele></trkpt>
   <trkpt lat="54.683047" lon="9.416668"><ele>27</ele></trkpt>
   <trkpt lat="54.681806" lon="9.417746"><ele>27</ele></trkpt>
   <trkpt lat="54.678988" lon="9.420138"><ele>27</ele></trkpt>
   <trkpt lat="54.676481" lon="9.422195"><ele>29</ele></trkpt>
   <trkpt lat="54.675586" lon="9.422879"><ele>30</ele></trkpt>
   <trkpt lat="54.674939" lon="9.423394"><ele>29.5</ele></trkpt>
   <trkpt lat="54.673662" lon="9.424378"><ele>30.5</ele></trkpt>
   <trkpt lat="54.673094" lon="9.42481"><ele>31.25</ele></trkpt>
   <trkpt lat="54.672741" lon="9.425057"><ele>31.5</ele></trkpt>
   <trkpt lat="54.672348" lon="9.425315"><ele>31.75</ele></trkpt>
   <trkpt lat="54.670743" lon="9.426408"><ele>32</ele></trkpt>
   <trkpt lat="54.669726" lon="9.427078"><ele>32.75</ele></trkpt>
   <trkpt lat="54.668504" lon="9.427861"><ele>34</ele></trkpt>
   <trkpt lat="54.667743" lon="9.428321"><ele>35</ele></trkpt>
   <trkpt lat="54.666826" lon="9.428843"><ele>38</ele></trkpt>
   <trkpt lat="54.666518" lon="9.429032"><ele>38.5</ele></trkpt>
   <trkpt lat="54.66596" lon="9.429344"><ele>39</ele></trkpt>
   <trkpt lat="54.664191" lon="9.430293"><ele>45.75</ele></trkpt>
   <trkpt lat="54.663909" lon="9.430424"><ele>46.75</ele></trkpt>
   <trkpt lat="54.662848" lon="9.430967"><ele>50.5</ele></trkpt>
   <trkpt lat="54.662362" lon="9.431197"><ele>52</ele></trkpt>
   <trkpt lat="54.66223" lon="9.431258"><ele>52</ele></trkpt>
   <trkpt lat="54.662027" lon="9.431352"><ele>51.75</ele></trkpt>
   <trkpt lat="54.660464" lon="9.432073"><ele>50.25</ele></trkpt>
   <trkpt lat="54.658358" lon="9.432956"><ele>45</ele></trkpt>
   <trkpt lat="54.657881" lon="9.433142"><ele>45</ele></trkpt>
   <trkpt lat="54.65715" lon="9.433426"><ele>41</ele></trkpt>
   <trkpt lat="54.655176" lon="9.434129"><ele>45.75</ele></trkpt>
   <trkpt lat="54.653538" lon="9.434659"><ele>45</ele></trkpt>
   <trkpt lat="54.6529" lon="9.434867"><ele>42.25</ele></trkpt>
   <trkpt lat="54.65129" lon="9.435351"><ele>36.25</ele></trkpt>
   <trkpt lat="54.648964" lon="9.435995"><ele>30</ele></trkpt>
   <trkpt lat="54.646583" lon="9.436598"><ele>26</ele></trkpt>
   <trkpt lat="54.644637" lon="9.437056"><ele>24.75</ele></trkpt>
   <trkpt lat="54.642842" lon="9.437464"><ele>24</ele></trkpt>
   <trkpt lat="54.641045" lon="9.437848"><ele>24.25</ele></trkpt>
   <trkpt lat="54.640169" lon="9.438048"><ele>25</ele></trkpt>
   <trkpt lat="54.635732" lon="9.438975"><ele>25</ele></trkpt>
   <trkpt lat="54.632991" lon="9.439564"><ele>20</ele></trkpt>
   <trkpt lat="54.631252" lon="9.439927"><ele>20</ele></trkpt>
   <trkpt lat="54.626768" lon="9.440873"><ele>19</ele></trkpt>
   <trkpt lat="54.623639" lon="9.441528"><ele>19</ele></trkpt>
   <trkpt lat="54.622318" lon="9.441808"><ele>18.5</ele></trkpt>
   <trkpt lat="54.620732" lon="9.442143"><ele>18</ele></trkpt>
   <trkpt lat="54.619041" lon="9.442525"><ele>18</ele></trkpt>
   <trkpt lat="54.617856" lon="9.442808"><ele>18</ele></trkpt>
   <trkpt lat="54.617212" lon="9.442985"><ele>17.25</ele></trkpt>
   <trkpt lat="54.616179" lon="9.443298"><ele>18</ele></trkpt>
   <trkpt lat="54.615645" lon="9.443473"><ele>18</ele></trkpt>
   <trkpt lat="54.615111" lon="9.44367"><ele>19</ele></trkpt>
   <trkpt lat="54.614137" lon="9.444057"><ele>19</ele></trkpt>
   <trkpt lat="54.613424" lon="9.444372"><ele>20</ele></trkpt>
   <trkpt lat="54.612408" lon="9.444857"><ele>20</ele></trkpt>
   <trkpt lat="54.611594" lon="9.445264"><ele>20</ele></trkpt>
   <trkpt lat="54.610552" lon="9.445823"><ele>19.75</ele></trkpt>
   <trkpt lat="54.609177" lon="9.44667"><ele>19</ele></trkpt>
   <trkpt lat="54.608186" lon="9.447298"><ele>18</ele></trkpt>
   <trkpt lat="54.607151" lon="9.447998"><ele>18</ele></trkpt>
   <trkpt lat="54.60612" lon="9.448731"><ele>17.75</ele></trkpt>
   <trkpt lat="54.605017" lon="9.44954"><ele>18.5</ele></trkpt>
   <trkpt lat="54.603674" lon="9.450561"><ele>19.75</ele></trkpt>
   <trkpt lat="54.602774" lon="9.451271"><ele>20</ele></trkpt>
   <trkpt lat="54.600946" lon="9.452784"><ele>17</ele></trkpt>
   <trkpt lat="54.597005" lon="9.456109"><ele>15</ele></trkpt>
   <trkpt lat="54.596944" lon="9.456162"><ele>15</ele></trkpt>
   <trkpt lat="54.596653" lon="9.456413"><ele>15</ele></trkpt>
   <trkpt lat="54.595328" lon="9.457528"><ele>15</ele></trkpt>
   <trkpt lat="54.593999" lon="9.458624"><ele>16</ele></trkpt>
   <trkpt lat="54.592926" lon="9.459485"><ele>18.25</ele></trkpt>
   <trkpt lat="54.590612" lon="9.46128"><ele>21</ele></trkpt>
   <trkpt lat="54.590045" lon="9.461702"><ele>22</ele></trkpt>
   <trkpt lat="54.588827" lon="9.462587"><ele>22</ele></trkpt>
   <trkpt lat="54.58711" lon="9.463767"><ele>21</ele></trkpt>
   <trkpt lat="54.585255" lon="9.464926"><ele>22</ele></trkpt>
   <trkpt lat="54.584631" lon="9.46527"><ele>22</ele></trkpt>
   <trkpt lat="54.583547" lon="9.465859"><ele>22</ele></trkpt>
   <trkpt lat="54.582766" lon="9.466256"><ele>23</ele></trkpt>
   <trkpt lat="54.581293" lon="9.466935"><ele>23</ele></trkpt>
   <trkpt lat="54.58034" lon="9.467324"><ele>23</ele></trkpt>
   <trkpt lat="54.579843" lon="9.467516"><ele>23</ele></trkpt>
   <trkpt lat="54.578843" lon="9.467866"><ele>23</ele></trkpt>
   <trkpt lat="54.577971" lon="9.468134"><ele>23</ele></trkpt>
   <trkpt lat="54.577097" lon="9.468371"><ele>24</ele></trkpt>
   <trkpt lat="54.575921" lon="9.468643"><ele>26</ele></trkpt>
   <trkpt lat="54.575366" lon="9.468746"><ele>26</ele></trkpt>
   <trkpt lat="54.574281" lon="9.468917"><ele>26</ele></trkpt>
   <trkpt lat="54.572533" lon="9.469122"><ele>26</ele></trkpt>
   <trkpt lat="54.571477" lon="9.469182"><ele>25.25</ele></trkpt>
   <trkpt lat="54.569926" lon="9.469192"><ele>22</ele></trkpt>
   <trkpt lat="54.568823" lon="9.469135"><ele>22</ele></trkpt>
   <trkpt lat="54.567715" lon="9.469049"><ele>21</ele></trkpt>
   <trkpt lat="54.566962" lon="9.468964"><ele>21</ele></trkpt>
   <trkpt lat="54.565657" lon="9.468793"><ele>21</ele></trkpt>
   <trkpt lat="54.563225" lon="9.468414"><ele>20.25</ele></trkpt>
   <trkpt lat="54.562542" lon="9.468293"><ele>20</ele></trkpt>
   <trkpt lat="54.560783" lon="9.467979"><ele>20</ele></trkpt>
   <trkpt lat="54.559335" lon="9.467728"><ele>19.25</ele></trkpt>
   <trkpt lat="54.558045" lon="9.467527"><ele>19</ele></trkpt>
   <trkpt lat="54.557134" lon="9.467401"><ele>19</ele></trkpt>
   <trkpt lat="54.555389" lon="9.467222"><ele>20</ele></trkpt>
   <trkpt lat="54.554555" lon="9.467165"><ele>20</ele></trkpt>
   <trkpt lat="54.553391" lon="9.467117"><ele>20</ele></trkpt>
   <trkpt lat="54.552885" lon="9.467102"><ele>19.5</ele></trkpt>
   <trkpt lat="54.551249" lon="9.467176"><ele>19</ele></trkpt>
   <trkpt lat="54.550506" lon="9.467241"><ele>19</ele></trkpt>
   <trkpt lat="54.549749" lon="9.467334"><ele>19.75</ele></trkpt>
   <trkpt lat="54.548909" lon="9.467496"><ele>20</ele></trkpt>
   <trkpt lat="54.548041" lon="9.467678"><ele>20</ele></trkpt>
   <trkpt lat="54.546408" lon="9.468112"><ele>20</ele></trkpt>
   <trkpt lat="54.544836" lon="9.468664"><ele>18</ele></trkpt>
   <trkpt lat="54.54448" lon="9.468812"><ele>18</ele></trkpt>
   <trkpt lat="54.543604" lon="9.469184"><ele>18</ele></trkpt>
   <trkpt lat="54.542811" lon="9.469564"><ele>18</ele></trkpt>
   <trkpt lat="54.541999" lon="9.469984"><ele>18</ele></trkpt>
   <trkpt lat="54.540947" lon="9.470586"><ele>18</ele></trkpt>
   <trkpt lat="54.540157" lon="9.471088"><ele>18</ele></trkpt>
   <trkpt lat="54.539894" lon="9.471254"><ele>18</ele></trkpt>
   <trkpt lat="54.538805" lon="9.472028"><ele>18</ele></trkpt>
   <trkpt lat="54.538426" lon="9.472315"><ele>18</ele></trkpt>
   <trkpt lat="54.537164" lon="9.473302"><ele>18</ele></trkpt>
   <trkpt lat="54.536049" lon="9.474284"><ele>20</ele></trkpt>
   <trkpt lat="54.535397" lon="9.474895"><ele>21</ele></trkpt>
   <trkpt lat="54.534749" lon="9.475526"><ele>21</ele></trkpt>
   <trkpt lat="54.534112" lon="9.476182"><ele>20</ele></trkpt>
   <trkpt lat="54.533359" lon="9.47699"><ele>18</ele></trkpt>
   <trkpt lat="54.53261" lon="9.477844"><ele>20</ele></trkpt>
   <trkpt lat="54.532224" lon="9.478301"><ele>20.75</ele></trkpt>
   <trkpt lat="54.531282" lon="9.479459"><ele>21</ele></trkpt>
   <trkpt lat="54.529701" lon="9.481506"><ele>22.25</ele></trkpt>
   <trkpt lat="54.528604" lon="9.482947"><ele>24</ele></trkpt>
   <trkpt lat="54.528079" lon="9.483631"><ele>24</ele></trkpt>
   <trkpt lat="54.527615" lon="9.484204"><ele>24</ele></trkpt>
   <trkpt lat="54.526923" lon="9.4851"><ele>24.25</ele></trkpt>
   <trkpt lat="54.526076" lon="9.486123"><ele>25</ele></trkpt>
   <trkpt lat="54.525692" lon="9.486577"><ele>25.5</ele></trkpt>
   <trkpt lat="54.524931" lon="9.487429"><ele>27.75</ele></trkpt>
   <trkpt lat="54.52489" lon="9.487469"><ele>27.75</ele></trkpt>
   <trkpt lat="54.524028" lon="9.488385"><ele>28</ele></trkpt>
   <trkpt lat="54.523294" lon="9.489116"><ele>27</ele></trkpt>
   <trkpt lat="54.522684" lon="9.489692"><ele>26</ele></trkpt>
   <trkpt lat="54.522151" lon="9.490166"><ele>26</ele></trkpt>
   <trkpt lat="54.521462" lon="9.490755"><ele>25.25</ele></trkpt>
   <trkpt lat="54.521057" lon="9.4911"><ele>24.75</ele></trkpt>
   <trkpt lat="54.5198" lon="9.492094"><ele>24</ele></trkpt>
   <trkpt lat="54.518105" lon="9.493348"><ele>26.75</ele></trkpt>
   <trkpt lat="54.517369" lon="9.49387"><ele>32.75</ele></trkpt>
   <trkpt lat="54.516894" lon="9.494205"><ele>36</ele></trkpt>
   <trkpt lat="54.515684" lon="9.495066"><ele>34.5</ele></trkpt>
   <trkpt lat="54.514635" lon="9.495794"><ele>34.75</ele></trkpt>
   <trkpt lat="54.512812" lon="9.49712"><ele>35</ele></trkpt>
   <trkpt lat="54.512134" lon="9.497632"><ele>35</ele></trkpt>
   <trkpt lat="54.510791" lon="9.498709"><ele>36.75</ele></trkpt>
   <trkpt lat="54.509442" lon="9.499871"><ele>34.25</ele></trkpt>
   <trkpt lat="54.508815" lon="9.500452"><ele>32.25</ele></trkpt>
   <trkpt lat="54.507872" lon="9.501369"><ele>32</ele></trkpt>
   <trkpt lat="54.50698" lon="9.502275"><ele>32</ele></trkpt>
   <trkpt lat="54.506492" lon="9.502797"><ele>32</ele></trkpt>
   <trkpt lat="54.506114" lon="9.503214"><ele>32</ele></trkpt>
   <trkpt lat="54.505676" lon="9.503703"><ele>32.75</ele></trkpt>
   <trkpt lat="54.505029" lon="9.504446"><ele>26.25</ele></trkpt>
   <trkpt lat="54.504583" lon="9.504974"><ele>22.75</ele></trkpt>
   <trkpt lat="54.504125" lon="9.505538"><ele>23.25</ele></trkpt>
   <trkpt lat="54.50373" lon="9.506039"><ele>22.75</ele></trkpt>
   <trkpt lat="54.503337" lon="9.506538"><ele>23.75</ele></trkpt>
   <trkpt lat="54.502554" lon="9.507577"><ele>23.5</ele></trkpt>
   <trkpt lat="54.501732" lon="9.5087"><ele>24.25</ele></trkpt>
   <trkpt lat="54.501388" lon="9.509213"><ele>23.5</ele></trkpt>
   <trkpt lat="54.499738" lon="9.511669"><ele>23.75</ele></trkpt>
   <trkpt lat="54.499019" lon="9.51277"><ele>24.5</ele></trkpt>
   <trkpt lat="54.49812" lon="9.51418"><ele>26</ele></trkpt>
   <trkpt lat="54.496442" lon="9.516788"><ele>27</ele></trkpt>
   <trkpt lat="54.495349" lon="9.51844"><ele>27.5</ele></trkpt>
   <trkpt lat="54.494791" lon="9.519258"><ele>29.75</ele></trkpt>
   <trkpt lat="54.494193" lon="9.520111"><ele>32</ele></trkpt>
   <trkpt lat="54.493583" lon="9.520945"><ele>32.25</ele></trkpt>
   <trkpt lat="54.492913" lon="9.52184"><ele>32.25</ele></trkpt>
   <trkpt lat="54.492183" lon="9.522772"><ele>32</ele></trkpt>
   <trkpt lat="54.491646" lon="9.523438"><ele>32</ele></trkpt>
   <trkpt lat="54.491237" lon="9.523916"><ele>32</ele></trkpt>
   <trkpt lat="54.490472" lon="9.524817"><ele>32</ele></trkpt>
   <trkpt lat="54.4897" lon="9.525694"><ele>32</ele></trkpt>
   <trkpt lat="54.488285" lon="9.527276"><ele>34.25</ele></trkpt>
   <trkpt lat="54.487463" lon="9.528172"><ele>36.25</ele></trkpt>
   <trkpt lat="54.486206" lon="9.529567"><ele>32.75</ele></trkpt>
   <trkpt lat="54.484906" lon="9.531043"><ele>30.5</ele></trkpt>
   <trkpt lat="54.483792" lon="9.532362"><ele>25.5</ele></trkpt>
   <trkpt lat="54.48348" lon="9.532734"><ele>21.75</ele></trkpt>
   <trkpt lat="54.483057" lon="9.533258"><ele>20.75</ele></trkpt>
   <trkpt lat="54.482667" lon="9.533758"><ele>24</ele></trkpt>
   <trkpt lat="54.482365" lon="9.534144"><ele>25.25</ele></trkpt>
   <trkpt lat="54.481509" lon="9.535285"><ele>23.25</ele></trkpt>
   <trkpt lat="54.480268" lon="9.537059"><ele>22</ele></trkpt>
   <trkpt lat="54.479975" lon="9.537492"><ele>22</ele></trkpt>
   <trkpt lat="54.479307" lon="9.538511"><ele>24.5</ele></trkpt>
   <trkpt lat="54.478634" lon="9.539587"><ele>27</ele></trkpt>
   <trkpt lat="54.477453" lon="9.541586"><ele>23.75</ele></trkpt>
   <trkpt lat="54.477132" lon="9.542161"><ele>22.5</ele></trkpt>
   <trkpt lat="54.476081" lon="9.544075"><ele>21</ele></trkpt>
   <trkpt lat="54.474961" lon="9.546343"><ele>20.25</ele></trkpt>
   <trkpt lat="54.474379" lon="9.547552"><ele>21.75</ele></trkpt>
   <trkpt lat="54.473859" lon="9.548665"><ele>20.75</ele></trkpt>
   <trkpt lat="54.472576" lon="9.551498"><ele>20</ele></trkpt>
   <trkpt lat="54.47113" lon="9.554766"><ele>20</ele></trkpt>
   <trkpt lat="54.470698" lon="9.55574"><ele>20</ele></trkpt>
   <trkpt lat="54.469316" lon="9.558814"><ele>21.5</ele></trkpt>
   <trkpt lat="54.46836" lon="9.560831"><ele>18</ele></trkpt>
   <trkpt lat="54.467852" lon="9.561867"><ele>17.25</ele></trkpt>
   <trkpt lat="54.467338" lon="9.562894"><ele>18</ele></trkpt>
   <trkpt lat="54.466632" lon="9.564241"><ele>17</ele></trkpt>
   <trkpt lat="54.46591" lon="9.565569"><ele>18</ele></trkpt>
   <trkpt lat="54.465357" lon="9.566537"><ele>19</ele></trkpt>
   <trkpt lat="54.464604" lon="9.567819"><ele>19</ele></trkpt>
   <trkpt lat="54.464133" lon="9.568577"><ele>19</ele></trkpt>
   <trkpt lat="54.464055" lon="9.5687"><ele>19</ele></trkpt>
   <trkpt lat="54.463306" lon="9.569905"><ele>20</ele></trkpt>
   <trkpt lat="54.462066" lon="9.571761"><ele>20</ele></trkpt>
   <trkpt lat="54.461162" lon="9.573032"><ele>20</ele></trkpt>
   <trkpt lat="54.460396" lon="9.57407"><ele>20.5</ele></trkpt>
   <trkpt lat="54.459727" lon="9.574943"><ele>20.75</ele></trkpt>
   <trkpt lat="54.459056" lon="9.575785"><ele>21.25</ele></trkpt>
   <trkpt lat="54.458496" lon="9.576463"><ele>22</ele></trkpt>
   <trkpt lat="54.457883" lon="9.577185"><ele>23.5</ele></trkpt>
   <trkpt lat="54.457268" lon="9.577892"><ele>26</ele></trkpt>
   <trkpt lat="54.45637" lon="9.578878"><ele>24</ele></trkpt>
   <trkpt lat="54.455489" lon="9.579796"><ele>22.75</ele></trkpt>
   <trkpt lat="54.454712" lon="9.580567"><ele>22</ele></trkpt>
   <trkpt lat="54.454245" lon="9.581021"><ele>22</ele></trkpt>
   <trkpt lat="54.453338" lon="9.581869"><ele>22</ele></trkpt>
   <trkpt lat="54.452503" lon="9.58261"><ele>22.5</ele></trkpt>
   <trkpt lat="54.451666" lon="9.583318"><ele>24</ele></trkpt>
   <trkpt lat="54.450712" lon="9.584076"><ele>24</ele></trkpt>
   <trkpt lat="54.449915" lon="9.584692"><ele>24</ele></trkpt>
   <trkpt lat="54.449139" lon="9.585255"><ele>24</ele></trkpt>
   <trkpt lat="54.448354" lon="9.585794"><ele>25</ele></trkpt>
   <trkpt lat="54.448255" lon="9.585862"><ele>25</ele></trkpt>
   <trkpt lat="54.448119" lon="9.585956"><ele>25</ele></trkpt>
   <trkpt lat="54.446524" lon="9.586988"><ele>25</ele></trkpt>
   <trkpt lat="54.445919" lon="9.587365"><ele>26.25</ele></trkpt>
   <trkpt lat="54.444595" lon="9.588174"><ele>25</ele></trkpt>
   <trkpt lat="54.44229" lon="9.589547"><ele>24.25</ele></trkpt>
   <trkpt lat="54.438049" lon="9.592081"><ele>20</ele></trkpt>
   <trkpt lat="54.435983" lon="9.593319"><ele>20</ele></trkpt>
   <trkpt lat="54.433825" lon="9.594611"><ele>17.75</ele></trkpt>
   <trkpt lat="54.431302" lon="9.596115"><ele>17</ele></trkpt>
   <trkpt lat="54.429601" lon="9.597137"><ele>18.75</ele></trkpt>
   <trkpt lat="54.428751" lon="9.597661"><ele>17.5</ele></trkpt>
   <trkpt lat="54.427535" lon="9.598455"><ele>18.5</ele></trkpt>
   <trkpt lat="54.426828" lon="9.59896"><ele>19</ele></trkpt>
   <trkpt lat="54.425887" lon="9.599665"><ele>17</ele></trkpt>
   <trkpt lat="54.425416" lon="9.600045"><ele>17</ele></trkpt>
   <trkpt lat="54.424373" lon="9.60093"><ele>17</ele></trkpt>
   <trkpt lat="54.423539" lon="9.601699"><ele>17</ele></trkpt>
   <trkpt lat="54.42297" lon="9.602243"><ele>16.25</ele></trkpt>
   <trkpt lat="54.422405" lon="9.602803"><ele>16</ele></trkpt>
   <trkpt lat="54.421468" lon="9.603795"><ele>16</ele></trkpt>
   <trkpt lat="54.420562" lon="9.604817"><ele>16</ele></trkpt>
   <trkpt lat="54.42031" lon="9.605128"><ele>15.75</ele></trkpt>
   <trkpt lat="54.419878" lon="9.605633"><ele>16</ele></trkpt>
   <trkpt lat="54.419452" lon="9.606167"><ele>16</ele></trkpt>
   <trkpt lat="54.418943" lon="9.606824"><ele>16</ele></trkpt>
   <trkpt lat="54.418307" lon="9.60768"><ele>15</ele></trkpt>
   <trkpt lat="54.417849" lon="9.60833"><ele>15</ele></trkpt>
   <trkpt lat="54.417041" lon="9.609506"><ele>15</ele></trkpt>
   <trkpt lat="54.416241" lon="9.610748"><ele>15</ele></trkpt>
   <trkpt lat="54.415624" lon="9.611741"><ele>15</ele></trkpt>
   <trkpt lat="54.415194" lon="9.612459"><ele>15</ele></trkpt>
   <trkpt lat="54.414568" lon="9.613531"><ele>15</ele></trkpt>
   <trkpt lat="54.414181" lon="9.614197"><ele>15.75</ele></trkpt>
   <trkpt lat="54.413172" lon="9.616029"><ele>18.25</ele></trkpt>
   <trkpt lat="54.412631" lon="9.617049"><ele>17</ele></trkpt>
   <trkpt lat="54.411511" lon="9.619207"><ele>19.5</ele></trkpt>
   <trkpt lat="54.40866" lon="9.624918"><ele>19.25</ele></trkpt>
   <trkpt lat="54.407109" lon="9.628031"><ele>16.5</ele></trkpt>
   <trkpt lat="54.405657" lon="9.630903"><ele>15</ele></trkpt>
   <trkpt lat="54.404895" lon="9.632376"><ele>14.75</ele></trkpt>
   <trkpt lat="54.404343" lon="9.633418"><ele>15</ele></trkpt>
   <trkpt lat="54.403672" lon="9.634681"><ele>15.5</ele></trkpt>
   <trkpt lat="54.402877" lon="9.63613"><ele>17</ele></trkpt>
   <trkpt lat="54.402625" lon="9.636579"><ele>17</ele></trkpt>
   <trkpt lat="54.40159" lon="9.638345"><ele>19.25</ele></trkpt>
   <trkpt lat="54.401403" lon="9.638659"><ele>20</ele></trkpt>
   <trkpt lat="54.400755" lon="9.639708"><ele>21</ele></trkpt>
   <trkpt lat="54.400102" lon="9.640739"><ele>22</ele></trkpt>
   <trkpt lat="54.399358" lon="9.641841"><ele>19.25</ele></trkpt>
   <trkpt lat="54.398676" lon="9.642811"><ele>16</ele></trkpt>
   <trkpt lat="54.397976" lon="9.643762"><ele>16.75</ele></trkpt>
   <trkpt lat="54.397166" lon="9.644805"><ele>17</ele></trkpt>
   <trkpt lat="54.39655" lon="9.645556"><ele>16.5</ele></trkpt>
   <trkpt lat="54.395763" lon="9.646466"><ele>16.25</ele></trkpt>
   <trkpt lat="54.395295" lon="9.646987"><ele>17</ele></trkpt>
   <trkpt lat="54.394614" lon="9.647707"><ele>16.5</ele></trkpt>
   <trkpt lat="54.393813" lon="9.648509"><ele>15.75</ele></trkpt>
   <trkpt lat="54.392965" lon="9.64931"><ele>15.5</ele></trkpt>
   <trkpt lat="54.391877" lon="9.65026"><ele>15.75</ele></trkpt>
   <trkpt lat="54.391483" lon="9.650592"><ele>16</ele></trkpt>
   <trkpt lat="54.390808" lon="9.651132"><ele>15.75</ele></trkpt>
   <trkpt lat="54.390589" lon="9.651304"><ele>15.5</ele></trkpt>
   <trkpt lat="54.390224" lon="9.651594"><ele>16.5</ele></trkpt>
   <trkpt lat="54.389181" lon="9.652379"><ele>16.5</ele></trkpt>
   <trkpt lat="54.388712" lon="9.652715"><ele>17</ele></trkpt>
   <trkpt lat="54.387772" lon="9.653359"><ele>17</ele></trkpt>
   <trkpt lat="54.386889" lon="9.653951"><ele>16.5</ele></trkpt>
   <trkpt lat="54.385427" lon="9.654874"><ele>16.25</ele></trkpt>
   <trkpt lat="54.383559" lon="9.656003"><ele>16.25</ele></trkpt>
   <trkpt lat="54.382537" lon="9.656603"><ele>16.75</ele></trkpt>
   <trkpt lat="54.379319" lon="9.658528"><ele>15.5</ele></trkpt>
   <trkpt lat="54.378396" lon="9.659088"><ele>16.25</ele></trkpt>
   <trkpt lat="54.377574" lon="9.659605"><ele>16</ele></trkpt>
   <trkpt lat="54.376888" lon="9.66005"><ele>16.75</ele></trkpt>
   <trkpt lat="54.376598" lon="9.660245"><ele>16</ele></trkpt>
   <trkpt lat="54.375114" lon="9.661249"><ele>12.25</ele></trkpt>
   <trkpt lat="54.373438" lon="9.662466"><ele>9.75</ele></trkpt>
   <trkpt lat="54.372447" lon="9.663246"><ele>9.75</ele></trkpt>
   <trkpt lat="54.371482" lon="9.664057"><ele>8.25</ele></trkpt>
   <trkpt lat="54.371204" lon="9.664291"><ele>9.75</ele></trkpt>
   <trkpt lat="54.370867" lon="9.664603"><ele>11.5</ele></trkpt>
   <trkpt lat="54.369645" lon="9.665742"><ele>15.25</ele></trkpt>
   <trkpt lat="54.368866" lon="9.666509"><ele>18</ele></trkpt>
   <trkpt lat="54.367454" lon="9.66797"><ele>17</ele></trkpt>
   <trkpt lat="54.367111" lon="9.668356"><ele>17</ele></trkpt>
   <trkpt lat="54.366881" lon="9.668613"><ele>17</ele></trkpt>
   <trkpt lat="54.366413" lon="9.669139"><ele>17</ele></trkpt>
   <trkpt lat="54.365785" lon="9.669865"><ele>17</ele></trkpt>
   <trkpt lat="54.364351" lon="9.671585"><ele>17</ele></trkpt>
   <trkpt lat="54.363563" lon="9.672606"><ele>16</ele></trkpt>
   <trkpt lat="54.363009" lon="9.67333"><ele>16</ele></trkpt>
   <trkpt lat="54.362354" lon="9.674208"><ele>17</ele></trkpt>
   <trkpt lat="54.362009" lon="9.674685"><ele>16.25</ele></trkpt>
   <trkpt lat="54.361397" lon="9.675533"><ele>15</ele></trkpt>
   <trkpt lat="54.36045" lon="9.676891"><ele>14.5</ele></trkpt>
   <trkpt lat="54.359978" lon="9.677579"><ele>19.75</ele></trkpt>
   <trkpt lat="54.359129" lon="9.678856"><ele>18.75</ele></trkpt>
   <trkpt lat="54.358557" lon="9.679729"><ele>17.75</ele></trkpt>
   <trkpt lat="54.357353" lon="9.681636"><ele>16.75</ele></trkpt>
   <trkpt lat="54.356728" lon="9.682656"><ele>13</ele></trkpt>
   <trkpt lat="54.355033" lon="9.685485"><ele>12</ele></trkpt>
   <trkpt lat="54.354176" lon="9.686957"><ele>12</ele></trkpt>
   <trkpt lat="54.353478" lon="9.688199"><ele>12</ele></trkpt>
   <trkpt lat="54.352504" lon="9.689931"><ele>10.75</ele></trkpt>
   <trkpt lat="54.351099" lon="9.692475"><ele>10</ele></trkpt>
   <trkpt lat="54.35037" lon="9.693816"><ele>10</ele></trkpt>
   <trkpt lat="54.349712" lon="9.695035"><ele>10</ele></trkpt>
   <trkpt lat="54.348245" lon="9.697772"><ele>10.25</ele></trkpt>
   <trkpt lat="54.347342" lon="9.699475"><ele>11</ele></trkpt>
   <trkpt lat="54.346977" lon="9.70016"><ele>11</ele></trkpt>
   <trkpt lat="54.346317" lon="9.701406"><ele>10.75</ele></trkpt>
   <trkpt lat="54.345401" lon="9.703141"><ele>11</ele></trkpt>
   <trkpt lat="54.344795" lon="9.704206"><ele>14.5</ele></trkpt>
   <trkpt lat="54.34438" lon="9.704992"><ele>14</ele></trkpt>
   <trkpt lat="54.343812" lon="9.706067"><ele>12</ele></trkpt>
   <trkpt lat="54.343772" lon="9.706141"><ele>11.75</ele></trkpt>
   <trkpt lat="54.342854" lon="9.707818"><ele>11.25</ele></trkpt>
   <trkpt lat="54.341228" lon="9.710763"><ele>14.25</ele></trkpt>
   <trkpt lat="54.339417" lon="9.713984"><ele>19.5</ele></trkpt>
   <trkpt lat="54.339255" lon="9.714272"><ele>18.5</ele></trkpt>
   <trkpt lat="54.338695" lon="9.715212"><ele>19</ele></trkpt>
   <trkpt lat="54.338103" lon="9.716263"><ele>18.75</ele></trkpt>
   <trkpt lat="54.338078" lon="9.716306"><ele>18.75</ele></trkpt>
   <trkpt lat="54.337287" lon="9.717667"><ele>20.5</ele></trkpt>
   <trkpt lat="54.336741" lon="9.718571"><ele>21.75</ele></trkpt>
   <trkpt lat="54.335689" lon="9.720267"><ele>24</ele></trkpt>
   <trkpt lat="54.334882" lon="9.721525"><ele>25.75</ele></trkpt>
   <trkpt lat="54.333378" lon="9.723832"><ele>29.25</ele></trkpt>
   <trkpt lat="54.331862" lon="9.72596"><ele>32.25</ele></trkpt>
   <trkpt lat="54.331455" lon="9.726554"><ele>33.25</ele></trkpt>
   <trkpt lat="54.330927" lon="9.727316"><ele>34.25</ele></trkpt>
   <trkpt lat="54.330163" lon="9.728384"><ele>36</ele></trkpt>
   <trkpt lat="54.328551" lon="9.730609"><ele>39.25</ele></trkpt>
   <trkpt lat="54.327962" lon="9.731407"><ele>40.5</ele></trkpt>
   <trkpt lat="54.327897" lon="9.731485"><ele>40.75</ele></trkpt>
   <trkpt lat="54.327649" lon="9.731798"><ele>40.75</ele></trkpt>
   <trkpt lat="54.327143" lon="9.732434"><ele>39.5</ele></trkpt>
   <trkpt lat="54.326816" lon="9.732847"><ele>38.5</ele></trkpt>
   <trkpt lat="54.324899" lon="9.735227"><ele>29.25</ele></trkpt>
   <trkpt lat="54.324291" lon="9.735966"><ele>29.25</ele></trkpt>
   <trkpt lat="54.323422" lon="9.736998"><ele>25.25</ele></trkpt>
   <trkpt lat="54.322418" lon="9.738187"><ele>21.25</ele></trkpt>
   <trkpt lat="54.321641" lon="9.739073"><ele>19.75</ele></trkpt>
   <trkpt lat="54.320637" lon="9.740193"><ele>19</ele></trkpt>
   <trkpt lat="54.319633" lon="9.741314"><ele>16.75</ele></trkpt>
   <trkpt lat="54.317999" lon="9.743027"><ele>15</ele></trkpt>
   <trkpt lat="54.316953" lon="9.744111"><ele>15</ele></trkpt>
   <trkpt lat="54.316578" lon="9.7445"><ele>14</ele></trkpt>
   <trkpt lat="54.314783" lon="9.746276"><ele>13.75</ele></trkpt>
   <trkpt lat="54.3141" lon="9.746935"><ele>14</ele></trkpt>
   <trkpt lat="54.312953" lon="9.748008"><ele>14</ele></trkpt>
   <trkpt lat="54.312219" lon="9.748685"><ele>15</ele></trkpt>
   <trkpt lat="54.310704" lon="9.750049"><ele>15</ele></trkpt>
   <trkpt lat="54.31017" lon="9.750503"><ele>16</ele></trkpt>
   <trkpt lat="54.309688" lon="9.750927"><ele>17</ele></trkpt>
   <trkpt lat="54.309208" lon="9.751373"><ele>17</ele></trkpt>
   <trkpt lat="54.30891" lon="9.751617"><ele>15.25</ele></trkpt>
   <trkpt lat="54.307721" lon="9.752605"><ele>15</ele></trkpt>
   <trkpt lat="54.305721" lon="9.754186"><ele>15</ele></trkpt>
   <trkpt lat="54.305137" lon="9.754627"><ele>15</ele></trkpt>
   <trkpt lat="54.304851" lon="9.754854"><ele>15</ele></trkpt>
   <trkpt lat="54.303547" lon="9.755825"><ele>16</ele></trkpt>
   <trkpt lat="54.302307" lon="9.756726"><ele>17.75</ele></trkpt>
   <trkpt lat="54.301659" lon="9.757186"><ele>19</ele></trkpt>
   <trkpt lat="54.301372" lon="9.757389"><ele>18.75</ele></trkpt>
   <trkpt lat="54.300866" lon="9.757753"><ele>17</ele></trkpt>
   <trkpt lat="54.300546" lon="9.757971"><ele>17</ele></trkpt>
   <trkpt lat="54.299979" lon="9.758368"><ele>17</ele></trkpt>
   <trkpt lat="54.299076" lon="9.758979"><ele>17</ele></trkpt>
   <trkpt lat="54.297594" lon="9.759977"><ele>15</ele></trkpt>
   <trkpt lat="54.297373" lon="9.760131"><ele>15</ele></trkpt>
   <trkpt lat="54.296557" lon="9.760665"><ele>16</ele></trkpt>
   <trkpt lat="54.292358" lon="9.763436"><ele>10</ele></trkpt>
   <trkpt lat="54.289564" lon="9.765301"><ele>10</ele></trkpt>
   <trkpt lat="54.28818" lon="9.766247"><ele>10</ele></trkpt>
   <trkpt lat="54.285923" lon="9.767854"><ele>12</ele></trkpt>
   <trkpt lat="54.284988" lon="9.768543"><ele>13</ele></trkpt>
   <trkpt lat="54.284055" lon="9.769257"><ele>12.25</ele></trkpt>
   <trkpt lat="54.283574" lon="9.769595"><ele>12.25</ele></trkpt>
   <trkpt lat="54.282069" lon="9.770837"><ele>10</ele></trkpt>
   <trkpt lat="54.28133" lon="9.771451"><ele>10</ele></trkpt>
   <trkpt lat="54.280017" lon="9.772593"><ele>10</ele></trkpt>
   <trkpt lat="54.279349" lon="9.77321"><ele>10</ele></trkpt>
   <trkpt lat="54.278519" lon="9.773976"><ele>11</ele></trkpt>
   <trkpt lat="54.277692" lon="9.774778"><ele>11</ele></trkpt>
   <trkpt lat="54.276885" lon="9.775587"><ele>11.75</ele></trkpt>
   <trkpt lat="54.276081" lon="9.776421"><ele>10.75</ele></trkpt>
   <trkpt lat="54.274885" lon="9.777712"><ele>10</ele></trkpt>
   <trkpt lat="54.273607" lon="9.779177"><ele>10</ele></trkpt>
   <trkpt lat="54.272968" lon="9.779932"><ele>10</ele></trkpt>
   <trkpt lat="54.272333" lon="9.780707"><ele>10</ele></trkpt>
   <trkpt lat="54.272253" lon="9.780808"><ele>10</ele></trkpt>
   <trkpt lat="54.27164" lon="9.781564"><ele>10</ele></trkpt>
   <trkpt lat="54.271033" lon="9.782345"><ele>10</ele></trkpt>
   <trkpt lat="54.270465" lon="9.783091"><ele>10</ele></trkpt>
   <trkpt lat="54.269898" lon="9.783858"><ele>10</ele></trkpt>
   <trkpt lat="54.26881" lon="9.785379"><ele>10</ele></trkpt>
   <trkpt lat="54.267105" lon="9.78786"><ele>9</ele></trkpt>
   <trkpt lat="54.265412" lon="9.790398"><ele>10</ele></trkpt>
   <trkpt lat="54.262051" lon="9.795482"><ele>12</ele></trkpt>
   <trkpt lat="54.261052" lon="9.796956"><ele>13</ele></trkpt>
   <trkpt lat="54.260144" lon="9.798261"><ele>13</ele></trkpt>
   <trkpt lat="54.259141" lon="9.799662"><ele>13</ele></trkpt>
   <trkpt lat="54.258591" lon="9.800402"><ele>12</ele></trkpt>
   <trkpt lat="54.257833" lon="9.801398"><ele>12</ele></trkpt>
   <trkpt lat="54.256276" lon="9.80335"><ele>11</ele></trkpt>
   <trkpt lat="54.254974" lon="9.804901"><ele>12</ele></trkpt>
   <trkpt lat="54.253967" lon="9.80607"><ele>13</ele></trkpt>
   <trkpt lat="54.252956" lon="9.807216"><ele>12</ele></trkpt>
   <trkpt lat="54.252214" lon="9.808035"><ele>11.75</ele></trkpt>
   <trkpt lat="54.251224" lon="9.809108"><ele>12</ele></trkpt>
   <trkpt lat="54.249686" lon="9.810776"><ele>12.75</ele></trkpt>
   <trkpt lat="54.247375" lon="9.813243"><ele>13</ele></trkpt>
   <trkpt lat="54.24449" lon="9.816366"><ele>13</ele></trkpt>
   <trkpt lat="54.243586" lon="9.817372"><ele>13</ele></trkpt>
   <trkpt lat="54.242038" lon="9.819139"><ele>13</ele></trkpt>
   <trkpt lat="54.240505" lon="9.820965"><ele>13</ele></trkpt>
   <trkpt lat="54.239884" lon="9.821732"><ele>13</ele></trkpt>
   <trkpt lat="54.238293" lon="9.823766"><ele>14</ele></trkpt>
   <trkpt lat="54.237614" lon="9.824676"><ele>15.25</ele></trkpt>
   <trkpt lat="54.236936" lon="9.825603"><ele>15</ele></trkpt>
   <trkpt lat="54.236363" lon="9.826402"><ele>15</ele></trkpt>
   <trkpt lat="54.23562" lon="9.827472"><ele>15</ele></trkpt>
   <trkpt lat="54.234324" lon="9.829396"><ele>15</ele></trkpt>
   <trkpt lat="54.232981" lon="9.831495"><ele>16</ele></trkpt>
   <trkpt lat="54.231701" lon="9.83358"><ele>17</ele></trkpt>
   <trkpt lat="54.23044" lon="9.835704"><ele>16.75</ele></trkpt>
   <trkpt lat="54.22977" lon="9.836853"><ele>17</ele></trkpt>
   <trkpt lat="54.228784" lon="9.838564"><ele>17</ele></trkpt>
   <trkpt lat="54.226646" lon="9.842322"><ele>16</ele></trkpt>
   <trkpt lat="54.225584" lon="9.844187"><ele>17</ele></trkpt>
   <trkpt lat="54.223487" lon="9.847815"><ele>18</ele></trkpt>
   <trkpt lat="54.222165" lon="9.850029"><ele>20</ele></trkpt>
   <trkpt lat="54.221104" lon="9.851759"><ele>22</ele></trkpt>
   <trkpt lat="54.220258" lon="9.853094"><ele>22.75</ele></trkpt>
   <trkpt lat="54.219066" lon="9.854899"><ele>23.5</ele></trkpt>
   <trkpt lat="54.218287" lon="9.856045"><ele>23</ele></trkpt>
   <trkpt lat="54.216851" lon="9.858044"><ele>23.5</ele></trkpt>
   <trkpt lat="54.216681" lon="9.858278"><ele>23</ele></trkpt>
   <trkpt lat="54.215017" lon="9.86044"><ele>22.75</ele></trkpt>
   <trkpt lat="54.214816" lon="9.860694"><ele>23</ele></trkpt>
   <trkpt lat="54.21348" lon="9.86235"><ele>18.25</ele></trkpt>
   <trkpt lat="54.21326" lon="9.862619"><ele>20</ele></trkpt>
   <trkpt lat="54.211513" lon="9.864754"><ele>22</ele></trkpt>
   <trkpt lat="54.211377" lon="9.864918"><ele>22</ele></trkpt>
   <trkpt lat="54.209576" lon="9.867099"><ele>24</ele></trkpt>
   <trkpt lat="54.20797" lon="9.869098"><ele>26</ele></trkpt>
   <trkpt lat="54.206992" lon="9.870371"><ele>24</ele></trkpt>
   <trkpt lat="54.206017" lon="9.87169"><ele>25</ele></trkpt>
   <trkpt lat="54.205081" lon="9.873009"><ele>25.25</ele></trkpt>
   <trkpt lat="54.204267" lon="9.874199"><ele>25</ele></trkpt>
   <trkpt lat="54.203512" lon="9.875375"><ele>27</ele></trkpt>
   <trkpt lat="54.202646" lon="9.876792"><ele>27</ele></trkpt>
   <trkpt lat="54.201693" lon="9.878456"><ele>26.75</ele></trkpt>
   <trkpt lat="54.201033" lon="9.879706"><ele>27</ele></trkpt>
   <trkpt lat="54.20021" lon="9.881344"><ele>27</ele></trkpt>
   <trkpt lat="54.199665" lon="9.882501"><ele>27</ele></trkpt>
   <trkpt lat="54.199179" lon="9.883588"><ele>27</ele></trkpt>
   <trkpt lat="54.198702" lon="9.884698"><ele>27</ele></trkpt>
   <trkpt lat="54.198199" lon="9.885925"><ele>25.25</ele></trkpt>
   <trkpt lat="54.197696" lon="9.887215"><ele>25.25</ele></trkpt>
   <trkpt lat="54.197124" lon="9.888796"><ele>23.25</ele></trkpt>
   <trkpt lat="54.196811" lon="9.889691"><ele>20</ele></trkpt>
   <trkpt lat="54.196505" lon="9.890619"><ele>19.25</ele></trkpt>
   <trkpt lat="54.196043" lon="9.892088"><ele>19</ele></trkpt>
   <trkpt lat="54.195748" lon="9.893069"><ele>19</ele></trkpt>
   <trkpt lat="54.195461" lon="9.894064"><ele>19</ele></trkpt>
   <trkpt lat="54.195063" lon="9.89557"><ele>19</ele></trkpt>
   <trkpt lat="54.194783" lon="9.896664"><ele>19</ele></trkpt>
   <trkpt lat="54.194381" lon="9.898374"><ele>21.75</ele></trkpt>
   <trkpt lat="54.194005" lon="9.900123"><ele>23.75</ele></trkpt>
   <trkpt lat="54.19373" lon="9.901516"><ele>25.5</ele></trkpt>
   <trkpt lat="54.193487" lon="9.902841"><ele>27</ele></trkpt>
   <trkpt lat="54.193121" lon="9.905081"><ele>27</ele></trkpt>
   <trkpt lat="54.192943" lon="9.906298"><ele>27</ele></trkpt>
   <trkpt lat="54.192649" lon="9.908506"><ele>26.25</ele></trkpt>
   <trkpt lat="54.192385" lon="9.910669"><ele>26.25</ele></trkpt>
   <trkpt lat="54.191963" lon="9.914185"><ele>25</ele></trkpt>
   <trkpt lat="54.191717" lon="9.915998"><ele>25</ele></trkpt>
   <trkpt lat="54.191469" lon="9.917745"><ele>24</ele></trkpt>
   <trkpt lat="54.191259" lon="9.9191"><ele>22</ele></trkpt>
   <trkpt lat="54.190878" lon="9.921282"><ele>21</ele></trkpt>
   <trkpt lat="54.190484" lon="9.923259"><ele>20</ele></trkpt>
   <trkpt lat="54.19009" lon="9.925069"><ele>21.5</ele></trkpt>
   <trkpt lat="54.189705" lon="9.92664"><ele>22.75</ele></trkpt>
   <trkpt lat="54.189511" lon="9.927399"><ele>23</ele></trkpt>
   <trkpt lat="54.189307" lon="9.928155"><ele>24</ele></trkpt>
   <trkpt lat="54.188889" lon="9.929661"><ele>25</ele></trkpt>
   <trkpt lat="54.18857" lon="9.930734"><ele>24</ele></trkpt>
   <trkpt lat="54.188194" lon="9.931935"><ele>25</ele></trkpt>
   <trkpt lat="54.187868" lon="9.93294"><ele>25.5</ele></trkpt>
   <trkpt lat="54.187499" lon="9.934013"><ele>26</ele></trkpt>
   <trkpt lat="54.187229" lon="9.934775"><ele>25.75</ele></trkpt>
   <trkpt lat="54.186959" lon="9.935507"><ele>26</ele></trkpt>
   <trkpt lat="54.186389" lon="9.936976"><ele>25.75</ele></trkpt>
   <trkpt lat="54.186058" lon="9.93778"><ele>27</ele></trkpt>
   <trkpt lat="54.185794" lon="9.938424"><ele>28</ele></trkpt>
   <trkpt lat="54.185339" lon="9.939473"><ele>28.75</ele></trkpt>
   <trkpt lat="54.184874" lon="9.940499"><ele>28.25</ele></trkpt>
   <trkpt lat="54.184374" lon="9.941551"><ele>29</ele></trkpt>
   <trkpt lat="54.183848" lon="9.942607"><ele>28</ele></trkpt>
   <trkpt lat="54.183575" lon="9.94314"><ele>27.75</ele></trkpt>
   <trkpt lat="54.182952" lon="9.944323"><ele>27</ele></trkpt>
   <trkpt lat="54.182573" lon="9.945007"><ele>27</ele></trkpt>
   <trkpt lat="54.182174" lon="9.945703"><ele>27.25</ele></trkpt>
   <trkpt lat="54.181636" lon="9.946595"><ele>29</ele></trkpt>
   <trkpt lat="54.181084" lon="9.947471"><ele>30</ele></trkpt>
   <trkpt lat="54.18034" lon="9.948624"><ele>30</ele></trkpt>
   <trkpt lat="54.179683" lon="9.949578"><ele>30</ele></trkpt>
   <trkpt lat="54.178772" lon="9.950826"><ele>27.5</ele></trkpt>
   <trkpt lat="54.17826" lon="9.951501"><ele>27.5</ele></trkpt>
   <trkpt lat="54.177654" lon="9.952258"><ele>29.5</ele></trkpt>
   <trkpt lat="54.176929" lon="9.953125"><ele>30</ele></trkpt>
   <trkpt lat="54.176289" lon="9.953852"><ele>30</ele></trkpt>
   <trkpt lat="54.176042" lon="9.954105"><ele>30</ele></trkpt>
   <trkpt lat="54.175584" lon="9.954614"><ele>29.75</ele></trkpt>
   <trkpt lat="54.17476" lon="9.95545"><ele>30</ele></trkpt>
   <trkpt lat="54.173992" lon="9.956179"><ele>29.75</ele></trkpt>
   <trkpt lat="54.172511" lon="9.957491"><ele>30</ele></trkpt>
   <trkpt lat="54.172164" lon="9.957773"><ele>30</ele></trkpt>
   <trkpt lat="54.171085" lon="9.958625"><ele>28</ele></trkpt>
   <trkpt lat="54.170671" lon="9.958927"><ele>29</ele></trkpt>
   <trkpt lat="54.169677" lon="9.959608"><ele>28</ele></trkpt>
   <trkpt lat="54.168538" lon="9.960344"><ele>27.75</ele></trkpt>
   <trkpt lat="54.167979" lon="9.960636"><ele>27.5</ele></trkpt>
   <trkpt lat="54.166861" lon="9.96125"><ele>28.5</ele></trkpt>
   <trkpt lat="54.166224" lon="9.961564"><ele>28</ele></trkpt>
   <trkpt lat="54.165236" lon="9.96201"><ele>28</ele></trkpt>
   <trkpt lat="54.164593" lon="9.962278"><ele>28.25</ele></trkpt>
   <trkpt lat="54.163678" lon="9.962616"><ele>29.25</ele></trkpt>
   <trkpt lat="54.162427" lon="9.963044"><ele>27</ele></trkpt>
   <trkpt lat="54.161066" lon="9.963408"><ele>27</ele></trkpt>
   <trkpt lat="54.160155" lon="9.963626"><ele>27</ele></trkpt>
   <trkpt lat="54.159242" lon="9.963814"><ele>26.75</ele></trkpt>
   <trkpt lat="54.157667" lon="9.964061"><ele>27</ele></trkpt>
   <trkpt lat="54.157165" lon="9.964121"><ele>27</ele></trkpt>
   <trkpt lat="54.156126" lon="9.964211"><ele>27</ele></trkpt>
   <trkpt lat="54.155032" lon="9.964282"><ele>26.75</ele></trkpt>
   <trkpt lat="54.154758" lon="9.964288"><ele>28.25</ele></trkpt>
   <trkpt lat="54.154071" lon="9.964313"><ele>28</ele></trkpt>
   <trkpt lat="54.15299" lon="9.964304"><ele>28</ele></trkpt>
   <trkpt lat="54.15196" lon="9.964272"><ele>29</ele></trkpt>
   <trkpt lat="54.151173" lon="9.964199"><ele>29</ele></trkpt>
   <trkpt lat="54.150266" lon="9.964133"><ele>29</ele></trkpt>
   <trkpt lat="54.14827" lon="9.963913"><ele>29</ele></trkpt>
   <trkpt lat="54.147299" lon="9.963779"><ele>29</ele></trkpt>
   <trkpt lat="54.145805" lon="9.963513"><ele>32</ele></trkpt>
   <trkpt lat="54.144416" lon="9.963242"><ele>30</ele></trkpt>
   <trkpt lat="54.142053" lon="9.962688"><ele>28</ele></trkpt>
   <trkpt lat="54.141363" lon="9.962472"><ele>27</ele></trkpt>
   <trkpt lat="54.140105" lon="9.962096"><ele>27</ele></trkpt>
   <trkpt lat="54.138919" lon="9.961717"><ele>27</ele></trkpt>
   <trkpt lat="54.137925" lon="9.961373"><ele>27</ele></trkpt>
   <trkpt lat="54.136942" lon="9.961003"><ele>27</ele></trkpt>
   <trkpt lat="54.135635" lon="9.960477"><ele>26.25</ele></trkpt>
   <trkpt lat="54.134682" lon="9.960075"><ele>26</ele></trkpt>
   <trkpt lat="54.133895" lon="9.959723"><ele>26</ele></trkpt>
   <trkpt lat="54.13261" lon="9.959125"><ele>26</ele></trkpt>
   <trkpt lat="54.131922" lon="9.958789"><ele>26</ele></trkpt>
   <trkpt lat="54.130206" lon="9.957916"><ele>26</ele></trkpt>
   <trkpt lat="54.129159" lon="9.957317"><ele>25.75</ele></trkpt>
   <trkpt lat="54.12833" lon="9.95685"><ele>25</ele></trkpt>
   <trkpt lat="54.127802" lon="9.956557"><ele>25</ele></trkpt>
   <trkpt lat="54.126919" lon="9.956031"><ele>25</ele></trkpt>
   <trkpt lat="54.126492" lon="9.955758"><ele>25</ele></trkpt>
   <trkpt lat="54.126052" lon="9.955474"><ele>25</ele></trkpt>
   <trkpt lat="54.125911" lon="9.955384"><ele>25</ele></trkpt>
   <trkpt lat="54.125467" lon="9.955102"><ele>25</ele></trkpt>
   <trkpt lat="54.124669" lon="9.954608"><ele>25</ele></trkpt>
   <trkpt lat="54.124117" lon="9.954244"><ele>25</ele></trkpt>
   <trkpt lat="54.123928" lon="9.954124"><ele>25</ele></trkpt>
   <trkpt lat="54.123233" lon="9.953666"><ele>25</ele></trkpt>
   <trkpt lat="54.122708" lon="9.953304"><ele>25</ele></trkpt>
   <trkpt lat="54.121011" lon="9.952131"><ele>25</ele></trkpt>
   <trkpt lat="54.119953" lon="9.951368"><ele>25</ele></trkpt>
   <trkpt lat="54.119255" lon="9.950871"><ele>25</ele></trkpt>
   <trkpt lat="54.118647" lon="9.950438"><ele>25</ele></trkpt>
   <trkpt lat="54.11731" lon="9.949471"><ele>25</ele></trkpt>
   <trkpt lat="54.115828" lon="9.948356"><ele>25</ele></trkpt>
   <trkpt lat="54.115575" lon="9.94817"><ele>25</ele></trkpt>
   <trkpt lat="54.115416" lon="9.948049"><ele>25</ele></trkpt>
   <trkpt lat="54.115124" lon="9.947832"><ele>25</ele></trkpt>
   <trkpt lat="54.111736" lon="9.945214"><ele>24</ele></trkpt>
   <trkpt lat="54.111647" lon="9.945146"><ele>24</ele></trkpt>
   <trkpt lat="54.111454" lon="9.94499"><ele>24</ele></trkpt>
   <trkpt lat="54.111088" lon="9.944706"><ele>24</ele></trkpt>
   <trkpt lat="54.110918" lon="9.944572"><ele>24</ele></trkpt>
   <trkpt lat="54.107652" lon="9.941986"><ele>23</ele></trkpt>
   <trkpt lat="54.103568" lon="9.938818"><ele>22</ele></trkpt>
   <trkpt lat="54.101837" lon="9.937507"><ele>22</ele></trkpt>
   <trkpt lat="54.101299" lon="9.937108"><ele>22</ele></trkpt>
   <trkpt lat="54.09944" lon="9.935742"><ele>21.5</ele></trkpt>
   <trkpt lat="54.096231" lon="9.933485"><ele>21</ele></trkpt>
   <trkpt lat="54.095298" lon="9.932856"><ele>21</ele></trkpt>
   <trkpt lat="54.094643" lon="9.932426"><ele>21</ele></trkpt>
   <trkpt lat="54.093542" lon="9.931716"><ele>21</ele></trkpt>
   <trkpt lat="54.092742" lon="9.93121"><ele>21</ele></trkpt>
   <trkpt lat="54.091035" lon="9.930179"><ele>21</ele></trkpt>
   <trkpt lat="54.090376" lon="9.929791"><ele>21</ele></trkpt>
   <trkpt lat="54.08913" lon="9.92909"><ele>21.75</ele></trkpt>
   <trkpt lat="54.088591" lon="9.928801"><ele>22</ele></trkpt>
   <trkpt lat="54.087204" lon="9.928081"><ele>21</ele></trkpt>
   <trkpt lat="54.086808" lon="9.92788"><ele>21</ele></trkpt>
   <trkpt lat="54.085562" lon="9.927278"><ele>21</ele></trkpt>
   <trkpt lat="54.084309" lon="9.92671"><ele>21</ele></trkpt>
   <trkpt lat="54.083212" lon="9.926239"><ele>20</ele></trkpt>
   <trkpt lat="54.082463" lon="9.92594"><ele>20</ele></trkpt>
   <trkpt lat="54.081399" lon="9.925525"><ele>20</ele></trkpt>
   <trkpt lat="54.080189" lon="9.925093"><ele>20</ele></trkpt>
   <trkpt lat="54.079231" lon="9.924772"><ele>20</ele></trkpt>
   <trkpt lat="54.079034" lon="9.924706"><ele>20</ele></trkpt>
   <trkpt lat="54.078645" lon="9.924583"><ele>19.75</ele></trkpt>
   <trkpt lat="54.078394" lon="9.924502"><ele>20</ele></trkpt>
   <trkpt lat="54.078086" lon="9.924415"><ele>20</ele></trkpt>
   <trkpt lat="54.07726" lon="9.92417"><ele>20</ele></trkpt>
   <trkpt lat="54.075945" lon="9.92382"><ele>20</ele></trkpt>
   <trkpt lat="54.074159" lon="9.923401"><ele>20</ele></trkpt>
   <trkpt lat="54.07359" lon="9.923289"><ele>20</ele></trkpt>
   <trkpt lat="54.072408" lon="9.923065"><ele>20</ele></trkpt>
   <trkpt lat="54.070584" lon="9.922785"><ele>19</ele></trkpt>
   <trkpt lat="54.07024" lon="9.922737"><ele>19</ele></trkpt>
   <trkpt lat="54.069109" lon="9.922599"><ele>19</ele></trkpt>
   <trkpt lat="54.068809" lon="9.922572"><ele>19</ele></trkpt>
   <trkpt lat="54.066957" lon="9.922436"><ele>18</ele></trkpt>
   <trkpt lat="54.065982" lon="9.922399"><ele>18</ele></trkpt>
   <trkpt lat="54.065004" lon="9.922399"><ele>18</ele></trkpt>
   <trkpt lat="54.064626" lon="9.922408"><ele>18.5</ele></trkpt>
   <trkpt lat="54.063775" lon="9.922446"><ele>18</ele></trkpt>
   <trkpt lat="54.062923" lon="9.922516"><ele>18</ele></trkpt>
   <trkpt lat="54.062354" lon="9.922583"><ele>18</ele></trkpt>
   <trkpt lat="54.060939" lon="9.922804"><ele>18</ele></trkpt>
   <trkpt lat="54.060122" lon="9.922977"><ele>17</ele></trkpt>
   <trkpt lat="54.058559" lon="9.92337"><ele>16.75</ele></trkpt>
   <trkpt lat="54.05737" lon="9.923739"><ele>16.25</ele></trkpt>
   <trkpt lat="54.056149" lon="9.924159"><ele>17</ele></trkpt>
   <trkpt lat="54.055927" lon="9.924242"><ele>17</ele></trkpt>
   <trkpt lat="54.055225" lon="9.924508"><ele>16.75</ele></trkpt>
   <trkpt lat="54.054384" lon="9.924843"><ele>15.25</ele></trkpt>
   <trkpt lat="54.052897" lon="9.92547"><ele>14</ele></trkpt>
   <trkpt lat="54.052422" lon="9.925675"><ele>14</ele></trkpt>
   <trkpt lat="54.051318" lon="9.926163"><ele>15</ele></trkpt>
   <trkpt lat="54.049044" lon="9.9272"><ele>15</ele></trkpt>
   <trkpt lat="54.04874" lon="9.927338"><ele>15</ele></trkpt>
   <trkpt lat="54.048239" lon="9.927568"><ele>16</ele></trkpt>
   <trkpt lat="54.047186" lon="9.928044"><ele>16</ele></trkpt>
   <trkpt lat="54.046946" lon="9.928144"><ele>16</ele></trkpt>
   <trkpt lat="54.046447" lon="9.928354"><ele>16</ele></trkpt>
   <trkpt lat="54.04613" lon="9.9285"><ele>15</ele></trkpt>
   <trkpt lat="54.044811" lon="9.929062"><ele>15</ele></trkpt>
   <trkpt lat="54.044491" lon="9.929189"><ele>15</ele></trkpt>
   <trkpt lat="54.044078" lon="9.929353"><ele>15</ele></trkpt>
   <trkpt lat="54.043953" lon="9.929404"><ele>15</ele></trkpt>
   <trkpt lat="54.043557" lon="9.929555"><ele>15</ele></trkpt>
   <trkpt lat="54.043209" lon="9.929687"><ele>15</ele></trkpt>
   <trkpt lat="54.042649" lon="9.929891"><ele>15</ele></trkpt>
   <trkpt lat="54.042271" lon="9.930023"><ele>15</ele></trkpt>
   <trkpt lat="54.042024" lon="9.93011"><ele>15</ele></trkpt>
   <trkpt lat="54.04125" lon="9.930377"><ele>15.25</ele></trkpt>
   <trkpt lat="54.040473" lon="9.93061"><ele>16</ele></trkpt>
   <trkpt lat="54.038851" lon="9.931056"><ele>16</ele></trkpt>
   <trkpt lat="54.038222" lon="9.931211"><ele>16</ele></trkpt>
   <trkpt lat="54.037224" lon="9.931435"><ele>16</ele></trkpt>
   <trkpt lat="54.036016" lon="9.931678"><ele>16</ele></trkpt>
   <trkpt lat="54.03462" lon="9.93191"><ele>16</ele></trkpt>
   <trkpt lat="54.033767" lon="9.93203"><ele>16</ele></trkpt>
   <trkpt lat="54.033054" lon="9.93211"><ele>16</ele></trkpt>
   <trkpt lat="54.032145" lon="9.932195"><ele>16</ele></trkpt>
   <trkpt lat="54.031263" lon="9.932263"><ele>16</ele></trkpt>
   <trkpt lat="54.030308" lon="9.932307"><ele>16</ele></trkpt>
   <trkpt lat="54.029285" lon="9.932331"><ele>16</ele></trkpt>
   <trkpt lat="54.028029" lon="9.932331"><ele>16</ele></trkpt>
   <trkpt lat="54.027407" lon="9.932313"><ele>16</ele></trkpt>
   <trkpt lat="54.025743" lon="9.932249"><ele>16</ele></trkpt>
   <trkpt lat="54.024794" lon="9.93219"><ele>16.5</ele></trkpt>
   <trkpt lat="54.022919" lon="9.932056"><ele>17</ele></trkpt>
   <trkpt lat="54.020534" lon="9.931865"><ele>17</ele></trkpt>
   <trkpt lat="54.018371" lon="9.931717"><ele>17</ele></trkpt>
   <trkpt lat="54.018117" lon="9.931703"><ele>17</ele></trkpt>
   <trkpt lat="54.017922" lon="9.931693"><ele>17</ele></trkpt>
   <trkpt lat="54.017699" lon="9.931682"><ele>17</ele></trkpt>
   <trkpt lat="54.016835" lon="9.931638"><ele>17</ele></trkpt>
   <trkpt lat="54.016299" lon="9.931623"><ele>17</ele></trkpt>
   <trkpt lat="54.015822" lon="9.931616"><ele>17</ele></trkpt>
   <trkpt lat="54.014678" lon="9.931607"><ele>17</ele></trkpt>
   <trkpt lat="54.013838" lon="9.931624"><ele>17</ele></trkpt>
   <trkpt lat="54.012689" lon="9.931675"><ele>17.25</ele></trkpt>
   <trkpt lat="54.011304" lon="9.931783"><ele>18</ele></trkpt>
   <trkpt lat="54.009992" lon="9.931943"><ele>18</ele></trkpt>
   <trkpt lat="54.009089" lon="9.932068"><ele>18</ele></trkpt>
   <trkpt lat="54.007619" lon="9.932328"><ele>18</ele></trkpt>
   <trkpt lat="54.006916" lon="9.932478"><ele>18</ele></trkpt>
   <trkpt lat="54.006458" lon="9.932578"><ele>18</ele></trkpt>
   <trkpt lat="54.005614" lon="9.932784"><ele>18</ele></trkpt>
   <trkpt lat="54.004293" lon="9.933142"><ele>18</ele></trkpt>
   <trkpt lat="54.003351" lon="9.93343"><ele>18</ele></trkpt>
   <trkpt lat="54.002483" lon="9.933708"><ele>18</ele></trkpt>
   <trkpt lat="54.002382" lon="9.933742"><ele>18</ele></trkpt>
   <trkpt lat="54.002194" lon="9.933799"><ele>18</ele></trkpt>
   <trkpt lat="54.000375" lon="9.934477"><ele>18</ele></trkpt>
   <trkpt lat="53.998239" lon="9.935339"><ele>17</ele></trkpt>
   <trkpt lat="53.996718" lon="9.936011"><ele>17</ele></trkpt>
   <trkpt lat="53.996474" lon="9.936124"><ele>17</ele></trkpt>
   <trkpt lat="53.996314" lon="9.936195"><ele>17</ele></trkpt>
   <trkpt lat="53.996067" lon="9.936309"><ele>17</ele></trkpt>
   <trkpt lat="53.993613" lon="9.937491"><ele>17</ele></trkpt>
   <trkpt lat="53.992025" lon="9.93831"><ele>17</ele></trkpt>
   <trkpt lat="53.990939" lon="9.938885"><ele>17.75</ele></trkpt>
   <trkpt lat="53.989513" lon="9.939656"><ele>18</ele></trkpt>
   <trkpt lat="53.985131" lon="9.942054"><ele>19</ele></trkpt>
   <trkpt lat="53.983209" lon="9.943121"><ele>19</ele></trkpt>
   <trkpt lat="53.980852" lon="9.944381"><ele>17.75</ele></trkpt>
   <trkpt lat="53.979306" lon="9.945159"><ele>18</ele></trkpt>
   <trkpt lat="53.978762" lon="9.945422"><ele>18</ele></trkpt>
   <trkpt lat="53.977005" lon="9.946227"><ele>17.25</ele></trkpt>
   <trkpt lat="53.976514" lon="9.946439"><ele>17.25</ele></trkpt>
   <trkpt lat="53.976351" lon="9.946507"><ele>17</ele></trkpt>
   <trkpt lat="53.975386" lon="9.946902"><ele>17</ele></trkpt>
   <trkpt lat="53.974415" lon="9.947269"><ele>17</ele></trkpt>
   <trkpt lat="53.972136" lon="9.948048"><ele>18</ele></trkpt>
   <trkpt lat="53.971146" lon="9.948368"><ele>18</ele></trkpt>
   <trkpt lat="53.96843" lon="9.949084"><ele>18</ele></trkpt>
   <trkpt lat="53.967793" lon="9.949216"><ele>18</ele></trkpt>
   <trkpt lat="53.965905" lon="9.949602"><ele>19</ele></trkpt>
   <trkpt lat="53.964473" lon="9.949834"><ele>18.75</ele></trkpt>
   <trkpt lat="53.963243" lon="9.949993"><ele>19</ele></trkpt>
   <trkpt lat="53.961471" lon="9.950159"><ele>19</ele></trkpt>
   <trkpt lat="53.960138" lon="9.950241"><ele>19</ele></trkpt>
   <trkpt lat="53.958643" lon="9.950284"><ele>19</ele></trkpt>
   <trkpt lat="53.957676" lon="9.950294"><ele>19</ele></trkpt>
   <trkpt lat="53.956743" lon="9.950267"><ele>19</ele></trkpt>
   <trkpt lat="53.955582" lon="9.95022"><ele>19</ele></trkpt>
   <trkpt lat="53.954256" lon="9.950125"><ele>20</ele></trkpt>
   <trkpt lat="53.953379" lon="9.95004"><ele>20</ele></trkpt>
   <trkpt lat="53.951475" lon="9.949804"><ele>20</ele></trkpt>
   <trkpt lat="53.949793" lon="9.949509"><ele>19</ele></trkpt>
   <trkpt lat="53.948142" lon="9.949188"><ele>19</ele></trkpt>
   <trkpt lat="53.946348" lon="9.94875"><ele>20</ele></trkpt>
   <trkpt lat="53.945356" lon="9.94847"><ele>19</ele></trkpt>
   <trkpt lat="53.945003" lon="9.948372"><ele>19</ele></trkpt>
   <trkpt lat="53.944222" lon="9.948139"><ele>18</ele></trkpt>
   <trkpt lat="53.942935" lon="9.947726"><ele>17</ele></trkpt>
   <trkpt lat="53.940952" lon="9.947018"><ele>17</ele></trkpt>
   <trkpt lat="53.940095" lon="9.946703"><ele>16.25</ele></trkpt>
   <trkpt lat="53.939756" lon="9.946573"><ele>16</ele></trkpt>
   <trkpt lat="53.938113" lon="9.945926"><ele>15.75</ele></trkpt>
   <trkpt lat="53.936576" lon="9.945285"><ele>15</ele></trkpt>
   <trkpt lat="53.936008" lon="9.945056"><ele>13.25</ele></trkpt>
   <trkpt lat="53.93578" lon="9.94496"><ele>12</ele></trkpt>
   <trkpt lat="53.935354" lon="9.944776"><ele>12</ele></trkpt>
   <trkpt lat="53.935181" lon="9.944701"><ele>12</ele></trkpt>
   <trkpt lat="53.932226" lon="9.943414"><ele>14.5</ele></trkpt>
   <trkpt lat="53.92788" lon="9.941525"><ele>15</ele></trkpt>
   <trkpt lat="53.925652" lon="9.940593"><ele>14.75</ele></trkpt>
   <trkpt lat="53.923773" lon="9.939854"><ele>15</ele></trkpt>
   <trkpt lat="53.923455" lon="9.939746"><ele>15</ele></trkpt>
   <trkpt lat="53.922134" lon="9.939245"><ele>15</ele></trkpt>
   <trkpt lat="53.920129" lon="9.938575"><ele>15</ele></trkpt>
   <trkpt lat="53.918995" lon="9.938223"><ele>15</ele></trkpt>
   <trkpt lat="53.91748" lon="9.937791"><ele>15</ele></trkpt>
   <trkpt lat="53.915933" lon="9.937405"><ele>12</ele></trkpt>
   <trkpt lat="53.915002" lon="9.937205"><ele>12</ele></trkpt>
   <trkpt lat="53.914797" lon="9.937161"><ele>12</ele></trkpt>
   <trkpt lat="53.914743" lon="9.93715"><ele>12</ele></trkpt>
   <trkpt lat="53.914392" lon="9.937084"><ele>12</ele></trkpt>
   <trkpt lat="53.914243" lon="9.937059"><ele>12</ele></trkpt>
   <trkpt lat="53.912573" lon="9.936782"><ele>12</ele></trkpt>
   <trkpt lat="53.910955" lon="9.936601"><ele>13.5</ele></trkpt>
   <trkpt lat="53.909988" lon="9.936544"><ele>14</ele></trkpt>
   <trkpt lat="53.909925" lon="9.936541"><ele>14</ele></trkpt>
   <trkpt lat="53.909032" lon="9.936499"><ele>15</ele></trkpt>
   <trkpt lat="53.908137" lon="9.936491"><ele>15</ele></trkpt>
   <trkpt lat="53.907817" lon="9.93651"><ele>15</ele></trkpt>
   <trkpt lat="53.906783" lon="9.936544"><ele>15</ele></trkpt>
   <trkpt lat="53.905748" lon="9.93663"><ele>15.25</ele></trkpt>
   <trkpt lat="53.904809" lon="9.936741"><ele>18.75</ele></trkpt>
   <trkpt lat="53.903874" lon="9.936892"><ele>19.75</ele></trkpt>
   <trkpt lat="53.90292" lon="9.937071"><ele>19.25</ele></trkpt>
   <trkpt lat="53.902246" lon="9.937215"><ele>20</ele></trkpt>
   <trkpt lat="53.901644" lon="9.93737"><ele>20</ele></trkpt>
   <trkpt lat="53.901192" lon="9.937487"><ele>20</ele></trkpt>
   <trkpt lat="53.900381" lon="9.937724"><ele>20</ele></trkpt>
   <trkpt lat="53.898787" lon="9.938256"><ele>20</ele></trkpt>
   <trkpt lat="53.89826" lon="9.93845"><ele>20</ele></trkpt>
   <trkpt lat="53.896777" lon="9.939019"><ele>20</ele></trkpt>
   <trkpt lat="53.895009" lon="9.939786"><ele>15</ele></trkpt>
   <trkpt lat="53.89301" lon="9.940714"><ele>14.75</ele></trkpt>
   <trkpt lat="53.892723" lon="9.940847"><ele>13.5</ele></trkpt>
   <trkpt lat="53.892421" lon="9.940991"><ele>12.25</ele></trkpt>
   <trkpt lat="53.89226" lon="9.941067"><ele>11.75</ele></trkpt>
   <trkpt lat="53.891972" lon="9.941203"><ele>11.75</ele></trkpt>
   <trkpt lat="53.890934" lon="9.941694"><ele>12</ele></trkpt>
   <trkpt lat="53.888767" lon="9.942756"><ele>13</ele></trkpt>
   <trkpt lat="53.887982" lon="9.943115"><ele>12.75</ele></trkpt>
   <trkpt lat="53.88644" lon="9.943823"><ele>14</ele></trkpt>
   <trkpt lat="53.884445" lon="9.944675"><ele>14</ele></trkpt>
   <trkpt lat="53.883609" lon="9.945007"><ele>14</ele></trkpt>
   <trkpt lat="53.882875" lon="9.945282"><ele>15</ele></trkpt>
   <trkpt lat="53.882138" lon="9.945538"><ele>14.75</ele></trkpt>
   <trkpt lat="53.880698" lon="9.946012"><ele>14.5</ele></trkpt>
   <trkpt lat="53.879455" lon="9.946357"><ele>13.75</ele></trkpt>
   <trkpt lat="53.876945" lon="9.946859"><ele>14</ele></trkpt>
   <trkpt lat="53.876208" lon="9.946954"><ele>15</ele></trkpt>
   <trkpt lat="53.875108" lon="9.947068"><ele>16</ele></trkpt>
   <trkpt lat="53.873253" lon="9.947148"><ele>16</ele></trkpt>
   <trkpt lat="53.872201" lon="9.947141"><ele>14.75</ele></trkpt>
   <trkpt lat="53.871149" lon="9.947092"><ele>15</ele></trkpt>
   <trkpt lat="53.870431" lon="9.947025"><ele>14</ele></trkpt>
   <trkpt lat="53.870011" lon="9.946989"><ele>14</ele></trkpt>
   <trkpt lat="53.868774" lon="9.946817"><ele>14</ele></trkpt>
   <trkpt lat="53.868527" lon="9.946783"><ele>14</ele></trkpt>
   <trkpt lat="53.868305" lon="9.946742"><ele>14</ele></trkpt>
   <trkpt lat="53.868061" lon="9.946697"><ele>13.75</ele></trkpt>
   <trkpt lat="53.866439" lon="9.946352"><ele>15</ele></trkpt>
   <trkpt lat="53.865972" lon="9.946226"><ele>15</ele></trkpt>
   <trkpt lat="53.865077" lon="9.945973"><ele>16</ele></trkpt>
   <trkpt lat="53.863402" lon="9.945403"><ele>18.25</ele></trkpt>
   <trkpt lat="53.861582" lon="9.94467"><ele>20</ele></trkpt>
   <trkpt lat="53.860842" lon="9.94433"><ele>20</ele></trkpt>
   <trkpt lat="53.860225" lon="9.944033"><ele>20</ele></trkpt>
   <trkpt lat="53.859593" lon="9.943708"><ele>20</ele></trkpt>
   <trkpt lat="53.858981" lon="9.943378"><ele>20</ele></trkpt>
   <trkpt lat="53.858476" lon="9.943093"><ele>20</ele></trkpt>
   <trkpt lat="53.857288" lon="9.942378"><ele>19.75</ele></trkpt>
   <trkpt lat="53.856932" lon="9.94215"><ele>20</ele></trkpt>
   <trkpt lat="53.855974" lon="9.941523"><ele>19</ele></trkpt>
   <trkpt lat="53.855021" lon="9.940854"><ele>19</ele></trkpt>
   <trkpt lat="53.853683" lon="9.939875"><ele>21</ele></trkpt>
   <trkpt lat="53.853097" lon="9.939426"><ele>22</ele></trkpt>
   <trkpt lat="53.850786" lon="9.937579"><ele>25</ele></trkpt>
   <trkpt lat="53.849837" lon="9.936773"><ele>26</ele></trkpt>
   <trkpt lat="53.849192" lon="9.936245"><ele>26.75</ele></trkpt>
   <trkpt lat="53.849008" lon="9.936074"><ele>27</ele></trkpt>
   <trkpt lat="53.846896" lon="9.934278"><ele>29</ele></trkpt>
   <trkpt lat="53.845144" lon="9.932761"><ele>30.25</ele></trkpt>
   <trkpt lat="53.844319" lon="9.932061"><ele>30.5</ele></trkpt>
   <trkpt lat="53.843669" lon="9.931524"><ele>30.75</ele></trkpt>
   <trkpt lat="53.84223" lon="9.930357"><ele>30.75</ele></trkpt>
   <trkpt lat="53.841023" lon="9.929435"><ele>30.5</ele></trkpt>
   <trkpt lat="53.840776" lon="9.92925"><ele>29</ele></trkpt>
   <trkpt lat="53.84029" lon="9.928906"><ele>27</ele></trkpt>
   <trkpt lat="53.839426" lon="9.928312"><ele>26.75</ele></trkpt>
   <trkpt lat="53.838632" lon="9.927797"><ele>26</ele></trkpt>
   <trkpt lat="53.837706" lon="9.927231"><ele>28.25</ele></trkpt>
   <trkpt lat="53.836631" lon="9.926624"><ele>29</ele></trkpt>
   <trkpt lat="53.835718" lon="9.926142"><ele>29</ele></trkpt>
   <trkpt lat="53.834739" lon="9.925678"><ele>26</ele></trkpt>
   <trkpt lat="53.833469" lon="9.925125"><ele>24.25</ele></trkpt>
   <trkpt lat="53.832516" lon="9.924749"><ele>25.75</ele></trkpt>
   <trkpt lat="53.83125" lon="9.924317"><ele>28.75</ele></trkpt>
   <trkpt lat="53.83058" lon="9.924116"><ele>28.75</ele></trkpt>
   <trkpt lat="53.82991" lon="9.923928"><ele>28</ele></trkpt>
   <trkpt lat="53.829148" lon="9.923736"><ele>27.5</ele></trkpt>
   <trkpt lat="53.828079" lon="9.923502"><ele>29</ele></trkpt>
   <trkpt lat="53.827218" lon="9.923352"><ele>28</ele></trkpt>
   <trkpt lat="53.82634" lon="9.923219"><ele>30</ele></trkpt>
   <trkpt lat="53.824841" lon="9.923062"><ele>31</ele></trkpt>
   <trkpt lat="53.824341" lon="9.92304"><ele>30.75</ele></trkpt>
   <trkpt lat="53.823593" lon="9.923009"><ele>30.75</ele></trkpt>
   <trkpt lat="53.822478" lon="9.923009"><ele>30</ele></trkpt>
   <trkpt lat="53.821722" lon="9.923026"><ele>30</ele></trkpt>
   <trkpt lat="53.820893" lon="9.923082"><ele>29</ele></trkpt>
   <trkpt lat="53.820243" lon="9.923137"><ele>28.75</ele></trkpt>
   <trkpt lat="53.819098" lon="9.923267"><ele>27</ele></trkpt>
   <trkpt lat="53.81789" lon="9.92347"><ele>26</ele></trkpt>
   <trkpt lat="53.816743" lon="9.9237"><ele>26.75</ele></trkpt>
   <trkpt lat="53.815462" lon="9.924007"><ele>27</ele></trkpt>
   <trkpt lat="53.814727" lon="9.924214"><ele>26</ele></trkpt>
   <trkpt lat="53.813584" lon="9.924554"><ele>25</ele></trkpt>
   <trkpt lat="53.812443" lon="9.924936"><ele>24.75</ele></trkpt>
   <trkpt lat="53.812029" lon="9.925077"><ele>24</ele></trkpt>
   <trkpt lat="53.81023" lon="9.925757"><ele>25</ele></trkpt>
   <trkpt lat="53.809265" lon="9.926162"><ele>23.25</ele></trkpt>
   <trkpt lat="53.809137" lon="9.926219"><ele>23</ele></trkpt>
   <trkpt lat="53.808271" lon="9.926591"><ele>24</ele></trkpt>
   <trkpt lat="53.806447" lon="9.927426"><ele>25.5</ele></trkpt>
   <trkpt lat="53.805841" lon="9.927727"><ele>26</ele></trkpt>
   <trkpt lat="53.804234" lon="9.928525"><ele>27</ele></trkpt>
   <trkpt lat="53.803429" lon="9.928952"><ele>27</ele></trkpt>
   <trkpt lat="53.801971" lon="9.929721"><ele>29</ele></trkpt>
   <trkpt lat="53.801585" lon="9.929928"><ele>29</ele></trkpt>
   <trkpt lat="53.79732" lon="9.932293"><ele>30.25</ele></trkpt>
   <trkpt lat="53.795187" lon="9.933498"><ele>27</ele></trkpt>
   <trkpt lat="53.793049" lon="9.934684"><ele>28</ele></trkpt>
   <trkpt lat="53.791779" lon="9.935385"><ele>29</ele></trkpt>
   <trkpt lat="53.788895" lon="9.936934"><ele>25</ele></trkpt>
   <trkpt lat="53.787313" lon="9.937771"><ele>24.25</ele></trkpt>
   <trkpt lat="53.785238" lon="9.938848"><ele>21.75</ele></trkpt>
   <trkpt lat="53.784486" lon="9.939219"><ele>21</ele></trkpt>
   <trkpt lat="53.783249" lon="9.93986"><ele>20</ele></trkpt>
   <trkpt lat="53.782619" lon="9.940166"><ele>21</ele></trkpt>
   <trkpt lat="53.781503" lon="9.940726"><ele>22</ele></trkpt>
   <trkpt lat="53.780171" lon="9.94137"><ele>26.25</ele></trkpt>
   <trkpt lat="53.777093" lon="9.942859"><ele>30</ele></trkpt>
   <trkpt lat="53.77586" lon="9.943442"><ele>29</ele></trkpt>
   <trkpt lat="53.772466" lon="9.945005"><ele>24</ele></trkpt>
   <trkpt lat="53.771518" lon="9.945427"><ele>24</ele></trkpt>
   <trkpt lat="53.769183" lon="9.946443"><ele>24</ele></trkpt>
   <trkpt lat="53.767734" lon="9.947032"><ele>25</ele></trkpt>
   <trkpt lat="53.767182" lon="9.947244"><ele>25</ele></trkpt>
   <trkpt lat="53.766084" lon="9.94766"><ele>25.5</ele></trkpt>
   <trkpt lat="53.764241" lon="9.948295"><ele>27</ele></trkpt>
   <trkpt lat="53.763543" lon="9.948481"><ele>27.5</ele></trkpt>
   <trkpt lat="53.763321" lon="9.948543"><ele>28</ele></trkpt>
   <trkpt lat="53.762767" lon="9.948707"><ele>28</ele></trkpt>
   <trkpt lat="53.761447" lon="9.949029"><ele>31</ele></trkpt>
   <trkpt lat="53.760284" lon="9.94927"><ele>32</ele></trkpt>
   <trkpt lat="53.758271" lon="9.949577"><ele>32</ele></trkpt>
   <trkpt lat="53.758147" lon="9.94959"><ele>32</ele></trkpt>
   <trkpt lat="53.757893" lon="9.949616"><ele>32</ele></trkpt>
   <trkpt lat="53.756693" lon="9.949711"><ele>32</ele></trkpt>
   <trkpt lat="53.755443" lon="9.949758"><ele>32</ele></trkpt>
   <trkpt lat="53.75457" lon="9.949761"><ele>31.25</ele></trkpt>
   <trkpt lat="53.753694" lon="9.949735"><ele>31</ele></trkpt>
   <trkpt lat="53.753445" lon="9.949726"><ele>31</ele></trkpt>
   <trkpt lat="53.751976" lon="9.949627"><ele>30</ele></trkpt>
   <trkpt lat="53.750641" lon="9.949451"><ele>30</ele></trkpt>
   <trkpt lat="53.74945" lon="9.949249"><ele>30.5</ele></trkpt>
   <trkpt lat="53.749348" lon="9.949232"><ele>30.75</ele></trkpt>
   <trkpt lat="53.747754" lon="9.948897"><ele>29.75</ele></trkpt>
   <trkpt lat="53.74623" lon="9.94848"><ele>27.5</ele></trkpt>
   <trkpt lat="53.745579" lon="9.948264"><ele>27</ele></trkpt>
   <trkpt lat="53.744718" lon="9.947985"><ele>27</ele></trkpt>
   <trkpt lat="53.743786" lon="9.947642"><ele>27</ele></trkpt>
   <trkpt lat="53.742658" lon="9.947194"><ele>25.5</ele></trkpt>
   <trkpt lat="53.74189" lon="9.946872"><ele>25</ele></trkpt>
   <trkpt lat="53.741563" lon="9.946727"><ele>25</ele></trkpt>
   <trkpt lat="53.740558" lon="9.946273"><ele>24</ele></trkpt>
   <trkpt lat="53.739909" lon="9.945975"><ele>25</ele></trkpt>
   <trkpt lat="53.737498" lon="9.944825"><ele>25</ele></trkpt>
   <trkpt lat="53.736244" lon="9.944194"><ele>24</ele></trkpt>
   <trkpt lat="53.735984" lon="9.944078"><ele>24</ele></trkpt>
   <trkpt lat="53.734401" lon="9.943292"><ele>23</ele></trkpt>
   <trkpt lat="53.731928" lon="9.942108"><ele>23</ele></trkpt>
   <trkpt lat="53.730182" lon="9.941335"><ele>24</ele></trkpt>
   <trkpt lat="53.729263" lon="9.940952"><ele>25</ele></trkpt>
   <trkpt lat="53.728339" lon="9.940578"><ele>25.75</ele></trkpt>
   <trkpt lat="53.727563" lon="9.940294"><ele>25</ele></trkpt>
   <trkpt lat="53.726564" lon="9.939947"><ele>25</ele></trkpt>
   <trkpt lat="53.724897" lon="9.939454"><ele>26</ele></trkpt>
   <trkpt lat="53.723129" lon="9.939069"><ele>25.25</ele></trkpt>
   <trkpt lat="53.722263" lon="9.938914"><ele>25</ele></trkpt>
   <trkpt lat="53.721267" lon="9.938764"><ele>25</ele></trkpt>
   <trkpt lat="53.719618" lon="9.938615"><ele>24.5</ele></trkpt>
   <trkpt lat="53.718591" lon="9.938571"><ele>24</ele></trkpt>
   <trkpt lat="53.71686" lon="9.938587"><ele>24</ele></trkpt>
   <trkpt lat="53.715466" lon="9.938691"><ele>23</ele></trkpt>
   <trkpt lat="53.714516" lon="9.93879"><ele>23</ele></trkpt>
   <trkpt lat="53.714205" lon="9.938832"><ele>23</ele></trkpt>
   <trkpt lat="53.714127" lon="9.938842"><ele>23</ele></trkpt>
   <trkpt lat="53.713324" lon="9.938972"><ele>23</ele></trkpt>
   <trkpt lat="53.712523" lon="9.939128"><ele>22</ele></trkpt>
   <trkpt lat="53.711786" lon="9.939296"><ele>22</ele></trkpt>
   <trkpt lat="53.711027" lon="9.939497"><ele>22</ele></trkpt>
   <trkpt lat="53.710979" lon="9.939509"><ele>22</ele></trkpt>
   <trkpt lat="53.710497" lon="9.939632"><ele>22</ele></trkpt>
   <trkpt lat="53.709576" lon="9.939906"><ele>22</ele></trkpt>
   <trkpt lat="53.709056" lon="9.94006"><ele>22</ele></trkpt>
   <trkpt lat="53.707859" lon="9.940472"><ele>22</ele></trkpt>
   <trkpt lat="53.705291" lon="9.941474"><ele>22</ele></trkpt>
   <trkpt lat="53.702844" lon="9.942479"><ele>21</ele></trkpt>
   <trkpt lat="53.700932" lon="9.943253"><ele>20</ele></trkpt>
   <trkpt lat="53.698839" lon="9.944029"><ele>20</ele></trkpt>
   <trkpt lat="53.697785" lon="9.944368"><ele>20</ele></trkpt>
   <trkpt lat="53.696521" lon="9.94472"><ele>20</ele></trkpt>
   <trkpt lat="53.6952" lon="9.945046"><ele>20</ele></trkpt>
   <trkpt lat="53.693633" lon="9.945342"><ele>20</ele></trkpt>
   <trkpt lat="53.692089" lon="9.945549"><ele>20</ele></trkpt>
   <trkpt lat="53.691549" lon="9.9456"><ele>19</ele></trkpt>
   <trkpt lat="53.690649" lon="9.945668"><ele>19</ele></trkpt>
   <trkpt lat="53.6904" lon="9.945686"><ele>19</ele></trkpt>
   <trkpt lat="53.688834" lon="9.945724"><ele>17</ele></trkpt>
   <trkpt lat="53.688578" lon="9.945722"><ele>17</ele></trkpt>
   <trkpt lat="53.687944" lon="9.945715"><ele>17</ele></trkpt>
   <trkpt lat="53.687584" lon="9.945699"><ele>17</ele></trkpt>
   <trkpt lat="53.68661" lon="9.945634"><ele>18</ele></trkpt>
   <trkpt lat="53.68591" lon="9.945569"><ele>18</ele></trkpt>
   <trkpt lat="53.68506" lon="9.945474"><ele>18.75</ele></trkpt>
   <trkpt lat="53.68436" lon="9.945375"><ele>19</ele></trkpt>
   <trkpt lat="53.683093" lon="9.945164"><ele>19</ele></trkpt>
   <trkpt lat="53.681315" lon="9.944773"><ele>18</ele></trkpt>
   <trkpt lat="53.680574" lon="9.944576"><ele>17</ele></trkpt>
   <trkpt lat="53.679165" lon="9.944159"><ele>17</ele></trkpt>
   <trkpt lat="53.678868" lon="9.94406"><ele>17</ele></trkpt>
   <trkpt lat="53.678574" lon="9.943966"><ele>17</ele></trkpt>
   <trkpt lat="53.678171" lon="9.943827"><ele>17</ele></trkpt>
   <trkpt lat="53.676074" lon="9.943019"><ele>17</ele></trkpt>
   <trkpt lat="53.674992" lon="9.942531"><ele>17</ele></trkpt>
   <trkpt lat="53.674292" lon="9.942211"><ele>17</ele></trkpt>
   <trkpt lat="53.673498" lon="9.941815"><ele>16</ele></trkpt>
   <trkpt lat="53.673328" lon="9.941717"><ele>15.75</ele></trkpt>
   <trkpt lat="53.672485" lon="9.941279"><ele>14.75</ele></trkpt>
   <trkpt lat="53.671418" lon="9.940669"><ele>14.75</ele></trkpt>
   <trkpt lat="53.670079" lon="9.939853"><ele>15</ele></trkpt>
   <trkpt lat="53.669741" lon="9.939629"><ele>15</ele></trkpt>
   <trkpt lat="53.669355" lon="9.939375"><ele>15</ele></trkpt>
   <trkpt lat="53.667793" lon="9.938311"><ele>15</ele></trkpt>
   <trkpt lat="53.665914" lon="9.936957"><ele>12</ele></trkpt>
   <trkpt lat="53.664031" lon="9.935624"><ele>12</ele></trkpt>
   <trkpt lat="53.662578" lon="9.934659"><ele>12</ele></trkpt>
   <trkpt lat="53.661752" lon="9.934131"><ele>12</ele></trkpt>
   <trkpt lat="53.660931" lon="9.933647"><ele>12</ele></trkpt>
   <trkpt lat="53.660176" lon="9.933225"><ele>12</ele></trkpt>
   <trkpt lat="53.659735" lon="9.932991"><ele>12</ele></trkpt>
   <trkpt lat="53.659528" lon="9.932891"><ele>11.5</ele></trkpt>
   <trkpt lat="53.659052" lon="9.932652"><ele>11</ele></trkpt>
   <trkpt lat="53.658572" lon="9.932434"><ele>11</ele></trkpt>
   <trkpt lat="53.658149" lon="9.932242"><ele>11</ele></trkpt>
   <trkpt lat="53.657444" lon="9.931949"><ele>11</ele></trkpt>
   <trkpt lat="53.656156" lon="9.931485"><ele>11</ele></trkpt>
   <trkpt lat="53.654988" lon="9.931131"><ele>12</ele></trkpt>
   <trkpt lat="53.654119" lon="9.930916"><ele>12</ele></trkpt>
   <trkpt lat="53.653007" lon="9.930691"><ele>13</ele></trkpt>
   <trkpt lat="53.652658" lon="9.930627"><ele>13.25</ele></trkpt>
   <trkpt lat="53.652203" lon="9.930559"><ele>13.75</ele></trkpt>
   <trkpt lat="53.650694" lon="9.930396"><ele>15</ele></trkpt>
   <trkpt lat="53.649645" lon="9.930355"><ele>15.25</ele></trkpt>
   <trkpt lat="53.648497" lon="9.930349"><ele>17</ele></trkpt>
   <trkpt lat="53.648103" lon="9.930348"><ele>17.75</ele></trkpt>
   <trkpt lat="53.648069" lon="9.930348"><ele>17.75</ele></trkpt>
   <trkpt lat="53.647298" lon="9.930299"><ele>19</ele></trkpt>
   <trkpt lat="53.6467" lon="9.930242"><ele>19.75</ele></trkpt>
   <trkpt lat="53.646149" lon="9.930129"><ele>19.75</ele></trkpt>
   <trkpt lat="53.645559" lon="9.93"><ele>17</ele></trkpt>
   <trkpt lat="53.645079" lon="9.929866"><ele>17</ele></trkpt>
   <trkpt lat="53.644511" lon="9.92968"><ele>19.75</ele></trkpt>
   <trkpt lat="53.644059" lon="9.929495"><ele>20</ele></trkpt>
   <trkpt lat="53.643404" lon="9.929192"><ele>19.25</ele></trkpt>
   <trkpt lat="53.643065" lon="9.929023"><ele>19</ele></trkpt>
   <trkpt lat="53.642722" lon="9.928835"><ele>18</ele></trkpt>
   <trkpt lat="53.642295" lon="9.928579"><ele>17.75</ele></trkpt>
   <trkpt lat="53.641742" lon="9.928209"><ele>17</ele></trkpt>
   <trkpt lat="53.641395" lon="9.927964"><ele>16</ele></trkpt>
   <trkpt lat="53.640305" lon="9.927143"><ele>15.25</ele></trkpt>
   <trkpt lat="53.639768" lon="9.926724"><ele>14.5</ele></trkpt>
   <trkpt lat="53.638996" lon="9.926135"><ele>13.5</ele></trkpt>
   <trkpt lat="53.63801" lon="9.925422"><ele>13</ele></trkpt>
   <trkpt lat="53.637254" lon="9.924934"><ele>12.75</ele></trkpt>
   <trkpt lat="53.636167" lon="9.924352"><ele>12</ele></trkpt>
   <trkpt lat="53.635669" lon="9.924108"><ele>12</ele></trkpt>
   <trkpt lat="53.635562" lon="9.924057"><ele>12.25</ele></trkpt>
   <trkpt lat="53.635506" lon="9.924031"><ele>12.25</ele></trkpt>
   <trkpt lat="53.63523" lon="9.923904"><ele>12</ele></trkpt>
   <trkpt lat="53.634882" lon="9.923758"><ele>12.25</ele></trkpt>
   <trkpt lat="53.634407" lon="9.923574"><ele>13.25</ele></trkpt>
   <trkpt lat="53.63392" lon="9.923398"><ele>12.75</ele></trkpt>
   <trkpt lat="53.632924" lon="9.92306"><ele>12.75</ele></trkpt>
   <trkpt lat="53.6325" lon="9.922929"><ele>12.75</ele></trkpt>
   <trkpt lat="53.631542" lon="9.922641"><ele>12.75</ele></trkpt>
   <trkpt lat="53.631289" lon="9.922563"><ele>12.75</ele></trkpt>
   <trkpt lat="53.630519" lon="9.922326"><ele>13</ele></trkpt>
   <trkpt lat="53.629789" lon="9.922089"><ele>13</ele></trkpt>
   <trkpt lat="53.628897" lon="9.921739"><ele>13</ele></trkpt>
   <trkpt lat="53.628063" lon="9.921353"><ele>13</ele></trkpt>
   <trkpt lat="53.627621" lon="9.92111"><ele>13.25</ele></trkpt>
   <trkpt lat="53.627189" lon="9.920855"><ele>13.75</ele></trkpt>
   <trkpt lat="53.626899" lon="9.920667"><ele>14</ele></trkpt>
   <trkpt lat="53.626757" lon="9.920575"><ele>13.5</ele></trkpt>
   <trkpt lat="53.62628" lon="9.92024"><ele>14</ele></trkpt>
   <trkpt lat="53.625941" lon="9.91999"><ele>14</ele></trkpt>
   <trkpt lat="53.625529" lon="9.91965"><ele>14.25</ele></trkpt>
   <trkpt lat="53.624965" lon="9.919157"><ele>14</ele></trkpt>
   <trkpt lat="53.624351" lon="9.918545"><ele>15.5</ele></trkpt>
   <trkpt lat="53.623613" lon="9.917747"><ele>15</ele></trkpt>
   <trkpt lat="53.623148" lon="9.917193"><ele>15.75</ele></trkpt>
   <trkpt lat="53.622168" lon="9.915933"><ele>16.5</ele></trkpt>
   <trkpt lat="53.621987" lon="9.915698"><ele>16.5</ele></trkpt>
   <trkpt lat="53.621143" lon="9.914647"><ele>17.25</ele></trkpt>
   <trkpt lat="53.620805" lon="9.914253"><ele>17.5</ele></trkpt>
   <trkpt lat="53.620529" lon="9.913956"><ele>17.75</ele></trkpt>
   <trkpt lat="53.62019" lon="9.913618"><ele>17.75</ele></trkpt>
   <trkpt lat="53.619841" lon="9.913309"><ele>18.5</ele></trkpt>
   <trkpt lat="53.619551" lon="9.913082"><ele>18.25</ele></trkpt>
   <trkpt lat="53.619261" lon="9.912884"><ele>19</ele></trkpt>
   <trkpt lat="53.618964" lon="9.912712"><ele>19.25</ele></trkpt>
   <trkpt lat="53.618667" lon="9.912585"><ele>19.5</ele></trkpt>
   <trkpt lat="53.618041" lon="9.912408"><ele>20.25</ele></trkpt>
   <trkpt lat="53.617733" lon="9.912373"><ele>21</ele></trkpt>
   <trkpt lat="53.617312" lon="9.912356"><ele>21.25</ele></trkpt>
   <trkpt lat="53.617107" lon="9.912371"><ele>21.5</ele></trkpt>
   <trkpt lat="53.616901" lon="9.912407"><ele>21.5</ele></trkpt>
   <trkpt lat="53.616527" lon="9.912495"><ele>21.75</ele></trkpt>
   <trkpt lat="53.616176" lon="9.912623"><ele>22</ele></trkpt>
   <trkpt lat="53.615888" lon="9.912749"><ele>21.75</ele></trkpt>
   <trkpt lat="53.615571" lon="9.912951"><ele>21.25</ele></trkpt>
   <trkpt lat="53.615045" lon="9.913324"><ele>20</ele></trkpt>
   <trkpt lat="53.614787" lon="9.913527"><ele>19</ele></trkpt>
   <trkpt lat="53.613816" lon="9.914329"><ele>15</ele></trkpt>
   <trkpt lat="53.612682" lon="9.915188"><ele>13.25</ele></trkpt>
   <trkpt lat="53.612616" lon="9.915233"><ele>13.25</ele></trkpt>
   <trkpt lat="53.61178" lon="9.915902"><ele>12.25</ele></trkpt>
   <trkpt lat="53.611254" lon="9.916303"><ele>12.25</ele></trkpt>
   <trkpt lat="53.610721" lon="9.916677"><ele>12</ele></trkpt>
   <trkpt lat="53.609951" lon="9.917125"><ele>12.25</ele></trkpt>
   <trkpt lat="53.609948" lon="9.917127"><ele>12.25</ele></trkpt>
   <trkpt lat="53.609395" lon="9.917413"><ele>11.75</ele></trkpt>
   <trkpt lat="53.608764" lon="9.917707"><ele>11.25</ele></trkpt>
   <trkpt lat="53.608277" lon="9.917925"><ele>11</ele></trkpt>
   <trkpt lat="53.608278" lon="9.917925"><ele>11</ele></trkpt>
   <trkpt lat="53.608206" lon="9.917959"><ele>11</ele></trkpt>
   <trkpt lat="53.607472" lon="9.918299"><ele>11.75</ele></trkpt>
   <trkpt lat="53.607028" lon="9.918521"><ele>11.5</ele></trkpt>
   <trkpt lat="53.606352" lon="9.918895"><ele>12</ele></trkpt>
   <trkpt lat="53.605986" lon="9.91911"><ele>11.75</ele></trkpt>
   <trkpt lat="53.605582" lon="9.919364"><ele>11.5</ele></trkpt>
   <trkpt lat="53.604964" lon="9.919774"><ele>12</ele></trkpt>
   <trkpt lat="53.604648" lon="9.919993"><ele>12</ele></trkpt>
   <trkpt lat="53.603889" lon="9.920518"><ele>12.25</ele></trkpt>
   <trkpt lat="53.603815" lon="9.920565"><ele>12.25</ele></trkpt>
   <trkpt lat="53.602702" lon="9.921288"><ele>13</ele></trkpt>
   <trkpt lat="53.60221" lon="9.921555"><ele>13.5</ele></trkpt>
   <trkpt lat="53.601715" lon="9.921828"><ele>13.75</ele></trkpt>
   <trkpt lat="53.600968" lon="9.92218"><ele>14.25</ele></trkpt>
   <trkpt lat="53.599811" lon="9.922647"><ele>15.25</ele></trkpt>
   <trkpt lat="53.599194" lon="9.922813"><ele>15.75</ele></trkpt>
   <trkpt lat="53.598302" lon="9.923081"><ele>16.25</ele></trkpt>
   <trkpt lat="53.597793" lon="9.923188"><ele>16.75</ele></trkpt>
   <trkpt lat="53.597688" lon="9.92321"><ele>16.75</ele></trkpt>
   <trkpt lat="53.59682" lon="9.923256"><ele>17.25</ele></trkpt>
   <trkpt lat="53.596611" lon="9.923254"><ele>17.5</ele></trkpt>
   <trkpt lat="53.59641" lon="9.923235"><ele>17.75</ele></trkpt>
   <trkpt lat="53.596107" lon="9.923184"><ele>18</ele></trkpt>
   <trkpt lat="53.595896" lon="9.923131"><ele>18</ele></trkpt>
   <trkpt lat="53.595716" lon="9.923062"><ele>17.5</ele></trkpt>
   <trkpt lat="53.595434" lon="9.92296"><ele>17</ele></trkpt>
   <trkpt lat="53.595152" lon="9.92283"><ele>17</ele></trkpt>
   <trkpt lat="53.594861" lon="9.922669"><ele>17.5</ele></trkpt>
   <trkpt lat="53.594704" lon="9.922579"><ele>18</ele></trkpt>
   <trkpt lat="53.594469" lon="9.922239"><ele>18</ele></trkpt>
   <trkpt lat="53.594414" lon="9.92214"><ele>18</ele></trkpt>
   <trkpt lat="53.594377" lon="9.922043"><ele>18.25</ele></trkpt>
   <trkpt lat="53.594351" lon="9.92195"><ele>18.25</ele></trkpt>
   <trkpt lat="53.594333" lon="9.92185"><ele>18.25</ele></trkpt>
   <trkpt lat="53.594324" lon="9.921735"><ele>18.25</ele></trkpt>
   <trkpt lat="53.594323" lon="9.921621"><ele>18.5</ele></trkpt>
   <trkpt lat="53.594333" lon="9.921504"><ele>18.75</ele></trkpt>
   <trkpt lat="53.594353" lon="9.921404"><ele>18.75</ele></trkpt>
   <trkpt lat="53.594383" lon="9.921309"><ele>19</ele></trkpt>
   <trkpt lat="53.594419" lon="9.921226"><ele>19</ele></trkpt>
   <trkpt lat="53.594466" lon="9.921145"><ele>19</ele></trkpt>
   <trkpt lat="53.594528" lon="9.921067"><ele>19.25</ele></trkpt>
   <trkpt lat="53.594623" lon="9.920991"><ele>19.75</ele></trkpt>
   <trkpt lat="53.594682" lon="9.920965"><ele>19.75</ele></trkpt>
   <trkpt lat="53.59475" lon="9.920961"><ele>20</ele></trkpt>
   <trkpt lat="53.594881" lon="9.920992"><ele>20.75</ele></trkpt>
   <trkpt lat="53.594999" lon="9.921081"><ele>21</ele></trkpt>
   <trkpt lat="53.595095" lon="9.921211"><ele>21.25</ele></trkpt>
   <trkpt lat="53.595248" lon="9.921478"><ele>21.75</ele></trkpt>
   <trkpt lat="53.595669" lon="9.922295"><ele>23.25</ele></trkpt>
   <trkpt lat="53.595811" lon="9.922672"><ele>21.75</ele></trkpt>
   <trkpt lat="53.595831" lon="9.922738"><ele>21.25</ele></trkpt>
   <trkpt lat="53.595843" lon="9.922804"><ele>20.75</ele></trkpt>
   <trkpt lat="53.595849" lon="9.922909"><ele>21</ele></trkpt>
   <trkpt lat="53.595842" lon="9.923006"><ele>21.25</ele></trkpt>
   <trkpt lat="53.595809" lon="9.923129"><ele>21.75</ele></trkpt>
   <trkpt lat="53.595472" lon="9.923585"><ele>24</ele></trkpt>
   <trkpt lat="53.595184" lon="9.923967"><ele>24</ele></trkpt>
   <trkpt lat="53.595109" lon="9.924071"><ele>24</ele></trkpt>
   <trkpt lat="53.595081" lon="9.92411"><ele>24</ele></trkpt>
   <trkpt lat="53.594754" lon="9.924584"><ele>24</ele></trkpt>
   <trkpt lat="53.594361" lon="9.925307"><ele>23.5</ele></trkpt>
   <trkpt lat="53.594098" lon="9.925782"><ele>23.75</ele></trkpt>
   <trkpt lat="53.593857" lon="9.926195"><ele>23.75</ele></trkpt>
   <trkpt lat="53.593647" lon="9.926579"><ele>24</ele></trkpt>
   <trkpt lat="53.593272" lon="9.927121"><ele>24</ele></trkpt>
   <trkpt lat="53.593078" lon="9.927401"><ele>24</ele></trkpt>
   <trkpt lat="53.59284" lon="9.92774"><ele>24</ele></trkpt>
   <trkpt lat="53.59265" lon="9.927939"><ele>24</ele></trkpt>
   <trkpt lat="53.59254" lon="9.928086"><ele>24</ele></trkpt>
   <trkpt lat="53.592393" lon="9.928271"><ele>24</ele></trkpt>
   <trkpt lat="53.592337" lon="9.928341"><ele>24</ele></trkpt>
   <trkpt lat="53.592309" lon="9.928383"><ele>24</ele></trkpt>
   <trkpt lat="53.592273" lon="9.928438"><ele>24</ele></trkpt>
   <trkpt lat="53.592211" lon="9.928543"><ele>24</ele></trkpt>
   <trkpt lat="53.592183" lon="9.928591"><ele>24</ele></trkpt>
   <trkpt lat="53.592098" lon="9.928787"><ele>24</ele></trkpt>
   <trkpt lat="53.592061" lon="9.928883"><ele>24</ele></trkpt>
   <trkpt lat="53.591941" lon="9.929166"><ele>24</ele></trkpt>
   <trkpt lat="53.591824" lon="9.929379"><ele>24</ele></trkpt>
   <trkpt lat="53.591692" lon="9.929578"><ele>24</ele></trkpt>
   <trkpt lat="53.591615" lon="9.929678"><ele>24</ele></trkpt>
   <trkpt lat="53.591551" lon="9.929762"><ele>24</ele></trkpt>
   <trkpt lat="53.591454" lon="9.929858"><ele>24</ele></trkpt>
   <trkpt lat="53.59131" lon="9.929994"><ele>24</ele></trkpt>
   <trkpt lat="53.591273" lon="9.930026"><ele>24</ele></trkpt>
   <trkpt lat="53.591237" lon="9.93006"><ele>24</ele></trkpt>
   <trkpt lat="53.591185" lon="9.930108"><ele>24</ele></trkpt>
   <trkpt lat="53.591119" lon="9.930256"><ele>24</ele></trkpt>
   <trkpt lat="53.591082" lon="9.93028"><ele>24</ele></trkpt>
   <trkpt lat="53.590982" lon="9.930342"><ele>24</ele></trkpt>
   <trkpt lat="53.590829" lon="9.930418"><ele>24.5</ele></trkpt>
   <trkpt lat="53.590398" lon="9.930588"><ele>25</ele></trkpt>
   <trkpt lat="53.590368" lon="9.930599"><ele>25</ele></trkpt>
   <trkpt lat="53.590117" lon="9.930697"><ele>25</ele></trkpt>
   <trkpt lat="53.590067" lon="9.930717"><ele>25</ele></trkpt>
   <trkpt lat="53.590041" lon="9.930727"><ele>25</ele></trkpt>
   <trkpt lat="53.589886" lon="9.930788"><ele>25</ele></trkpt>
   <trkpt lat="53.589741" lon="9.930845"><ele>25</ele></trkpt>
   <trkpt lat="53.589697" lon="9.930865"><ele>25</ele></trkpt>
   <trkpt lat="53.589527" lon="9.930941"><ele>25</ele></trkpt>
   <trkpt lat="53.589367" lon="9.93102"><ele>25</ele></trkpt>
   <trkpt lat="53.589338" lon="9.931034"><ele>25</ele></trkpt>
   <trkpt lat="53.589067" lon="9.93117"><ele>25</ele></trkpt>
   <trkpt lat="53.588751" lon="9.931327"><ele>25</ele></trkpt>
   <trkpt lat="53.588601" lon="9.931402"><ele>25</ele></trkpt>
   <trkpt lat="53.588581" lon="9.931412"><ele>25</ele></trkpt>
   <trkpt lat="53.588167" lon="9.931619"><ele>25</ele></trkpt>
   <trkpt lat="53.588101" lon="9.931652"><ele>25</ele></trkpt>
   <trkpt lat="53.587961" lon="9.931721"><ele>25</ele></trkpt>
   <trkpt lat="53.587941" lon="9.931731"><ele>25</ele></trkpt>
   <trkpt lat="53.58765" lon="9.931876"><ele>25</ele></trkpt>
   <trkpt lat="53.58764" lon="9.931872"><ele>25</ele></trkpt>
   <trkpt lat="53.58757" lon="9.931852"><ele>25</ele></trkpt>
   <trkpt lat="53.58754" lon="9.931844"><ele>25</ele></trkpt>
   <trkpt lat="53.587501" lon="9.931865"><ele>25</ele></trkpt>
   <trkpt lat="53.587454" lon="9.931889"><ele>25</ele></trkpt>
   <trkpt lat="53.587396" lon="9.931974"><ele>25</ele></trkpt>
   <trkpt lat="53.587368" lon="9.932019"><ele>25</ele></trkpt>
   <trkpt lat="53.587255" lon="9.932076"><ele>25</ele></trkpt>
   <trkpt lat="53.587061" lon="9.932173"><ele>24.5</ele></trkpt>
   <trkpt lat="53.586882" lon="9.932263"><ele>24</ele></trkpt>
   <trkpt lat="53.586846" lon="9.932281"><ele>24</ele></trkpt>
   <trkpt lat="53.586785" lon="9.932312"><ele>24</ele></trkpt>
   <trkpt lat="53.586689" lon="9.93236"><ele>24</ele></trkpt>
   <trkpt lat="53.5866" lon="9.932404"><ele>24</ele></trkpt>
   <trkpt lat="53.586418" lon="9.932496"><ele>24</ele></trkpt>
   <trkpt lat="53.586217" lon="9.932596"><ele>24</ele></trkpt>
   <trkpt lat="53.586187" lon="9.932611"><ele>24</ele></trkpt>
   <trkpt lat="53.58609" lon="9.93266"><ele>24</ele></trkpt>
   <trkpt lat="53.586048" lon="9.932681"><ele>24</ele></trkpt>
   <trkpt lat="53.586004" lon="9.932703"><ele>24</ele></trkpt>
   <trkpt lat="53.585919" lon="9.932746"><ele>24</ele></trkpt>
   <trkpt lat="53.585901" lon="9.932755"><ele>24</ele></trkpt>
   <trkpt lat="53.585409" lon="9.933002"><ele>23.25</ele></trkpt>
   <trkpt lat="53.585185" lon="9.933114"><ele>23</ele></trkpt>
   <trkpt lat="53.584976" lon="9.933213"><ele>23.5</ele></trkpt>
   <trkpt lat="53.584796" lon="9.933291"><ele>23</ele></trkpt>
   <trkpt lat="53.584532" lon="9.93338"><ele>23</ele></trkpt>
   <trkpt lat="53.584411" lon="9.933419"><ele>23.25</ele></trkpt>
   <trkpt lat="53.584213" lon="9.933483"><ele>23</ele></trkpt>
   <trkpt lat="53.584089" lon="9.933523"><ele>23</ele></trkpt>
   <trkpt lat="53.583828" lon="9.933608"><ele>23</ele></trkpt>
   <trkpt lat="53.583675" lon="9.933549"><ele>23</ele></trkpt>
   <trkpt lat="53.583623" lon="9.933565"><ele>22.75</ele></trkpt>
   <trkpt lat="53.583568" lon="9.93358"><ele>23</ele></trkpt>
   <trkpt lat="53.583377" lon="9.933613"><ele>23</ele></trkpt>
   <trkpt lat="53.58317" lon="9.933643"><ele>23</ele></trkpt>
   <trkpt lat="53.58294" lon="9.933689"><ele>23</ele></trkpt>
   <trkpt lat="53.582814" lon="9.933837"><ele>22.75</ele></trkpt>
   <trkpt lat="53.582722" lon="9.933871"><ele>23</ele></trkpt>
   <trkpt lat="53.582642" lon="9.933901"><ele>23</ele></trkpt>
   <trkpt lat="53.582527" lon="9.933944"><ele>23</ele></trkpt>
   <trkpt lat="53.582352" lon="9.934011"><ele>23</ele></trkpt>
   <trkpt lat="53.582306" lon="9.934027"><ele>23</ele></trkpt>
   <trkpt lat="53.581642" lon="9.934226"><ele>23</ele></trkpt>
   <trkpt lat="53.581338" lon="9.934315"><ele>23</ele></trkpt>
   <trkpt lat="53.580958" lon="9.934437"><ele>23</ele></trkpt>
   <trkpt lat="53.580646" lon="9.934553"><ele>22.5</ele></trkpt>
   <trkpt lat="53.580535" lon="9.93461"><ele>22.25</ele></trkpt>
   <trkpt lat="53.58047" lon="9.93465"><ele>22</ele></trkpt>
   <trkpt lat="53.580356" lon="9.934636"><ele>22</ele></trkpt>
   <trkpt lat="53.580325" lon="9.934661"><ele>22</ele></trkpt>
   <trkpt lat="53.57964" lon="9.935245"><ele>21.5</ele></trkpt>
   <trkpt lat="53.579199" lon="9.935624"><ele>20.75</ele></trkpt>
   <trkpt lat="53.579151" lon="9.935666"><ele>21</ele></trkpt>
   <trkpt lat="53.579039" lon="9.935767"><ele>21</ele></trkpt>
   <trkpt lat="53.578936" lon="9.935854"><ele>21</ele></trkpt>
   <trkpt lat="53.577903" lon="9.936727"><ele>20</ele></trkpt>
   <trkpt lat="53.577707" lon="9.936893"><ele>20</ele></trkpt>
   <trkpt lat="53.577372" lon="9.937176"><ele>20</ele></trkpt>
   <trkpt lat="53.577082" lon="9.937422"><ele>20</ele></trkpt>
   <trkpt lat="53.576992" lon="9.937498"><ele>20</ele></trkpt>
   <trkpt lat="53.576947" lon="9.937536"><ele>20</ele></trkpt>
   <trkpt lat="53.57675" lon="9.937702"><ele>19.25</ele></trkpt>
   <trkpt lat="53.576508" lon="9.937906"><ele>19</ele></trkpt>
   <trkpt lat="53.576083" lon="9.938266"><ele>19</ele></trkpt>
   <trkpt lat="53.575937" lon="9.93839"><ele>19</ele></trkpt>
   <trkpt lat="53.575846" lon="9.938466"><ele>19</ele></trkpt>
   <trkpt lat="53.575692" lon="9.938597"><ele>19</ele></trkpt>
   <trkpt lat="53.575662" lon="9.938622"><ele>19</ele></trkpt>
   <trkpt lat="53.575606" lon="9.938669"><ele>19</ele></trkpt>
   <trkpt lat="53.57541" lon="9.93887"><ele>18.75</ele></trkpt>
   <trkpt lat="53.57528" lon="9.938985"><ele>19</ele></trkpt>
   <trkpt lat="53.574949" lon="9.939276"><ele>18.5</ele></trkpt>
   <trkpt lat="53.574416" lon="9.939746"><ele>18</ele></trkpt>
   <trkpt lat="53.574353" lon="9.939802"><ele>18</ele></trkpt>
   <trkpt lat="53.574209" lon="9.939929"><ele>18</ele></trkpt>
   <trkpt lat="53.573929" lon="9.940176"><ele>18</ele></trkpt>
   <trkpt lat="53.573807" lon="9.940284"><ele>18</ele></trkpt>
   <trkpt lat="53.573513" lon="9.940544"><ele>18.25</ele></trkpt>
   <trkpt lat="53.57334" lon="9.940718"><ele>18.25</ele></trkpt>
   <trkpt lat="53.573208" lon="9.940854"><ele>18.25</ele></trkpt>
   <trkpt lat="53.5731" lon="9.940982"><ele>18.25</ele></trkpt>
   <trkpt lat="53.572981" lon="9.941134"><ele>18</ele></trkpt>
   <trkpt lat="53.572958" lon="9.941163"><ele>18</ele></trkpt>
   <trkpt lat="53.572809" lon="9.941351"><ele>17.75</ele></trkpt>
   <trkpt lat="53.572636" lon="9.941575"><ele>18</ele></trkpt>
   <trkpt lat="53.572498" lon="9.941792"><ele>18</ele></trkpt>
   <trkpt lat="53.572434" lon="9.941982"><ele>18</ele></trkpt>
   <trkpt lat="53.572387" lon="9.942105"><ele>18</ele></trkpt>
   <trkpt lat="53.572343" lon="9.942267"><ele>18</ele></trkpt>
   <trkpt lat="53.572309" lon="9.942472"><ele>18</ele></trkpt>
   <trkpt lat="53.572298" lon="9.942692"><ele>18</ele></trkpt>
   <trkpt lat="53.572312" lon="9.942883"><ele>18</ele></trkpt>
   <trkpt lat="53.572328" lon="9.943004"><ele>18</ele></trkpt>
   <trkpt lat="53.572352" lon="9.943127"><ele>18</ele></trkpt>
   <trkpt lat="53.572391" lon="9.943289"><ele>18</ele></trkpt>
   <trkpt lat="53.572452" lon="9.943485"><ele>18</ele></trkpt>
   <trkpt lat="53.572663" lon="9.944191"><ele>18</ele></trkpt>
   <trkpt lat="53.57268" lon="9.944249"><ele>18</ele></trkpt>
   <trkpt lat="53.572779" lon="9.944591"><ele>18</ele></trkpt>
   <trkpt lat="53.572793" lon="9.944639"><ele>18</ele></trkpt>
   <trkpt lat="53.572951" lon="9.945175"><ele>18</ele></trkpt>
   <trkpt lat="53.573119" lon="9.945782"><ele>18</ele></trkpt>
   <trkpt lat="53.573191" lon="9.946112"><ele>18</ele></trkpt>
   <trkpt lat="53.573249" lon="9.946485"><ele>18</ele></trkpt>
   <trkpt lat="53.573274" lon="9.946713"><ele>18</ele></trkpt>
   <trkpt lat="53.573309" lon="9.947156"><ele>18</ele></trkpt>
   <trkpt lat="53.573329" lon="9.94776"><ele>18</ele></trkpt>
   <trkpt lat="53.573337" lon="9.948279"><ele>18</ele></trkpt>
   <trkpt lat="53.573335" lon="9.948374"><ele>18</ele></trkpt>
   <trkpt lat="53.573329" lon="9.948524"><ele>18</ele></trkpt>
   <trkpt lat="53.573309" lon="9.948689"><ele>18</ele></trkpt>
   <trkpt lat="53.573262" lon="9.948903"><ele>18</ele></trkpt>
   <trkpt lat="53.573229" lon="9.94901"><ele>18</ele></trkpt>
   <trkpt lat="53.57321" lon="9.949067"><ele>18</ele></trkpt>
   <trkpt lat="53.573085" lon="9.949359"><ele>18</ele></trkpt>
   <trkpt lat="53.572915" lon="9.949711"><ele>18</ele></trkpt>
   <trkpt lat="53.572873" lon="9.949787"><ele>17.75</ele></trkpt>
   <trkpt lat="53.572669" lon="9.950162"><ele>17</ele></trkpt>
   <trkpt lat="53.572625" lon="9.950243"><ele>17</ele></trkpt>
   <trkpt lat="53.571944" lon="9.951456"><ele>16</ele></trkpt>
   <trkpt lat="53.571769" lon="9.951782"><ele>15.5</ele></trkpt>
   <trkpt lat="53.571595" lon="9.952135"><ele>15</ele></trkpt>
   <trkpt lat="53.571443" lon="9.952506"><ele>14.75</ele></trkpt>
   <trkpt lat="53.571414" lon="9.952587"><ele>14.5</ele></trkpt>
   <trkpt lat="53.571304" lon="9.952885"><ele>14</ele></trkpt>
   <trkpt lat="53.571058" lon="9.953573"><ele>13</ele></trkpt>
   <trkpt lat="53.570647" lon="9.954693"><ele>11</ele></trkpt>
   <trkpt lat="53.570572" lon="9.954928"><ele>10.75</ele></trkpt>
   <trkpt lat="53.570511" lon="9.95515"><ele>10.25</ele></trkpt>
   <trkpt lat="53.570447" lon="9.955434"><ele>10</ele></trkpt>
   <trkpt lat="53.570396" lon="9.95566"><ele>10</ele></trkpt>
   <trkpt lat="53.57038" lon="9.955731"><ele>10</ele></trkpt>
   <trkpt lat="53.57034" lon="9.955907"><ele>10</ele></trkpt>
   <trkpt lat="53.570287" lon="9.956141"><ele>10</ele></trkpt>
   <trkpt lat="53.570262" lon="9.956254"><ele>10</ele></trkpt>
   <trkpt lat="53.57024" lon="9.956354"><ele>10</ele></trkpt>
   <trkpt lat="53.570033" lon="9.957276"><ele>8.75</ele></trkpt>
   <trkpt lat="53.570013" lon="9.957356"><ele>8.5</ele></trkpt>
   <trkpt lat="53.569968" lon="9.957543"><ele>8</ele></trkpt>
   <trkpt lat="53.569921" lon="9.957744"><ele>8</ele></trkpt>
   <trkpt lat="53.569435" lon="9.95982"><ele>8</ele></trkpt>
   <trkpt lat="53.569407" lon="9.960023"><ele>8</ele></trkpt>
   <trkpt lat="53.569377" lon="9.960578"><ele>8</ele></trkpt>
   <trkpt lat="53.56938" lon="9.960801"><ele>8</ele></trkpt>
   <trkpt lat="53.56939" lon="9.961001"><ele>8</ele></trkpt>
   <trkpt lat="53.569453" lon="9.961979"><ele>8</ele></trkpt>
   <trkpt lat="53.56945" lon="9.96251"><ele>8</ele></trkpt>
   <trkpt lat="53.569436" lon="9.962918"><ele>9</ele></trkpt>
   <trkpt lat="53.569433" lon="9.96297"><ele>9</ele></trkpt>
   <trkpt lat="53.56943" lon="9.96303"><ele>9</ele></trkpt>
   <trkpt lat="53.569409" lon="9.963541"><ele>9</ele></trkpt>
   <trkpt lat="53.569403" lon="9.963692"><ele>9</ele></trkpt>
   <trkpt lat="53.569398" lon="9.963985"><ele>9</ele></trkpt>
   <trkpt lat="53.569386" lon="9.964309"><ele>9</ele></trkpt>
   <trkpt lat="53.56937" lon="9.964622"><ele>9</ele></trkpt>
   <trkpt lat="53.569337" lon="9.965057"><ele>9</ele></trkpt>
   <trkpt lat="53.569269" lon="9.965676"><ele>9</ele></trkpt>
   <trkpt lat="53.569223" lon="9.965971"><ele>9</ele></trkpt>
   <trkpt lat="53.569189" lon="9.966132"><ele>9</ele></trkpt>
   <trkpt lat="53.569107" lon="9.966419"><ele>9</ele></trkpt>
   <trkpt lat="53.569052" lon="9.966587"><ele>9.25</ele></trkpt>
   <trkpt lat="53.568926" lon="9.966933"><ele>9.75</ele></trkpt>
   <trkpt lat="53.568824" lon="9.967182"><ele>10</ele></trkpt>
   <trkpt lat="53.568076" lon="9.968882"><ele>12.75</ele></trkpt>
   <trkpt lat="53.567922" lon="9.969149"><ele>13.25</ele></trkpt>
   <trkpt lat="53.567836" lon="9.969286"><ele>13.75</ele></trkpt>
   <trkpt lat="53.567655" lon="9.969695"><ele>14.75</ele></trkpt>
   <trkpt lat="53.567636" lon="9.969733"><ele>15</ele></trkpt>
   <trkpt lat="53.567587" lon="9.969832"><ele>15</ele></trkpt>
   <trkpt lat="53.567533" lon="9.969945"><ele>15</ele></trkpt>
   <trkpt lat="53.567446" lon="9.970135"><ele>15</ele></trkpt>
   <trkpt lat="53.56739" lon="9.970263"><ele>15.25</ele></trkpt>
   <trkpt lat="53.567316" lon="9.970431"><ele>15.5</ele></trkpt>
   <trkpt lat="53.567086" lon="9.970954"><ele>16</ele></trkpt>
   <trkpt lat="53.566915" lon="9.971481"><ele>16.25</ele></trkpt>
   <trkpt lat="53.566641" lon="9.972067"><ele>17</ele></trkpt>
   <trkpt lat="53.566464" lon="9.972444"><ele>17</ele></trkpt>
   <trkpt lat="53.565336" lon="9.974809"><ele>19</ele></trkpt>
   <trkpt lat="53.565284" lon="9.974919"><ele>19</ele></trkpt>
   <trkpt lat="53.565051" lon="9.975417"><ele>19</ele></trkpt>
   <trkpt lat="53.564793" lon="9.97594"><ele>19</ele></trkpt>
   <trkpt lat="53.564457" lon="9.976687"><ele>20</ele></trkpt>
   <trkpt lat="53.564352" lon="9.976827"><ele>20</ele></trkpt>
   <trkpt lat="53.564302" lon="9.976971"><ele>20.5</ele></trkpt>
   <trkpt lat="53.564279" lon="9.977048"><ele>20.5</ele></trkpt>
   <trkpt lat="53.564247" lon="9.977177"><ele>20.5</ele></trkpt>
   <trkpt lat="53.564216" lon="9.977369"><ele>20.25</ele></trkpt>
   <trkpt lat="53.564205" lon="9.977487"><ele>20</ele></trkpt>
   <trkpt lat="53.564191" lon="9.977793"><ele>19.75</ele></trkpt>
   <trkpt lat="53.564237" lon="9.978076"><ele>19.5</ele></trkpt>
   <trkpt lat="53.564185" lon="9.979121"><ele>18</ele></trkpt>
   <trkpt lat="53.564174" lon="9.979371"><ele>17.75</ele></trkpt>
   <trkpt lat="53.564155" lon="9.979899"><ele>16.75</ele></trkpt>
   <trkpt lat="53.564147" lon="9.981964"><ele>15.75</ele></trkpt>
   <trkpt lat="53.564148" lon="9.982"><ele>15.5</ele></trkpt>
   <trkpt lat="53.564149" lon="9.982223"><ele>14.75</ele></trkpt>
   <trkpt lat="53.564149" lon="9.982243"><ele>14.75</ele></trkpt>
   <trkpt lat="53.564148" lon="9.98275"><ele>14.75</ele></trkpt>
   <trkpt lat="53.564135" lon="9.983173"><ele>14.5</ele></trkpt>
   <trkpt lat="53.564116" lon="9.983499"><ele>14</ele></trkpt>
   <trkpt lat="53.564094" lon="9.983731"><ele>14</ele></trkpt>
   <trkpt lat="53.564073" lon="9.983927"><ele>13.75</ele></trkpt>
   <trkpt lat="53.564058" lon="9.984049"><ele>13.5</ele></trkpt>
   <trkpt lat="53.564037" lon="9.98416"><ele>13.25</ele></trkpt>
   <trkpt lat="53.563986" lon="9.98438"><ele>13</ele></trkpt>
   <trkpt lat="53.563937" lon="9.984537"><ele>13</ele></trkpt>
   <trkpt lat="53.563881" lon="9.984686"><ele>13</ele></trkpt>
   <trkpt lat="53.563641" lon="9.985319"><ele>12.75</ele></trkpt>
   <trkpt lat="53.563537" lon="9.985557"><ele>12.5</ele></trkpt>
   <trkpt lat="53.562625" lon="9.987335"><ele>11.5</ele></trkpt>
   <trkpt lat="53.562044" lon="9.988481"><ele>10.75</ele></trkpt>
   <trkpt lat="53.562033" lon="9.988504"><ele>10.75</ele></trkpt>
   <trkpt lat="53.561998" lon="9.988573"><ele>10.25</ele></trkpt>
   <trkpt lat="53.561636" lon="9.989262"><ele>9.25</ele></trkpt>
   <trkpt lat="53.56154" lon="9.989423"><ele>9</ele></trkpt>
   <trkpt lat="53.561513" lon="9.989462"><ele>9</ele></trkpt>
   <trkpt lat="53.561461" lon="9.98953"><ele>9</ele></trkpt>
   <trkpt lat="53.561362" lon="9.989645"><ele>9</ele></trkpt>
   <trkpt lat="53.561201" lon="9.989837"><ele>9</ele></trkpt>
   <trkpt lat="53.561078" lon="9.98998"><ele>9</ele></trkpt>
   <trkpt lat="53.561033" lon="9.990033"><ele>9</ele></trkpt>
   <trkpt lat="53.560999" lon="9.990078"><ele>9</ele></trkpt>
   <trkpt lat="53.560807" lon="9.990315"><ele>8.75</ele></trkpt>
   <trkpt lat="53.560741" lon="9.99039"><ele>8.75</ele></trkpt>
   <trkpt lat="53.560646" lon="9.990485"><ele>8.25</ele></trkpt>
   <trkpt lat="53.560611" lon="9.990523"><ele>8.25</ele></trkpt>
   <trkpt lat="53.560548" lon="9.99059"><ele>8</ele></trkpt>
   <trkpt lat="53.560506" lon="9.990632"><ele>8.25</ele></trkpt>
   <trkpt lat="53.56044" lon="9.990694"><ele>8.25</ele></trkpt>
   <trkpt lat="53.560377" lon="9.990753"><ele>8.5</ele></trkpt>
   <trkpt lat="53.560331" lon="9.990791"><ele>8.75</ele></trkpt>
   <trkpt lat="53.559824" lon="9.991198"><ele>9.25</ele></trkpt>
   <trkpt lat="53.559696" lon="9.991332"><ele>8.75</ele></trkpt>
   <trkpt lat="53.559571" lon="9.99149"><ele>8.25</ele></trkpt>
   <trkpt lat="53.559407" lon="9.991718"><ele>7.25</ele></trkpt>
   <trkpt lat="53.559259" lon="9.991966"><ele>7</ele></trkpt>
   <trkpt lat="53.55915" lon="9.992176"><ele>7.25</ele></trkpt>
   <trkpt lat="53.559063" lon="9.992366"><ele>7.75</ele></trkpt>
   <trkpt lat="53.558821" lon="9.99287"><ele>7</ele></trkpt>
   <trkpt lat="53.558572" lon="9.993408"><ele>6</ele></trkpt>
   <trkpt lat="53.558543" lon="9.993467"><ele>6</ele></trkpt>
   <trkpt lat="53.558494" lon="9.993555"><ele>5.75</ele></trkpt>
   <trkpt lat="53.558445" lon="9.9936"><ele>5.25</ele></trkpt>
   <trkpt lat="53.558131" lon="9.993418"><ele>5.5</ele></trkpt>
   <trkpt lat="53.558" lon="9.993427"><ele>5</ele></trkpt>
   <trkpt lat="53.557966" lon="9.993425"><ele>5</ele></trkpt>
   <trkpt lat="53.557894" lon="9.993422"><ele>5</ele></trkpt>
   <trkpt lat="53.55784" lon="9.99342"><ele>5</ele></trkpt>
   <trkpt lat="53.557739" lon="9.993451"><ele>5.5</ele></trkpt>
   <trkpt lat="53.557663" lon="9.993506"><ele>5.75</ele></trkpt>
   <trkpt lat="53.557596" lon="9.993567"><ele>5.75</ele></trkpt>
   <trkpt lat="53.557571" lon="9.993593"><ele>5.75</ele></trkpt>
   <trkpt lat="53.557546" lon="9.993631"><ele>5.75</ele></trkpt>
   <trkpt lat="53.557505" lon="9.993731"><ele>5.75</ele></trkpt>
   <trkpt lat="53.557476" lon="9.993806"><ele>5.75</ele></trkpt>
   <trkpt lat="53.557461" lon="9.994423"><ele>5.5</ele></trkpt>
   <trkpt lat="53.55746" lon="9.994857"><ele>6.25</ele></trkpt>
   <trkpt lat="53.557437" lon="9.994979"><ele>6.5</ele></trkpt>
   <trkpt lat="53.557311" lon="9.995615"><ele>8</ele></trkpt>
   <trkpt lat="53.557139" lon="9.996364"><ele>8.25</ele></trkpt>
   <trkpt lat="53.557011" lon="9.996876"><ele>5</ele></trkpt>
   <trkpt lat="53.556783" lon="9.997709"><ele>5.5</ele></trkpt>
   <trkpt lat="53.556447" lon="9.998898"><ele>7</ele></trkpt>
   <trkpt lat="53.55643" lon="9.998963"><ele>7</ele></trkpt>
   <trkpt lat="53.556174" lon="9.999496"><ele>6.75</ele></trkpt>
   <trkpt lat="53.556056" lon="9.999764"><ele>6.75</ele></trkpt>
   <trkpt lat="53.555885" lon="10.000127"><ele>6</ele></trkpt>
   <trkpt lat="53.555786" lon="10.000333"><ele>6</ele></trkpt>
   <trkpt lat="53.555759" lon="10.00039"><ele>6</ele></trkpt>
   <trkpt lat="53.5557" lon="10.000506"><ele>6</ele></trkpt>
   <trkpt lat="53.555645" lon="10.000608"><ele>6</ele></trkpt>
   <trkpt lat="53.555559" lon="10.000774"><ele>6</ele></trkpt>
   <trkpt lat="53.555525" lon="10.000838"><ele>6</ele></trkpt>
   <trkpt lat="53.555502" lon="10.000882"><ele>6</ele></trkpt>
   <trkpt lat="53.555387" lon="10.001105"><ele>6</ele></trkpt>
   <trkpt lat="53.555293" lon="10.001281"><ele>5.75</ele></trkpt>
   <trkpt lat="53.555139" lon="10.001566"><ele>6</ele></trkpt>
   <trkpt lat="53.555009" lon="10.001819"><ele>6.5</ele></trkpt>
   <trkpt lat="53.554865" lon="10.002057"><ele>7</ele></trkpt>
   <trkpt lat="53.554557" lon="10.002564"><ele>7.25</ele></trkpt>
   <trkpt lat="53.554263" lon="10.003018"><ele>7.75</ele></trkpt>
   <trkpt lat="53.554096" lon="10.003271"><ele>9.75</ele></trkpt>
   <trkpt lat="53.554075" lon="10.003314"><ele>9.75</ele></trkpt>
   <trkpt lat="53.553966" lon="10.00355"><ele>10.5</ele></trkpt>
   <trkpt lat="53.553912" lon="10.003685"><ele>10.75</ele></trkpt>
   <trkpt lat="53.554015" lon="10.003967"><ele>11</ele></trkpt>
   <trkpt lat="53.554074" lon="10.004167"><ele>11.25</ele></trkpt>
   <trkpt lat="53.554135" lon="10.004352"><ele>11.5</ele></trkpt>
   <trkpt lat="53.554257" lon="10.004577"><ele>12.25</ele></trkpt>
   <trkpt lat="53.554312" lon="10.004753"><ele>11.75</ele></trkpt>
   <trkpt lat="53.554327" lon="10.004802"><ele>11.75</ele></trkpt>
   <trkpt lat="53.554351" lon="10.004877"><ele>11</ele></trkpt>
   <trkpt lat="53.554365" lon="10.004922"><ele>11</ele></trkpt>
   <trkpt lat="53.554478" lon="10.005246"><ele>11.25</ele></trkpt>
   <trkpt lat="53.554625" lon="10.005664"><ele>11.75</ele></trkpt>
   <trkpt lat="53.55469" lon="10.005878"><ele>12</ele></trkpt>
   <trkpt lat="53.55476" lon="10.006165"><ele>12.5</ele></trkpt>
   <trkpt lat="53.55479" lon="10.00633"><ele>12.5</ele></trkpt>
   <trkpt lat="53.554795" lon="10.006379"><ele>12.5</ele></trkpt>
   <trkpt lat="53.554816" lon="10.006558"><ele>12.25</ele></trkpt>
   <trkpt lat="53.554862" lon="10.006872"><ele>12</ele></trkpt>
   <trkpt lat="53.554963" lon="10.007678"><ele>12</ele></trkpt>
   <trkpt lat="53.55497" lon="10.007746"><ele>12</ele></trkpt>
   <trkpt lat="53.55499" lon="10.007916"><ele>12</ele></trkpt>
   <trkpt lat="53.554872" lon="10.007971"><ele>12</ele></trkpt>
   <trkpt lat="53.554581" lon="10.008064"><ele>12</ele></trkpt>
   <trkpt lat="53.554456" lon="10.008098"><ele>12</ele></trkpt>
   <trkpt lat="53.554383" lon="10.00812"><ele>12</ele></trkpt>
   <trkpt lat="53.553772" lon="10.008301"><ele>13</ele></trkpt>
  </trkseg>
 </trk>
</gpx>