<?xml version="1.0" encoding="UTF-8"?>
<!-- track-length = 70576 filtered ascend = 643 plain-ascend = 58 cost=86648 energy=8.6kwh time=1h 15m 3s -->
<gpx 
 xmlns="http://www.topografix.com/GPX/1/1" 
 xmlns:xsi="http://www.w3.org/2001/XMLSchema-instance" 
 xsi:schemaLocation="http://www.topografix.com/GPX/1/1 http://www.topografix.com/GPX/1/1/gpx.xsd" 
 version="1.1" 
 creator="BRouter-Web 0.18.1">
 <trk>
  <name>OVB Bus 800 Bad Neustadt an der Saale Borsigstraße - Coburg Hbf</name>
  <trkseg>
   <trkpt lat="50.33186" lon="10.228365"><ele>238.5</ele></trkpt>
   <trkpt lat="50.331887" lon="10.228411"><ele>238.75</ele></trkpt>
   <trkpt lat="50.331935" lon="10.228494"><ele>238.75</ele></trkpt>
   <trkpt lat="50.331971" lon="10.228583"><ele>239</ele></trkpt>
   <trkpt lat="50.332009" lon="10.228654"><ele>239</ele></trkpt>
   <trkpt lat="50.332063" lon="10.228722"><ele>239</ele></trkpt>
   <trkpt lat="50.332119" lon="10.228832"><ele>239.5</ele></trkpt>
   <trkpt lat="50.332119" lon="10.228887"><ele>239.5</ele></trkpt>
   <trkpt lat="50.33213" lon="10.228939"><ele>238.75</ele></trkpt>
   <trkpt lat="50.332149" lon="10.228984"><ele>238.25</ele></trkpt>
   <trkpt lat="50.332085" lon="10.229052"><ele>238.25</ele></trkpt>
   <trkpt lat="50.331911" lon="10.229252"><ele>238.25</ele></trkpt>
   <trkpt lat="50.331787" lon="10.229363"><ele>238.5</ele></trkpt>
   <trkpt lat="50.331631" lon="10.22943"><ele>238.5</ele></trkpt>
   <trkpt lat="50.331488" lon="10.22945"><ele>238.25</ele></trkpt>
   <trkpt lat="50.331366" lon="10.229434"><ele>237.75</ele></trkpt>
   <trkpt lat="50.331188" lon="10.229389"><ele>237</ele></trkpt>
   <trkpt lat="50.330907" lon="10.229319"><ele>236.25</ele></trkpt>
   <trkpt lat="50.330779" lon="10.229311"><ele>235.5</ele></trkpt>
   <trkpt lat="50.330698" lon="10.229324"><ele>235</ele></trkpt>
   <trkpt lat="50.33062" lon="10.229356"><ele>234.25</ele></trkpt>
   <trkpt lat="50.330532" lon="10.229411"><ele>233.75</ele></trkpt>
   <trkpt lat="50.330439" lon="10.229499"><ele>233.75</ele></trkpt>
   <trkpt lat="50.330365" lon="10.229607"><ele>233.5</ele></trkpt>
   <trkpt lat="50.330282" lon="10.229768"><ele>233</ele></trkpt>
   <trkpt lat="50.330174" lon="10.230045"><ele>232.5</ele></trkpt>
   <trkpt lat="50.330029" lon="10.230525"><ele>232</ele></trkpt>
   <trkpt lat="50.330002" lon="10.230615"><ele>231.75</ele></trkpt>
   <trkpt lat="50.329952" lon="10.230946"><ele>230.75</ele></trkpt>
   <trkpt lat="50.329948" lon="10.23126"><ele>230.5</ele></trkpt>
   <trkpt lat="50.329964" lon="10.231741"><ele>230.5</ele></trkpt>
   <trkpt lat="50.330085" lon="10.233093"><ele>230.5</ele></trkpt>
   <trkpt lat="50.330116" lon="10.233434"><ele>230.5</ele></trkpt>
   <trkpt lat="50.330156" lon="10.233727"><ele>230.5</ele></trkpt>
   <trkpt lat="50.330223" lon="10.234033"><ele>230.5</ele></trkpt>
   <trkpt lat="50.330258" lon="10.234185"><ele>230.75</ele></trkpt>
   <trkpt lat="50.330417" lon="10.234709"><ele>230</ele></trkpt>
   <trkpt lat="50.330476" lon="10.234847"><ele>230</ele></trkpt>
   <trkpt lat="50.330651" lon="10.235193"><ele>230</ele></trkpt>
   <trkpt lat="50.330727" lon="10.235291"><ele>230.5</ele></trkpt>
   <trkpt lat="50.330967" lon="10.235609"><ele>231</ele></trkpt>
   <trkpt lat="50.331211" lon="10.235906"><ele>231.5</ele></trkpt>
   <trkpt lat="50.331453" lon="10.236207"><ele>231.75</ele></trkpt>
   <trkpt lat="50.331791" lon="10.236676"><ele>232.5</ele></trkpt>
   <trkpt lat="50.331861" lon="10.236825"><ele>233</ele></trkpt>
   <trkpt lat="50.331868" lon="10.236979"><ele>233.75</ele></trkpt>
   <trkpt lat="50.331653" lon="10.23777"><ele>235.75</ele></trkpt>
   <trkpt lat="50.331647" lon="10.237825"><ele>235.75</ele></trkpt>
   <trkpt lat="50.331652" lon="10.23791"><ele>235.75</ele></trkpt>
   <trkpt lat="50.331663" lon="10.237966"><ele>235.75</ele></trkpt>
   <trkpt lat="50.331682" lon="10.238011"><ele>236</ele></trkpt>
   <trkpt lat="50.331702" lon="10.238049"><ele>236</ele></trkpt>
   <trkpt lat="50.331731" lon="10.238081"><ele>236.5</ele></trkpt>
   <trkpt lat="50.332076" lon="10.238355"><ele>238.75</ele></trkpt>
   <trkpt lat="50.332164" lon="10.238425"><ele>238.75</ele></trkpt>
   <trkpt lat="50.332279" lon="10.238584"><ele>239.75</ele></trkpt>
   <trkpt lat="50.332361" lon="10.238735"><ele>240.5</ele></trkpt>
   <trkpt lat="50.332413" lon="10.238905"><ele>241.25</ele></trkpt>
   <trkpt lat="50.332459" lon="10.239144"><ele>242</ele></trkpt>
   <trkpt lat="50.332509" lon="10.23952"><ele>243</ele></trkpt>
   <trkpt lat="50.332782" lon="10.241887"><ele>249.75</ele></trkpt>
   <trkpt lat="50.332826" lon="10.242115"><ele>249.5</ele></trkpt>
   <trkpt lat="50.332901" lon="10.242411"><ele>249.25</ele></trkpt>
   <trkpt lat="50.333001" lon="10.242702"><ele>249</ele></trkpt>
   <trkpt lat="50.333304" lon="10.243406"><ele>248.25</ele></trkpt>
   <trkpt lat="50.333827" lon="10.244496"><ele>251.25</ele></trkpt>
   <trkpt lat="50.333901" lon="10.244712"><ele>252.75</ele></trkpt>
   <trkpt lat="50.333954" lon="10.244943"><ele>253.75</ele></trkpt>
   <trkpt lat="50.333987" lon="10.245237"><ele>254.75</ele></trkpt>
   <trkpt lat="50.334311" lon="10.249316"><ele>278.5</ele></trkpt>
   <trkpt lat="50.334358" lon="10.249644"><ele>278.75</ele></trkpt>
   <trkpt lat="50.334449" lon="10.249921"><ele>278</ele></trkpt>
   <trkpt lat="50.33454" lon="10.25011"><ele>279.5</ele></trkpt>
   <trkpt lat="50.334662" lon="10.250264"><ele>278.75</ele></trkpt>
   <trkpt lat="50.334851" lon="10.250428"><ele>278.75</ele></trkpt>
   <trkpt lat="50.334973" lon="10.250545"><ele>277.5</ele></trkpt>
   <trkpt lat="50.335022" lon="10.250592"><ele>277</ele></trkpt>
   <trkpt lat="50.334593" lon="10.251884"><ele>285.5</ele></trkpt>
   <trkpt lat="50.334275" lon="10.252957"><ele>290.5</ele></trkpt>
   <trkpt lat="50.333698" lon="10.254838"><ele>298.25</ele></trkpt>
   <trkpt lat="50.33334" lon="10.255894"><ele>300.5</ele></trkpt>
   <trkpt lat="50.333135" lon="10.256431"><ele>304.25</ele></trkpt>
   <trkpt lat="50.332861" lon="10.2571"><ele>307</ele></trkpt>
   <trkpt lat="50.332594" lon="10.257674"><ele>308.5</ele></trkpt>
   <trkpt lat="50.332173" lon="10.258472"><ele>310.75</ele></trkpt>
   <trkpt lat="50.330882" lon="10.260632"><ele>318.75</ele></trkpt>
   <trkpt lat="50.330453" lon="10.261461"><ele>319.5</ele></trkpt>
   <trkpt lat="50.330075" lon="10.262353"><ele>321.75</ele></trkpt>
   <trkpt lat="50.329743" lon="10.263258"><ele>325</ele></trkpt>
   <trkpt lat="50.329589" lon="10.263725"><ele>323.25</ele></trkpt>
   <trkpt lat="50.329447" lon="10.264205"><ele>326.75</ele></trkpt>
   <trkpt lat="50.329184" lon="10.265245"><ele>328.5</ele></trkpt>
   <trkpt lat="50.329044" lon="10.265964"><ele>326.5</ele></trkpt>
   <trkpt lat="50.328914" lon="10.266715"><ele>330.5</ele></trkpt>
   <trkpt lat="50.328816" lon="10.267498"><ele>332.5</ele></trkpt>
   <trkpt lat="50.328765" lon="10.268082"><ele>333.75</ele></trkpt>
   <trkpt lat="50.328722" lon="10.268737"><ele>334.5</ele></trkpt>
   <trkpt lat="50.328697" lon="10.269331"><ele>335.25</ele></trkpt>
   <trkpt lat="50.328681" lon="10.269964"><ele>335</ele></trkpt>
   <trkpt lat="50.328683" lon="10.270824"><ele>336</ele></trkpt>
   <trkpt lat="50.328717" lon="10.271744"><ele>337.25</ele></trkpt>
   <trkpt lat="50.328753" lon="10.272528"><ele>336.25</ele></trkpt>
   <trkpt lat="50.328799" lon="10.273078"><ele>336.5</ele></trkpt>
   <trkpt lat="50.328867" lon="10.273979"><ele>334.5</ele></trkpt>
   <trkpt lat="50.329021" lon="10.275339"><ele>335.5</ele></trkpt>
   <trkpt lat="50.32983" lon="10.281454"><ele>326.75</ele></trkpt>
   <trkpt lat="50.329951" lon="10.282404"><ele>331.25</ele></trkpt>
   <trkpt lat="50.330118" lon="10.28397"><ele>333.5</ele></trkpt>
   <trkpt lat="50.330259" lon="10.285518"><ele>336.5</ele></trkpt>
   <trkpt lat="50.330375" lon="10.287291"><ele>343.5</ele></trkpt>
   <trkpt lat="50.330452" lon="10.288966"><ele>345.25</ele></trkpt>
   <trkpt lat="50.330463" lon="10.289343"><ele>344.5</ele></trkpt>
   <trkpt lat="50.330481" lon="10.289851"><ele>342.5</ele></trkpt>
   <trkpt lat="50.33049" lon="10.291188"><ele>343.5</ele></trkpt>
   <trkpt lat="50.330499" lon="10.291703"><ele>340.25</ele></trkpt>
   <trkpt lat="50.330494" lon="10.292473"><ele>340</ele></trkpt>
   <trkpt lat="50.330469" lon="10.293377"><ele>342.75</ele></trkpt>
   <trkpt lat="50.330459" lon="10.293886"><ele>341.25</ele></trkpt>
   <trkpt lat="50.330408" lon="10.295179"><ele>340.5</ele></trkpt>
   <trkpt lat="50.330345" lon="10.296353"><ele>336</ele></trkpt>
   <trkpt lat="50.330268" lon="10.297411"><ele>332</ele></trkpt>
   <trkpt lat="50.330224" lon="10.29809"><ele>329.5</ele></trkpt>
   <trkpt lat="50.330092" lon="10.299484"><ele>327.25</ele></trkpt>
   <trkpt lat="50.329938" lon="10.300908"><ele>319.25</ele></trkpt>
   <trkpt lat="50.329622" lon="10.30367"><ele>308.75</ele></trkpt>
   <trkpt lat="50.329527" lon="10.304673"><ele>306.25</ele></trkpt>
   <trkpt lat="50.329446" lon="10.305806"><ele>299</ele></trkpt>
   <trkpt lat="50.329433" lon="10.306606"><ele>296.25</ele></trkpt>
   <trkpt lat="50.329445" lon="10.307112"><ele>294.25</ele></trkpt>
   <trkpt lat="50.32952" lon="10.30803"><ele>293.25</ele></trkpt>
   <trkpt lat="50.329573" lon="10.308444"><ele>293</ele></trkpt>
   <trkpt lat="50.329711" lon="10.309221"><ele>286</ele></trkpt>
   <trkpt lat="50.329819" lon="10.309704"><ele>287.25</ele></trkpt>
   <trkpt lat="50.329948" lon="10.310199"><ele>282.5</ele></trkpt>
   <trkpt lat="50.330093" lon="10.310664"><ele>282</ele></trkpt>
   <trkpt lat="50.330402" lon="10.311512"><ele>277.25</ele></trkpt>
   <trkpt lat="50.330689" lon="10.312218"><ele>274.25</ele></trkpt>
   <trkpt lat="50.330863" lon="10.312655"><ele>269.75</ele></trkpt>
   <trkpt lat="50.331042" lon="10.313163"><ele>269</ele></trkpt>
   <trkpt lat="50.331216" lon="10.313759"><ele>265.5</ele></trkpt>
   <trkpt lat="50.331279" lon="10.314059"><ele>265</ele></trkpt>
   <trkpt lat="50.331357" lon="10.314488"><ele>262</ele></trkpt>
   <trkpt lat="50.331407" lon="10.314861"><ele>259.75</ele></trkpt>
   <trkpt lat="50.33143" lon="10.315084"><ele>258.25</ele></trkpt>
   <trkpt lat="50.331457" lon="10.315622"><ele>256</ele></trkpt>
   <trkpt lat="50.331455" lon="10.315937"><ele>255</ele></trkpt>
   <trkpt lat="50.331455" lon="10.316075"><ele>254.75</ele></trkpt>
   <trkpt lat="50.331444" lon="10.316377"><ele>254</ele></trkpt>
   <trkpt lat="50.33141" lon="10.316736"><ele>252.5</ele></trkpt>
   <trkpt lat="50.331363" lon="10.317075"><ele>251.25</ele></trkpt>
   <trkpt lat="50.331295" lon="10.317453"><ele>249.75</ele></trkpt>
   <trkpt lat="50.331218" lon="10.317819"><ele>248.75</ele></trkpt>
   <trkpt lat="50.331164" lon="10.318013"><ele>248.75</ele></trkpt>
   <trkpt lat="50.331127" lon="10.318146"><ele>248.75</ele></trkpt>
   <trkpt lat="50.330986" lon="10.318579"><ele>247</ele></trkpt>
   <trkpt lat="50.330866" lon="10.318872"><ele>247.75</ele></trkpt>
   <trkpt lat="50.330741" lon="10.319153"><ele>248</ele></trkpt>
   <trkpt lat="50.330578" lon="10.319464"><ele>246.75</ele></trkpt>
   <trkpt lat="50.330388" lon="10.319784"><ele>247.75</ele></trkpt>
   <trkpt lat="50.330185" lon="10.320075"><ele>248</ele></trkpt>
   <trkpt lat="50.329986" lon="10.320334"><ele>247.25</ele></trkpt>
   <trkpt lat="50.328968" lon="10.321327"><ele>248.25</ele></trkpt>
   <trkpt lat="50.328784" lon="10.321541"><ele>249.25</ele></trkpt>
   <trkpt lat="50.328598" lon="10.321793"><ele>248.75</ele></trkpt>
   <trkpt lat="50.328437" lon="10.322057"><ele>249.75</ele></trkpt>
   <trkpt lat="50.328247" lon="10.322392"><ele>250</ele></trkpt>
   <trkpt lat="50.328054" lon="10.322796"><ele>249</ele></trkpt>
   <trkpt lat="50.32789" lon="10.323214"><ele>250.5</ele></trkpt>
   <trkpt lat="50.327753" lon="10.323668"><ele>249.75</ele></trkpt>
   <trkpt lat="50.327637" lon="10.324116"><ele>251.25</ele></trkpt>
   <trkpt lat="50.327571" lon="10.324452"><ele>250.25</ele></trkpt>
   <trkpt lat="50.32752" lon="10.324792"><ele>249.75</ele></trkpt>
   <trkpt lat="50.327478" lon="10.325147"><ele>250.5</ele></trkpt>
   <trkpt lat="50.327455" lon="10.325431"><ele>251</ele></trkpt>
   <trkpt lat="50.327445" lon="10.326117"><ele>250.75</ele></trkpt>
   <trkpt lat="50.32746" lon="10.326503"><ele>250.25</ele></trkpt>
   <trkpt lat="50.327504" lon="10.326948"><ele>249.75</ele></trkpt>
   <trkpt lat="50.327568" lon="10.32744"><ele>249.5</ele></trkpt>
   <trkpt lat="50.327648" lon="10.327917"><ele>249.25</ele></trkpt>
   <trkpt lat="50.327873" lon="10.328884"><ele>248</ele></trkpt>
   <trkpt lat="50.328109" lon="10.32982"><ele>249</ele></trkpt>
   <trkpt lat="50.328331" lon="10.330762"><ele>248.25</ele></trkpt>
   <trkpt lat="50.328416" lon="10.331163"><ele>248</ele></trkpt>
   <trkpt lat="50.328484" lon="10.331548"><ele>248</ele></trkpt>
   <trkpt lat="50.328557" lon="10.332069"><ele>248</ele></trkpt>
   <trkpt lat="50.328594" lon="10.332497"><ele>248</ele></trkpt>
   <trkpt lat="50.328607" lon="10.332804"><ele>248</ele></trkpt>
   <trkpt lat="50.328602" lon="10.333461"><ele>248</ele></trkpt>
   <trkpt lat="50.328577" lon="10.333878"><ele>248</ele></trkpt>
   <trkpt lat="50.328548" lon="10.334199"><ele>248</ele></trkpt>
   <trkpt lat="50.328531" lon="10.334359"><ele>248.25</ele></trkpt>
   <trkpt lat="50.328417" lon="10.335182"><ele>248.5</ele></trkpt>
   <trkpt lat="50.328321" lon="10.335747"><ele>248</ele></trkpt>
   <trkpt lat="50.328251" lon="10.336157"><ele>249</ele></trkpt>
   <trkpt lat="50.328167" lon="10.336611"><ele>249</ele></trkpt>
   <trkpt lat="50.328073" lon="10.337089"><ele>249</ele></trkpt>
   <trkpt lat="50.327949" lon="10.337725"><ele>250</ele></trkpt>
   <trkpt lat="50.327844" lon="10.338184"><ele>251</ele></trkpt>
   <trkpt lat="50.327677" lon="10.338808"><ele>251.5</ele></trkpt>
   <trkpt lat="50.327552" lon="10.339207"><ele>252.25</ele></trkpt>
   <trkpt lat="50.327358" lon="10.339742"><ele>254</ele></trkpt>
   <trkpt lat="50.327127" lon="10.34029"><ele>255</ele></trkpt>
   <trkpt lat="50.327005" lon="10.340556"><ele>255</ele></trkpt>
   <trkpt lat="50.326762" lon="10.34101"><ele>256</ele></trkpt>
   <trkpt lat="50.326505" lon="10.341439"><ele>257</ele></trkpt>
   <trkpt lat="50.32627" lon="10.341792"><ele>258</ele></trkpt>
   <trkpt lat="50.32603" lon="10.342107"><ele>258.75</ele></trkpt>
   <trkpt lat="50.325824" lon="10.342357"><ele>259</ele></trkpt>
   <trkpt lat="50.325615" lon="10.342585"><ele>259</ele></trkpt>
   <trkpt lat="50.325247" lon="10.342941"><ele>259</ele></trkpt>
   <trkpt lat="50.325013" lon="10.343142"><ele>258.5</ele></trkpt>
   <trkpt lat="50.32478" lon="10.343321"><ele>258</ele></trkpt>
   <trkpt lat="50.324381" lon="10.343582"><ele>257</ele></trkpt>
   <trkpt lat="50.323973" lon="10.343791"><ele>256.25</ele></trkpt>
   <trkpt lat="50.323646" lon="10.343921"><ele>256.5</ele></trkpt>
   <trkpt lat="50.323435" lon="10.343993"><ele>255</ele></trkpt>
   <trkpt lat="50.32303" lon="10.3441"><ele>255.5</ele></trkpt>
   <trkpt lat="50.322063" lon="10.34433"><ele>252</ele></trkpt>
   <trkpt lat="50.321726" lon="10.344425"><ele>252.75</ele></trkpt>
   <trkpt lat="50.321426" lon="10.344536"><ele>251.25</ele></trkpt>
   <trkpt lat="50.321121" lon="10.344683"><ele>251.75</ele></trkpt>
   <trkpt lat="50.320913" lon="10.344803"><ele>251</ele></trkpt>
   <trkpt lat="50.32072" lon="10.344928"><ele>251.25</ele></trkpt>
   <trkpt lat="50.320523" lon="10.345068"><ele>251.5</ele></trkpt>
   <trkpt lat="50.320228" lon="10.345318"><ele>251.5</ele></trkpt>
   <trkpt lat="50.320051" lon="10.345483"><ele>251.5</ele></trkpt>
   <trkpt lat="50.319886" lon="10.345658"><ele>251.5</ele></trkpt>
   <trkpt lat="50.319646" lon="10.34593"><ele>251.5</ele></trkpt>
   <trkpt lat="50.319428" lon="10.346213"><ele>251.5</ele></trkpt>
   <trkpt lat="50.319231" lon="10.346508"><ele>251.75</ele></trkpt>
   <trkpt lat="50.319064" lon="10.346782"><ele>251.5</ele></trkpt>
   <trkpt lat="50.318893" lon="10.347087"><ele>251.75</ele></trkpt>
   <trkpt lat="50.318731" lon="10.347412"><ele>252</ele></trkpt>
   <trkpt lat="50.31858" lon="10.347756"><ele>252</ele></trkpt>
   <trkpt lat="50.318408" lon="10.348175"><ele>252.5</ele></trkpt>
   <trkpt lat="50.318285" lon="10.348538"><ele>253</ele></trkpt>
   <trkpt lat="50.318108" lon="10.349107"><ele>252.75</ele></trkpt>
   <trkpt lat="50.317851" lon="10.350037"><ele>253</ele></trkpt>
   <trkpt lat="50.317769" lon="10.350324"><ele>253</ele></trkpt>
   <trkpt lat="50.317736" lon="10.350472"><ele>253</ele></trkpt>
   <trkpt lat="50.317645" lon="10.350897"><ele>253</ele></trkpt>
   <trkpt lat="50.317577" lon="10.351497"><ele>253.5</ele></trkpt>
   <trkpt lat="50.317552" lon="10.351768"><ele>253.25</ele></trkpt>
   <trkpt lat="50.317452" lon="10.353019"><ele>253</ele></trkpt>
   <trkpt lat="50.317372" lon="10.353838"><ele>253</ele></trkpt>
   <trkpt lat="50.317324" lon="10.35411"><ele>253</ele></trkpt>
   <trkpt lat="50.317263" lon="10.354368"><ele>252.75</ele></trkpt>
   <trkpt lat="50.317205" lon="10.354576"><ele>253</ele></trkpt>
   <trkpt lat="50.317097" lon="10.354915"><ele>253</ele></trkpt>
   <trkpt lat="50.316962" lon="10.355262"><ele>253</ele></trkpt>
   <trkpt lat="50.316886" lon="10.355489"><ele>253</ele></trkpt>
   <trkpt lat="50.316822" lon="10.355771"><ele>253.25</ele></trkpt>
   <trkpt lat="50.316711" lon="10.356326"><ele>253</ele></trkpt>
   <trkpt lat="50.316636" lon="10.35664"><ele>253.75</ele></trkpt>
   <trkpt lat="50.316557" lon="10.356884"><ele>254</ele></trkpt>
   <trkpt lat="50.316283" lon="10.357536"><ele>254</ele></trkpt>
   <trkpt lat="50.316198" lon="10.357735"><ele>254</ele></trkpt>
   <trkpt lat="50.315655" lon="10.359032"><ele>254.25</ele></trkpt>
   <trkpt lat="50.315478" lon="10.359436"><ele>254.75</ele></trkpt>
   <trkpt lat="50.315398" lon="10.359637"><ele>254.5</ele></trkpt>
   <trkpt lat="50.315284" lon="10.359904"><ele>254.25</ele></trkpt>
   <trkpt lat="50.315225" lon="10.360085"><ele>254</ele></trkpt>
   <trkpt lat="50.315197" lon="10.360207"><ele>254.25</ele></trkpt>
   <trkpt lat="50.315121" lon="10.360682"><ele>254</ele></trkpt>
   <trkpt lat="50.314966" lon="10.361763"><ele>253</ele></trkpt>
   <trkpt lat="50.314931" lon="10.362078"><ele>253</ele></trkpt>
   <trkpt lat="50.314913" lon="10.362392"><ele>252.75</ele></trkpt>
   <trkpt lat="50.314897" lon="10.362602"><ele>251.75</ele></trkpt>
   <trkpt lat="50.314878" lon="10.36304"><ele>251.75</ele></trkpt>
   <trkpt lat="50.314866" lon="10.363415"><ele>252</ele></trkpt>
   <trkpt lat="50.314843" lon="10.364331"><ele>252</ele></trkpt>
   <trkpt lat="50.314842" lon="10.364677"><ele>252.25</ele></trkpt>
   <trkpt lat="50.314823" lon="10.365127"><ele>253.25</ele></trkpt>
   <trkpt lat="50.314791" lon="10.365467"><ele>254.5</ele></trkpt>
   <trkpt lat="50.314686" lon="10.366288"><ele>257.5</ele></trkpt>
   <trkpt lat="50.314631" lon="10.366665"><ele>259.75</ele></trkpt>
   <trkpt lat="50.31455" lon="10.367197"><ele>262.5</ele></trkpt>
   <trkpt lat="50.314382" lon="10.368166"><ele>264.75</ele></trkpt>
   <trkpt lat="50.314062" lon="10.369849"><ele>271.25</ele></trkpt>
   <trkpt lat="50.313724" lon="10.37164"><ele>278.5</ele></trkpt>
   <trkpt lat="50.313543" lon="10.372524"><ele>282.25</ele></trkpt>
   <trkpt lat="50.313342" lon="10.373449"><ele>286.25</ele></trkpt>
   <trkpt lat="50.313148" lon="10.374221"><ele>289.25</ele></trkpt>
   <trkpt lat="50.312945" lon="10.374976"><ele>292.25</ele></trkpt>
   <trkpt lat="50.312682" lon="10.375867"><ele>296.5</ele></trkpt>
   <trkpt lat="50.312446" lon="10.376586"><ele>298.75</ele></trkpt>
   <trkpt lat="50.312194" lon="10.377296"><ele>301.25</ele></trkpt>
   <trkpt lat="50.311744" lon="10.378444"><ele>305.5</ele></trkpt>
   <trkpt lat="50.311305" lon="10.379457"><ele>309.25</ele></trkpt>
   <trkpt lat="50.310824" lon="10.380482"><ele>312</ele></trkpt>
   <trkpt lat="50.310428" lon="10.381376"><ele>315.75</ele></trkpt>
   <trkpt lat="50.310133" lon="10.382108"><ele>316.25</ele></trkpt>
   <trkpt lat="50.309849" lon="10.382879"><ele>316.25</ele></trkpt>
   <trkpt lat="50.309611" lon="10.383617"><ele>315.25</ele></trkpt>
   <trkpt lat="50.309414" lon="10.384316"><ele>317.75</ele></trkpt>
   <trkpt lat="50.309264" lon="10.384927"><ele>316.5</ele></trkpt>
   <trkpt lat="50.308718" lon="10.387344"><ele>323.75</ele></trkpt>
   <trkpt lat="50.308625" lon="10.387738"><ele>324.75</ele></trkpt>
   <trkpt lat="50.308525" lon="10.388115"><ele>326</ele></trkpt>
   <trkpt lat="50.308273" lon="10.388969"><ele>327.5</ele></trkpt>
   <trkpt lat="50.308146" lon="10.389334"><ele>328.75</ele></trkpt>
   <trkpt lat="50.307884" lon="10.389996"><ele>329.5</ele></trkpt>
   <trkpt lat="50.307748" lon="10.390295"><ele>329</ele></trkpt>
   <trkpt lat="50.307454" lon="10.390889"><ele>330.5</ele></trkpt>
   <trkpt lat="50.307128" lon="10.391462"><ele>331.25</ele></trkpt>
   <trkpt lat="50.306461" lon="10.392573"><ele>332</ele></trkpt>
   <trkpt lat="50.306261" lon="10.392958"><ele>331.5</ele></trkpt>
   <trkpt lat="50.306124" lon="10.39324"><ele>331</ele></trkpt>
   <trkpt lat="50.30597" lon="10.393606"><ele>331.75</ele></trkpt>
   <trkpt lat="50.305847" lon="10.393926"><ele>331</ele></trkpt>
   <trkpt lat="50.305726" lon="10.394287"><ele>330.75</ele></trkpt>
   <trkpt lat="50.305623" lon="10.394628"><ele>330.75</ele></trkpt>
   <trkpt lat="50.305412" lon="10.395417"><ele>329.5</ele></trkpt>
   <trkpt lat="50.304034" lon="10.400867"><ele>313</ele></trkpt>
   <trkpt lat="50.303366" lon="10.403591"><ele>307.25</ele></trkpt>
   <trkpt lat="50.303157" lon="10.404484"><ele>305.75</ele></trkpt>
   <trkpt lat="50.303057" lon="10.405022"><ele>302.75</ele></trkpt>
   <trkpt lat="50.302967" lon="10.405577"><ele>302.25</ele></trkpt>
   <trkpt lat="50.302882" lon="10.4062"><ele>301.75</ele></trkpt>
   <trkpt lat="50.302812" lon="10.406816"><ele>298.75</ele></trkpt>
   <trkpt lat="50.302775" lon="10.407282"><ele>296.75</ele></trkpt>
   <trkpt lat="50.302707" lon="10.408649"><ele>293.75</ele></trkpt>
   <trkpt lat="50.302682" lon="10.409542"><ele>291.5</ele></trkpt>
   <trkpt lat="50.302651" lon="10.41101"><ele>287.25</ele></trkpt>
   <trkpt lat="50.302643" lon="10.411255"><ele>286.5</ele></trkpt>
   <trkpt lat="50.30259" lon="10.412622"><ele>283</ele></trkpt>
   <trkpt lat="50.302584" lon="10.412797"><ele>282.75</ele></trkpt>
   <trkpt lat="50.302533" lon="10.413607"><ele>281</ele></trkpt>
   <trkpt lat="50.302481" lon="10.414295"><ele>278.25</ele></trkpt>
   <trkpt lat="50.302461" lon="10.414508"><ele>278</ele></trkpt>
   <trkpt lat="50.302416" lon="10.414917"><ele>277.25</ele></trkpt>
   <trkpt lat="50.30237" lon="10.415254"><ele>276</ele></trkpt>
   <trkpt lat="50.302223" lon="10.416426"><ele>272.75</ele></trkpt>
   <trkpt lat="50.302196" lon="10.416613"><ele>272</ele></trkpt>
   <trkpt lat="50.30214" lon="10.417006"><ele>271.25</ele></trkpt>
   <trkpt lat="50.302098" lon="10.417227"><ele>269.75</ele></trkpt>
   <trkpt lat="50.301978" lon="10.417779"><ele>269.75</ele></trkpt>
   <trkpt lat="50.301626" lon="10.419129"><ele>267.75</ele></trkpt>
   <trkpt lat="50.301487" lon="10.419808"><ele>269.75</ele></trkpt>
   <trkpt lat="50.301422" lon="10.420256"><ele>270.5</ele></trkpt>
   <trkpt lat="50.301383" lon="10.420729"><ele>269.75</ele></trkpt>
   <trkpt lat="50.301367" lon="10.421407"><ele>269.75</ele></trkpt>
   <trkpt lat="50.301383" lon="10.421916"><ele>270.75</ele></trkpt>
   <trkpt lat="50.301427" lon="10.422453"><ele>271.5</ele></trkpt>
   <trkpt lat="50.301478" lon="10.422924"><ele>271.25</ele></trkpt>
   <trkpt lat="50.301576" lon="10.423729"><ele>271.25</ele></trkpt>
   <trkpt lat="50.301628" lon="10.424386"><ele>270.5</ele></trkpt>
   <trkpt lat="50.301638" lon="10.425061"><ele>269.75</ele></trkpt>
   <trkpt lat="50.301616" lon="10.425478"><ele>270</ele></trkpt>
   <trkpt lat="50.301583" lon="10.425793"><ele>270.5</ele></trkpt>
   <trkpt lat="50.301517" lon="10.426232"><ele>270.25</ele></trkpt>
   <trkpt lat="50.301421" lon="10.426661"><ele>269.5</ele></trkpt>
   <trkpt lat="50.301316" lon="10.427037"><ele>270.5</ele></trkpt>
   <trkpt lat="50.301177" lon="10.42744"><ele>270.5</ele></trkpt>
   <trkpt lat="50.300894" lon="10.428081"><ele>270.75</ele></trkpt>
   <trkpt lat="50.300363" lon="10.429059"><ele>272.5</ele></trkpt>
   <trkpt lat="50.300013" lon="10.429974"><ele>272.25</ele></trkpt>
   <trkpt lat="50.299785" lon="10.430811"><ele>273</ele></trkpt>
   <trkpt lat="50.299652" lon="10.43157"><ele>273</ele></trkpt>
   <trkpt lat="50.299608" lon="10.432096"><ele>273.75</ele></trkpt>
   <trkpt lat="50.299585" lon="10.433005"><ele>274</ele></trkpt>
   <trkpt lat="50.299584" lon="10.43337"><ele>273.25</ele></trkpt>
   <trkpt lat="50.299581" lon="10.434581"><ele>273.25</ele></trkpt>
   <trkpt lat="50.299531" lon="10.435344"><ele>272.25</ele></trkpt>
   <trkpt lat="50.299454" lon="10.436204"><ele>271.25</ele></trkpt>
   <trkpt lat="50.299312" lon="10.437176"><ele>270.5</ele></trkpt>
   <trkpt lat="50.299205" lon="10.438225"><ele>273</ele></trkpt>
   <trkpt lat="50.29919" lon="10.439299"><ele>276.25</ele></trkpt>
   <trkpt lat="50.299247" lon="10.440369"><ele>278.25</ele></trkpt>
   <trkpt lat="50.299341" lon="10.441849"><ele>279.5</ele></trkpt>
   <trkpt lat="50.299334" lon="10.442998"><ele>281</ele></trkpt>
   <trkpt lat="50.299331" lon="10.443167"><ele>281</ele></trkpt>
   <trkpt lat="50.299306" lon="10.443948"><ele>282</ele></trkpt>
   <trkpt lat="50.299248" lon="10.444898"><ele>283</ele></trkpt>
   <trkpt lat="50.299208" lon="10.445356"><ele>283.5</ele></trkpt>
   <trkpt lat="50.299156" lon="10.445877"><ele>284</ele></trkpt>
   <trkpt lat="50.299106" lon="10.446405"><ele>284.25</ele></trkpt>
   <trkpt lat="50.298949" lon="10.448587"><ele>287</ele></trkpt>
   <trkpt lat="50.298712" lon="10.451427"><ele>290</ele></trkpt>
   <trkpt lat="50.298669" lon="10.452526"><ele>290</ele></trkpt>
   <trkpt lat="50.298676" lon="10.453515"><ele>289.25</ele></trkpt>
   <trkpt lat="50.298701" lon="10.453924"><ele>288.75</ele></trkpt>
   <trkpt lat="50.298737" lon="10.454287"><ele>288.25</ele></trkpt>
   <trkpt lat="50.298765" lon="10.454705"><ele>288</ele></trkpt>
   <trkpt lat="50.298793" lon="10.455067"><ele>286.5</ele></trkpt>
   <trkpt lat="50.298814" lon="10.455353"><ele>285.5</ele></trkpt>
   <trkpt lat="50.29892" lon="10.456775"><ele>283.75</ele></trkpt>
   <trkpt lat="50.298985" lon="10.457686"><ele>283.5</ele></trkpt>
   <trkpt lat="50.299104" lon="10.458968"><ele>280.5</ele></trkpt>
   <trkpt lat="50.299138" lon="10.459379"><ele>280</ele></trkpt>
   <trkpt lat="50.299184" lon="10.459806"><ele>279.75</ele></trkpt>
   <trkpt lat="50.29922" lon="10.460266"><ele>279</ele></trkpt>
   <trkpt lat="50.299209" lon="10.460478"><ele>279</ele></trkpt>
   <trkpt lat="50.299206" lon="10.460532"><ele>279</ele></trkpt>
   <trkpt lat="50.299172" lon="10.460751"><ele>278.75</ele></trkpt>
   <trkpt lat="50.299139" lon="10.460913"><ele>278.5</ele></trkpt>
   <trkpt lat="50.299134" lon="10.460937"><ele>278.5</ele></trkpt>
   <trkpt lat="50.299027" lon="10.461234"><ele>278</ele></trkpt>
   <trkpt lat="50.298997" lon="10.461292"><ele>278</ele></trkpt>
   <trkpt lat="50.298947" lon="10.461392"><ele>278</ele></trkpt>
   <trkpt lat="50.298749" lon="10.46165"><ele>277.25</ele></trkpt>
   <trkpt lat="50.298531" lon="10.461924"><ele>277</ele></trkpt>
   <trkpt lat="50.29847" lon="10.462"><ele>277</ele></trkpt>
   <trkpt lat="50.298225" lon="10.462284"><ele>276.75</ele></trkpt>
   <trkpt lat="50.29814" lon="10.462383"><ele>276.5</ele></trkpt>
   <trkpt lat="50.297986" lon="10.462561"><ele>276</ele></trkpt>
   <trkpt lat="50.297865" lon="10.462701"><ele>276</ele></trkpt>
   <trkpt lat="50.297963" lon="10.462903"><ele>276</ele></trkpt>
   <trkpt lat="50.298037" lon="10.463057"><ele>276</ele></trkpt>
   <trkpt lat="50.297932" lon="10.46319"><ele>276</ele></trkpt>
   <trkpt lat="50.297856" lon="10.463287"><ele>276</ele></trkpt>
   <trkpt lat="50.297703" lon="10.463344"><ele>275.5</ele></trkpt>
   <trkpt lat="50.297559" lon="10.463413"><ele>275</ele></trkpt>
   <trkpt lat="50.297347" lon="10.463673"><ele>274.25</ele></trkpt>
   <trkpt lat="50.297253" lon="10.463764"><ele>274</ele></trkpt>
   <trkpt lat="50.297254" lon="10.463767"><ele>274.25</ele></trkpt>
   <trkpt lat="50.29736" lon="10.464097"><ele>274.25</ele></trkpt>
   <trkpt lat="50.297429" lon="10.464276"><ele>274.75</ele></trkpt>
   <trkpt lat="50.297433" lon="10.464285"><ele>274.75</ele></trkpt>
   <trkpt lat="50.297531" lon="10.46423"><ele>275</ele></trkpt>
   <trkpt lat="50.297632" lon="10.464182"><ele>275.25</ele></trkpt>
   <trkpt lat="50.297891" lon="10.464004"><ele>276</ele></trkpt>
   <trkpt lat="50.298276" lon="10.463577"><ele>276</ele></trkpt>
   <trkpt lat="50.29828" lon="10.463587"><ele>275.5</ele></trkpt>
   <trkpt lat="50.298276" lon="10.463577"><ele>276</ele></trkpt>
   <trkpt lat="50.298037" lon="10.463057"><ele>276</ele></trkpt>
   <trkpt lat="50.297963" lon="10.462903"><ele>276</ele></trkpt>
   <trkpt lat="50.297865" lon="10.462701"><ele>276</ele></trkpt>
   <trkpt lat="50.297773" lon="10.462818"><ele>276</ele></trkpt>
   <trkpt lat="50.297511" lon="10.463113"><ele>275.75</ele></trkpt>
   <trkpt lat="50.297345" lon="10.463297"><ele>274.75</ele></trkpt>
   <trkpt lat="50.297099" lon="10.463538"><ele>274</ele></trkpt>
   <trkpt lat="50.297048" lon="10.463578"><ele>274.25</ele></trkpt>
   <trkpt lat="50.296847" lon="10.463754"><ele>273.5</ele></trkpt>
   <trkpt lat="50.295994" lon="10.464424"><ele>271.5</ele></trkpt>
   <trkpt lat="50.295538" lon="10.464764"><ele>273.5</ele></trkpt>
   <trkpt lat="50.294807" lon="10.465336"><ele>272</ele></trkpt>
   <trkpt lat="50.294112" lon="10.466025"><ele>272.25</ele></trkpt>
   <trkpt lat="50.293692" lon="10.466549"><ele>273</ele></trkpt>
   <trkpt lat="50.293365" lon="10.467102"><ele>272</ele></trkpt>
   <trkpt lat="50.293115" lon="10.467617"><ele>271.5</ele></trkpt>
   <trkpt lat="50.292881" lon="10.468234"><ele>271.75</ele></trkpt>
   <trkpt lat="50.292696" lon="10.468923"><ele>271.75</ele></trkpt>
   <trkpt lat="50.292543" lon="10.469795"><ele>271.75</ele></trkpt>
   <trkpt lat="50.292497" lon="10.470257"><ele>271.75</ele></trkpt>
   <trkpt lat="50.292484" lon="10.47087"><ele>271.75</ele></trkpt>
   <trkpt lat="50.292502" lon="10.471557"><ele>272.75</ele></trkpt>
   <trkpt lat="50.292546" lon="10.472023"><ele>272.75</ele></trkpt>
   <trkpt lat="50.292602" lon="10.472442"><ele>272</ele></trkpt>
   <trkpt lat="50.292729" lon="10.473222"><ele>273</ele></trkpt>
   <trkpt lat="50.292958" lon="10.474241"><ele>273.5</ele></trkpt>
   <trkpt lat="50.293274" lon="10.475373"><ele>273.75</ele></trkpt>
   <trkpt lat="50.293781" lon="10.477255"><ele>274.75</ele></trkpt>
   <trkpt lat="50.293953" lon="10.478053"><ele>274.75</ele></trkpt>
   <trkpt lat="50.294062" lon="10.478779"><ele>274.5</ele></trkpt>
   <trkpt lat="50.294135" lon="10.479477"><ele>274.75</ele></trkpt>
   <trkpt lat="50.294177" lon="10.480097"><ele>273.75</ele></trkpt>
   <trkpt lat="50.294202" lon="10.480785"><ele>273.75</ele></trkpt>
   <trkpt lat="50.294187" lon="10.481632"><ele>273.75</ele></trkpt>
   <trkpt lat="50.294106" lon="10.482424"><ele>273.75</ele></trkpt>
   <trkpt lat="50.293968" lon="10.483333"><ele>272.5</ele></trkpt>
   <trkpt lat="50.293845" lon="10.483885"><ele>273.75</ele></trkpt>
   <trkpt lat="50.29367" lon="10.484438"><ele>273</ele></trkpt>
   <trkpt lat="50.293511" lon="10.484839"><ele>273.25</ele></trkpt>
   <trkpt lat="50.293356" lon="10.485149"><ele>273.25</ele></trkpt>
   <trkpt lat="50.293117" lon="10.485549"><ele>273</ele></trkpt>
   <trkpt lat="50.292822" lon="10.485948"><ele>273.25</ele></trkpt>
   <trkpt lat="50.292515" lon="10.486237"><ele>273.25</ele></trkpt>
   <trkpt lat="50.292196" lon="10.486501"><ele>273.5</ele></trkpt>
   <trkpt lat="50.291944" lon="10.486654"><ele>274.75</ele></trkpt>
   <trkpt lat="50.291609" lon="10.48679"><ele>274.25</ele></trkpt>
   <trkpt lat="50.291274" lon="10.486871"><ele>275.5</ele></trkpt>
   <trkpt lat="50.290963" lon="10.48691"><ele>276.25</ele></trkpt>
   <trkpt lat="50.290461" lon="10.486952"><ele>278.25</ele></trkpt>
   <trkpt lat="50.28935" lon="10.487046"><ele>279.75</ele></trkpt>
   <trkpt lat="50.288485" lon="10.487185"><ele>282.25</ele></trkpt>
   <trkpt lat="50.287952" lon="10.487309"><ele>283.25</ele></trkpt>
   <trkpt lat="50.287414" lon="10.487484"><ele>283</ele></trkpt>
   <trkpt lat="50.286925" lon="10.48766"><ele>283.25</ele></trkpt>
   <trkpt lat="50.286438" lon="10.48788"><ele>283</ele></trkpt>
   <trkpt lat="50.286295" lon="10.487944"><ele>283</ele></trkpt>
   <trkpt lat="50.28481" lon="10.488807"><ele>280.5</ele></trkpt>
   <trkpt lat="50.283877" lon="10.489517"><ele>281</ele></trkpt>
   <trkpt lat="50.283432" lon="10.489882"><ele>282.75</ele></trkpt>
   <trkpt lat="50.28308" lon="10.490215"><ele>282.25</ele></trkpt>
   <trkpt lat="50.28241" lon="10.490895"><ele>282.5</ele></trkpt>
   <trkpt lat="50.281826" lon="10.491577"><ele>283.25</ele></trkpt>
   <trkpt lat="50.281311" lon="10.492221"><ele>284.75</ele></trkpt>
   <trkpt lat="50.280471" lon="10.493442"><ele>290</ele></trkpt>
   <trkpt lat="50.280192" lon="10.493924"><ele>290.75</ele></trkpt>
   <trkpt lat="50.279942" lon="10.494445"><ele>292.75</ele></trkpt>
   <trkpt lat="50.279693" lon="10.495103"><ele>295</ele></trkpt>
   <trkpt lat="50.279543" lon="10.495605"><ele>296</ele></trkpt>
   <trkpt lat="50.279451" lon="10.495952"><ele>296.25</ele></trkpt>
   <trkpt lat="50.279333" lon="10.496521"><ele>298.75</ele></trkpt>
   <trkpt lat="50.279243" lon="10.497155"><ele>298.5</ele></trkpt>
   <trkpt lat="50.279194" lon="10.497793"><ele>297</ele></trkpt>
   <trkpt lat="50.279179" lon="10.498504"><ele>296.25</ele></trkpt>
   <trkpt lat="50.279199" lon="10.499107"><ele>295</ele></trkpt>
   <trkpt lat="50.27925" lon="10.499663"><ele>294</ele></trkpt>
   <trkpt lat="50.279309" lon="10.500252"><ele>293.75</ele></trkpt>
   <trkpt lat="50.279328" lon="10.500428"><ele>293.75</ele></trkpt>
   <trkpt lat="50.279437" lon="10.501584"><ele>292.25</ele></trkpt>
   <trkpt lat="50.279568" lon="10.502847"><ele>290.75</ele></trkpt>
   <trkpt lat="50.279573" lon="10.502905"><ele>290.5</ele></trkpt>
   <trkpt lat="50.279805" lon="10.50562"><ele>287.75</ele></trkpt>
   <trkpt lat="50.279862" lon="10.506461"><ele>286.75</ele></trkpt>
   <trkpt lat="50.279888" lon="10.507576"><ele>286</ele></trkpt>
   <trkpt lat="50.279891" lon="10.507736"><ele>286</ele></trkpt>
   <trkpt lat="50.279873" lon="10.508515"><ele>286</ele></trkpt>
   <trkpt lat="50.279821" lon="10.509481"><ele>286.25</ele></trkpt>
   <trkpt lat="50.279737" lon="10.510303"><ele>287.75</ele></trkpt>
   <trkpt lat="50.279652" lon="10.510872"><ele>287.25</ele></trkpt>
   <trkpt lat="50.279502" lon="10.511723"><ele>288.75</ele></trkpt>
   <trkpt lat="50.279347" lon="10.512512"><ele>292.25</ele></trkpt>
   <trkpt lat="50.279236" lon="10.513029"><ele>294.5</ele></trkpt>
   <trkpt lat="50.278931" lon="10.514443"><ele>297.5</ele></trkpt>
   <trkpt lat="50.278851" lon="10.514883"><ele>298.25</ele></trkpt>
   <trkpt lat="50.278742" lon="10.515653"><ele>298</ele></trkpt>
   <trkpt lat="50.278698" lon="10.516147"><ele>298.25</ele></trkpt>
   <trkpt lat="50.278684" lon="10.516706"><ele>297.25</ele></trkpt>
   <trkpt lat="50.278711" lon="10.517302"><ele>297.25</ele></trkpt>
   <trkpt lat="50.278763" lon="10.517746"><ele>296.5</ele></trkpt>
   <trkpt lat="50.278886" lon="10.518362"><ele>294.75</ele></trkpt>
   <trkpt lat="50.279088" lon="10.519201"><ele>291.75</ele></trkpt>
   <trkpt lat="50.279156" lon="10.519568"><ele>290.75</ele></trkpt>
   <trkpt lat="50.279183" lon="10.51977"><ele>290.75</ele></trkpt>
   <trkpt lat="50.279198" lon="10.519955"><ele>290</ele></trkpt>
   <trkpt lat="50.279199" lon="10.520298"><ele>288.75</ele></trkpt>
   <trkpt lat="50.279181" lon="10.520685"><ele>288.5</ele></trkpt>
   <trkpt lat="50.279132" lon="10.52104"><ele>288</ele></trkpt>
   <trkpt lat="50.279056" lon="10.521348"><ele>287</ele></trkpt>
   <trkpt lat="50.278959" lon="10.521641"><ele>287</ele></trkpt>
   <trkpt lat="50.278846" lon="10.521901"><ele>287</ele></trkpt>
   <trkpt lat="50.278693" lon="10.522199"><ele>286.5</ele></trkpt>
   <trkpt lat="50.27849" lon="10.522488"><ele>287</ele></trkpt>
   <trkpt lat="50.278265" lon="10.522704"><ele>287</ele></trkpt>
   <trkpt lat="50.278007" lon="10.522906"><ele>287</ele></trkpt>
   <trkpt lat="50.27782" lon="10.522983"><ele>287.75</ele></trkpt>
   <trkpt lat="50.277568" lon="10.523055"><ele>288</ele></trkpt>
   <trkpt lat="50.276753" lon="10.523203"><ele>289.25</ele></trkpt>
   <trkpt lat="50.276548" lon="10.523245"><ele>289.5</ele></trkpt>
   <trkpt lat="50.276019" lon="10.523374"><ele>289.75</ele></trkpt>
   <trkpt lat="50.275428" lon="10.523544"><ele>290.25</ele></trkpt>
   <trkpt lat="50.275249" lon="10.523611"><ele>291</ele></trkpt>
   <trkpt lat="50.274571" lon="10.523833"><ele>291</ele></trkpt>
   <trkpt lat="50.274469" lon="10.523873"><ele>291</ele></trkpt>
   <trkpt lat="50.274393" lon="10.523913"><ele>290.75</ele></trkpt>
   <trkpt lat="50.274145" lon="10.524092"><ele>291</ele></trkpt>
   <trkpt lat="50.273968" lon="10.524289"><ele>290.75</ele></trkpt>
   <trkpt lat="50.273534" lon="10.524845"><ele>290.75</ele></trkpt>
   <trkpt lat="50.273268" lon="10.525173"><ele>291</ele></trkpt>
   <trkpt lat="50.272983" lon="10.525522"><ele>291.25</ele></trkpt>
   <trkpt lat="50.272865" lon="10.525616"><ele>291.5</ele></trkpt>
   <trkpt lat="50.272687" lon="10.52572"><ele>291.25</ele></trkpt>
   <trkpt lat="50.272629" lon="10.525752"><ele>291.25</ele></trkpt>
   <trkpt lat="50.272513" lon="10.525816"><ele>291</ele></trkpt>
   <trkpt lat="50.272261" lon="10.52595"><ele>291.75</ele></trkpt>
   <trkpt lat="50.272067" lon="10.526071"><ele>292</ele></trkpt>
   <trkpt lat="50.271992" lon="10.526119"><ele>291.75</ele></trkpt>
   <trkpt lat="50.271879" lon="10.526209"><ele>292</ele></trkpt>
   <trkpt lat="50.27096" lon="10.526915"><ele>296.5</ele></trkpt>
   <trkpt lat="50.270704" lon="10.527102"><ele>296.75</ele></trkpt>
   <trkpt lat="50.270657" lon="10.527137"><ele>296.75</ele></trkpt>
   <trkpt lat="50.270515" lon="10.527261"><ele>297</ele></trkpt>
   <trkpt lat="50.270402" lon="10.52738"><ele>296.75</ele></trkpt>
   <trkpt lat="50.270169" lon="10.527704"><ele>297.25</ele></trkpt>
   <trkpt lat="50.269398" lon="10.528807"><ele>299.25</ele></trkpt>
   <trkpt lat="50.268342" lon="10.530254"><ele>299</ele></trkpt>
   <trkpt lat="50.267877" lon="10.530966"><ele>297</ele></trkpt>
   <trkpt lat="50.267785" lon="10.531135"><ele>296.75</ele></trkpt>
   <trkpt lat="50.267772" lon="10.53117"><ele>296.75</ele></trkpt>
   <trkpt lat="50.267572" lon="10.531618"><ele>296.5</ele></trkpt>
   <trkpt lat="50.267447" lon="10.531933"><ele>296.25</ele></trkpt>
   <trkpt lat="50.267151" lon="10.532818"><ele>295.75</ele></trkpt>
   <trkpt lat="50.267061" lon="10.533055"><ele>295</ele></trkpt>
   <trkpt lat="50.266276" lon="10.53555"><ele>296.25</ele></trkpt>
   <trkpt lat="50.266249" lon="10.535645"><ele>296.5</ele></trkpt>
   <trkpt lat="50.266223" lon="10.535738"><ele>296.75</ele></trkpt>
   <trkpt lat="50.265663" lon="10.537631"><ele>297.5</ele></trkpt>
   <trkpt lat="50.265435" lon="10.538709"><ele>298.5</ele></trkpt>
   <trkpt lat="50.265305" lon="10.539422"><ele>299.75</ele></trkpt>
   <trkpt lat="50.265244" lon="10.539717"><ele>300</ele></trkpt>
   <trkpt lat="50.265212" lon="10.539833"><ele>300</ele></trkpt>
   <trkpt lat="50.265035" lon="10.540138"><ele>301.25</ele></trkpt>
   <trkpt lat="50.264779" lon="10.540401"><ele>302.5</ele></trkpt>
   <trkpt lat="50.264605" lon="10.540494"><ele>303.25</ele></trkpt>
   <trkpt lat="50.264439" lon="10.540559"><ele>304</ele></trkpt>
   <trkpt lat="50.26367" lon="10.540648"><ele>307</ele></trkpt>
   <trkpt lat="50.263192" lon="10.540743"><ele>309.75</ele></trkpt>
   <trkpt lat="50.26299" lon="10.540816"><ele>311</ele></trkpt>
   <trkpt lat="50.262658" lon="10.540969"><ele>312.75</ele></trkpt>
   <trkpt lat="50.262314" lon="10.541155"><ele>315</ele></trkpt>
   <trkpt lat="50.261631" lon="10.541728"><ele>319.25</ele></trkpt>
   <trkpt lat="50.261153" lon="10.542227"><ele>321.75</ele></trkpt>
   <trkpt lat="50.258565" lon="10.545288"><ele>326.5</ele></trkpt>
   <trkpt lat="50.257442" lon="10.54664"><ele>323.75</ele></trkpt>
   <trkpt lat="50.256976" lon="10.547213"><ele>322.75</ele></trkpt>
   <trkpt lat="50.256315" lon="10.548134"><ele>322.25</ele></trkpt>
   <trkpt lat="50.255988" lon="10.548637"><ele>323</ele></trkpt>
   <trkpt lat="50.255595" lon="10.549306"><ele>325.25</ele></trkpt>
   <trkpt lat="50.255038" lon="10.55038"><ele>329.75</ele></trkpt>
   <trkpt lat="50.25386" lon="10.552955"><ele>334.5</ele></trkpt>
   <trkpt lat="50.252868" lon="10.55517"><ele>341</ele></trkpt>
   <trkpt lat="50.251716" lon="10.557588"><ele>344.5</ele></trkpt>
   <trkpt lat="50.249046" lon="10.562826"><ele>336.5</ele></trkpt>
   <trkpt lat="50.248637" lon="10.563608"><ele>336</ele></trkpt>
   <trkpt lat="50.248097" lon="10.564688"><ele>334</ele></trkpt>
   <trkpt lat="50.247682" lon="10.565436"><ele>333</ele></trkpt>
   <trkpt lat="50.247452" lon="10.565811"><ele>332.75</ele></trkpt>
   <trkpt lat="50.247248" lon="10.566146"><ele>332</ele></trkpt>
   <trkpt lat="50.246975" lon="10.566524"><ele>332</ele></trkpt>
   <trkpt lat="50.246766" lon="10.566789"><ele>331.5</ele></trkpt>
   <trkpt lat="50.246283" lon="10.567329"><ele>331.5</ele></trkpt>
   <trkpt lat="50.245636" lon="10.567918"><ele>330.5</ele></trkpt>
   <trkpt lat="50.245143" lon="10.56829"><ele>330.25</ele></trkpt>
   <trkpt lat="50.244611" lon="10.568601"><ele>330.75</ele></trkpt>
   <trkpt lat="50.24403" lon="10.568848"><ele>330.25</ele></trkpt>
   <trkpt lat="50.243434" lon="10.569031"><ele>329.5</ele></trkpt>
   <trkpt lat="50.242979" lon="10.569108"><ele>329.75</ele></trkpt>
   <trkpt lat="50.242528" lon="10.569151"><ele>329.75</ele></trkpt>
   <trkpt lat="50.241615" lon="10.569132"><ele>329.5</ele></trkpt>
   <trkpt lat="50.240698" lon="10.569066"><ele>327.5</ele></trkpt>
   <trkpt lat="50.240015" lon="10.568992"><ele>328.25</ele></trkpt>
   <trkpt lat="50.239638" lon="10.568945"><ele>328.25</ele></trkpt>
   <trkpt lat="50.23927" lon="10.568911"><ele>328.75</ele></trkpt>
   <trkpt lat="50.238888" lon="10.568893"><ele>328</ele></trkpt>
   <trkpt lat="50.238468" lon="10.568858"><ele>327.75</ele></trkpt>
   <trkpt lat="50.237869" lon="10.568815"><ele>326.75</ele></trkpt>
   <trkpt lat="50.235869" lon="10.56865"><ele>325</ele></trkpt>
   <trkpt lat="50.233972" lon="10.568479"><ele>324.25</ele></trkpt>
   <trkpt lat="50.233631" lon="10.568439"><ele>324.5</ele></trkpt>
   <trkpt lat="50.233039" lon="10.568392"><ele>325.25</ele></trkpt>
   <trkpt lat="50.23277" lon="10.568403"><ele>325</ele></trkpt>
   <trkpt lat="50.232591" lon="10.568424"><ele>324.25</ele></trkpt>
   <trkpt lat="50.23224" lon="10.568506"><ele>323.5</ele></trkpt>
   <trkpt lat="50.232071" lon="10.568574"><ele>323.5</ele></trkpt>
   <trkpt lat="50.231873" lon="10.568675"><ele>323.5</ele></trkpt>
   <trkpt lat="50.231541" lon="10.568891"><ele>323</ele></trkpt>
   <trkpt lat="50.231381" lon="10.569014"><ele>322.75</ele></trkpt>
   <trkpt lat="50.231077" lon="10.569324"><ele>322.75</ele></trkpt>
   <trkpt lat="50.230849" lon="10.569607"><ele>322</ele></trkpt>
   <trkpt lat="50.23073" lon="10.569781"><ele>321.75</ele></trkpt>
   <trkpt lat="50.230646" lon="10.569917"><ele>322.25</ele></trkpt>
   <trkpt lat="50.230491" lon="10.570196"><ele>321.75</ele></trkpt>
   <trkpt lat="50.230412" lon="10.570347"><ele>321.25</ele></trkpt>
   <trkpt lat="50.230307" lon="10.570577"><ele>321.75</ele></trkpt>
   <trkpt lat="50.230185" lon="10.570878"><ele>321.5</ele></trkpt>
   <trkpt lat="50.2301" lon="10.571115"><ele>322</ele></trkpt>
   <trkpt lat="50.230026" lon="10.571365"><ele>322.75</ele></trkpt>
   <trkpt lat="50.229942" lon="10.571663"><ele>322.75</ele></trkpt>
   <trkpt lat="50.22978" lon="10.572273"><ele>324.5</ele></trkpt>
   <trkpt lat="50.229432" lon="10.573551"><ele>328.5</ele></trkpt>
   <trkpt lat="50.229222" lon="10.574308"><ele>330</ele></trkpt>
   <trkpt lat="50.229053" lon="10.574941"><ele>330.75</ele></trkpt>
   <trkpt lat="50.228577" lon="10.576862"><ele>335</ele></trkpt>
   <trkpt lat="50.227881" lon="10.579648"><ele>340.25</ele></trkpt>
   <trkpt lat="50.227751" lon="10.580221"><ele>340.5</ele></trkpt>
   <trkpt lat="50.227634" lon="10.580808"><ele>341</ele></trkpt>
   <trkpt lat="50.227058" lon="10.583884"><ele>346</ele></trkpt>
   <trkpt lat="50.226841" lon="10.585042"><ele>348</ele></trkpt>
   <trkpt lat="50.226717" lon="10.5857"><ele>349.5</ele></trkpt>
   <trkpt lat="50.226602" lon="10.586261"><ele>351.25</ele></trkpt>
   <trkpt lat="50.226446" lon="10.58692"><ele>353</ele></trkpt>
   <trkpt lat="50.226313" lon="10.587425"><ele>354.25</ele></trkpt>
   <trkpt lat="50.226205" lon="10.587826"><ele>354.5</ele></trkpt>
   <trkpt lat="50.22434" lon="10.594617"><ele>375.25</ele></trkpt>
   <trkpt lat="50.224127" lon="10.595296"><ele>377.25</ele></trkpt>
   <trkpt lat="50.223965" lon="10.595761"><ele>377.75</ele></trkpt>
   <trkpt lat="50.223808" lon="10.59615"><ele>380.25</ele></trkpt>
   <trkpt lat="50.22365" lon="10.5965"><ele>380.5</ele></trkpt>
   <trkpt lat="50.223326" lon="10.597094"><ele>381</ele></trkpt>
   <trkpt lat="50.223139" lon="10.597415"><ele>382.25</ele></trkpt>
   <trkpt lat="50.222995" lon="10.597642"><ele>382</ele></trkpt>
   <trkpt lat="50.222817" lon="10.597887"><ele>382</ele></trkpt>
   <trkpt lat="50.222592" lon="10.598173"><ele>382.25</ele></trkpt>
   <trkpt lat="50.222225" lon="10.5986"><ele>381</ele></trkpt>
   <trkpt lat="50.221576" lon="10.599317"><ele>379</ele></trkpt>
   <trkpt lat="50.22011" lon="10.600913"><ele>374.25</ele></trkpt>
   <trkpt lat="50.219724" lon="10.60132"><ele>373.75</ele></trkpt>
   <trkpt lat="50.219545" lon="10.601526"><ele>373.25</ele></trkpt>
   <trkpt lat="50.2193" lon="10.601828"><ele>373</ele></trkpt>
   <trkpt lat="50.219074" lon="10.602144"><ele>372.5</ele></trkpt>
   <trkpt lat="50.21889" lon="10.602467"><ele>372</ele></trkpt>
   <trkpt lat="50.218671" lon="10.602917"><ele>371</ele></trkpt>
   <trkpt lat="50.218456" lon="10.603478"><ele>369.25</ele></trkpt>
   <trkpt lat="50.218392" lon="10.603686"><ele>370</ele></trkpt>
   <trkpt lat="50.218234" lon="10.604248"><ele>369</ele></trkpt>
   <trkpt lat="50.217668" lon="10.606417"><ele>370.5</ele></trkpt>
   <trkpt lat="50.217164" lon="10.608353"><ele>374.5</ele></trkpt>
   <trkpt lat="50.217018" lon="10.608976"><ele>374.5</ele></trkpt>
   <trkpt lat="50.216884" lon="10.609625"><ele>374.75</ele></trkpt>
   <trkpt lat="50.216803" lon="10.610102"><ele>375</ele></trkpt>
   <trkpt lat="50.216727" lon="10.610594"><ele>375</ele></trkpt>
   <trkpt lat="50.216167" lon="10.614473"><ele>371</ele></trkpt>
   <trkpt lat="50.215945" lon="10.615992"><ele>370</ele></trkpt>
   <trkpt lat="50.21589" lon="10.616346"><ele>370</ele></trkpt>
   <trkpt lat="50.215833" lon="10.616634"><ele>369.75</ele></trkpt>
   <trkpt lat="50.215734" lon="10.616962"><ele>369.5</ele></trkpt>
   <trkpt lat="50.215674" lon="10.617112"><ele>369.25</ele></trkpt>
   <trkpt lat="50.215611" lon="10.617246"><ele>369.25</ele></trkpt>
   <trkpt lat="50.215507" lon="10.617441"><ele>369.25</ele></trkpt>
   <trkpt lat="50.214513" lon="10.619093"><ele>366.25</ele></trkpt>
   <trkpt lat="50.214378" lon="10.619293"><ele>366</ele></trkpt>
   <trkpt lat="50.214288" lon="10.619407"><ele>365.75</ele></trkpt>
   <trkpt lat="50.214191" lon="10.619511"><ele>365</ele></trkpt>
   <trkpt lat="50.214098" lon="10.619596"><ele>364.75</ele></trkpt>
   <trkpt lat="50.21391" lon="10.619713"><ele>364</ele></trkpt>
   <trkpt lat="50.213702" lon="10.619789"><ele>363.25</ele></trkpt>
   <trkpt lat="50.212935" lon="10.619984"><ele>359</ele></trkpt>
   <trkpt lat="50.212153" lon="10.620164"><ele>354.5</ele></trkpt>
   <trkpt lat="50.211352" lon="10.620363"><ele>349.25</ele></trkpt>
   <trkpt lat="50.211056" lon="10.620476"><ele>347.75</ele></trkpt>
   <trkpt lat="50.210822" lon="10.620595"><ele>347.5</ele></trkpt>
   <trkpt lat="50.21046" lon="10.620804"><ele>347</ele></trkpt>
   <trkpt lat="50.210197" lon="10.621032"><ele>347.5</ele></trkpt>
   <trkpt lat="50.210125" lon="10.621118"><ele>347.5</ele></trkpt>
   <trkpt lat="50.20996" lon="10.621382"><ele>348</ele></trkpt>
   <trkpt lat="50.209884" lon="10.621564"><ele>347.5</ele></trkpt>
   <trkpt lat="50.209727" lon="10.622067"><ele>346.75</ele></trkpt>
   <trkpt lat="50.209615" lon="10.622435"><ele>346.5</ele></trkpt>
   <trkpt lat="50.209425" lon="10.623062"><ele>344.75</ele></trkpt>
   <trkpt lat="50.209163" lon="10.623992"><ele>343</ele></trkpt>
   <trkpt lat="50.209117" lon="10.624171"><ele>342.75</ele></trkpt>
   <trkpt lat="50.20904" lon="10.624872"><ele>340</ele></trkpt>
   <trkpt lat="50.208988" lon="10.62501"><ele>339.25</ele></trkpt>
   <trkpt lat="50.208957" lon="10.625047"><ele>339</ele></trkpt>
   <trkpt lat="50.208878" lon="10.625076"><ele>338.5</ele></trkpt>
   <trkpt lat="50.208762" lon="10.625096"><ele>338</ele></trkpt>
   <trkpt lat="50.20874" lon="10.625099"><ele>338</ele></trkpt>
   <trkpt lat="50.208618" lon="10.625107"><ele>337.5</ele></trkpt>
   <trkpt lat="50.20844" lon="10.625101"><ele>336.5</ele></trkpt>
   <trkpt lat="50.208383" lon="10.625117"><ele>336.25</ele></trkpt>
   <trkpt lat="50.208317" lon="10.625164"><ele>335.75</ele></trkpt>
   <trkpt lat="50.20827" lon="10.62523"><ele>335.5</ele></trkpt>
   <trkpt lat="50.208246" lon="10.625296"><ele>335.25</ele></trkpt>
   <trkpt lat="50.208223" lon="10.625392"><ele>334.75</ele></trkpt>
   <trkpt lat="50.208199" lon="10.625606"><ele>334.5</ele></trkpt>
   <trkpt lat="50.208208" lon="10.626114"><ele>334</ele></trkpt>
   <trkpt lat="50.208228" lon="10.626357"><ele>334.5</ele></trkpt>
   <trkpt lat="50.208244" lon="10.626509"><ele>334.5</ele></trkpt>
   <trkpt lat="50.208254" lon="10.626585"><ele>334.5</ele></trkpt>
   <trkpt lat="50.208316" lon="10.62696"><ele>335.75</ele></trkpt>
   <trkpt lat="50.208354" lon="10.627302"><ele>336</ele></trkpt>
   <trkpt lat="50.208362" lon="10.627424"><ele>336.25</ele></trkpt>
   <trkpt lat="50.208363" lon="10.62764"><ele>336.75</ele></trkpt>
   <trkpt lat="50.208364" lon="10.627644"><ele>336.75</ele></trkpt>
   <trkpt lat="50.208381" lon="10.627955"><ele>337.5</ele></trkpt>
   <trkpt lat="50.208408" lon="10.628157"><ele>338</ele></trkpt>
   <trkpt lat="50.208422" lon="10.628345"><ele>338.5</ele></trkpt>
   <trkpt lat="50.208425" lon="10.62848"><ele>338.5</ele></trkpt>
   <trkpt lat="50.20842" lon="10.628605"><ele>338.5</ele></trkpt>
   <trkpt lat="50.2084" lon="10.628813"><ele>339</ele></trkpt>
   <trkpt lat="50.208391" lon="10.628953"><ele>339.5</ele></trkpt>
   <trkpt lat="50.208391" lon="10.629074"><ele>340</ele></trkpt>
   <trkpt lat="50.208452" lon="10.629817"><ele>341.5</ele></trkpt>
   <trkpt lat="50.208496" lon="10.630565"><ele>343</ele></trkpt>
   <trkpt lat="50.208503" lon="10.630937"><ele>344</ele></trkpt>
   <trkpt lat="50.208504" lon="10.63111"><ele>344.5</ele></trkpt>
   <trkpt lat="50.208498" lon="10.631259"><ele>345</ele></trkpt>
   <trkpt lat="50.208468" lon="10.631542"><ele>345.75</ele></trkpt>
   <trkpt lat="50.208424" lon="10.631784"><ele>346.25</ele></trkpt>
   <trkpt lat="50.208304" lon="10.632252"><ele>348</ele></trkpt>
   <trkpt lat="50.20813" lon="10.632799"><ele>349.5</ele></trkpt>
   <trkpt lat="50.207737" lon="10.633975"><ele>350</ele></trkpt>
   <trkpt lat="50.207256" lon="10.635446"><ele>354.25</ele></trkpt>
   <trkpt lat="50.206161" lon="10.638862"><ele>371</ele></trkpt>
   <trkpt lat="50.206016" lon="10.639258"><ele>373</ele></trkpt>
   <trkpt lat="50.205845" lon="10.639709"><ele>373</ele></trkpt>
   <trkpt lat="50.205659" lon="10.640144"><ele>372.25</ele></trkpt>
   <trkpt lat="50.204581" lon="10.642399"><ele>358.75</ele></trkpt>
   <trkpt lat="50.203567" lon="10.644556"><ele>356</ele></trkpt>
   <trkpt lat="50.201568" lon="10.648809"><ele>353.25</ele></trkpt>
   <trkpt lat="50.201246" lon="10.649563"><ele>353.25</ele></trkpt>
   <trkpt lat="50.201184" lon="10.649722"><ele>353.25</ele></trkpt>
   <trkpt lat="50.201134" lon="10.649875"><ele>353.25</ele></trkpt>
   <trkpt lat="50.201038" lon="10.65022"><ele>353.5</ele></trkpt>
   <trkpt lat="50.200968" lon="10.650529"><ele>353.5</ele></trkpt>
   <trkpt lat="50.200877" lon="10.650992"><ele>354.5</ele></trkpt>
   <trkpt lat="50.200841" lon="10.651174"><ele>354.5</ele></trkpt>
   <trkpt lat="50.200501" lon="10.652956"><ele>356</ele></trkpt>
   <trkpt lat="50.200382" lon="10.653528"><ele>356.5</ele></trkpt>
   <trkpt lat="50.200295" lon="10.653828"><ele>356.75</ele></trkpt>
   <trkpt lat="50.20024" lon="10.653989"><ele>357.25</ele></trkpt>
   <trkpt lat="50.200128" lon="10.654263"><ele>357.75</ele></trkpt>
   <trkpt lat="50.199915" lon="10.654748"><ele>357.75</ele></trkpt>
   <trkpt lat="50.199574" lon="10.655499"><ele>357.5</ele></trkpt>
   <trkpt lat="50.199113" lon="10.656491"><ele>354.25</ele></trkpt>
   <trkpt lat="50.198938" lon="10.656859"><ele>352.75</ele></trkpt>
   <trkpt lat="50.198828" lon="10.657072"><ele>352</ele></trkpt>
   <trkpt lat="50.198701" lon="10.657291"><ele>351.25</ele></trkpt>
   <trkpt lat="50.198527" lon="10.657592"><ele>349.5</ele></trkpt>
   <trkpt lat="50.198171" lon="10.658121"><ele>347.25</ele></trkpt>
   <trkpt lat="50.198111" lon="10.658204"><ele>346.75</ele></trkpt>
   <trkpt lat="50.198067" lon="10.658264"><ele>346.25</ele></trkpt>
   <trkpt lat="50.198039" lon="10.658301"><ele>346</ele></trkpt>
   <trkpt lat="50.19799" lon="10.658369"><ele>345.75</ele></trkpt>
   <trkpt lat="50.197955" lon="10.658416"><ele>345.75</ele></trkpt>
   <trkpt lat="50.197801" lon="10.658626"><ele>345</ele></trkpt>
   <trkpt lat="50.197576" lon="10.658968"><ele>343.5</ele></trkpt>
   <trkpt lat="50.197481" lon="10.659074"><ele>343.25</ele></trkpt>
   <trkpt lat="50.197372" lon="10.659158"><ele>342.5</ele></trkpt>
   <trkpt lat="50.197036" lon="10.659291"><ele>339.75</ele></trkpt>
   <trkpt lat="50.196782" lon="10.659338"><ele>337.25</ele></trkpt>
   <trkpt lat="50.195902" lon="10.659439"><ele>331.25</ele></trkpt>
   <trkpt lat="50.195742" lon="10.6595"><ele>330.75</ele></trkpt>
   <trkpt lat="50.195638" lon="10.659562"><ele>330.5</ele></trkpt>
   <trkpt lat="50.1953" lon="10.65983"><ele>329.75</ele></trkpt>
   <trkpt lat="50.195217" lon="10.659931"><ele>329.75</ele></trkpt>
   <trkpt lat="50.195181" lon="10.659998"><ele>329.75</ele></trkpt>
   <trkpt lat="50.195147" lon="10.660087"><ele>330.25</ele></trkpt>
   <trkpt lat="50.195078" lon="10.660323"><ele>330.75</ele></trkpt>
   <trkpt lat="50.195033" lon="10.660518"><ele>330.75</ele></trkpt>
   <trkpt lat="50.194872" lon="10.66115"><ele>330</ele></trkpt>
   <trkpt lat="50.194837" lon="10.661238"><ele>330.5</ele></trkpt>
   <trkpt lat="50.194798" lon="10.661308"><ele>331</ele></trkpt>
   <trkpt lat="50.194734" lon="10.661386"><ele>331.75</ele></trkpt>
   <trkpt lat="50.194686" lon="10.661423"><ele>332</ele></trkpt>
   <trkpt lat="50.194636" lon="10.661445"><ele>332</ele></trkpt>
   <trkpt lat="50.194551" lon="10.661457"><ele>332</ele></trkpt>
   <trkpt lat="50.194398" lon="10.661479"><ele>332.25</ele></trkpt>
   <trkpt lat="50.194088" lon="10.66149"><ele>332.25</ele></trkpt>
   <trkpt lat="50.193932" lon="10.661488"><ele>332.5</ele></trkpt>
   <trkpt lat="50.193346" lon="10.66154"><ele>331.5</ele></trkpt>
   <trkpt lat="50.193221" lon="10.661571"><ele>331.25</ele></trkpt>
   <trkpt lat="50.19246" lon="10.661939"><ele>331.75</ele></trkpt>
   <trkpt lat="50.192125" lon="10.662038"><ele>333.25</ele></trkpt>
   <trkpt lat="50.191773" lon="10.662083"><ele>335</ele></trkpt>
   <trkpt lat="50.191133" lon="10.662081"><ele>339.75</ele></trkpt>
   <trkpt lat="50.190719" lon="10.662131"><ele>342</ele></trkpt>
   <trkpt lat="50.190574" lon="10.662165"><ele>341.75</ele></trkpt>
   <trkpt lat="50.190447" lon="10.66221"><ele>342.25</ele></trkpt>
   <trkpt lat="50.190137" lon="10.662349"><ele>343.5</ele></trkpt>
   <trkpt lat="50.190055" lon="10.662401"><ele>343.25</ele></trkpt>
   <trkpt lat="50.189499" lon="10.662777"><ele>343</ele></trkpt>
   <trkpt lat="50.189242" lon="10.663004"><ele>343</ele></trkpt>
   <trkpt lat="50.189043" lon="10.663211"><ele>343.5</ele></trkpt>
   <trkpt lat="50.188809" lon="10.663503"><ele>342.5</ele></trkpt>
   <trkpt lat="50.188499" lon="10.663973"><ele>339.75</ele></trkpt>
   <trkpt lat="50.188237" lon="10.664422"><ele>336.75</ele></trkpt>
   <trkpt lat="50.188007" lon="10.664726"><ele>333.5</ele></trkpt>
   <trkpt lat="50.187747" lon="10.664999"><ele>331.5</ele></trkpt>
   <trkpt lat="50.187494" lon="10.665218"><ele>329.25</ele></trkpt>
   <trkpt lat="50.187276" lon="10.665347"><ele>326.5</ele></trkpt>
   <trkpt lat="50.187043" lon="10.665468"><ele>324.75</ele></trkpt>
   <trkpt lat="50.186597" lon="10.665645"><ele>322.75</ele></trkpt>
   <trkpt lat="50.18638" lon="10.665742"><ele>321.5</ele></trkpt>
   <trkpt lat="50.186248" lon="10.665821"><ele>321.25</ele></trkpt>
   <trkpt lat="50.186135" lon="10.665913"><ele>321.25</ele></trkpt>
   <trkpt lat="50.186036" lon="10.666011"><ele>321</ele></trkpt>
   <trkpt lat="50.18593" lon="10.666141"><ele>320.75</ele></trkpt>
   <trkpt lat="50.185819" lon="10.666314"><ele>319.75</ele></trkpt>
   <trkpt lat="50.185734" lon="10.666491"><ele>319.75</ele></trkpt>
   <trkpt lat="50.185683" lon="10.666622"><ele>319.75</ele></trkpt>
   <trkpt lat="50.18561" lon="10.666894"><ele>319.5</ele></trkpt>
   <trkpt lat="50.185584" lon="10.667034"><ele>319.25</ele></trkpt>
   <trkpt lat="50.185553" lon="10.667285"><ele>318.75</ele></trkpt>
   <trkpt lat="50.185537" lon="10.667531"><ele>319</ele></trkpt>
   <trkpt lat="50.185534" lon="10.66795"><ele>318.75</ele></trkpt>
   <trkpt lat="50.18552" lon="10.668161"><ele>318.75</ele></trkpt>
   <trkpt lat="50.185481" lon="10.668423"><ele>318.5</ele></trkpt>
   <trkpt lat="50.185382" lon="10.668807"><ele>318.75</ele></trkpt>
   <trkpt lat="50.184864" lon="10.670353"><ele>319</ele></trkpt>
   <trkpt lat="50.184786" lon="10.670545"><ele>319</ele></trkpt>
   <trkpt lat="50.184721" lon="10.670705"><ele>318.75</ele></trkpt>
   <trkpt lat="50.184689" lon="10.670762"><ele>318.75</ele></trkpt>
   <trkpt lat="50.184641" lon="10.670852"><ele>318.5</ele></trkpt>
   <trkpt lat="50.184528" lon="10.671016"><ele>318.75</ele></trkpt>
   <trkpt lat="50.184416" lon="10.671145"><ele>318.75</ele></trkpt>
   <trkpt lat="50.184247" lon="10.671306"><ele>318</ele></trkpt>
   <trkpt lat="50.183684" lon="10.671713"><ele>318</ele></trkpt>
   <trkpt lat="50.183442" lon="10.671922"><ele>317.25</ele></trkpt>
   <trkpt lat="50.183347" lon="10.672026"><ele>317.75</ele></trkpt>
   <trkpt lat="50.183267" lon="10.672139"><ele>318.25</ele></trkpt>
   <trkpt lat="50.18317" lon="10.672333"><ele>318.25</ele></trkpt>
   <trkpt lat="50.183079" lon="10.672552"><ele>317.75</ele></trkpt>
   <trkpt lat="50.182963" lon="10.672874"><ele>318.75</ele></trkpt>
   <trkpt lat="50.182723" lon="10.673591"><ele>317.5</ele></trkpt>
   <trkpt lat="50.182651" lon="10.673892"><ele>317.5</ele></trkpt>
   <trkpt lat="50.182611" lon="10.674168"><ele>317</ele></trkpt>
   <trkpt lat="50.182586" lon="10.674441"><ele>316.75</ele></trkpt>
   <trkpt lat="50.182583" lon="10.674838"><ele>316.75</ele></trkpt>
   <trkpt lat="50.1826" lon="10.675309"><ele>317</ele></trkpt>
   <trkpt lat="50.182605" lon="10.675711"><ele>316.75</ele></trkpt>
   <trkpt lat="50.182576" lon="10.676136"><ele>316.5</ele></trkpt>
   <trkpt lat="50.182508" lon="10.676601"><ele>317</ele></trkpt>
   <trkpt lat="50.182417" lon="10.676962"><ele>316.25</ele></trkpt>
   <trkpt lat="50.182347" lon="10.677208"><ele>316.25</ele></trkpt>
   <trkpt lat="50.182247" lon="10.677517"><ele>316</ele></trkpt>
   <trkpt lat="50.182091" lon="10.67794"><ele>315.5</ele></trkpt>
   <trkpt lat="50.181958" lon="10.678352"><ele>315</ele></trkpt>
   <trkpt lat="50.181825" lon="10.678691"><ele>314.5</ele></trkpt>
   <trkpt lat="50.181718" lon="10.678917"><ele>314</ele></trkpt>
   <trkpt lat="50.18154" lon="10.679238"><ele>314</ele></trkpt>
   <trkpt lat="50.181342" lon="10.67957"><ele>313.75</ele></trkpt>
   <trkpt lat="50.181216" lon="10.679809"><ele>313.5</ele></trkpt>
   <trkpt lat="50.181121" lon="10.680041"><ele>314</ele></trkpt>
   <trkpt lat="50.180137" lon="10.682527"><ele>316</ele></trkpt>
   <trkpt lat="50.180056" lon="10.682762"><ele>316</ele></trkpt>
   <trkpt lat="50.179954" lon="10.683106"><ele>314.25</ele></trkpt>
   <trkpt lat="50.179844" lon="10.683575"><ele>314.25</ele></trkpt>
   <trkpt lat="50.179644" lon="10.684615"><ele>313.75</ele></trkpt>
   <trkpt lat="50.179214" lon="10.686765"><ele>312.75</ele></trkpt>
   <trkpt lat="50.179108" lon="10.687209"><ele>313.25</ele></trkpt>
   <trkpt lat="50.178927" lon="10.68788"><ele>312.5</ele></trkpt>
   <trkpt lat="50.178343" lon="10.690029"><ele>312</ele></trkpt>
   <trkpt lat="50.178273" lon="10.690303"><ele>311.5</ele></trkpt>
   <trkpt lat="50.178213" lon="10.690613"><ele>311.5</ele></trkpt>
   <trkpt lat="50.17818" lon="10.690908"><ele>310.75</ele></trkpt>
   <trkpt lat="50.17815" lon="10.691363"><ele>310.5</ele></trkpt>
   <trkpt lat="50.178104" lon="10.69191"><ele>312</ele></trkpt>
   <trkpt lat="50.178048" lon="10.692259"><ele>311.75</ele></trkpt>
   <trkpt lat="50.177909" lon="10.692957"><ele>311.75</ele></trkpt>
   <trkpt lat="50.177803" lon="10.69342"><ele>312.5</ele></trkpt>
   <trkpt lat="50.177684" lon="10.693804"><ele>313.25</ele></trkpt>
   <trkpt lat="50.177608" lon="10.694023"><ele>313.5</ele></trkpt>
   <trkpt lat="50.177532" lon="10.694214"><ele>313.25</ele></trkpt>
   <trkpt lat="50.177375" lon="10.694655"><ele>312</ele></trkpt>
   <trkpt lat="50.177281" lon="10.695003"><ele>311.25</ele></trkpt>
   <trkpt lat="50.177223" lon="10.695331"><ele>310.75</ele></trkpt>
   <trkpt lat="50.177183" lon="10.695626"><ele>309.75</ele></trkpt>
   <trkpt lat="50.177173" lon="10.695747"><ele>309.5</ele></trkpt>
   <trkpt lat="50.177131" lon="10.696264"><ele>308.5</ele></trkpt>
   <trkpt lat="50.177118" lon="10.696438"><ele>308</ele></trkpt>
   <trkpt lat="50.177114" lon="10.696919"><ele>307.5</ele></trkpt>
   <trkpt lat="50.177129" lon="10.697263"><ele>307.25</ele></trkpt>
   <trkpt lat="50.17715" lon="10.697546"><ele>307.25</ele></trkpt>
   <trkpt lat="50.17729" lon="10.699061"><ele>306.5</ele></trkpt>
   <trkpt lat="50.177309" lon="10.699405"><ele>306.25</ele></trkpt>
   <trkpt lat="50.177315" lon="10.699841"><ele>306</ele></trkpt>
   <trkpt lat="50.177282" lon="10.700338"><ele>306</ele></trkpt>
   <trkpt lat="50.177237" lon="10.700687"><ele>306</ele></trkpt>
   <trkpt lat="50.177187" lon="10.700994"><ele>305.75</ele></trkpt>
   <trkpt lat="50.17707" lon="10.701509"><ele>305.5</ele></trkpt>
   <trkpt lat="50.176805" lon="10.702396"><ele>306</ele></trkpt>
   <trkpt lat="50.176676" lon="10.702848"><ele>307</ele></trkpt>
   <trkpt lat="50.176598" lon="10.703182"><ele>306</ele></trkpt>
   <trkpt lat="50.17654" lon="10.703485"><ele>305.5</ele></trkpt>
   <trkpt lat="50.176483" lon="10.704013"><ele>306</ele></trkpt>
   <trkpt lat="50.17646" lon="10.704486"><ele>305.75</ele></trkpt>
   <trkpt lat="50.17646" lon="10.704826"><ele>305.75</ele></trkpt>
   <trkpt lat="50.176478" lon="10.70528"><ele>305.75</ele></trkpt>
   <trkpt lat="50.176544" lon="10.705986"><ele>305</ele></trkpt>
   <trkpt lat="50.176587" lon="10.706587"><ele>305</ele></trkpt>
   <trkpt lat="50.17659" lon="10.70676"><ele>305</ele></trkpt>
   <trkpt lat="50.176592" lon="10.706831"><ele>304.75</ele></trkpt>
   <trkpt lat="50.17659" lon="10.707144"><ele>304.5</ele></trkpt>
   <trkpt lat="50.176565" lon="10.707491"><ele>304.5</ele></trkpt>
   <trkpt lat="50.176524" lon="10.707869"><ele>304.25</ele></trkpt>
   <trkpt lat="50.176475" lon="10.708194"><ele>304.25</ele></trkpt>
   <trkpt lat="50.17639" lon="10.708587"><ele>304.75</ele></trkpt>
   <trkpt lat="50.176357" lon="10.708726"><ele>304.75</ele></trkpt>
   <trkpt lat="50.176216" lon="10.709232"><ele>304.25</ele></trkpt>
   <trkpt lat="50.176135" lon="10.709428"><ele>304</ele></trkpt>
   <trkpt lat="50.175955" lon="10.709834"><ele>304.75</ele></trkpt>
   <trkpt lat="50.175767" lon="10.710188"><ele>303</ele></trkpt>
   <trkpt lat="50.175393" lon="10.710736"><ele>302.75</ele></trkpt>
   <trkpt lat="50.175317" lon="10.710829"><ele>302.75</ele></trkpt>
   <trkpt lat="50.175412" lon="10.711029"><ele>303.25</ele></trkpt>
   <trkpt lat="50.17548" lon="10.711128"><ele>303.5</ele></trkpt>
   <trkpt lat="50.175515" lon="10.71118"><ele>303.75</ele></trkpt>
   <trkpt lat="50.175594" lon="10.711264"><ele>304</ele></trkpt>
   <trkpt lat="50.175681" lon="10.711404"><ele>304.5</ele></trkpt>
   <trkpt lat="50.175814" lon="10.711598"><ele>305.5</ele></trkpt>
   <trkpt lat="50.175964" lon="10.711747"><ele>306.25</ele></trkpt>
   <trkpt lat="50.176101" lon="10.711841"><ele>307</ele></trkpt>
   <trkpt lat="50.176229" lon="10.711897"><ele>308</ele></trkpt>
   <trkpt lat="50.176351" lon="10.711909"><ele>308.5</ele></trkpt>
   <trkpt lat="50.17646" lon="10.711882"><ele>308.25</ele></trkpt>
   <trkpt lat="50.17655" lon="10.711808"><ele>308.5</ele></trkpt>
   <trkpt lat="50.17661" lon="10.711743"><ele>309.25</ele></trkpt>
   <trkpt lat="50.176764" lon="10.711573"><ele>310.5</ele></trkpt>
   <trkpt lat="50.176856" lon="10.711429"><ele>311.25</ele></trkpt>
   <trkpt lat="50.176933" lon="10.711333"><ele>312</ele></trkpt>
   <trkpt lat="50.177001" lon="10.711284"><ele>312.5</ele></trkpt>
   <trkpt lat="50.177104" lon="10.711274"><ele>312.75</ele></trkpt>
   <trkpt lat="50.177228" lon="10.711342"><ele>313</ele></trkpt>
   <trkpt lat="50.177886" lon="10.711962"><ele>315.75</ele></trkpt>
   <trkpt lat="50.177899" lon="10.711975"><ele>317.25</ele></trkpt>
   <trkpt lat="50.178117" lon="10.712181"><ele>317.25</ele></trkpt>
   <trkpt lat="50.178386" lon="10.712436"><ele>318</ele></trkpt>
   <trkpt lat="50.179616" lon="10.713589"><ele>327.25</ele></trkpt>
   <trkpt lat="50.180304" lon="10.714219"><ele>332</ele></trkpt>
   <trkpt lat="50.180779" lon="10.714752"><ele>334.5</ele></trkpt>
   <trkpt lat="50.180997" lon="10.715033"><ele>336</ele></trkpt>
   <trkpt lat="50.181209" lon="10.715333"><ele>338.25</ele></trkpt>
   <trkpt lat="50.18138" lon="10.715622"><ele>338.75</ele></trkpt>
   <trkpt lat="50.181545" lon="10.715932"><ele>340.25</ele></trkpt>
   <trkpt lat="50.181716" lon="10.716293"><ele>341</ele></trkpt>
   <trkpt lat="50.181867" lon="10.716654"><ele>341.75</ele></trkpt>
   <trkpt lat="50.182057" lon="10.717174"><ele>343.25</ele></trkpt>
   <trkpt lat="50.182418" lon="10.718297"><ele>342.75</ele></trkpt>
   <trkpt lat="50.182596" lon="10.718783"><ele>342.5</ele></trkpt>
   <trkpt lat="50.182784" lon="10.719249"><ele>343.5</ele></trkpt>
   <trkpt lat="50.182953" lon="10.719616"><ele>343</ele></trkpt>
   <trkpt lat="50.183127" lon="10.719952"><ele>343</ele></trkpt>
   <trkpt lat="50.183332" lon="10.720309"><ele>343</ele></trkpt>
   <trkpt lat="50.183618" lon="10.720778"><ele>342</ele></trkpt>
   <trkpt lat="50.184467" lon="10.722094"><ele>340.75</ele></trkpt>
   <trkpt lat="50.184748" lon="10.722575"><ele>340.75</ele></trkpt>
   <trkpt lat="50.184979" lon="10.72302"><ele>341.5</ele></trkpt>
   <trkpt lat="50.185179" lon="10.723504"><ele>342.75</ele></trkpt>
   <trkpt lat="50.185337" lon="10.723992"><ele>343.75</ele></trkpt>
   <trkpt lat="50.185414" lon="10.72429"><ele>344.25</ele></trkpt>
   <trkpt lat="50.18548" lon="10.724669"><ele>344</ele></trkpt>
   <trkpt lat="50.185528" lon="10.724998"><ele>344.5</ele></trkpt>
   <trkpt lat="50.185553" lon="10.725342"><ele>345.75</ele></trkpt>
   <trkpt lat="50.185561" lon="10.72572"><ele>346.5</ele></trkpt>
   <trkpt lat="50.185511" lon="10.726582"><ele>349</ele></trkpt>
   <trkpt lat="50.185364" lon="10.728393"><ele>352.75</ele></trkpt>
   <trkpt lat="50.185336" lon="10.728867"><ele>355</ele></trkpt>
   <trkpt lat="50.185316" lon="10.72935"><ele>357.5</ele></trkpt>
   <trkpt lat="50.185314" lon="10.72975"><ele>359</ele></trkpt>
   <trkpt lat="50.185339" lon="10.730152"><ele>360.75</ele></trkpt>
   <trkpt lat="50.185376" lon="10.7305"><ele>361.25</ele></trkpt>
   <trkpt lat="50.185538" lon="10.731374"><ele>361.75</ele></trkpt>
   <trkpt lat="50.185895" lon="10.733018"><ele>361.75</ele></trkpt>
   <trkpt lat="50.186038" lon="10.733828"><ele>363</ele></trkpt>
   <trkpt lat="50.186118" lon="10.734357"><ele>366</ele></trkpt>
   <trkpt lat="50.186211" lon="10.735109"><ele>369.25</ele></trkpt>
   <trkpt lat="50.186278" lon="10.735564"><ele>370.75</ele></trkpt>
   <trkpt lat="50.186367" lon="10.736"><ele>372.75</ele></trkpt>
   <trkpt lat="50.186475" lon="10.736308"><ele>375</ele></trkpt>
   <trkpt lat="50.18658" lon="10.736554"><ele>375.75</ele></trkpt>
   <trkpt lat="50.186694" lon="10.736771"><ele>376.75</ele></trkpt>
   <trkpt lat="50.186815" lon="10.736958"><ele>378</ele></trkpt>
   <trkpt lat="50.186947" lon="10.737133"><ele>378.5</ele></trkpt>
   <trkpt lat="50.187087" lon="10.737282"><ele>379.5</ele></trkpt>
   <trkpt lat="50.187235" lon="10.737423"><ele>380</ele></trkpt>
   <trkpt lat="50.187543" lon="10.737599"><ele>380.5</ele></trkpt>
   <trkpt lat="50.187718" lon="10.737673"><ele>380.75</ele></trkpt>
   <trkpt lat="50.187953" lon="10.737708"><ele>381.25</ele></trkpt>
   <trkpt lat="50.188209" lon="10.737706"><ele>381.25</ele></trkpt>
   <trkpt lat="50.188464" lon="10.737652"><ele>381.5</ele></trkpt>
   <trkpt lat="50.189073" lon="10.737391"><ele>382.75</ele></trkpt>
   <trkpt lat="50.189285" lon="10.737338"><ele>382.75</ele></trkpt>
   <trkpt lat="50.189498" lon="10.737306"><ele>382.5</ele></trkpt>
   <trkpt lat="50.189704" lon="10.737315"><ele>382.25</ele></trkpt>
   <trkpt lat="50.189907" lon="10.737352"><ele>380.75</ele></trkpt>
   <trkpt lat="50.190071" lon="10.7374"><ele>379.75</ele></trkpt>
   <trkpt lat="50.190278" lon="10.737497"><ele>379</ele></trkpt>
   <trkpt lat="50.190546" lon="10.737695"><ele>377.25</ele></trkpt>
   <trkpt lat="50.190721" lon="10.737871"><ele>376.5</ele></trkpt>
   <trkpt lat="50.190927" lon="10.738151"><ele>375.25</ele></trkpt>
   <trkpt lat="50.191099" lon="10.738451"><ele>372.5</ele></trkpt>
   <trkpt lat="50.191218" lon="10.738703"><ele>371</ele></trkpt>
   <trkpt lat="50.191312" lon="10.738965"><ele>369.75</ele></trkpt>
   <trkpt lat="50.191393" lon="10.739244"><ele>368.5</ele></trkpt>
   <trkpt lat="50.191452" lon="10.739514"><ele>366.5</ele></trkpt>
   <trkpt lat="50.191506" lon="10.739844"><ele>364</ele></trkpt>
   <trkpt lat="50.191537" lon="10.740277"><ele>362.25</ele></trkpt>
   <trkpt lat="50.191569" lon="10.741372"><ele>357.25</ele></trkpt>
   <trkpt lat="50.191607" lon="10.741782"><ele>356</ele></trkpt>
   <trkpt lat="50.191676" lon="10.742276"><ele>354.5</ele></trkpt>
   <trkpt lat="50.191763" lon="10.742706"><ele>351.5</ele></trkpt>
   <trkpt lat="50.191936" lon="10.743417"><ele>349.75</ele></trkpt>
   <trkpt lat="50.19214" lon="10.744145"><ele>345.75</ele></trkpt>
   <trkpt lat="50.192239" lon="10.744532"><ele>345.25</ele></trkpt>
   <trkpt lat="50.192388" lon="10.745186"><ele>341.75</ele></trkpt>
   <trkpt lat="50.192442" lon="10.745459"><ele>342</ele></trkpt>
   <trkpt lat="50.192534" lon="10.746024"><ele>341.25</ele></trkpt>
   <trkpt lat="50.192595" lon="10.746504"><ele>340.5</ele></trkpt>
   <trkpt lat="50.192618" lon="10.746727"><ele>340</ele></trkpt>
   <trkpt lat="50.192654" lon="10.747236"><ele>339.75</ele></trkpt>
   <trkpt lat="50.192669" lon="10.747893"><ele>338.25</ele></trkpt>
   <trkpt lat="50.192669" lon="10.748419"><ele>337.75</ele></trkpt>
   <trkpt lat="50.192652" lon="10.749132"><ele>336</ele></trkpt>
   <trkpt lat="50.192611" lon="10.75037"><ele>333</ele></trkpt>
   <trkpt lat="50.192582" lon="10.751398"><ele>332.5</ele></trkpt>
   <trkpt lat="50.19252" lon="10.753201"><ele>330.75</ele></trkpt>
   <trkpt lat="50.192498" lon="10.753976"><ele>330.75</ele></trkpt>
   <trkpt lat="50.192482" lon="10.754683"><ele>329.75</ele></trkpt>
   <trkpt lat="50.192478" lon="10.7549"><ele>329.75</ele></trkpt>
   <trkpt lat="50.192482" lon="10.755285"><ele>328.75</ele></trkpt>
   <trkpt lat="50.192489" lon="10.755513"><ele>328.75</ele></trkpt>
   <trkpt lat="50.192519" lon="10.755896"><ele>328.5</ele></trkpt>
   <trkpt lat="50.192565" lon="10.756256"><ele>327.5</ele></trkpt>
   <trkpt lat="50.19258" lon="10.756334"><ele>327.25</ele></trkpt>
   <trkpt lat="50.192629" lon="10.756591"><ele>327</ele></trkpt>
   <trkpt lat="50.192705" lon="10.756905"><ele>326.25</ele></trkpt>
   <trkpt lat="50.192782" lon="10.757168"><ele>325</ele></trkpt>
   <trkpt lat="50.192879" lon="10.757436"><ele>324.25</ele></trkpt>
   <trkpt lat="50.19291" lon="10.757519"><ele>324</ele></trkpt>
   <trkpt lat="50.192972" lon="10.757679"><ele>323.5</ele></trkpt>
   <trkpt lat="50.193079" lon="10.757918"><ele>322.75</ele></trkpt>
   <trkpt lat="50.193385" lon="10.758464"><ele>321</ele></trkpt>
   <trkpt lat="50.193457" lon="10.758608"><ele>320.5</ele></trkpt>
   <trkpt lat="50.193631" lon="10.758953"><ele>320.5</ele></trkpt>
   <trkpt lat="50.19378" lon="10.759279"><ele>320</ele></trkpt>
   <trkpt lat="50.193901" lon="10.759608"><ele>319.25</ele></trkpt>
   <trkpt lat="50.193998" lon="10.759933"><ele>319.75</ele></trkpt>
   <trkpt lat="50.194074" lon="10.760222"><ele>319.5</ele></trkpt>
   <trkpt lat="50.194139" lon="10.760539"><ele>319</ele></trkpt>
   <trkpt lat="50.194201" lon="10.760923"><ele>318</ele></trkpt>
   <trkpt lat="50.194234" lon="10.761247"><ele>318</ele></trkpt>
   <trkpt lat="50.194254" lon="10.761588"><ele>318</ele></trkpt>
   <trkpt lat="50.194267" lon="10.762311"><ele>317.25</ele></trkpt>
   <trkpt lat="50.194256" lon="10.763139"><ele>315.5</ele></trkpt>
   <trkpt lat="50.19426" lon="10.76343"><ele>315.25</ele></trkpt>
   <trkpt lat="50.194269" lon="10.763821"><ele>314</ele></trkpt>
   <trkpt lat="50.194284" lon="10.764118"><ele>313.5</ele></trkpt>
   <trkpt lat="50.194309" lon="10.764519"><ele>313</ele></trkpt>
   <trkpt lat="50.194351" lon="10.764911"><ele>312</ele></trkpt>
   <trkpt lat="50.194439" lon="10.765473"><ele>310.75</ele></trkpt>
   <trkpt lat="50.194514" lon="10.765896"><ele>309.5</ele></trkpt>
   <trkpt lat="50.194613" lon="10.766397"><ele>308.25</ele></trkpt>
   <trkpt lat="50.194721" lon="10.766865"><ele>307</ele></trkpt>
   <trkpt lat="50.194927" lon="10.767641"><ele>304.75</ele></trkpt>
   <trkpt lat="50.195245" lon="10.768693"><ele>305</ele></trkpt>
   <trkpt lat="50.195275" lon="10.76878"><ele>305.5</ele></trkpt>
   <trkpt lat="50.197071" lon="10.774243"><ele>317.5</ele></trkpt>
   <trkpt lat="50.197209" lon="10.774724"><ele>315</ele></trkpt>
   <trkpt lat="50.19734" lon="10.775233"><ele>317</ele></trkpt>
   <trkpt lat="50.197445" lon="10.77575"><ele>315.25</ele></trkpt>
   <trkpt lat="50.197512" lon="10.776203"><ele>312.5</ele></trkpt>
   <trkpt lat="50.197567" lon="10.776765"><ele>311.25</ele></trkpt>
   <trkpt lat="50.197612" lon="10.777393"><ele>310.75</ele></trkpt>
   <trkpt lat="50.197664" lon="10.77922"><ele>306</ele></trkpt>
   <trkpt lat="50.197706" lon="10.7805"><ele>302.75</ele></trkpt>
   <trkpt lat="50.197737" lon="10.780995"><ele>300.5</ele></trkpt>
   <trkpt lat="50.197801" lon="10.781679"><ele>297</ele></trkpt>
   <trkpt lat="50.197882" lon="10.782239"><ele>296.5</ele></trkpt>
   <trkpt lat="50.19798" lon="10.782787"><ele>294.25</ele></trkpt>
   <trkpt lat="50.198122" lon="10.783408"><ele>292.75</ele></trkpt>
   <trkpt lat="50.198259" lon="10.783908"><ele>291.75</ele></trkpt>
   <trkpt lat="50.198324" lon="10.784108"><ele>291</ele></trkpt>
   <trkpt lat="50.198341" lon="10.784162"><ele>291</ele></trkpt>
   <trkpt lat="50.198361" lon="10.784226"><ele>291</ele></trkpt>
   <trkpt lat="50.198454" lon="10.784486"><ele>290.75</ele></trkpt>
   <trkpt lat="50.198657" lon="10.784984"><ele>290.75</ele></trkpt>
   <trkpt lat="50.198894" lon="10.785439"><ele>290.25</ele></trkpt>
   <trkpt lat="50.199281" lon="10.786026"><ele>292</ele></trkpt>
   <trkpt lat="50.199684" lon="10.786629"><ele>292.5</ele></trkpt>
   <trkpt lat="50.199963" lon="10.787065"><ele>293.25</ele></trkpt>
   <trkpt lat="50.200283" lon="10.787616"><ele>294.25</ele></trkpt>
   <trkpt lat="50.200509" lon="10.788053"><ele>295.75</ele></trkpt>
   <trkpt lat="50.200663" lon="10.788372"><ele>296.25</ele></trkpt>
   <trkpt lat="50.200895" lon="10.788928"><ele>297.25</ele></trkpt>
   <trkpt lat="50.201183" lon="10.789764"><ele>299.5</ele></trkpt>
   <trkpt lat="50.201431" lon="10.790705"><ele>301.25</ele></trkpt>
   <trkpt lat="50.201617" lon="10.791675"><ele>302.5</ele></trkpt>
   <trkpt lat="50.20182" lon="10.792971"><ele>305</ele></trkpt>
   <trkpt lat="50.20197" lon="10.793768"><ele>306.25</ele></trkpt>
   <trkpt lat="50.202181" lon="10.794534"><ele>307.5</ele></trkpt>
   <trkpt lat="50.20236" lon="10.795057"><ele>308.5</ele></trkpt>
   <trkpt lat="50.20251" lon="10.795415"><ele>310</ele></trkpt>
   <trkpt lat="50.202672" lon="10.795751"><ele>311.75</ele></trkpt>
   <trkpt lat="50.202839" lon="10.796064"><ele>314.25</ele></trkpt>
   <trkpt lat="50.203063" lon="10.796423"><ele>315.75</ele></trkpt>
   <trkpt lat="50.203214" lon="10.796645"><ele>316.75</ele></trkpt>
   <trkpt lat="50.2038" lon="10.797365"><ele>324.5</ele></trkpt>
   <trkpt lat="50.206147" lon="10.800029"><ele>322.5</ele></trkpt>
   <trkpt lat="50.206485" lon="10.80046"><ele>318.75</ele></trkpt>
   <trkpt lat="50.206791" lon="10.800909"><ele>315.5</ele></trkpt>
   <trkpt lat="50.207163" lon="10.801529"><ele>313.25</ele></trkpt>
   <trkpt lat="50.207568" lon="10.802347"><ele>311.5</ele></trkpt>
   <trkpt lat="50.207761" lon="10.802808"><ele>310</ele></trkpt>
   <trkpt lat="50.208566" lon="10.804904"><ele>307.5</ele></trkpt>
   <trkpt lat="50.20886" lon="10.80566"><ele>306.75</ele></trkpt>
   <trkpt lat="50.208897" lon="10.805753"><ele>307</ele></trkpt>
   <trkpt lat="50.208986" lon="10.805972"><ele>307</ele></trkpt>
   <trkpt lat="50.209203" lon="10.80651"><ele>306.75</ele></trkpt>
   <trkpt lat="50.209708" lon="10.807789"><ele>305.75</ele></trkpt>
   <trkpt lat="50.210627" lon="10.810142"><ele>305</ele></trkpt>
   <trkpt lat="50.211425" lon="10.812198"><ele>305</ele></trkpt>
   <trkpt lat="50.211857" lon="10.813313"><ele>303.5</ele></trkpt>
   <trkpt lat="50.21227" lon="10.814412"><ele>299</ele></trkpt>
   <trkpt lat="50.212555" lon="10.815216"><ele>297</ele></trkpt>
   <trkpt lat="50.212829" lon="10.816055"><ele>294</ele></trkpt>
   <trkpt lat="50.213027" lon="10.816705"><ele>291.75</ele></trkpt>
   <trkpt lat="50.21322" lon="10.817387"><ele>291.25</ele></trkpt>
   <trkpt lat="50.213489" lon="10.818428"><ele>283.75</ele></trkpt>
   <trkpt lat="50.213724" lon="10.819437"><ele>278.5</ele></trkpt>
   <trkpt lat="50.213831" lon="10.819942"><ele>277.25</ele></trkpt>
   <trkpt lat="50.214042" lon="10.820981"><ele>273</ele></trkpt>
   <trkpt lat="50.214262" lon="10.822076"><ele>272</ele></trkpt>
   <trkpt lat="50.214402" lon="10.822789"><ele>274</ele></trkpt>
   <trkpt lat="50.214634" lon="10.823969"><ele>273.25</ele></trkpt>
   <trkpt lat="50.214999" lon="10.82582"><ele>277</ele></trkpt>
   <trkpt lat="50.215095" lon="10.826339"><ele>276.5</ele></trkpt>
   <trkpt lat="50.215226" lon="10.826962"><ele>278</ele></trkpt>
   <trkpt lat="50.215412" lon="10.827825"><ele>277.25</ele></trkpt>
   <trkpt lat="50.215541" lon="10.828394"><ele>279.75</ele></trkpt>
   <trkpt lat="50.215614" lon="10.828698"><ele>279</ele></trkpt>
   <trkpt lat="50.215779" lon="10.829323"><ele>280</ele></trkpt>
   <trkpt lat="50.215978" lon="10.82995"><ele>279.25</ele></trkpt>
   <trkpt lat="50.21625" lon="10.830691"><ele>280.5</ele></trkpt>
   <trkpt lat="50.216453" lon="10.831159"><ele>281.75</ele></trkpt>
   <trkpt lat="50.216664" lon="10.831584"><ele>282.5</ele></trkpt>
   <trkpt lat="50.216945" lon="10.832066"><ele>283.75</ele></trkpt>
   <trkpt lat="50.217242" lon="10.832509"><ele>284.5</ele></trkpt>
   <trkpt lat="50.217578" lon="10.832932"><ele>283</ele></trkpt>
   <trkpt lat="50.217974" lon="10.833353"><ele>283.25</ele></trkpt>
   <trkpt lat="50.218295" lon="10.833635"><ele>285.75</ele></trkpt>
   <trkpt lat="50.218503" lon="10.833803"><ele>285.5</ele></trkpt>
   <trkpt lat="50.218894" lon="10.834068"><ele>286.25</ele></trkpt>
   <trkpt lat="50.219064" lon="10.834165"><ele>288</ele></trkpt>
   <trkpt lat="50.219317" lon="10.834287"><ele>287</ele></trkpt>
   <trkpt lat="50.219577" lon="10.834392"><ele>288.75</ele></trkpt>
   <trkpt lat="50.219889" lon="10.834492"><ele>289.25</ele></trkpt>
   <trkpt lat="50.220169" lon="10.834558"><ele>288.5</ele></trkpt>
   <trkpt lat="50.22099" lon="10.83472"><ele>291.75</ele></trkpt>
   <trkpt lat="50.221281" lon="10.834787"><ele>291.25</ele></trkpt>
   <trkpt lat="50.221589" lon="10.834878"><ele>290.75</ele></trkpt>
   <trkpt lat="50.221875" lon="10.834991"><ele>293</ele></trkpt>
   <trkpt lat="50.222166" lon="10.835132"><ele>291.25</ele></trkpt>
   <trkpt lat="50.222392" lon="10.835262"><ele>293.5</ele></trkpt>
   <trkpt lat="50.222767" lon="10.835511"><ele>294</ele></trkpt>
   <trkpt lat="50.223109" lon="10.835795"><ele>294.25</ele></trkpt>
   <trkpt lat="50.223353" lon="10.836023"><ele>293.75</ele></trkpt>
   <trkpt lat="50.223506" lon="10.836178"><ele>294.25</ele></trkpt>
   <trkpt lat="50.223786" lon="10.836491"><ele>294.75</ele></trkpt>
   <trkpt lat="50.22392" lon="10.836653"><ele>295</ele></trkpt>
   <trkpt lat="50.224088" lon="10.836878"><ele>295</ele></trkpt>
   <trkpt lat="50.224225" lon="10.837083"><ele>294.5</ele></trkpt>
   <trkpt lat="50.224502" lon="10.837538"><ele>294</ele></trkpt>
   <trkpt lat="50.224709" lon="10.837907"><ele>293.5</ele></trkpt>
   <trkpt lat="50.22522" lon="10.83885"><ele>291</ele></trkpt>
   <trkpt lat="50.225549" lon="10.83953"><ele>290.5</ele></trkpt>
   <trkpt lat="50.225657" lon="10.839784"><ele>287.75</ele></trkpt>
   <trkpt lat="50.225819" lon="10.840214"><ele>289.25</ele></trkpt>
   <trkpt lat="50.225952" lon="10.840628"><ele>288</ele></trkpt>
   <trkpt lat="50.226104" lon="10.841165"><ele>288.5</ele></trkpt>
   <trkpt lat="50.226229" lon="10.841689"><ele>288</ele></trkpt>
   <trkpt lat="50.226339" lon="10.842344"><ele>287</ele></trkpt>
   <trkpt lat="50.226417" lon="10.84289"><ele>286</ele></trkpt>
   <trkpt lat="50.22648" lon="10.843424"><ele>285</ele></trkpt>
   <trkpt lat="50.226536" lon="10.843954"><ele>285.5</ele></trkpt>
   <trkpt lat="50.226561" lon="10.844193"><ele>284.25</ele></trkpt>
   <trkpt lat="50.226603" lon="10.844647"><ele>281.25</ele></trkpt>
   <trkpt lat="50.226645" lon="10.84496"><ele>280</ele></trkpt>
   <trkpt lat="50.226732" lon="10.845459"><ele>278.5</ele></trkpt>
   <trkpt lat="50.227518" lon="10.849481"><ele>283.25</ele></trkpt>
   <trkpt lat="50.227676" lon="10.850178"><ele>283.25</ele></trkpt>
   <trkpt lat="50.227758" lon="10.850494"><ele>282.75</ele></trkpt>
   <trkpt lat="50.227849" lon="10.850797"><ele>283.25</ele></trkpt>
   <trkpt lat="50.228071" lon="10.85141"><ele>281.75</ele></trkpt>
   <trkpt lat="50.228847" lon="10.853346"><ele>278.75</ele></trkpt>
   <trkpt lat="50.22951" lon="10.854999"><ele>280.5</ele></trkpt>
   <trkpt lat="50.229626" lon="10.855321"><ele>279.75</ele></trkpt>
   <trkpt lat="50.229688" lon="10.855535"><ele>280.5</ele></trkpt>
   <trkpt lat="50.229899" lon="10.856719"><ele>280.75</ele></trkpt>
   <trkpt lat="50.229969" lon="10.857071"><ele>281.5</ele></trkpt>
   <trkpt lat="50.230095" lon="10.857569"><ele>282.75</ele></trkpt>
   <trkpt lat="50.230201" lon="10.857887"><ele>282.75</ele></trkpt>
   <trkpt lat="50.230334" lon="10.85822"><ele>283.5</ele></trkpt>
   <trkpt lat="50.230633" lon="10.858854"><ele>284.5</ele></trkpt>
   <trkpt lat="50.231837" lon="10.861334"><ele>281.75</ele></trkpt>
   <trkpt lat="50.232343" lon="10.862395"><ele>286</ele></trkpt>
   <trkpt lat="50.233222" lon="10.864388"><ele>286</ele></trkpt>
   <trkpt lat="50.233255" lon="10.864466"><ele>286.25</ele></trkpt>
   <trkpt lat="50.233332" lon="10.864649"><ele>286.75</ele></trkpt>
   <trkpt lat="50.233376" lon="10.864776"><ele>287.25</ele></trkpt>
   <trkpt lat="50.233418" lon="10.864957"><ele>287.5</ele></trkpt>
   <trkpt lat="50.233467" lon="10.865251"><ele>288.75</ele></trkpt>
   <trkpt lat="50.233575" lon="10.865873"><ele>289.75</ele></trkpt>
   <trkpt lat="50.233756" lon="10.867061"><ele>289.5</ele></trkpt>
   <trkpt lat="50.233868" lon="10.867803"><ele>287.75</ele></trkpt>
   <trkpt lat="50.233896" lon="10.868034"><ele>288</ele></trkpt>
   <trkpt lat="50.233921" lon="10.868195"><ele>286.75</ele></trkpt>
   <trkpt lat="50.233933" lon="10.868421"><ele>286</ele></trkpt>
   <trkpt lat="50.233929" lon="10.868608"><ele>286</ele></trkpt>
   <trkpt lat="50.233907" lon="10.868792"><ele>285.75</ele></trkpt>
   <trkpt lat="50.233865" lon="10.86903"><ele>285</ele></trkpt>
   <trkpt lat="50.233608" lon="10.870105"><ele>285.75</ele></trkpt>
   <trkpt lat="50.233508" lon="10.870621"><ele>286</ele></trkpt>
   <trkpt lat="50.233499" lon="10.870713"><ele>286.75</ele></trkpt>
   <trkpt lat="50.233316" lon="10.873082"><ele>299</ele></trkpt>
   <trkpt lat="50.233268" lon="10.873738"><ele>302.25</ele></trkpt>
   <trkpt lat="50.233243" lon="10.874056"><ele>304.25</ele></trkpt>
   <trkpt lat="50.233211" lon="10.874495"><ele>307.25</ele></trkpt>
   <trkpt lat="50.233081" lon="10.876127"><ele>317.75</ele></trkpt>
   <trkpt lat="50.232662" lon="10.879985"><ele>331.5</ele></trkpt>
   <trkpt lat="50.232606" lon="10.880324"><ele>333.5</ele></trkpt>
   <trkpt lat="50.232518" lon="10.88064"><ele>335</ele></trkpt>
   <trkpt lat="50.232197" lon="10.881564"><ele>339.25</ele></trkpt>
   <trkpt lat="50.232098" lon="10.881918"><ele>339.75</ele></trkpt>
   <trkpt lat="50.231935" lon="10.882645"><ele>340.75</ele></trkpt>
   <trkpt lat="50.231802" lon="10.883378"><ele>340.5</ele></trkpt>
   <trkpt lat="50.231632" lon="10.884366"><ele>342.25</ele></trkpt>
   <trkpt lat="50.231607" lon="10.884602"><ele>343</ele></trkpt>
   <trkpt lat="50.231596" lon="10.884695"><ele>343.25</ele></trkpt>
   <trkpt lat="50.231601" lon="10.885183"><ele>344</ele></trkpt>
   <trkpt lat="50.231664" lon="10.886995"><ele>348</ele></trkpt>
   <trkpt lat="50.2317" lon="10.887327"><ele>348.75</ele></trkpt>
   <trkpt lat="50.231923" lon="10.888516"><ele>350.5</ele></trkpt>
   <trkpt lat="50.232001" lon="10.888839"><ele>351.25</ele></trkpt>
   <trkpt lat="50.232905" lon="10.891495"><ele>356.5</ele></trkpt>
   <trkpt lat="50.232951" lon="10.891692"><ele>357</ele></trkpt>
   <trkpt lat="50.232997" lon="10.892008"><ele>357.75</ele></trkpt>
   <trkpt lat="50.233036" lon="10.89244"><ele>358.75</ele></trkpt>
   <trkpt lat="50.233258" lon="10.895188"><ele>362.25</ele></trkpt>
   <trkpt lat="50.233273" lon="10.895619"><ele>361.25</ele></trkpt>
   <trkpt lat="50.233271" lon="10.895971"><ele>361.25</ele></trkpt>
   <trkpt lat="50.233256" lon="10.896491"><ele>361.75</ele></trkpt>
   <trkpt lat="50.233224" lon="10.896964"><ele>362.25</ele></trkpt>
   <trkpt lat="50.233169" lon="10.897569"><ele>363.5</ele></trkpt>
   <trkpt lat="50.233131" lon="10.897868"><ele>364</ele></trkpt>
   <trkpt lat="50.233066" lon="10.898278"><ele>363.75</ele></trkpt>
   <trkpt lat="50.232973" lon="10.898792"><ele>361.5</ele></trkpt>
   <trkpt lat="50.232819" lon="10.899442"><ele>361.75</ele></trkpt>
   <trkpt lat="50.232709" lon="10.899848"><ele>363</ele></trkpt>
   <trkpt lat="50.232467" lon="10.900593"><ele>361.25</ele></trkpt>
   <trkpt lat="50.232311" lon="10.901038"><ele>358.5</ele></trkpt>
   <trkpt lat="50.23225" lon="10.901268"><ele>357.25</ele></trkpt>
   <trkpt lat="50.232189" lon="10.901563"><ele>355.25</ele></trkpt>
   <trkpt lat="50.232157" lon="10.901866"><ele>353</ele></trkpt>
   <trkpt lat="50.232144" lon="10.902171"><ele>351.75</ele></trkpt>
   <trkpt lat="50.232161" lon="10.902524"><ele>352</ele></trkpt>
   <trkpt lat="50.232193" lon="10.902837"><ele>353.25</ele></trkpt>
   <trkpt lat="50.232247" lon="10.903131"><ele>354.25</ele></trkpt>
   <trkpt lat="50.23232" lon="10.903414"><ele>355.5</ele></trkpt>
   <trkpt lat="50.232384" lon="10.903605"><ele>355.75</ele></trkpt>
   <trkpt lat="50.232432" lon="10.903743"><ele>356</ele></trkpt>
   <trkpt lat="50.232552" lon="10.903983"><ele>356</ele></trkpt>
   <trkpt lat="50.232691" lon="10.904217"><ele>356.5</ele></trkpt>
   <trkpt lat="50.233468" lon="10.905406"><ele>359.25</ele></trkpt>
   <trkpt lat="50.233613" lon="10.905653"><ele>360</ele></trkpt>
   <trkpt lat="50.23398" lon="10.906321"><ele>361.25</ele></trkpt>
   <trkpt lat="50.234211" lon="10.90681"><ele>361</ele></trkpt>
   <trkpt lat="50.234366" lon="10.907194"><ele>361.75</ele></trkpt>
   <trkpt lat="50.234507" lon="10.907623"><ele>361.75</ele></trkpt>
   <trkpt lat="50.234575" lon="10.907856"><ele>362.25</ele></trkpt>
   <trkpt lat="50.234688" lon="10.908299"><ele>363</ele></trkpt>
   <trkpt lat="50.234814" lon="10.908878"><ele>363.75</ele></trkpt>
   <trkpt lat="50.234821" lon="10.908912"><ele>364</ele></trkpt>
   <trkpt lat="50.234848" lon="10.909053"><ele>364.25</ele></trkpt>
   <trkpt lat="50.234919" lon="10.909452"><ele>365.25</ele></trkpt>
   <trkpt lat="50.234983" lon="10.910042"><ele>364.75</ele></trkpt>
   <trkpt lat="50.235006" lon="10.910413"><ele>364.75</ele></trkpt>
   <trkpt lat="50.235015" lon="10.911215"><ele>365.75</ele></trkpt>
   <trkpt lat="50.234992" lon="10.911651"><ele>365.75</ele></trkpt>
   <trkpt lat="50.234944" lon="10.912208"><ele>365.75</ele></trkpt>
   <trkpt lat="50.234871" lon="10.912772"><ele>367.5</ele></trkpt>
   <trkpt lat="50.234794" lon="10.913236"><ele>365.25</ele></trkpt>
   <trkpt lat="50.234656" lon="10.913961"><ele>365</ele></trkpt>
   <trkpt lat="50.234149" lon="10.916274"><ele>361.75</ele></trkpt>
   <trkpt lat="50.233928" lon="10.91726"><ele>359.75</ele></trkpt>
   <trkpt lat="50.233767" lon="10.91802"><ele>357.25</ele></trkpt>
   <trkpt lat="50.233684" lon="10.918391"><ele>357</ele></trkpt>
   <trkpt lat="50.233636" lon="10.918606"><ele>358.75</ele></trkpt>
   <trkpt lat="50.233522" lon="10.919129"><ele>357.5</ele></trkpt>
   <trkpt lat="50.232979" lon="10.921641"><ele>355.75</ele></trkpt>
   <trkpt lat="50.23288" lon="10.922201"><ele>355.5</ele></trkpt>
   <trkpt lat="50.232764" lon="10.92285"><ele>355.75</ele></trkpt>
   <trkpt lat="50.232672" lon="10.923517"><ele>355.25</ele></trkpt>
   <trkpt lat="50.232614" lon="10.924127"><ele>355.5</ele></trkpt>
   <trkpt lat="50.232575" lon="10.924748"><ele>356.25</ele></trkpt>
   <trkpt lat="50.232562" lon="10.925095"><ele>357</ele></trkpt>
   <trkpt lat="50.232557" lon="10.925466"><ele>357.5</ele></trkpt>
   <trkpt lat="50.23256" lon="10.92584"><ele>358.5</ele></trkpt>
   <trkpt lat="50.232586" lon="10.926499"><ele>358.75</ele></trkpt>
   <trkpt lat="50.232604" lon="10.926797"><ele>359.5</ele></trkpt>
   <trkpt lat="50.232667" lon="10.927421"><ele>361.5</ele></trkpt>
   <trkpt lat="50.232751" lon="10.928028"><ele>362.75</ele></trkpt>
   <trkpt lat="50.232867" lon="10.928685"><ele>363.5</ele></trkpt>
   <trkpt lat="50.233026" lon="10.929386"><ele>365.75</ele></trkpt>
   <trkpt lat="50.233125" lon="10.929742"><ele>366.5</ele></trkpt>
   <trkpt lat="50.233308" lon="10.930352"><ele>367</ele></trkpt>
   <trkpt lat="50.233479" lon="10.930901"><ele>367.5</ele></trkpt>
   <trkpt lat="50.233511" lon="10.930999"><ele>367.75</ele></trkpt>
   <trkpt lat="50.233662" lon="10.931453"><ele>367.75</ele></trkpt>
   <trkpt lat="50.233799" lon="10.931932"><ele>367.75</ele></trkpt>
   <trkpt lat="50.233901" lon="10.932349"><ele>367.5</ele></trkpt>
   <trkpt lat="50.233935" lon="10.932542"><ele>367</ele></trkpt>
   <trkpt lat="50.233976" lon="10.932777"><ele>367.25</ele></trkpt>
   <trkpt lat="50.234012" lon="10.933052"><ele>367.25</ele></trkpt>
   <trkpt lat="50.234061" lon="10.933474"><ele>366.5</ele></trkpt>
   <trkpt lat="50.234082" lon="10.933826"><ele>366</ele></trkpt>
   <trkpt lat="50.234084" lon="10.934678"><ele>364.25</ele></trkpt>
   <trkpt lat="50.23407" lon="10.935099"><ele>363.25</ele></trkpt>
   <trkpt lat="50.23399" lon="10.93649"><ele>357.5</ele></trkpt>
   <trkpt lat="50.233966" lon="10.93703"><ele>355.75</ele></trkpt>
   <trkpt lat="50.233955" lon="10.9374"><ele>354.5</ele></trkpt>
   <trkpt lat="50.233953" lon="10.937764"><ele>353.75</ele></trkpt>
   <trkpt lat="50.233974" lon="10.938346"><ele>351</ele></trkpt>
   <trkpt lat="50.23403" lon="10.939068"><ele>346</ele></trkpt>
   <trkpt lat="50.234089" lon="10.939565"><ele>344.25</ele></trkpt>
   <trkpt lat="50.234195" lon="10.940203"><ele>344.5</ele></trkpt>
   <trkpt lat="50.234296" lon="10.940691"><ele>339.25</ele></trkpt>
   <trkpt lat="50.23447" lon="10.941543"><ele>339.25</ele></trkpt>
   <trkpt lat="50.234566" lon="10.942084"><ele>335.5</ele></trkpt>
   <trkpt lat="50.234646" lon="10.942634"><ele>336</ele></trkpt>
   <trkpt lat="50.234695" lon="10.94306"><ele>335.75</ele></trkpt>
   <trkpt lat="50.234709" lon="10.943166"><ele>335.5</ele></trkpt>
   <trkpt lat="50.234757" lon="10.943789"><ele>333.75</ele></trkpt>
   <trkpt lat="50.234778" lon="10.944231"><ele>333</ele></trkpt>
   <trkpt lat="50.234782" lon="10.944578"><ele>332.25</ele></trkpt>
   <trkpt lat="50.234778" lon="10.944903"><ele>332.25</ele></trkpt>
   <trkpt lat="50.234739" lon="10.945563"><ele>332.5</ele></trkpt>
   <trkpt lat="50.234647" lon="10.946856"><ele>331.25</ele></trkpt>
   <trkpt lat="50.234627" lon="10.947172"><ele>331.25</ele></trkpt>
   <trkpt lat="50.234604" lon="10.94796"><ele>332.5</ele></trkpt>
   <trkpt lat="50.234651" lon="10.950134"><ele>327.5</ele></trkpt>
   <trkpt lat="50.234658" lon="10.950743"><ele>327.75</ele></trkpt>
   <trkpt lat="50.234632" lon="10.951972"><ele>331.75</ele></trkpt>
   <trkpt lat="50.234605" lon="10.952548"><ele>331.5</ele></trkpt>
   <trkpt lat="50.234577" lon="10.952948"><ele>331</ele></trkpt>
   <trkpt lat="50.234495" lon="10.953871"><ele>327</ele></trkpt>
   <trkpt lat="50.234374" lon="10.954857"><ele>325.75</ele></trkpt>
   <trkpt lat="50.234299" lon="10.955379"><ele>325.5</ele></trkpt>
   <trkpt lat="50.234157" lon="10.956198"><ele>319</ele></trkpt>
   <trkpt lat="50.23402" lon="10.956882"><ele>320</ele></trkpt>
   <trkpt lat="50.233854" lon="10.957633"><ele>314.75</ele></trkpt>
   <trkpt lat="50.233743" lon="10.958119"><ele>315.5</ele></trkpt>
   <trkpt lat="50.233613" lon="10.958674"><ele>309.75</ele></trkpt>
   <trkpt lat="50.233491" lon="10.959156"><ele>309.25</ele></trkpt>
   <trkpt lat="50.233369" lon="10.959653"><ele>306.75</ele></trkpt>
   <trkpt lat="50.233337" lon="10.959788"><ele>306.5</ele></trkpt>
   <trkpt lat="50.233171" lon="10.960448"><ele>303</ele></trkpt>
   <trkpt lat="50.233087" lon="10.960821"><ele>302</ele></trkpt>
   <trkpt lat="50.233018" lon="10.961198"><ele>300.75</ele></trkpt>
   <trkpt lat="50.232946" lon="10.961629"><ele>298.25</ele></trkpt>
   <trkpt lat="50.232893" lon="10.962064"><ele>296.5</ele></trkpt>
   <trkpt lat="50.232864" lon="10.962322"><ele>296.25</ele></trkpt>
   <trkpt lat="50.232846" lon="10.962603"><ele>296</ele></trkpt>
   <trkpt lat="50.232832" lon="10.963215"><ele>295.5</ele></trkpt>
   <trkpt lat="50.232834" lon="10.9637"><ele>294.5</ele></trkpt>
   <trkpt lat="50.23288" lon="10.964393"><ele>292</ele></trkpt>
   <trkpt lat="50.232914" lon="10.964734"><ele>292</ele></trkpt>
   <trkpt lat="50.232992" lon="10.965381"><ele>291.5</ele></trkpt>
   <trkpt lat="50.233064" lon="10.965851"><ele>291</ele></trkpt>
   <trkpt lat="50.233137" lon="10.966247"><ele>291</ele></trkpt>
   <trkpt lat="50.233509" lon="10.968089"><ele>288.75</ele></trkpt>
   <trkpt lat="50.233588" lon="10.96848"><ele>289</ele></trkpt>
   <trkpt lat="50.233759" lon="10.96967"><ele>284.5</ele></trkpt>
   <trkpt lat="50.233826" lon="10.970301"><ele>285.5</ele></trkpt>
   <trkpt lat="50.233935" lon="10.971238"><ele>285.25</ele></trkpt>
   <trkpt lat="50.233993" lon="10.971748"><ele>284.75</ele></trkpt>
   <trkpt lat="50.234008" lon="10.971882"><ele>285.75</ele></trkpt>
   <trkpt lat="50.234016" lon="10.971959"><ele>286.5</ele></trkpt>
   <trkpt lat="50.234156" lon="10.973153"><ele>287.75</ele></trkpt>
   <trkpt lat="50.234177" lon="10.973339"><ele>287.75</ele></trkpt>
   <trkpt lat="50.234227" lon="10.97379"><ele>288</ele></trkpt>
   <trkpt lat="50.234305" lon="10.974506"><ele>287.75</ele></trkpt>
   <trkpt lat="50.234345" lon="10.975065"><ele>287.25</ele></trkpt>
   <trkpt lat="50.234349" lon="10.975267"><ele>287</ele></trkpt>
   <trkpt lat="50.234344" lon="10.975462"><ele>286.75</ele></trkpt>
   <trkpt lat="50.234318" lon="10.975771"><ele>286.5</ele></trkpt>
   <trkpt lat="50.234297" lon="10.975919"><ele>286.75</ele></trkpt>
   <trkpt lat="50.234242" lon="10.976177"><ele>287.5</ele></trkpt>
   <trkpt lat="50.234203" lon="10.976322"><ele>288.75</ele></trkpt>
   <trkpt lat="50.23413" lon="10.976518"><ele>288.25</ele></trkpt>
   <trkpt lat="50.234046" lon="10.976705"><ele>286.5</ele></trkpt>
   <trkpt lat="50.233965" lon="10.976851"><ele>286.5</ele></trkpt>
   <trkpt lat="50.23387" lon="10.976982"><ele>287.25</ele></trkpt>
   <trkpt lat="50.233723" lon="10.977131"><ele>285.5</ele></trkpt>
   <trkpt lat="50.233643" lon="10.977186"><ele>285.5</ele></trkpt>
   <trkpt lat="50.233483" lon="10.977251"><ele>285.25</ele></trkpt>
   <trkpt lat="50.233404" lon="10.977264"><ele>285</ele></trkpt>
   <trkpt lat="50.233227" lon="10.977261"><ele>284.75</ele></trkpt>
   <trkpt lat="50.23315" lon="10.977243"><ele>284.75</ele></trkpt>
   <trkpt lat="50.233022" lon="10.977108"><ele>284</ele></trkpt>
   <trkpt lat="50.232955" lon="10.977005"><ele>283.5</ele></trkpt>
   <trkpt lat="50.232904" lon="10.976878"><ele>283.25</ele></trkpt>
   <trkpt lat="50.232875" lon="10.976742"><ele>283</ele></trkpt>
   <trkpt lat="50.232875" lon="10.976607"><ele>283</ele></trkpt>
   <trkpt lat="50.23288" lon="10.976565"><ele>283</ele></trkpt>
   <trkpt lat="50.232889" lon="10.976491"><ele>283</ele></trkpt>
   <trkpt lat="50.23292" lon="10.976353"><ele>283.25</ele></trkpt>
   <trkpt lat="50.232967" lon="10.976237"><ele>284</ele></trkpt>
   <trkpt lat="50.233025" lon="10.976156"><ele>284.5</ele></trkpt>
   <trkpt lat="50.233092" lon="10.976098"><ele>284.75</ele></trkpt>
   <trkpt lat="50.233222" lon="10.975947"><ele>284.75</ele></trkpt>
   <trkpt lat="50.23482" lon="10.975412"><ele>285</ele></trkpt>
   <trkpt lat="50.236104" lon="10.974903"><ele>285.75</ele></trkpt>
   <trkpt lat="50.236711" lon="10.974619"><ele>285.75</ele></trkpt>
   <trkpt lat="50.237487" lon="10.974202"><ele>285.75</ele></trkpt>
   <trkpt lat="50.238274" lon="10.973754"><ele>285.5</ele></trkpt>
   <trkpt lat="50.239214" lon="10.973"><ele>286</ele></trkpt>
   <trkpt lat="50.239717" lon="10.972613"><ele>285.75</ele></trkpt>
   <trkpt lat="50.240266" lon="10.972102"><ele>286</ele></trkpt>
   <trkpt lat="50.240467" lon="10.971901"><ele>286</ele></trkpt>
   <trkpt lat="50.240646" lon="10.97168"><ele>287.25</ele></trkpt>
   <trkpt lat="50.240861" lon="10.971376"><ele>287</ele></trkpt>
   <trkpt lat="50.24105" lon="10.971063"><ele>286.75</ele></trkpt>
   <trkpt lat="50.241183" lon="10.970803"><ele>287</ele></trkpt>
   <trkpt lat="50.241418" lon="10.970267"><ele>287.75</ele></trkpt>
   <trkpt lat="50.241525" lon="10.969977"><ele>287.5</ele></trkpt>
   <trkpt lat="50.241623" lon="10.969631"><ele>288</ele></trkpt>
   <trkpt lat="50.241736" lon="10.96912"><ele>288.25</ele></trkpt>
   <trkpt lat="50.24182" lon="10.968709"><ele>287.25</ele></trkpt>
   <trkpt lat="50.241907" lon="10.968324"><ele>288</ele></trkpt>
   <trkpt lat="50.242044" lon="10.967785"><ele>288</ele></trkpt>
   <trkpt lat="50.242129" lon="10.967542"><ele>288</ele></trkpt>
   <trkpt lat="50.242319" lon="10.96711"><ele>288</ele></trkpt>
   <trkpt lat="50.242419" lon="10.96691"><ele>288</ele></trkpt>
   <trkpt lat="50.242648" lon="10.966518"><ele>288</ele></trkpt>
   <trkpt lat="50.242713" lon="10.966419"><ele>287.75</ele></trkpt>
   <trkpt lat="50.242784" lon="10.966309"><ele>288.5</ele></trkpt>
   <trkpt lat="50.243288" lon="10.965608"><ele>291.25</ele></trkpt>
   <trkpt lat="50.243927" lon="10.964753"><ele>290</ele></trkpt>
   <trkpt lat="50.244228" lon="10.964378"><ele>290</ele></trkpt>
   <trkpt lat="50.244385" lon="10.964189"><ele>289.25</ele></trkpt>
   <trkpt lat="50.244534" lon="10.964017"><ele>289.75</ele></trkpt>
   <trkpt lat="50.245065" lon="10.963449"><ele>290</ele></trkpt>
   <trkpt lat="50.245441" lon="10.963029"><ele>290.5</ele></trkpt>
   <trkpt lat="50.245993" lon="10.962341"><ele>289.75</ele></trkpt>
   <trkpt lat="50.246554" lon="10.961705"><ele>290.25</ele></trkpt>
   <trkpt lat="50.246743" lon="10.9615"><ele>290.25</ele></trkpt>
   <trkpt lat="50.247026" lon="10.961171"><ele>290</ele></trkpt>
   <trkpt lat="50.247324" lon="10.960842"><ele>290</ele></trkpt>
   <trkpt lat="50.247937" lon="10.960172"><ele>290.25</ele></trkpt>
   <trkpt lat="50.248143" lon="10.959948"><ele>290.5</ele></trkpt>
   <trkpt lat="50.248265" lon="10.959838"><ele>290.5</ele></trkpt>
   <trkpt lat="50.248381" lon="10.959753"><ele>290</ele></trkpt>
   <trkpt lat="50.248988" lon="10.959365"><ele>290.5</ele></trkpt>
   <trkpt lat="50.249232" lon="10.959223"><ele>290.5</ele></trkpt>
   <trkpt lat="50.249376" lon="10.959151"><ele>290.25</ele></trkpt>
   <trkpt lat="50.249566" lon="10.959088"><ele>291.25</ele></trkpt>
   <trkpt lat="50.249752" lon="10.95905"><ele>292</ele></trkpt>
   <trkpt lat="50.250695" lon="10.958988"><ele>290.75</ele></trkpt>
   <trkpt lat="50.251228" lon="10.958965"><ele>290.25</ele></trkpt>
   <trkpt lat="50.2514" lon="10.958983"><ele>290</ele></trkpt>
   <trkpt lat="50.25154" lon="10.958966"><ele>290.25</ele></trkpt>
   <trkpt lat="50.25177" lon="10.958908"><ele>290.75</ele></trkpt>
   <trkpt lat="50.251905" lon="10.958864"><ele>291</ele></trkpt>
   <trkpt lat="50.252069" lon="10.958887"><ele>291</ele></trkpt>
   <trkpt lat="50.252945" lon="10.958752"><ele>290.5</ele></trkpt>
   <trkpt lat="50.253467" lon="10.95866"><ele>290.5</ele></trkpt>
   <trkpt lat="50.253608" lon="10.958651"><ele>290.25</ele></trkpt>
   <trkpt lat="50.253717" lon="10.958633"><ele>290.25</ele></trkpt>
   <trkpt lat="50.253908" lon="10.958817"><ele>290.25</ele></trkpt>
   <trkpt lat="50.254026" lon="10.958998"><ele>290.25</ele></trkpt>
   <trkpt lat="50.254098" lon="10.959153"><ele>290</ele></trkpt>
   <trkpt lat="50.254165" lon="10.959289"><ele>290</ele></trkpt>
   <trkpt lat="50.254213" lon="10.95941"><ele>290</ele></trkpt>
   <trkpt lat="50.254249" lon="10.959531"><ele>290</ele></trkpt>
   <trkpt lat="50.254319" lon="10.959811"><ele>290</ele></trkpt>
   <trkpt lat="50.254379" lon="10.960147"><ele>290</ele></trkpt>
   <trkpt lat="50.254396" lon="10.960295"><ele>290</ele></trkpt>
   <trkpt lat="50.254413" lon="10.960441"><ele>290</ele></trkpt>
   <trkpt lat="50.254435" lon="10.960658"><ele>290</ele></trkpt>
   <trkpt lat="50.254334" lon="10.960655"><ele>290</ele></trkpt>
   <trkpt lat="50.254318" lon="10.960655"><ele>290</ele></trkpt>
   <trkpt lat="50.254263" lon="10.960653"><ele>290</ele></trkpt>
   <trkpt lat="50.254168" lon="10.960595"><ele>290</ele></trkpt>
   <trkpt lat="50.254096" lon="10.960459"><ele>290.25</ele></trkpt>
   <trkpt lat="50.254129" lon="10.960379"><ele>290.5</ele></trkpt>
   <trkpt lat="50.254196" lon="10.960191"><ele>290.5</ele></trkpt>
   <trkpt lat="50.254211" lon="10.960089"><ele>290</ele></trkpt>
   <trkpt lat="50.254203" lon="10.959994"><ele>289.75</ele></trkpt>
   <trkpt lat="50.254119" lon="10.959664"><ele>289.75</ele></trkpt>
   <trkpt lat="50.254082" lon="10.959534"><ele>290.25</ele></trkpt>
   <trkpt lat="50.254029" lon="10.959405"><ele>291</ele></trkpt>
   <trkpt lat="50.253981" lon="10.959315"><ele>291</ele></trkpt>
   <trkpt lat="50.253955" lon="10.959223"><ele>291</ele></trkpt>
   <trkpt lat="50.253959" lon="10.959175"><ele>291</ele></trkpt>
   <trkpt lat="50.253985" lon="10.959085"><ele>291</ele></trkpt>
   <trkpt lat="50.254013" lon="10.959038"><ele>291</ele></trkpt>
   <trkpt lat="50.254104" lon="10.958987"><ele>291</ele></trkpt>
   <trkpt lat="50.254183" lon="10.958965"><ele>290.75</ele></trkpt>
   <trkpt lat="50.254222" lon="10.958955"><ele>290.75</ele></trkpt>
   <trkpt lat="50.254253" lon="10.958949"><ele>291</ele></trkpt>
   <trkpt lat="50.254778" lon="10.958843"><ele>291</ele></trkpt>
   <trkpt lat="50.256522" lon="10.958561"><ele>290.25</ele></trkpt>
   <trkpt lat="50.25714" lon="10.958391"><ele>291</ele></trkpt>
   <trkpt lat="50.257635" lon="10.958246"><ele>291.5</ele></trkpt>
   <trkpt lat="50.257991" lon="10.958132"><ele>291.75</ele></trkpt>
   <trkpt lat="50.258053" lon="10.958111"><ele>291.75</ele></trkpt>
   <trkpt lat="50.258336" lon="10.958042"><ele>291</ele></trkpt>
   <trkpt lat="50.258622" lon="10.95801"><ele>291.5</ele></trkpt>
   <trkpt lat="50.258775" lon="10.958006"><ele>292</ele></trkpt>
   <trkpt lat="50.258848" lon="10.958023"><ele>292</ele></trkpt>
   <trkpt lat="50.259023" lon="10.958117"><ele>292.25</ele></trkpt>
   <trkpt lat="50.259131" lon="10.95818"><ele>292.25</ele></trkpt>
   <trkpt lat="50.259427" lon="10.958368"><ele>291.25</ele></trkpt>
   <trkpt lat="50.259533" lon="10.958404"><ele>290.75</ele></trkpt>
   <trkpt lat="50.25978" lon="10.958437"><ele>290.25</ele></trkpt>
   <trkpt lat="50.259847" lon="10.95845"><ele>290.25</ele></trkpt>
   <trkpt lat="50.259922" lon="10.958478"><ele>290</ele></trkpt>
   <trkpt lat="50.259988" lon="10.958512"><ele>290</ele></trkpt>
   <trkpt lat="50.260281" lon="10.958733"><ele>291</ele></trkpt>
   <trkpt lat="50.260334" lon="10.958826"><ele>291</ele></trkpt>
   <trkpt lat="50.260354" lon="10.958879"><ele>291.25</ele></trkpt>
   <trkpt lat="50.26037" lon="10.958938"><ele>291</ele></trkpt>
   <trkpt lat="50.260408" lon="10.959121"><ele>290.5</ele></trkpt>
   <trkpt lat="50.26052" lon="10.959053"><ele>291.5</ele></trkpt>
   <trkpt lat="50.26056" lon="10.959029"><ele>291.75</ele></trkpt>
   <trkpt lat="50.260747" lon="10.958925"><ele>291</ele></trkpt>
   <trkpt lat="50.260767" lon="10.958916"><ele>291</ele></trkpt>
   <trkpt lat="50.260925" lon="10.958859"><ele>291</ele></trkpt>
   <trkpt lat="50.260929" lon="10.958774"><ele>291.25</ele></trkpt>
   <trkpt lat="50.260935" lon="10.958683"><ele>291.25</ele></trkpt>
   <trkpt lat="50.260946" lon="10.958521"><ele>291.5</ele></trkpt>
   <trkpt lat="50.260962" lon="10.958437"><ele>291.5</ele></trkpt>
   <trkpt lat="50.260996" lon="10.958402"><ele>291.25</ele></trkpt>
   <trkpt lat="50.261113" lon="10.95838"><ele>291</ele></trkpt>
   <trkpt lat="50.261225" lon="10.95836"><ele>291</ele></trkpt>
  </trkseg>
 </trk>
</gpx>
