<?xml version='1.0' encoding='UTF-8' standalone='yes' ?>
<gpx version="1.1" creator="OsmAnd~ 5.3.10" xmlns="http://www.topografix.com/GPX/1/1" xmlns:osmand="https://osmand.net/docs/technical/osmand-file-formats/osmand-gpx" xmlns:gpxtpx="https://www8.garmin.com/xmlschemas/TrackPointExtensionv1.xsd" xmlns:xsi="http://www.w3.org/2001/XMLSchema-instance" xsi:schemaLocation="http://www.topografix.com/GPX/1/1 https://www.topografix.com/GPX/1/1/gpx.xsd">
  <metadata>
    <name>DE 4348 VIE - FRA</name>
  </metadata>
  <trk>
    <trkseg>
      <trkpt lat="48.1197842" lon="16.5583283">
        <ele>187.6</ele>
        <time>2026-08-05T14:56:34Z</time>
        <hdop>18.4</hdop>
      </trkpt>
      <trkpt lat="48.1197693" lon="16.5586184">
        <ele>205.6</ele>
        <time>2026-08-05T14:56:40Z</time>
        <hdop>25.5</hdop>
      </trkpt>
      <trkpt lat="48.1198032" lon="16.5584631">
        <ele>192.6</ele>
        <time>2026-08-05T14:56:46Z</time>
        <hdop>12.8</hdop>
        <extensions>
          <osmand:speed>0.5</osmand:speed>
        </extensions>
      </trkpt>
      <trkpt lat="48.1198175" lon="16.5584658">
        <ele>194.6</ele>
        <time>2026-08-05T14:56:52Z</time>
        <hdop>3.6</hdop>
        <extensions>
          <osmand:speed>0.3</osmand:speed>
        </extensions>
      </trkpt>
      <trkpt lat="48.1198262" lon="16.5584675">
        <ele>194.6</ele>
        <time>2026-08-05T14:56:58Z</time>
        <hdop>1.5</hdop>
      </trkpt>
      <trkpt lat="48.1198262" lon="16.5584688">
        <ele>194.6</ele>
        <time>2026-08-05T14:57:04Z</time>
        <hdop>0.5</hdop>
      </trkpt>
      <trkpt lat="48.1198262" lon="16.5584688">
        <ele>194.6</ele>
        <time>2026-08-05T14:57:10Z</time>
        <hdop>1</hdop>
      </trkpt>
      <trkpt lat="48.119826" lon="16.5584672">
        <ele>193.6</ele>
        <time>2026-08-05T14:57:16Z</time>
        <hdop>3.1</hdop>
        <extensions>
          <osmand:speed>0.2</osmand:speed>
        </extensions>
      </trkpt>
      <trkpt lat="48.119826" lon="16.5584677">
        <ele>193.6</ele>
        <time>2026-08-05T14:57:22Z</time>
        <hdop>1</hdop>
      </trkpt>
      <trkpt lat="48.1198262" lon="16.5584678">
        <ele>193.6</ele>
        <time>2026-08-05T14:57:28Z</time>
        <hdop>4.1</hdop>
        <extensions>
          <osmand:speed>0.1</osmand:speed>
        </extensions>
      </trkpt>
      <trkpt lat="48.1198261" lon="16.5584684">
        <ele>193.6</ele>
        <time>2026-08-05T14:57:34Z</time>
        <hdop>1.5</hdop>
      </trkpt>
      <trkpt lat="48.1198261" lon="16.5584684">
        <ele>193.6</ele>
        <time>2026-08-05T14:57:40Z</time>
        <hdop>1.5</hdop>
      </trkpt>
      <trkpt lat="48.1198261" lon="16.5584684">
        <ele>193.6</ele>
        <time>2026-08-05T14:57:46Z</time>
        <hdop>1.5</hdop>
      </trkpt>
      <trkpt lat="48.1198272" lon="16.5584688">
        <ele>194.6</ele>
        <time>2026-08-05T14:57:52Z</time>
        <hdop>4.1</hdop>
        <extensions>
          <osmand:speed>0.2</osmand:speed>
        </extensions>
      </trkpt>
      <trkpt lat="48.1198251" lon="16.5584686">
        <ele>196.6</ele>
        <time>2026-08-05T14:57:58Z</time>
        <hdop>0.5</hdop>
      </trkpt>
      <trkpt lat="48.1198246" lon="16.5584683">
        <ele>196.6</ele>
        <time>2026-08-05T14:58:04Z</time>
        <hdop>1.5</hdop>
      </trkpt>
      <trkpt lat="48.1198246" lon="16.5584683">
        <ele>196.6</ele>
        <time>2026-08-05T14:58:10Z</time>
        <hdop>1.5</hdop>
      </trkpt>
      <trkpt lat="48.1198246" lon="16.5584683">
        <ele>196.6</ele>
        <time>2026-08-05T14:58:16Z</time>
        <hdop>1</hdop>
      </trkpt>
      <trkpt lat="48.1198246" lon="16.5584683">
        <ele>196.6</ele>
        <time>2026-08-05T14:58:22Z</time>
        <hdop>1</hdop>
      </trkpt>
      <trkpt lat="48.1198246" lon="16.5584683">
        <ele>196.6</ele>
        <time>2026-08-05T14:58:28Z</time>
        <hdop>3.1</hdop>
      </trkpt>
      <trkpt lat="48.1198246" lon="16.5584683">
        <ele>196.6</ele>
        <time>2026-08-05T14:58:34Z</time>
        <hdop>1.5</hdop>
      </trkpt>
      <trkpt lat="48.1198268" lon="16.558469">
        <ele>195.6</ele>
        <time>2026-08-05T14:58:40Z</time>
        <hdop>1.5</hdop>
      </trkpt>
      <trkpt lat="48.1198268" lon="16.558469">
        <ele>195.6</ele>
        <time>2026-08-05T14:58:46Z</time>
        <hdop>1</hdop>
      </trkpt>
      <trkpt lat="48.1198268" lon="16.558469">
        <ele>195.6</ele>
        <time>2026-08-05T14:58:52Z</time>
        <hdop>2</hdop>
      </trkpt>
      <trkpt lat="48.1198262" lon="16.5584691">
        <ele>195.6</ele>
        <time>2026-08-05T14:58:58Z</time>
        <hdop>0.5</hdop>
      </trkpt>
      <trkpt lat="48.1198262" lon="16.5584691">
        <ele>195.6</ele>
        <time>2026-08-05T14:59:04Z</time>
        <hdop>0.5</hdop>
      </trkpt>
      <trkpt lat="48.1198258" lon="16.5584689">
        <ele>195.6</ele>
        <time>2026-08-05T14:59:10Z</time>
        <hdop>1.5</hdop>
      </trkpt>
      <trkpt lat="48.1198256" lon="16.5584688">
        <ele>195.6</ele>
        <time>2026-08-05T14:59:16Z</time>
        <hdop>0.5</hdop>
      </trkpt>
      <trkpt lat="48.1198265" lon="16.558468">
        <ele>195.6</ele>
        <time>2026-08-05T14:59:22Z</time>
        <hdop>1</hdop>
      </trkpt>
      <trkpt lat="48.1198265" lon="16.558468">
        <ele>195.6</ele>
        <time>2026-08-05T14:59:28Z</time>
        <hdop>1</hdop>
      </trkpt>
      <trkpt lat="48.1198263" lon="16.5584678">
        <ele>194.6</ele>
        <time>2026-08-05T14:59:34Z</time>
        <hdop>2.6</hdop>
      </trkpt>
      <trkpt lat="48.1198263" lon="16.5584678">
        <ele>194.6</ele>
        <time>2026-08-05T14:59:40Z</time>
        <hdop>2.6</hdop>
      </trkpt>
      <trkpt lat="48.1198275" lon="16.5584685">
        <ele>193.6</ele>
        <time>2026-08-05T14:59:46Z</time>
        <hdop>1.5</hdop>
      </trkpt>
      <trkpt lat="48.1198269" lon="16.5584728">
        <ele>194.6</ele>
        <time>2026-08-05T14:59:52Z</time>
        <hdop>3.1</hdop>
        <extensions>
          <osmand:speed>0.3</osmand:speed>
        </extensions>
      </trkpt>
      <trkpt lat="48.1198267" lon="16.5584692">
        <ele>194.6</ele>
        <time>2026-08-05T14:59:58Z</time>
        <hdop>1</hdop>
      </trkpt>
      <trkpt lat="48.1198267" lon="16.5584692">
        <ele>194.6</ele>
        <time>2026-08-05T15:00:04Z</time>
        <hdop>1</hdop>
      </trkpt>
      <trkpt lat="48.1198267" lon="16.5584692">
        <ele>194.6</ele>
        <time>2026-08-05T15:00:10Z</time>
        <hdop>3.1</hdop>
      </trkpt>
      <trkpt lat="48.1198267" lon="16.5584692">
        <ele>194.6</ele>
        <time>2026-08-05T15:00:16Z</time>
        <hdop>0.5</hdop>
      </trkpt>
      <trkpt lat="48.1198267" lon="16.5584692">
        <ele>194.6</ele>
        <time>2026-08-05T15:00:22Z</time>
        <hdop>0.5</hdop>
      </trkpt>
      <trkpt lat="48.1198267" lon="16.5584692">
        <ele>194.6</ele>
        <time>2026-08-05T15:00:28Z</time>
        <hdop>0.5</hdop>
      </trkpt>
      <trkpt lat="48.1198267" lon="16.5584692">
        <ele>194.6</ele>
        <time>2026-08-05T15:00:34Z</time>
        <hdop>0.5</hdop>
      </trkpt>
      <trkpt lat="48.1198267" lon="16.5584692">
        <ele>194.6</ele>
        <time>2026-08-05T15:00:40Z</time>
        <hdop>1</hdop>
      </trkpt>
      <trkpt lat="48.1198267" lon="16.5584692">
        <ele>194.6</ele>
        <time>2026-08-05T15:00:46Z</time>
        <hdop>1</hdop>
      </trkpt>
      <trkpt lat="48.1198267" lon="16.5584692">
        <ele>194.6</ele>
        <time>2026-08-05T15:00:52Z</time>
        <hdop>1</hdop>
      </trkpt>
      <trkpt lat="48.1198267" lon="16.5584692">
        <ele>194.6</ele>
        <time>2026-08-05T15:00:58Z</time>
        <hdop>1</hdop>
      </trkpt>
      <trkpt lat="48.1198267" lon="16.5584692">
        <ele>194.6</ele>
        <time>2026-08-05T15:01:04Z</time>
        <hdop>1.5</hdop>
      </trkpt>
      <trkpt lat="48.1198267" lon="16.5584692">
        <ele>194.6</ele>
        <time>2026-08-05T15:01:10Z</time>
        <hdop>1.5</hdop>
      </trkpt>
      <trkpt lat="48.1198267" lon="16.5584692">
        <ele>194.6</ele>
        <time>2026-08-05T15:01:16Z</time>
        <hdop>1.5</hdop>
      </trkpt>
      <trkpt lat="48.1198267" lon="16.5584692">
        <ele>194.6</ele>
        <time>2026-08-05T15:01:22Z</time>
        <hdop>1.5</hdop>
      </trkpt>
      <trkpt lat="48.1198271" lon="16.558469">
        <ele>194.6</ele>
        <time>2026-08-05T15:01:28Z</time>
        <hdop>1</hdop>
      </trkpt>
      <trkpt lat="48.1198246" lon="16.5584998">
        <ele>194.6</ele>
        <time>2026-08-05T15:01:34Z</time>
        <hdop>4.6</hdop>
        <extensions>
          <osmand:speed>1.4</osmand:speed>
        </extensions>
      </trkpt>
      <trkpt lat="48.1198249" lon="16.5584864">
        <ele>194.6</ele>
        <time>2026-08-05T15:01:40Z</time>
        <hdop>1.5</hdop>
      </trkpt>
      <trkpt lat="48.1198249" lon="16.5584864">
        <ele>194.6</ele>
        <time>2026-08-05T15:01:46Z</time>
        <hdop>1</hdop>
      </trkpt>
      <trkpt lat="48.1198249" lon="16.5584864">
        <ele>194.6</ele>
        <time>2026-08-05T15:01:52Z</time>
        <hdop>1</hdop>
      </trkpt>
      <trkpt lat="48.1198249" lon="16.5584864">
        <ele>194.6</ele>
        <time>2026-08-05T15:01:58Z</time>
        <hdop>0.5</hdop>
      </trkpt>
      <trkpt lat="48.1198249" lon="16.5584864">
        <ele>194.6</ele>
        <time>2026-08-05T15:02:04Z</time>
        <hdop>0.5</hdop>
      </trkpt>
      <trkpt lat="48.1198249" lon="16.5584864">
        <ele>194.6</ele>
        <time>2026-08-05T15:02:10Z</time>
        <hdop>1</hdop>
      </trkpt>
      <trkpt lat="48.1198249" lon="16.5584864">
        <ele>194.6</ele>
        <time>2026-08-05T15:02:16Z</time>
        <hdop>1</hdop>
      </trkpt>
      <trkpt lat="48.1198249" lon="16.5584864">
        <ele>194.6</ele>
        <time>2026-08-05T15:02:22Z</time>
        <hdop>1</hdop>
      </trkpt>
      <trkpt lat="48.1198249" lon="16.5584864">
        <ele>194.6</ele>
        <time>2026-08-05T15:02:28Z</time>
        <hdop>3.1</hdop>
      </trkpt>
      <trkpt lat="48.1198252" lon="16.5584693">
        <ele>193.6</ele>
        <time>2026-08-05T15:02:34Z</time>
        <hdop>0.5</hdop>
      </trkpt>
      <trkpt lat="48.1198252" lon="16.5584693">
        <ele>193.6</ele>
        <time>2026-08-05T15:02:40Z</time>
        <hdop>1</hdop>
      </trkpt>
      <trkpt lat="48.1198252" lon="16.5584693">
        <ele>193.6</ele>
        <time>2026-08-05T15:02:46Z</time>
        <hdop>0.5</hdop>
      </trkpt>
      <trkpt lat="48.1198252" lon="16.5584693">
        <ele>193.6</ele>
        <time>2026-08-05T15:02:52Z</time>
        <hdop>0.5</hdop>
      </trkpt>
      <trkpt lat="48.1198252" lon="16.5584682">
        <ele>193.6</ele>
        <time>2026-08-05T15:02:58Z</time>
        <hdop>2.6</hdop>
        <extensions>
          <osmand:speed>0.1</osmand:speed>
        </extensions>
      </trkpt>
      <trkpt lat="48.1198256" lon="16.5584683">
        <ele>193.6</ele>
        <time>2026-08-05T15:03:04Z</time>
        <hdop>0.5</hdop>
      </trkpt>
      <trkpt lat="48.1198256" lon="16.5584683">
        <ele>193.6</ele>
        <time>2026-08-05T15:03:10Z</time>
        <hdop>1</hdop>
      </trkpt>
      <trkpt lat="48.1198183" lon="16.5584697">
        <ele>193.6</ele>
        <time>2026-08-05T15:03:16Z</time>
        <hdop>3.6</hdop>
      </trkpt>
      <trkpt lat="48.119783" lon="16.5585557">
        <ele>191.6</ele>
        <time>2026-08-05T15:03:22Z</time>
        <hdop>9.7</hdop>
        <extensions>
          <osmand:speed>1.9</osmand:speed>
        </extensions>
      </trkpt>
      <trkpt lat="48.1197329" lon="16.5586926">
        <ele>189.6</ele>
        <time>2026-08-05T15:03:28Z</time>
        <hdop>11.7</hdop>
        <extensions>
          <osmand:speed>1.9</osmand:speed>
        </extensions>
      </trkpt>
      <trkpt lat="48.119682" lon="16.5588343">
        <ele>189.6</ele>
        <time>2026-08-05T15:03:34Z</time>
        <hdop>13.8</hdop>
        <extensions>
          <osmand:speed>2.3</osmand:speed>
        </extensions>
      </trkpt>
      <trkpt lat="48.1196091" lon="16.5589322">
        <ele>188.6</ele>
        <time>2026-08-05T15:03:40Z</time>
        <hdop>11.7</hdop>
        <extensions>
          <osmand:speed>1.7</osmand:speed>
        </extensions>
      </trkpt>
      <trkpt lat="48.1195232" lon="16.5590092">
        <ele>188.6</ele>
        <time>2026-08-05T15:03:46Z</time>
        <hdop>13.3</hdop>
        <extensions>
          <osmand:speed>1.6</osmand:speed>
        </extensions>
      </trkpt>
      <trkpt lat="48.119457" lon="16.5590425">
        <ele>186.6</ele>
        <time>2026-08-05T15:03:52Z</time>
        <hdop>13.8</hdop>
        <extensions>
          <osmand:speed>1.2</osmand:speed>
        </extensions>
      </trkpt>
      <trkpt lat="48.1193957" lon="16.5589983">
        <ele>185.6</ele>
        <time>2026-08-05T15:03:58Z</time>
        <hdop>9.7</hdop>
        <extensions>
          <osmand:speed>1.6</osmand:speed>
        </extensions>
      </trkpt>
      <trkpt lat="48.1193197" lon="16.5589362">
        <ele>185.6</ele>
        <time>2026-08-05T15:04:04Z</time>
        <hdop>9.2</hdop>
        <extensions>
          <osmand:speed>1.4</osmand:speed>
        </extensions>
      </trkpt>
      <trkpt lat="48.1192608" lon="16.5588953">
        <ele>184.6</ele>
        <time>2026-08-05T15:04:10Z</time>
        <hdop>10.7</hdop>
        <extensions>
          <osmand:speed>1.1</osmand:speed>
        </extensions>
      </trkpt>
      <trkpt lat="48.1192147" lon="16.5588534">
        <ele>183.6</ele>
        <time>2026-08-05T15:04:16Z</time>
        <hdop>8.2</hdop>
        <extensions>
          <osmand:speed>0.9</osmand:speed>
        </extensions>
      </trkpt>
      <trkpt lat="48.1191771" lon="16.5588139">
        <ele>182.6</ele>
        <time>2026-08-05T15:04:22Z</time>
        <hdop>10.2</hdop>
        <extensions>
          <osmand:speed>0.8</osmand:speed>
        </extensions>
      </trkpt>
      <trkpt lat="48.1191438" lon="16.5588211">
        <ele>180.6</ele>
        <time>2026-08-05T15:04:28Z</time>
        <hdop>7.7</hdop>
        <extensions>
          <osmand:speed>0.8</osmand:speed>
        </extensions>
      </trkpt>
      <trkpt lat="48.1191285" lon="16.5589183">
        <ele>178.6</ele>
        <time>2026-08-05T15:04:34Z</time>
        <hdop>9.2</hdop>
        <extensions>
          <osmand:speed>1.3</osmand:speed>
        </extensions>
      </trkpt>
      <trkpt lat="48.1191219" lon="16.5590226">
        <ele>177.6</ele>
        <time>2026-08-05T15:04:40Z</time>
        <hdop>8.7</hdop>
        <extensions>
          <osmand:speed>1.2</osmand:speed>
        </extensions>
      </trkpt>
      <trkpt lat="48.119174" lon="16.5591212">
        <ele>177.6</ele>
        <time>2026-08-05T15:04:46Z</time>
        <hdop>8.7</hdop>
        <extensions>
          <osmand:speed>3.7</osmand:speed>
        </extensions>
      </trkpt>
      <trkpt lat="48.1192458" lon="16.5591977">
        <ele>179.6</ele>
        <time>2026-08-05T15:04:52Z</time>
        <hdop>14.3</hdop>
        <extensions>
          <osmand:speed>1.1</osmand:speed>
        </extensions>
      </trkpt>
      <trkpt lat="48.1192938" lon="16.5592286">
        <ele>180.6</ele>
        <time>2026-08-05T15:04:58Z</time>
        <hdop>13.8</hdop>
        <extensions>
          <osmand:speed>0.4</osmand:speed>
        </extensions>
      </trkpt>
      <trkpt lat="48.1192875" lon="16.5592217">
        <ele>180.6</ele>
        <time>2026-08-05T15:05:04Z</time>
        <hdop>10.7</hdop>
      </trkpt>
      <trkpt lat="48.1192721" lon="16.5591912">
        <ele>180.6</ele>
        <time>2026-08-05T15:05:10Z</time>
        <hdop>11.2</hdop>
        <extensions>
          <osmand:speed>0.9</osmand:speed>
        </extensions>
      </trkpt>
      <trkpt lat="48.1192149" lon="16.5591442">
        <ele>181.6</ele>
        <time>2026-08-05T15:05:16Z</time>
        <hdop>14.8</hdop>
        <extensions>
          <osmand:speed>1.5</osmand:speed>
        </extensions>
      </trkpt>
      <trkpt lat="48.1191203" lon="16.5590929">
        <ele>181.6</ele>
        <time>2026-08-05T15:05:22Z</time>
        <hdop>12.2</hdop>
        <extensions>
          <osmand:speed>1.9</osmand:speed>
        </extensions>
      </trkpt>
      <trkpt lat="48.1190246" lon="16.559042">
        <ele>181.6</ele>
        <time>2026-08-05T15:05:28Z</time>
        <hdop>16.8</hdop>
        <extensions>
          <osmand:speed>2.3</osmand:speed>
        </extensions>
      </trkpt>
      <trkpt lat="48.1189148" lon="16.5589764">
        <ele>181.6</ele>
        <time>2026-08-05T15:05:34Z</time>
        <hdop>12.8</hdop>
        <extensions>
          <osmand:speed>2</osmand:speed>
        </extensions>
      </trkpt>
      <trkpt lat="48.1188401" lon="16.5589033">
        <ele>180.6</ele>
        <time>2026-08-05T15:05:40Z</time>
        <hdop>1</hdop>
        <extensions>
          <osmand:speed>1.6</osmand:speed>
        </extensions>
      </trkpt>
      <trkpt lat="48.118741" lon="16.558833">
        <ele>181.6</ele>
        <time>2026-08-05T15:05:46Z</time>
        <hdop>21.4</hdop>
        <extensions>
          <osmand:speed>2.3</osmand:speed>
        </extensions>
      </trkpt>
      <trkpt lat="48.1186844" lon="16.558852">
        <ele>180.6</ele>
        <time>2026-08-05T15:05:52Z</time>
        <hdop>18.4</hdop>
      </trkpt>
      <trkpt lat="48.1187283" lon="16.5589082">
        <ele>173.6</ele>
        <time>2026-08-05T15:06:17Z</time>
        <hdop>43.4</hdop>
        <extensions>
          <osmand:speed>0.5</osmand:speed>
        </extensions>
      </trkpt>
      <trkpt lat="48.1187356" lon="16.5589227">
        <ele>173.6</ele>
        <time>2026-08-05T15:06:24Z</time>
        <hdop>30.1</hdop>
        <extensions>
          <osmand:speed>0.1</osmand:speed>
        </extensions>
      </trkpt>
      <trkpt lat="48.1187379" lon="16.5588907">
        <ele>175.6</ele>
        <time>2026-08-05T15:06:30Z</time>
        <hdop>28.6</hdop>
        <extensions>
          <osmand:speed>0.5</osmand:speed>
        </extensions>
      </trkpt>
      <trkpt lat="48.1187545" lon="16.5588799">
        <ele>175.6</ele>
        <time>2026-08-05T15:06:36Z</time>
        <hdop>24</hdop>
      </trkpt>
      <trkpt lat="48.118773" lon="16.5588769">
        <ele>174.6</ele>
        <time>2026-08-05T15:06:42Z</time>
        <hdop>20.4</hdop>
        <extensions>
          <osmand:speed>0</osmand:speed>
        </extensions>
      </trkpt>
      <trkpt lat="48.1187434" lon="16.5588717">
        <ele>177.6</ele>
        <time>2026-08-05T15:06:48Z</time>
        <hdop>18.4</hdop>
      </trkpt>
      <trkpt lat="48.1187434" lon="16.5588717">
        <ele>177.6</ele>
        <time>2026-08-05T15:06:54Z</time>
        <hdop>18.9</hdop>
      </trkpt>
      <trkpt lat="48.1187434" lon="16.5588717">
        <ele>177.6</ele>
        <time>2026-08-05T15:07:00Z</time>
        <hdop>30.1</hdop>
      </trkpt>
      <trkpt lat="48.1187326" lon="16.5588674">
        <ele>178.6</ele>
        <time>2026-08-05T15:07:06Z</time>
        <hdop>31.6</hdop>
      </trkpt>
      <trkpt lat="48.1187156" lon="16.5588793">
        <ele>177.6</ele>
        <time>2026-08-05T15:07:12Z</time>
        <hdop>18.9</hdop>
        <extensions>
          <osmand:speed>0</osmand:speed>
        </extensions>
      </trkpt>
      <trkpt lat="48.1186926" lon="16.5588718">
        <ele>176.6</ele>
        <time>2026-08-05T15:07:18Z</time>
        <hdop>17.9</hdop>
        <extensions>
          <osmand:speed>0.6</osmand:speed>
        </extensions>
      </trkpt>
      <trkpt lat="48.1186633" lon="16.5588765">
        <ele>176.6</ele>
        <time>2026-08-05T15:07:24Z</time>
        <hdop>29.1</hdop>
      </trkpt>
      <trkpt lat="48.1186151" lon="16.5588261">
        <ele>175.6</ele>
        <time>2026-08-05T15:07:30Z</time>
        <hdop>33.7</hdop>
        <extensions>
          <osmand:speed>1.2</osmand:speed>
        </extensions>
      </trkpt>
      <trkpt lat="48.1185504" lon="16.5587714">
        <ele>177.6</ele>
        <time>2026-08-05T15:07:36Z</time>
        <hdop>36.2</hdop>
        <extensions>
          <osmand:speed>1.5</osmand:speed>
        </extensions>
      </trkpt>
      <trkpt lat="48.118456" lon="16.5587319">
        <ele>176.6</ele>
        <time>2026-08-05T15:07:42Z</time>
        <hdop>32.7</hdop>
        <extensions>
          <osmand:speed>1.8</osmand:speed>
        </extensions>
      </trkpt>
      <trkpt lat="48.1183381" lon="16.5586464">
        <ele>176.6</ele>
        <time>2026-08-05T15:07:48Z</time>
        <hdop>41.8</hdop>
        <extensions>
          <osmand:speed>2.2</osmand:speed>
        </extensions>
      </trkpt>
      <trkpt lat="48.1182046" lon="16.5585382">
        <ele>177.6</ele>
        <time>2026-08-05T15:07:54Z</time>
        <hdop>42.3</hdop>
        <extensions>
          <osmand:speed>3.5</osmand:speed>
        </extensions>
      </trkpt>
      <trkpt lat="48.1180413" lon="16.5583931">
        <ele>177.6</ele>
        <time>2026-08-05T15:08:00Z</time>
        <hdop>39.8</hdop>
        <extensions>
          <osmand:speed>3.9</osmand:speed>
        </extensions>
      </trkpt>
      <trkpt lat="48.1178517" lon="16.5582349">
        <ele>175.6</ele>
        <time>2026-08-05T15:08:06Z</time>
        <hdop>36.2</hdop>
        <extensions>
          <osmand:speed>4.5</osmand:speed>
        </extensions>
      </trkpt>
      <trkpt lat="48.1176158" lon="16.558086">
        <ele>178.6</ele>
        <time>2026-08-05T15:08:12Z</time>
        <hdop>33.7</hdop>
        <extensions>
          <osmand:speed>5.1</osmand:speed>
        </extensions>
      </trkpt>
      <trkpt lat="48.117332" lon="16.557891">
        <ele>179.6</ele>
        <time>2026-08-05T15:08:18Z</time>
        <hdop>33.2</hdop>
        <extensions>
          <osmand:speed>6.2</osmand:speed>
        </extensions>
      </trkpt>
      <trkpt lat="48.1170449" lon="16.5579428">
        <ele>178.6</ele>
        <time>2026-08-05T15:08:24Z</time>
        <hdop>32.7</hdop>
        <extensions>
          <osmand:speed>5.5</osmand:speed>
        </extensions>
      </trkpt>
      <trkpt lat="48.1168485" lon="16.5582188">
        <ele>175.6</ele>
        <time>2026-08-05T15:08:30Z</time>
        <hdop>32.7</hdop>
        <extensions>
          <osmand:speed>4.9</osmand:speed>
        </extensions>
      </trkpt>
      <trkpt lat="48.1167332" lon="16.5585583">
        <ele>174.6</ele>
        <time>2026-08-05T15:08:36Z</time>
        <hdop>27.6</hdop>
        <extensions>
          <osmand:speed>5.3</osmand:speed>
        </extensions>
      </trkpt>
      <trkpt lat="48.1166121" lon="16.5589694">
        <ele>174.6</ele>
        <time>2026-08-05T15:08:42Z</time>
        <hdop>33.2</hdop>
        <extensions>
          <osmand:speed>6.2</osmand:speed>
        </extensions>
      </trkpt>
      <trkpt lat="48.1164369" lon="16.5594058">
        <ele>174.6</ele>
        <time>2026-08-05T15:08:48Z</time>
        <hdop>27.6</hdop>
        <extensions>
          <osmand:speed>6.2</osmand:speed>
        </extensions>
      </trkpt>
      <trkpt lat="48.1162551" lon="16.5599157">
        <ele>174.6</ele>
        <time>2026-08-05T15:08:55Z</time>
        <hdop>35.7</hdop>
        <extensions>
          <osmand:speed>6.3</osmand:speed>
        </extensions>
      </trkpt>
      <trkpt lat="48.1160627" lon="16.560425">
        <ele>180.6</ele>
        <time>2026-08-05T15:09:01Z</time>
        <hdop>5.6</hdop>
        <extensions>
          <osmand:speed>7.8</osmand:speed>
        </extensions>
      </trkpt>
      <trkpt lat="48.1159054" lon="16.5610402">
        <ele>174.6</ele>
        <time>2026-08-05T15:09:07Z</time>
        <hdop>6.1</hdop>
        <extensions>
          <osmand:speed>8.4</osmand:speed>
        </extensions>
      </trkpt>
      <trkpt lat="48.1157303" lon="16.561608">
        <ele>175.6</ele>
        <time>2026-08-05T15:09:13Z</time>
        <hdop>18.4</hdop>
        <extensions>
          <osmand:speed>8</osmand:speed>
        </extensions>
      </trkpt>
      <trkpt lat="48.1155423" lon="16.5621736">
        <ele>176.6</ele>
        <time>2026-08-05T15:09:19Z</time>
        <hdop>18.4</hdop>
        <extensions>
          <osmand:speed>8</osmand:speed>
        </extensions>
      </trkpt>
      <trkpt lat="48.11535" lon="16.5627018">
        <ele>176.6</ele>
        <time>2026-08-05T15:09:25Z</time>
        <hdop>18.4</hdop>
        <extensions>
          <osmand:speed>7.4</osmand:speed>
        </extensions>
      </trkpt>
      <trkpt lat="48.1151976" lon="16.5632271">
        <ele>178.6</ele>
        <time>2026-08-05T15:09:31Z</time>
        <hdop>26.5</hdop>
        <extensions>
          <osmand:speed>7.4</osmand:speed>
        </extensions>
      </trkpt>
      <trkpt lat="48.1153042" lon="16.5637373">
        <ele>177.6</ele>
        <time>2026-08-05T15:09:37Z</time>
        <hdop>29.1</hdop>
        <extensions>
          <osmand:speed>7.2</osmand:speed>
        </extensions>
      </trkpt>
      <trkpt lat="48.1155667" lon="16.5641492">
        <ele>180.6</ele>
        <time>2026-08-05T15:09:43Z</time>
        <hdop>21.4</hdop>
        <extensions>
          <osmand:speed>6.4</osmand:speed>
        </extensions>
      </trkpt>
      <trkpt lat="48.1156464" lon="16.5646364">
        <ele>184.6</ele>
        <time>2026-08-05T15:09:49Z</time>
        <hdop>7.7</hdop>
        <extensions>
          <osmand:speed>6.5</osmand:speed>
        </extensions>
      </trkpt>
      <trkpt lat="48.1154791" lon="16.5652061">
        <ele>180.6</ele>
        <time>2026-08-05T15:09:55Z</time>
        <hdop>8.2</hdop>
        <extensions>
          <osmand:speed>7.5</osmand:speed>
        </extensions>
      </trkpt>
      <trkpt lat="48.1153441" lon="16.5655644">
        <ele>180.6</ele>
        <time>2026-08-05T15:10:01Z</time>
        <hdop>8.2</hdop>
        <extensions>
          <osmand:speed>5.6</osmand:speed>
        </extensions>
      </trkpt>
      <trkpt lat="48.1152075" lon="16.5660019">
        <ele>179.6</ele>
        <time>2026-08-05T15:10:07Z</time>
        <hdop>6.6</hdop>
        <extensions>
          <osmand:speed>5.3</osmand:speed>
        </extensions>
      </trkpt>
      <trkpt lat="48.1150284" lon="16.5664935">
        <ele>177.6</ele>
        <time>2026-08-05T15:10:13Z</time>
        <hdop>7.7</hdop>
        <extensions>
          <osmand:speed>6.7</osmand:speed>
        </extensions>
      </trkpt>
      <trkpt lat="48.114882" lon="16.5669222">
        <ele>184.6</ele>
        <time>2026-08-05T15:10:19Z</time>
        <hdop>7.1</hdop>
        <extensions>
          <osmand:speed>6.9</osmand:speed>
        </extensions>
      </trkpt>
      <trkpt lat="48.1147415" lon="16.5675283">
        <ele>183.6</ele>
        <time>2026-08-05T15:10:25Z</time>
        <hdop>6.1</hdop>
        <extensions>
          <osmand:speed>7.4</osmand:speed>
        </extensions>
      </trkpt>
      <trkpt lat="48.1145525" lon="16.5681441">
        <ele>181.6</ele>
        <time>2026-08-05T15:10:31Z</time>
        <hdop>5.6</hdop>
        <extensions>
          <osmand:speed>8.7</osmand:speed>
        </extensions>
      </trkpt>
      <trkpt lat="48.11441" lon="16.5685327">
        <ele>182.6</ele>
        <time>2026-08-05T15:10:37Z</time>
        <hdop>6.1</hdop>
        <extensions>
          <osmand:speed>6.6</osmand:speed>
        </extensions>
      </trkpt>
      <trkpt lat="48.1142713" lon="16.5689918">
        <ele>180.6</ele>
        <time>2026-08-05T15:10:43Z</time>
        <hdop>7.1</hdop>
        <extensions>
          <osmand:speed>6</osmand:speed>
        </extensions>
      </trkpt>
      <trkpt lat="48.1140694" lon="16.5695929">
        <ele>178.6</ele>
        <time>2026-08-05T15:10:49Z</time>
        <hdop>6.6</hdop>
        <extensions>
          <osmand:speed>7.3</osmand:speed>
        </extensions>
      </trkpt>
      <trkpt lat="48.1138189" lon="16.5702462">
        <ele>179.6</ele>
        <time>2026-08-05T15:10:55Z</time>
        <hdop>6.1</hdop>
        <extensions>
          <osmand:speed>9.3</osmand:speed>
        </extensions>
      </trkpt>
      <trkpt lat="48.1136128" lon="16.5709926">
        <ele>177.6</ele>
        <time>2026-08-05T15:11:01Z</time>
        <hdop>6.1</hdop>
        <extensions>
          <osmand:speed>10.3</osmand:speed>
        </extensions>
      </trkpt>
      <trkpt lat="48.1133949" lon="16.5715944">
        <ele>178.6</ele>
        <time>2026-08-05T15:11:07Z</time>
        <hdop>5.6</hdop>
        <extensions>
          <osmand:speed>9.2</osmand:speed>
        </extensions>
      </trkpt>
      <trkpt lat="48.1131576" lon="16.5722951">
        <ele>180.6</ele>
        <time>2026-08-05T15:11:13Z</time>
        <hdop>6.6</hdop>
        <extensions>
          <osmand:speed>9.2</osmand:speed>
        </extensions>
      </trkpt>
      <trkpt lat="48.112913" lon="16.5730754">
        <ele>181.6</ele>
        <time>2026-08-05T15:11:19Z</time>
        <hdop>4.6</hdop>
        <extensions>
          <osmand:speed>9.9</osmand:speed>
        </extensions>
      </trkpt>
      <trkpt lat="48.1126687" lon="16.5737771">
        <ele>183.6</ele>
        <time>2026-08-05T15:11:25Z</time>
        <hdop>4.6</hdop>
        <extensions>
          <osmand:speed>9.9</osmand:speed>
        </extensions>
      </trkpt>
      <trkpt lat="48.1124625" lon="16.5744457">
        <ele>184.6</ele>
        <time>2026-08-05T15:11:31Z</time>
        <hdop>4.1</hdop>
        <extensions>
          <osmand:speed>9.3</osmand:speed>
        </extensions>
      </trkpt>
      <trkpt lat="48.112183" lon="16.5751258">
        <ele>180.6</ele>
        <time>2026-08-05T15:11:37Z</time>
        <hdop>32.7</hdop>
        <extensions>
          <osmand:speed>9.5</osmand:speed>
        </extensions>
      </trkpt>
      <trkpt lat="48.1120027" lon="16.5758177">
        <ele>182.6</ele>
        <time>2026-08-05T15:11:43Z</time>
        <hdop>43.4</hdop>
        <extensions>
          <osmand:speed>9.4</osmand:speed>
        </extensions>
      </trkpt>
      <trkpt lat="48.1117892" lon="16.57654">
        <ele>182.6</ele>
        <time>2026-08-05T15:11:49Z</time>
        <hdop>32.7</hdop>
        <extensions>
          <osmand:speed>9.2</osmand:speed>
        </extensions>
      </trkpt>
      <trkpt lat="48.1115855" lon="16.5772393">
        <ele>180.6</ele>
        <time>2026-08-05T15:11:55Z</time>
        <hdop>42.9</hdop>
        <extensions>
          <osmand:speed>8.8</osmand:speed>
        </extensions>
      </trkpt>
      <trkpt lat="48.1113576" lon="16.5778941">
        <ele>179.6</ele>
        <time>2026-08-05T15:12:01Z</time>
        <hdop>34.7</hdop>
        <extensions>
          <osmand:speed>9.5</osmand:speed>
        </extensions>
      </trkpt>
      <trkpt lat="48.111159" lon="16.5786058">
        <ele>182.6</ele>
        <time>2026-08-05T15:12:07Z</time>
        <hdop>42.3</hdop>
        <extensions>
          <osmand:speed>9.8</osmand:speed>
        </extensions>
      </trkpt>
      <trkpt lat="48.110918" lon="16.5793296">
        <ele>182.6</ele>
        <time>2026-08-05T15:12:13Z</time>
        <hdop>19.4</hdop>
        <extensions>
          <osmand:speed>10.1</osmand:speed>
        </extensions>
      </trkpt>
      <trkpt lat="48.110643" lon="16.5799964">
        <ele>183.6</ele>
        <time>2026-08-05T15:12:19Z</time>
        <hdop>30.6</hdop>
        <extensions>
          <osmand:speed>11</osmand:speed>
        </extensions>
      </trkpt>
      <trkpt lat="48.1103977" lon="16.5807402">
        <ele>182.6</ele>
        <time>2026-08-05T15:12:25Z</time>
        <hdop>30.1</hdop>
        <extensions>
          <osmand:speed>11.1</osmand:speed>
        </extensions>
      </trkpt>
      <trkpt lat="48.110109" lon="16.5814789">
        <ele>181.6</ele>
        <time>2026-08-05T15:12:31Z</time>
        <hdop>39.3</hdop>
        <extensions>
          <osmand:speed>11</osmand:speed>
        </extensions>
      </trkpt>
      <trkpt lat="48.1098049" lon="16.5821447">
        <ele>179.6</ele>
        <time>2026-08-05T15:12:37Z</time>
        <hdop>41.8</hdop>
        <extensions>
          <osmand:speed>9.7</osmand:speed>
        </extensions>
      </trkpt>
      <trkpt lat="48.1094387" lon="16.5826823">
        <ele>177.6</ele>
        <time>2026-08-05T15:12:43Z</time>
        <hdop>37.8</hdop>
        <extensions>
          <osmand:speed>9.6</osmand:speed>
        </extensions>
      </trkpt>
      <trkpt lat="48.1087626" lon="16.5830183">
        <ele>178.6</ele>
        <time>2026-08-05T15:12:49Z</time>
        <hdop>32.1</hdop>
        <extensions>
          <osmand:speed>15.3</osmand:speed>
        </extensions>
      </trkpt>
      <trkpt lat="48.1072382" lon="16.5835729">
        <ele>177.6</ele>
        <time>2026-08-05T15:12:55Z</time>
        <hdop>50</hdop>
        <extensions>
          <osmand:speed>32.9</osmand:speed>
        </extensions>
      </trkpt>
      <trkpt lat="48.1049397" lon="16.5844713">
        <ele>181.6</ele>
        <time>2026-08-05T15:13:01Z</time>
        <hdop>17.3</hdop>
        <extensions>
          <osmand:speed>45.2</osmand:speed>
        </extensions>
      </trkpt>
      <trkpt lat="48.1019935" lon="16.5856601">
        <ele>183.6</ele>
        <time>2026-08-05T15:13:07Z</time>
        <hdop>25.5</hdop>
        <extensions>
          <osmand:speed>59.4</osmand:speed>
        </extensions>
      </trkpt>
      <trkpt lat="48.0983861" lon="16.5872146">
        <ele>192.6</ele>
        <time>2026-08-05T15:13:13Z</time>
        <hdop>20.4</hdop>
        <extensions>
          <osmand:speed>73.7</osmand:speed>
        </extensions>
      </trkpt>
      <trkpt lat="48.0944023" lon="16.58887">
        <ele>205.6</ele>
        <time>2026-08-05T15:13:19Z</time>
        <hdop>23</hdop>
        <extensions>
          <osmand:speed>77.4</osmand:speed>
        </extensions>
      </trkpt>
      <trkpt lat="48.0904099" lon="16.5903083">
        <ele>259.6</ele>
        <time>2026-08-05T15:13:25Z</time>
        <hdop>49</hdop>
        <extensions>
          <osmand:speed>72.8</osmand:speed>
        </extensions>
      </trkpt>
      <trkpt lat="48.085847" lon="16.5923706">
        <ele>359.6</ele>
        <time>2026-08-05T15:13:32Z</time>
        <hdop>37.8</hdop>
        <extensions>
          <osmand:speed>75.3</osmand:speed>
        </extensions>
      </trkpt>
      <trkpt lat="48.0819144" lon="16.5940865">
        <ele>450.6</ele>
        <time>2026-08-05T15:13:38Z</time>
        <hdop>48</hdop>
        <extensions>
          <osmand:speed>75.2</osmand:speed>
        </extensions>
      </trkpt>
      <trkpt lat="48.0762402" lon="16.5966424">
        <ele>584.6</ele>
        <time>2026-08-05T15:13:47Z</time>
        <hdop>47.4</hdop>
        <extensions>
          <osmand:speed>73.9</osmand:speed>
        </extensions>
      </trkpt>
      <trkpt lat="48.0378444" lon="16.5647756">
        <ele>844.6</ele>
        <time>2026-08-05T15:14:47Z</time>
        <hdop>49.5</hdop>
        <extensions>
          <osmand:speed>102.5</osmand:speed>
        </extensions>
      </trkpt>
      <trkpt lat="48.0255293" lon="16.4621074">
        <ele>1244</ele>
        <time>2026-08-05T15:15:51Z</time>
        <hdop>50</hdop>
        <extensions>
          <osmand:speed>141.1</osmand:speed>
        </extensions>
      </trkpt>
      <trkpt lat="48.0258888" lon="16.4506859">
        <ele>1349</ele>
        <time>2026-08-05T15:15:57Z</time>
        <hdop>43.9</hdop>
        <extensions>
          <osmand:speed>142.1</osmand:speed>
        </extensions>
      </trkpt>
      <trkpt lat="48.0261622" lon="16.4392201">
        <ele>1441</ele>
        <time>2026-08-05T15:16:03Z</time>
        <hdop>20.9</hdop>
        <extensions>
          <osmand:speed>142.5</osmand:speed>
        </extensions>
      </trkpt>
      <trkpt lat="48.0262871" lon="16.4277261">
        <ele>1517</ele>
        <time>2026-08-05T15:16:09Z</time>
        <hdop>17.9</hdop>
        <extensions>
          <osmand:speed>143.3</osmand:speed>
        </extensions>
      </trkpt>
      <trkpt lat="48.026349" lon="16.416196">
        <ele>1596</ele>
        <time>2026-08-05T15:16:15Z</time>
        <hdop>15.3</hdop>
        <extensions>
          <osmand:speed>143.6</osmand:speed>
        </extensions>
      </trkpt>
      <trkpt lat="48.0264012" lon="16.4046269">
        <ele>1676</ele>
        <time>2026-08-05T15:16:21Z</time>
        <hdop>12.2</hdop>
        <extensions>
          <osmand:speed>143.7</osmand:speed>
        </extensions>
      </trkpt>
      <trkpt lat="48.0264328" lon="16.3930691">
        <ele>1767</ele>
        <time>2026-08-05T15:16:27Z</time>
        <hdop>14.3</hdop>
        <extensions>
          <osmand:speed>143.7</osmand:speed>
        </extensions>
      </trkpt>
      <trkpt lat="48.0264863" lon="16.3815075">
        <ele>1850</ele>
        <time>2026-08-05T15:16:33Z</time>
        <hdop>12.2</hdop>
        <extensions>
          <osmand:speed>144</osmand:speed>
        </extensions>
      </trkpt>
      <trkpt lat="48.0269668" lon="16.3699113">
        <ele>1930</ele>
        <time>2026-08-05T15:16:39Z</time>
        <hdop>19.4</hdop>
        <extensions>
          <osmand:speed>144.8</osmand:speed>
        </extensions>
      </trkpt>
      <trkpt lat="48.0279656" lon="16.3582539">
        <ele>2000</ele>
        <time>2026-08-05T15:16:45Z</time>
        <hdop>15.8</hdop>
        <extensions>
          <osmand:speed>146.6</osmand:speed>
        </extensions>
      </trkpt>
      <trkpt lat="48.0294071" lon="16.3466343">
        <ele>2083</ele>
        <time>2026-08-05T15:16:51Z</time>
        <hdop>16.3</hdop>
        <extensions>
          <osmand:speed>146.7</osmand:speed>
        </extensions>
      </trkpt>
      <trkpt lat="48.0309291" lon="16.335046">
        <ele>2172</ele>
        <time>2026-08-05T15:16:57Z</time>
        <hdop>11.7</hdop>
        <extensions>
          <osmand:speed>147.1</osmand:speed>
        </extensions>
      </trkpt>
      <trkpt lat="48.0324521" lon="16.3234689">
        <ele>2268</ele>
        <time>2026-08-05T15:17:03Z</time>
        <hdop>10.7</hdop>
        <extensions>
          <osmand:speed>146.2</osmand:speed>
        </extensions>
      </trkpt>
      <trkpt lat="48.0339325" lon="16.3119607">
        <ele>2368</ele>
        <time>2026-08-05T15:17:09Z</time>
        <hdop>11.7</hdop>
        <extensions>
          <osmand:speed>145.5</osmand:speed>
        </extensions>
      </trkpt>
      <trkpt lat="48.0353949" lon="16.3004517">
        <ele>2456</ele>
        <time>2026-08-05T15:17:15Z</time>
        <hdop>11.2</hdop>
        <extensions>
          <osmand:speed>145.6</osmand:speed>
        </extensions>
      </trkpt>
      <trkpt lat="48.0368978" lon="16.2889867">
        <ele>2540</ele>
        <time>2026-08-05T15:17:21Z</time>
        <hdop>10.2</hdop>
        <extensions>
          <osmand:speed>145.3</osmand:speed>
        </extensions>
      </trkpt>
      <trkpt lat="48.0383993" lon="16.2774993">
        <ele>2621</ele>
        <time>2026-08-05T15:17:27Z</time>
        <hdop>9.2</hdop>
        <extensions>
          <osmand:speed>145.6</osmand:speed>
        </extensions>
      </trkpt>
      <trkpt lat="48.0399098" lon="16.2660148">
        <ele>2702</ele>
        <time>2026-08-05T15:17:33Z</time>
        <hdop>11.2</hdop>
        <extensions>
          <osmand:speed>145.9</osmand:speed>
        </extensions>
      </trkpt>
      <trkpt lat="48.0414247" lon="16.2544752">
        <ele>2780</ele>
        <time>2026-08-05T15:17:39Z</time>
        <hdop>11.2</hdop>
        <extensions>
          <osmand:speed>146.3</osmand:speed>
        </extensions>
      </trkpt>
      <trkpt lat="48.042948" lon="16.2429235">
        <ele>2860.3</ele>
        <time>2026-08-05T15:17:45Z</time>
        <hdop>8.2</hdop>
        <extensions>
          <osmand:speed>146.6</osmand:speed>
        </extensions>
      </trkpt>
      <trkpt lat="48.0444641" lon="16.2313197">
        <ele>2934.3</ele>
        <time>2026-08-05T15:17:51Z</time>
        <hdop>10.2</hdop>
        <extensions>
          <osmand:speed>147.1</osmand:speed>
        </extensions>
      </trkpt>
      <trkpt lat="48.0459658" lon="16.2196659">
        <ele>3005.3</ele>
        <time>2026-08-05T15:17:57Z</time>
        <hdop>10.7</hdop>
        <extensions>
          <osmand:speed>147.9</osmand:speed>
        </extensions>
      </trkpt>
      <trkpt lat="48.0474791" lon="16.2079728">
        <ele>3076.3</ele>
        <time>2026-08-05T15:18:03Z</time>
        <hdop>9.2</hdop>
        <extensions>
          <osmand:speed>148.5</osmand:speed>
        </extensions>
      </trkpt>
      <trkpt lat="48.048989" lon="16.1962076">
        <ele>3148.3</ele>
        <time>2026-08-05T15:18:09Z</time>
        <hdop>8.2</hdop>
        <extensions>
          <osmand:speed>149.2</osmand:speed>
        </extensions>
      </trkpt>
      <trkpt lat="48.0505163" lon="16.184385">
        <ele>3221.3</ele>
        <time>2026-08-05T15:18:15Z</time>
        <hdop>10.2</hdop>
        <extensions>
          <osmand:speed>150.1</osmand:speed>
        </extensions>
      </trkpt>
      <trkpt lat="48.0520469" lon="16.1724944">
        <ele>3292.3</ele>
        <time>2026-08-05T15:18:21Z</time>
        <hdop>8.2</hdop>
        <extensions>
          <osmand:speed>150.8</osmand:speed>
        </extensions>
      </trkpt>
      <trkpt lat="48.0535875" lon="16.1605201">
        <ele>3349.3</ele>
        <time>2026-08-05T15:18:27Z</time>
        <hdop>7.7</hdop>
        <extensions>
          <osmand:speed>152.8</osmand:speed>
        </extensions>
      </trkpt>
      <trkpt lat="48.0551481" lon="16.1483416">
        <ele>3391.3</ele>
        <time>2026-08-05T15:18:33Z</time>
        <hdop>8.2</hdop>
        <extensions>
          <osmand:speed>155.4</osmand:speed>
        </extensions>
      </trkpt>
      <trkpt lat="48.0567535" lon="16.1359411">
        <ele>3425.3</ele>
        <time>2026-08-05T15:18:39Z</time>
        <hdop>9.7</hdop>
        <extensions>
          <osmand:speed>158.4</osmand:speed>
        </extensions>
      </trkpt>
      <trkpt lat="48.0583948" lon="16.1233099">
        <ele>3460.3</ele>
        <time>2026-08-05T15:18:45Z</time>
        <hdop>8.2</hdop>
        <extensions>
          <osmand:speed>161.4</osmand:speed>
        </extensions>
      </trkpt>
      <trkpt lat="48.0600687" lon="16.1104465">
        <ele>3492.3</ele>
        <time>2026-08-05T15:18:51Z</time>
        <hdop>9.2</hdop>
        <extensions>
          <osmand:speed>164.3</osmand:speed>
        </extensions>
      </trkpt>
      <trkpt lat="48.0617826" lon="16.0973488">
        <ele>3526.3</ele>
        <time>2026-08-05T15:18:57Z</time>
        <hdop>9.7</hdop>
        <extensions>
          <osmand:speed>167.3</osmand:speed>
        </extensions>
      </trkpt>
      <trkpt lat="48.0635141" lon="16.0839964">
        <ele>3551.3</ele>
        <time>2026-08-05T15:19:03Z</time>
        <hdop>9.2</hdop>
        <extensions>
          <osmand:speed>170.8</osmand:speed>
        </extensions>
      </trkpt>
      <trkpt lat="48.0652958" lon="16.070372">
        <ele>3580.3</ele>
        <time>2026-08-05T15:19:09Z</time>
        <hdop>10.2</hdop>
        <extensions>
          <osmand:speed>174.2</osmand:speed>
        </extensions>
      </trkpt>
      <trkpt lat="48.0670647" lon="16.0564754">
        <ele>3612.3</ele>
        <time>2026-08-05T15:19:15Z</time>
        <hdop>8.7</hdop>
        <extensions>
          <osmand:speed>177.2</osmand:speed>
        </extensions>
      </trkpt>
      <trkpt lat="48.0688695" lon="16.0423422">
        <ele>3643.3</ele>
        <time>2026-08-05T15:19:21Z</time>
        <hdop>10.7</hdop>
        <extensions>
          <osmand:speed>180.2</osmand:speed>
        </extensions>
      </trkpt>
      <trkpt lat="48.0707093" lon="16.0279838">
        <ele>3678.3</ele>
        <time>2026-08-05T15:19:27Z</time>
        <hdop>9.7</hdop>
        <extensions>
          <osmand:speed>182.8</osmand:speed>
        </extensions>
      </trkpt>
      <trkpt lat="48.0725712" lon="16.0134253">
        <ele>3709.3</ele>
        <time>2026-08-05T15:19:33Z</time>
        <hdop>8.2</hdop>
        <extensions>
          <osmand:speed>185.6</osmand:speed>
        </extensions>
      </trkpt>
      <trkpt lat="48.0744397" lon="15.9986544">
        <ele>3738.7</ele>
        <time>2026-08-05T15:19:39Z</time>
        <hdop>10.2</hdop>
        <extensions>
          <osmand:speed>187.9</osmand:speed>
        </extensions>
      </trkpt>
      <trkpt lat="48.0763275" lon="15.9836679">
        <ele>3766.7</ele>
        <time>2026-08-05T15:19:45Z</time>
        <hdop>12.8</hdop>
        <extensions>
          <osmand:speed>190.7</osmand:speed>
        </extensions>
      </trkpt>
      <trkpt lat="48.078242" lon="15.9685167">
        <ele>3797.7</ele>
        <time>2026-08-05T15:19:51Z</time>
        <hdop>12.8</hdop>
        <extensions>
          <osmand:speed>192.7</osmand:speed>
        </extensions>
      </trkpt>
      <trkpt lat="48.0801831" lon="15.9531265">
        <ele>3825.7</ele>
        <time>2026-08-05T15:19:57Z</time>
        <hdop>15.3</hdop>
        <extensions>
          <osmand:speed>195.4</osmand:speed>
        </extensions>
      </trkpt>
      <trkpt lat="48.0821885" lon="15.9376047">
        <ele>3871.7</ele>
        <time>2026-08-05T15:20:03Z</time>
        <hdop>15.8</hdop>
        <extensions>
          <osmand:speed>196.8</osmand:speed>
        </extensions>
      </trkpt>
      <trkpt lat="48.0841964" lon="15.9220032">
        <ele>3943.7</ele>
        <time>2026-08-05T15:20:09Z</time>
        <hdop>15.8</hdop>
        <extensions>
          <osmand:speed>197</osmand:speed>
        </extensions>
      </trkpt>
      <trkpt lat="48.0861631" lon="15.9064741">
        <ele>4044.7</ele>
        <time>2026-08-05T15:20:15Z</time>
        <hdop>14.3</hdop>
        <extensions>
          <osmand:speed>196</osmand:speed>
        </extensions>
      </trkpt>
      <trkpt lat="48.0881331" lon="15.8910527">
        <ele>4151.7</ele>
        <time>2026-08-05T15:20:21Z</time>
        <hdop>15.8</hdop>
        <extensions>
          <osmand:speed>194.4</osmand:speed>
        </extensions>
      </trkpt>
      <trkpt lat="48.0899415" lon="15.8757008">
        <ele>4256.7</ele>
        <time>2026-08-05T15:20:27Z</time>
        <hdop>17.3</hdop>
        <extensions>
          <osmand:speed>192.4</osmand:speed>
        </extensions>
      </trkpt>
      <trkpt lat="48.0914016" lon="15.8603645">
        <ele>4372.7</ele>
        <time>2026-08-05T15:20:33Z</time>
        <hdop>20.4</hdop>
        <extensions>
          <osmand:speed>191.9</osmand:speed>
        </extensions>
      </trkpt>
      <trkpt lat="48.0924427" lon="15.8452135">
        <ele>4494.7</ele>
        <time>2026-08-05T15:20:39Z</time>
        <hdop>21.9</hdop>
        <extensions>
          <osmand:speed>188.9</osmand:speed>
        </extensions>
      </trkpt>
      <trkpt lat="48.0932186" lon="15.8301386">
        <ele>4599.7</ele>
        <time>2026-08-05T15:20:45Z</time>
        <hdop>19.4</hdop>
        <extensions>
          <osmand:speed>187.7</osmand:speed>
        </extensions>
      </trkpt>
      <trkpt lat="48.0938896" lon="15.8151225">
        <ele>4688.7</ele>
        <time>2026-08-05T15:20:51Z</time>
        <hdop>9.7</hdop>
        <extensions>
          <osmand:speed>187.3</osmand:speed>
        </extensions>
      </trkpt>
      <trkpt lat="48.0945314" lon="15.800085">
        <ele>4758.7</ele>
        <time>2026-08-05T15:20:57Z</time>
        <hdop>21.9</hdop>
        <extensions>
          <osmand:speed>187.8</osmand:speed>
        </extensions>
      </trkpt>
      <trkpt lat="48.0951902" lon="15.7849469">
        <ele>4804.7</ele>
        <time>2026-08-05T15:21:03Z</time>
        <hdop>18.9</hdop>
        <extensions>
          <osmand:speed>189.6</osmand:speed>
        </extensions>
      </trkpt>
      <trkpt lat="48.095921" lon="15.7696422">
        <ele>4838.7</ele>
        <time>2026-08-05T15:21:09Z</time>
        <hdop>21.9</hdop>
        <extensions>
          <osmand:speed>191.9</osmand:speed>
        </extensions>
      </trkpt>
      <trkpt lat="48.0966912" lon="15.7541357">
        <ele>4864.7</ele>
        <time>2026-08-05T15:21:15Z</time>
        <hdop>21.4</hdop>
        <extensions>
          <osmand:speed>194.6</osmand:speed>
        </extensions>
      </trkpt>
      <trkpt lat="48.0974662" lon="15.7384128">
        <ele>4887.4</ele>
        <time>2026-08-05T15:21:21Z</time>
        <hdop>12.8</hdop>
        <extensions>
          <osmand:speed>197</osmand:speed>
        </extensions>
      </trkpt>
      <trkpt lat="48.0982661" lon="15.7224762">
        <ele>4911.4</ele>
        <time>2026-08-05T15:21:27Z</time>
        <hdop>21.4</hdop>
        <extensions>
          <osmand:speed>199.4</osmand:speed>
        </extensions>
      </trkpt>
      <trkpt lat="48.0990859" lon="15.706367">
        <ele>4938.4</ele>
        <time>2026-08-05T15:21:33Z</time>
        <hdop>20.4</hdop>
        <extensions>
          <osmand:speed>201.6</osmand:speed>
        </extensions>
      </trkpt>
      <trkpt lat="48.0999777" lon="15.6900652">
        <ele>4965.4</ele>
        <time>2026-08-05T15:21:39Z</time>
        <hdop>29.1</hdop>
        <extensions>
          <osmand:speed>203.9</osmand:speed>
        </extensions>
      </trkpt>
      <trkpt lat="48.1009171" lon="15.6736185">
        <ele>4996.4</ele>
        <time>2026-08-05T15:21:45Z</time>
        <hdop>30.1</hdop>
        <extensions>
          <osmand:speed>206.3</osmand:speed>
        </extensions>
      </trkpt>
      <trkpt lat="48.101861" lon="15.6569604">
        <ele>5017.4</ele>
        <time>2026-08-05T15:21:51Z</time>
        <hdop>16.3</hdop>
        <extensions>
          <osmand:speed>208.6</osmand:speed>
        </extensions>
      </trkpt>
      <trkpt lat="48.1028034" lon="15.6401538">
        <ele>5044.4</ele>
        <time>2026-08-05T15:21:57Z</time>
        <hdop>20.4</hdop>
        <extensions>
          <osmand:speed>210.8</osmand:speed>
        </extensions>
      </trkpt>
      <trkpt lat="48.1038258" lon="15.623211">
        <ele>5076.4</ele>
        <time>2026-08-05T15:22:03Z</time>
        <hdop>32.1</hdop>
        <extensions>
          <osmand:speed>211.7</osmand:speed>
        </extensions>
      </trkpt>
      <trkpt lat="48.1048494" lon="15.6060914">
        <ele>5103.4</ele>
        <time>2026-08-05T15:22:09Z</time>
        <hdop>34.7</hdop>
        <extensions>
          <osmand:speed>214.5</osmand:speed>
        </extensions>
      </trkpt>
      <trkpt lat="48.1058446" lon="15.5888557">
        <ele>5146.4</ele>
        <time>2026-08-05T15:22:15Z</time>
        <hdop>36.2</hdop>
        <extensions>
          <osmand:speed>215.5</osmand:speed>
        </extensions>
      </trkpt>
      <trkpt lat="48.1068242" lon="15.5715488">
        <ele>5185.4</ele>
        <time>2026-08-05T15:22:21Z</time>
        <hdop>42.3</hdop>
        <extensions>
          <osmand:speed>215.9</osmand:speed>
        </extensions>
      </trkpt>
      <trkpt lat="48.1123613" lon="15.4695937">
        <ele>5518.3</ele>
        <time>2026-08-05T15:22:56Z</time>
        <hdop>45.4</hdop>
        <extensions>
          <osmand:speed>219.4</osmand:speed>
        </extensions>
      </trkpt>
      <trkpt lat="48.1133343" lon="15.4518862">
        <ele>5566.3</ele>
        <time>2026-08-05T15:23:02Z</time>
        <hdop>28.1</hdop>
        <extensions>
          <osmand:speed>220.1</osmand:speed>
        </extensions>
      </trkpt>
      <trkpt lat="48.114325" lon="15.4341536">
        <ele>5609.3</ele>
        <time>2026-08-05T15:23:08Z</time>
        <hdop>27.6</hdop>
        <extensions>
          <osmand:speed>221.3</osmand:speed>
        </extensions>
      </trkpt>
      <trkpt lat="48.1154075" lon="15.4163499">
        <ele>5651.3</ele>
        <time>2026-08-05T15:23:14Z</time>
        <hdop>27</hdop>
        <extensions>
          <osmand:speed>222.6</osmand:speed>
        </extensions>
      </trkpt>
      <trkpt lat="48.1168515" lon="15.3985491">
        <ele>5697.3</ele>
        <time>2026-08-05T15:23:20Z</time>
        <hdop>36.2</hdop>
        <extensions>
          <osmand:speed>223</osmand:speed>
        </extensions>
      </trkpt>
      <trkpt lat="48.1188831" lon="15.3807646">
        <ele>5741.3</ele>
        <time>2026-08-05T15:23:26Z</time>
        <hdop>34.7</hdop>
        <extensions>
          <osmand:speed>224.6</osmand:speed>
        </extensions>
      </trkpt>
      <trkpt lat="48.1213903" lon="15.3630184">
        <ele>5789.3</ele>
        <time>2026-08-05T15:23:32Z</time>
        <hdop>41.3</hdop>
        <extensions>
          <osmand:speed>225.9</osmand:speed>
        </extensions>
      </trkpt>
      <trkpt lat="48.1242916" lon="15.3453556">
        <ele>5845.3</ele>
        <time>2026-08-05T15:23:38Z</time>
        <hdop>40.8</hdop>
        <extensions>
          <osmand:speed>226.1</osmand:speed>
        </extensions>
      </trkpt>
      <trkpt lat="48.1578365" lon="15.1410893">
        <ele>6430.6</ele>
        <time>2026-08-05T15:24:48Z</time>
        <hdop>27.6</hdop>
        <extensions>
          <osmand:speed>229.7</osmand:speed>
        </extensions>
      </trkpt>
      <trkpt lat="48.1612215" lon="15.1202002">
        <ele>6481.6</ele>
        <time>2026-08-05T15:24:54Z</time>
        <hdop>5.6</hdop>
        <extensions>
          <osmand:speed>230.4</osmand:speed>
        </extensions>
      </trkpt>
      <trkpt lat="48.1641562" lon="15.1021408">
        <ele>6526.6</ele>
        <time>2026-08-05T15:25:00Z</time>
        <hdop>10.7</hdop>
        <extensions>
          <osmand:speed>230.8</osmand:speed>
        </extensions>
      </trkpt>
      <trkpt lat="48.1671021" lon="15.0840418">
        <ele>6573.6</ele>
        <time>2026-08-05T15:25:06Z</time>
        <hdop>10.2</hdop>
        <extensions>
          <osmand:speed>231.2</osmand:speed>
        </extensions>
      </trkpt>
      <trkpt lat="48.1700493" lon="15.0659407">
        <ele>6620.6</ele>
        <time>2026-08-05T15:25:12Z</time>
        <hdop>10.7</hdop>
        <extensions>
          <osmand:speed>231.5</osmand:speed>
        </extensions>
      </trkpt>
      <trkpt lat="48.1730142" lon="15.0477921">
        <ele>6669.6</ele>
        <time>2026-08-05T15:25:18Z</time>
        <hdop>7.1</hdop>
        <extensions>
          <osmand:speed>232</osmand:speed>
        </extensions>
      </trkpt>
      <trkpt lat="48.175964" lon="15.0295824">
        <ele>6710.6</ele>
        <time>2026-08-05T15:25:24Z</time>
        <hdop>8.7</hdop>
        <extensions>
          <osmand:speed>232.6</osmand:speed>
        </extensions>
      </trkpt>
      <trkpt lat="48.1788977" lon="15.0113517">
        <ele>6748.6</ele>
        <time>2026-08-05T15:25:30Z</time>
        <hdop>12.2</hdop>
        <extensions>
          <osmand:speed>233.4</osmand:speed>
        </extensions>
      </trkpt>
      <trkpt lat="48.181878" lon="14.993018">
        <ele>6786</ele>
        <time>2026-08-05T15:25:36Z</time>
        <hdop>12.2</hdop>
        <extensions>
          <osmand:speed>234</osmand:speed>
        </extensions>
      </trkpt>
      <trkpt lat="48.1848495" lon="14.9746608">
        <ele>6824</ele>
        <time>2026-08-05T15:25:42Z</time>
        <hdop>12.2</hdop>
        <extensions>
          <osmand:speed>234.7</osmand:speed>
        </extensions>
      </trkpt>
      <trkpt lat="48.187827" lon="14.9562817">
        <ele>6866</ele>
        <time>2026-08-05T15:25:48Z</time>
        <hdop>13.8</hdop>
        <extensions>
          <osmand:speed>235.1</osmand:speed>
        </extensions>
      </trkpt>
      <trkpt lat="48.1908144" lon="14.9378603">
        <ele>6911</ele>
        <time>2026-08-05T15:25:54Z</time>
        <hdop>13.8</hdop>
        <extensions>
          <osmand:speed>235.3</osmand:speed>
        </extensions>
      </trkpt>
      <trkpt lat="48.1937915" lon="14.9194289">
        <ele>6959</ele>
        <time>2026-08-05T15:26:00Z</time>
        <hdop>12.2</hdop>
        <extensions>
          <osmand:speed>235.5</osmand:speed>
        </extensions>
      </trkpt>
      <trkpt lat="48.1967406" lon="14.9009379">
        <ele>7009</ele>
        <time>2026-08-05T15:26:06Z</time>
        <hdop>13.8</hdop>
        <extensions>
          <osmand:speed>235.6</osmand:speed>
        </extensions>
      </trkpt>
      <trkpt lat="48.1996962" lon="14.8824509">
        <ele>7050</ele>
        <time>2026-08-05T15:26:12Z</time>
        <hdop>10.7</hdop>
        <extensions>
          <osmand:speed>235.9</osmand:speed>
        </extensions>
      </trkpt>
      <trkpt lat="48.2026764" lon="14.8638889">
        <ele>7089</ele>
        <time>2026-08-05T15:26:18Z</time>
        <hdop>14.3</hdop>
        <extensions>
          <osmand:speed>236.8</osmand:speed>
        </extensions>
      </trkpt>
      <trkpt lat="48.2056568" lon="14.8452855">
        <ele>7118</ele>
        <time>2026-08-05T15:26:24Z</time>
        <hdop>10.2</hdop>
        <extensions>
          <osmand:speed>237.8</osmand:speed>
        </extensions>
      </trkpt>
      <trkpt lat="48.2086471" lon="14.8266185">
        <ele>7146</ele>
        <time>2026-08-05T15:26:30Z</time>
        <hdop>11.7</hdop>
        <extensions>
          <osmand:speed>238.4</osmand:speed>
        </extensions>
      </trkpt>
      <trkpt lat="48.2116571" lon="14.8078979">
        <ele>7190</ele>
        <time>2026-08-05T15:26:36Z</time>
        <hdop>13.3</hdop>
        <extensions>
          <osmand:speed>238.8</osmand:speed>
        </extensions>
      </trkpt>
      <trkpt lat="48.2146673" lon="14.7891991">
        <ele>7246</ele>
        <time>2026-08-05T15:26:42Z</time>
        <hdop>13.3</hdop>
        <extensions>
          <osmand:speed>238.4</osmand:speed>
        </extensions>
      </trkpt>
      <trkpt lat="48.2176822" lon="14.7705187">
        <ele>7302</ele>
        <time>2026-08-05T15:26:48Z</time>
        <hdop>12.8</hdop>
        <extensions>
          <osmand:speed>238.1</osmand:speed>
        </extensions>
      </trkpt>
      <trkpt lat="48.2206854" lon="14.7518451">
        <ele>7353</ele>
        <time>2026-08-05T15:26:54Z</time>
        <hdop>15.8</hdop>
        <extensions>
          <osmand:speed>238.3</osmand:speed>
        </extensions>
      </trkpt>
      <trkpt lat="48.2236857" lon="14.7331355">
        <ele>7398.3</ele>
        <time>2026-08-05T15:27:00Z</time>
        <hdop>13.8</hdop>
        <extensions>
          <osmand:speed>238.6</osmand:speed>
        </extensions>
      </trkpt>
      <trkpt lat="48.2266553" lon="14.7143842">
        <ele>7439.3</ele>
        <time>2026-08-05T15:27:06Z</time>
        <hdop>13.3</hdop>
        <extensions>
          <osmand:speed>239.1</osmand:speed>
        </extensions>
      </trkpt>
      <trkpt lat="48.2296235" lon="14.6956172">
        <ele>7478.3</ele>
        <time>2026-08-05T15:27:12Z</time>
        <hdop>13.8</hdop>
        <extensions>
          <osmand:speed>239.1</osmand:speed>
        </extensions>
      </trkpt>
      <trkpt lat="48.232594" lon="14.6768159">
        <ele>7516.3</ele>
        <time>2026-08-05T15:27:18Z</time>
        <hdop>15.3</hdop>
        <extensions>
          <osmand:speed>240</osmand:speed>
        </extensions>
      </trkpt>
      <trkpt lat="48.2355783" lon="14.6579508">
        <ele>7545.3</ele>
        <time>2026-08-05T15:27:24Z</time>
        <hdop>14.3</hdop>
        <extensions>
          <osmand:speed>240.2</osmand:speed>
        </extensions>
      </trkpt>
      <trkpt lat="48.2385736" lon="14.639035">
        <ele>7565.3</ele>
        <time>2026-08-05T15:27:30Z</time>
        <hdop>13.8</hdop>
        <extensions>
          <osmand:speed>241.9</osmand:speed>
        </extensions>
      </trkpt>
      <trkpt lat="48.2415946" lon="14.6199976">
        <ele>7586.3</ele>
        <time>2026-08-05T15:27:36Z</time>
        <hdop>12.8</hdop>
        <extensions>
          <osmand:speed>242.6</osmand:speed>
        </extensions>
      </trkpt>
      <trkpt lat="48.244595" lon="14.6009346">
        <ele>7615.3</ele>
        <time>2026-08-05T15:27:42Z</time>
        <hdop>13.8</hdop>
        <extensions>
          <osmand:speed>243.1</osmand:speed>
        </extensions>
      </trkpt>
      <trkpt lat="48.2475986" lon="14.5817989">
        <ele>7649.3</ele>
        <time>2026-08-05T15:27:48Z</time>
        <hdop>15.3</hdop>
        <extensions>
          <osmand:speed>243.5</osmand:speed>
        </extensions>
      </trkpt>
      <trkpt lat="48.2506287" lon="14.5626915">
        <ele>7692.8</ele>
        <time>2026-08-05T15:27:54Z</time>
        <hdop>26</hdop>
        <extensions>
          <osmand:speed>243.7</osmand:speed>
        </extensions>
      </trkpt>
      <trkpt lat="48.2536354" lon="14.543558">
        <ele>7743.8</ele>
        <time>2026-08-05T15:28:00Z</time>
        <hdop>18.9</hdop>
        <extensions>
          <osmand:speed>243</osmand:speed>
        </extensions>
      </trkpt>
      <trkpt lat="48.256656" lon="14.5244512">
        <ele>7782.8</ele>
        <time>2026-08-05T15:28:06Z</time>
        <hdop>17.3</hdop>
        <extensions>
          <osmand:speed>243.3</osmand:speed>
        </extensions>
      </trkpt>
      <trkpt lat="48.2596742" lon="14.5053039">
        <ele>7815.8</ele>
        <time>2026-08-05T15:28:12Z</time>
        <hdop>14.8</hdop>
        <extensions>
          <osmand:speed>243.7</osmand:speed>
        </extensions>
      </trkpt>
      <trkpt lat="48.2626965" lon="14.4861473">
        <ele>7845.9</ele>
        <time>2026-08-05T15:28:18Z</time>
        <hdop>16.3</hdop>
        <extensions>
          <osmand:speed>244</osmand:speed>
        </extensions>
      </trkpt>
      <trkpt lat="48.2657139" lon="14.4669445">
        <ele>7875.9</ele>
        <time>2026-08-05T15:28:24Z</time>
        <hdop>15.3</hdop>
        <extensions>
          <osmand:speed>244.7</osmand:speed>
        </extensions>
      </trkpt>
      <trkpt lat="48.2687189" lon="14.447726">
        <ele>7916.9</ele>
        <time>2026-08-05T15:28:30Z</time>
        <hdop>13.3</hdop>
        <extensions>
          <osmand:speed>244.4</osmand:speed>
        </extensions>
      </trkpt>
      <trkpt lat="48.271703" lon="14.4285116">
        <ele>7963.9</ele>
        <time>2026-08-05T15:28:36Z</time>
        <hdop>25</hdop>
        <extensions>
          <osmand:speed>243.8</osmand:speed>
        </extensions>
      </trkpt>
      <trkpt lat="48.2747168" lon="14.4092934">
        <ele>8009.9</ele>
        <time>2026-08-05T15:28:42Z</time>
        <hdop>25</hdop>
        <extensions>
          <osmand:speed>244.4</osmand:speed>
        </extensions>
      </trkpt>
      <trkpt lat="48.2777176" lon="14.390106">
        <ele>8060.9</ele>
        <time>2026-08-05T15:28:48Z</time>
        <hdop>20.9</hdop>
        <extensions>
          <osmand:speed>243.5</osmand:speed>
        </extensions>
      </trkpt>
      <trkpt lat="48.2806784" lon="14.370945">
        <ele>8110.9</ele>
        <time>2026-08-05T15:28:54Z</time>
        <hdop>22.4</hdop>
        <extensions>
          <osmand:speed>243.4</osmand:speed>
        </extensions>
      </trkpt>
      <trkpt lat="48.2836245" lon="14.3518518">
        <ele>8172.9</ele>
        <time>2026-08-05T15:29:00Z</time>
        <hdop>25</hdop>
        <extensions>
          <osmand:speed>242.7</osmand:speed>
        </extensions>
      </trkpt>
      <trkpt lat="48.2865955" lon="14.3328164">
        <ele>8234.9</ele>
        <time>2026-08-05T15:29:06Z</time>
        <hdop>24.5</hdop>
        <extensions>
          <osmand:speed>241.8</osmand:speed>
        </extensions>
      </trkpt>
      <trkpt lat="48.2895051" lon="14.3138128">
        <ele>8296.9</ele>
        <time>2026-08-05T15:29:12Z</time>
        <hdop>27</hdop>
        <extensions>
          <osmand:speed>241.2</osmand:speed>
        </extensions>
      </trkpt>
      <trkpt lat="48.2924313" lon="14.2948764">
        <ele>8355.9</ele>
        <time>2026-08-05T15:29:18Z</time>
        <hdop>26</hdop>
        <extensions>
          <osmand:speed>240.1</osmand:speed>
        </extensions>
      </trkpt>
      <trkpt lat="48.2953762" lon="14.2759927">
        <ele>8410.9</ele>
        <time>2026-08-05T15:29:24Z</time>
        <hdop>24.5</hdop>
        <extensions>
          <osmand:speed>240.1</osmand:speed>
        </extensions>
      </trkpt>
      <trkpt lat="48.2983205" lon="14.2571207">
        <ele>8454.9</ele>
        <time>2026-08-05T15:29:30Z</time>
        <hdop>25</hdop>
        <extensions>
          <osmand:speed>240</osmand:speed>
        </extensions>
      </trkpt>
      <trkpt lat="48.3012795" lon="14.2382221">
        <ele>8496</ele>
        <time>2026-08-05T15:29:36Z</time>
        <hdop>25</hdop>
        <extensions>
          <osmand:speed>240.5</osmand:speed>
        </extensions>
      </trkpt>
      <trkpt lat="48.3041891" lon="14.2192697">
        <ele>8517</ele>
        <time>2026-08-05T15:29:42Z</time>
        <hdop>24</hdop>
        <extensions>
          <osmand:speed>241.5</osmand:speed>
        </extensions>
      </trkpt>
      <trkpt lat="48.3071347" lon="14.2002247">
        <ele>8540</ele>
        <time>2026-08-05T15:29:48Z</time>
        <hdop>24</hdop>
        <extensions>
          <osmand:speed>242.2</osmand:speed>
        </extensions>
      </trkpt>
      <trkpt lat="48.3100696" lon="14.1811193">
        <ele>8576</ele>
        <time>2026-08-05T15:29:54Z</time>
        <hdop>23.5</hdop>
        <extensions>
          <osmand:speed>242.3</osmand:speed>
        </extensions>
      </trkpt>
      <trkpt lat="48.3129903" lon="14.1620658">
        <ele>8630</ele>
        <time>2026-08-05T15:30:00Z</time>
        <hdop>31.1</hdop>
        <extensions>
          <osmand:speed>241.8</osmand:speed>
        </extensions>
      </trkpt>
      <trkpt lat="48.3159109" lon="14.1430934">
        <ele>8695</ele>
        <time>2026-08-05T15:30:06Z</time>
        <hdop>29.6</hdop>
        <extensions>
          <osmand:speed>240.5</osmand:speed>
        </extensions>
      </trkpt>
      <trkpt lat="48.3187725" lon="14.124182">
        <ele>8748</ele>
        <time>2026-08-05T15:30:12Z</time>
        <hdop>33.7</hdop>
        <extensions>
          <osmand:speed>240.2</osmand:speed>
        </extensions>
      </trkpt>
      <trkpt lat="48.3217196" lon="14.1052685">
        <ele>8793</ele>
        <time>2026-08-05T15:30:18Z</time>
        <hdop>44.4</hdop>
        <extensions>
          <osmand:speed>240.6</osmand:speed>
        </extensions>
      </trkpt>
      <trkpt lat="48.3246363" lon="14.0863496">
        <ele>8843</ele>
        <time>2026-08-05T15:30:24Z</time>
        <hdop>34.2</hdop>
        <extensions>
          <osmand:speed>240</osmand:speed>
        </extensions>
      </trkpt>
      <trkpt lat="48.3433884" lon="13.9608534">
        <ele>9105.1</ele>
        <time>2026-08-05T15:31:04Z</time>
        <hdop>46.4</hdop>
        <extensions>
          <osmand:speed>239.2</osmand:speed>
        </extensions>
      </trkpt>
      <trkpt lat="48.3465098" lon="13.9420034">
        <ele>9173.1</ele>
        <time>2026-08-05T15:31:10Z</time>
        <hdop>36.7</hdop>
        <extensions>
          <osmand:speed>238.8</osmand:speed>
        </extensions>
      </trkpt>
      <trkpt lat="48.3494808" lon="13.9231543">
        <ele>9241.1</ele>
        <time>2026-08-05T15:31:16Z</time>
        <hdop>30.1</hdop>
        <extensions>
          <osmand:speed>238.8</osmand:speed>
        </extensions>
      </trkpt>
      <trkpt lat="48.3523088" lon="13.9043713">
        <ele>9295.1</ele>
        <time>2026-08-05T15:31:22Z</time>
        <hdop>29.1</hdop>
        <extensions>
          <osmand:speed>237.3</osmand:speed>
        </extensions>
      </trkpt>
      <trkpt lat="48.3552144" lon="13.8856452">
        <ele>9351.1</ele>
        <time>2026-08-05T15:31:28Z</time>
        <hdop>29.1</hdop>
        <extensions>
          <osmand:speed>237.5</osmand:speed>
        </extensions>
      </trkpt>
      <trkpt lat="48.3580476" lon="13.8669859">
        <ele>9397.1</ele>
        <time>2026-08-05T15:31:34Z</time>
        <hdop>15.8</hdop>
        <extensions>
          <osmand:speed>236.4</osmand:speed>
        </extensions>
      </trkpt>
      <trkpt lat="48.3605101" lon="13.8501088">
        <ele>9447.1</ele>
        <time>2026-08-05T15:31:40Z</time>
        <hdop>40.8</hdop>
        <extensions>
          <osmand:speed>193.8</osmand:speed>
        </extensions>
      </trkpt>
      <trkpt lat="48.3863605" lon="13.6779034">
        <ele>9638.3</ele>
        <time>2026-08-05T15:32:35Z</time>
        <hdop>30.1</hdop>
        <extensions>
          <osmand:speed>235.3</osmand:speed>
        </extensions>
      </trkpt>
      <trkpt lat="48.3891808" lon="13.6592845">
        <ele>9650.3</ele>
        <time>2026-08-05T15:32:41Z</time>
        <hdop>16.8</hdop>
        <extensions>
          <osmand:speed>235.4</osmand:speed>
        </extensions>
      </trkpt>
      <trkpt lat="48.3919577" lon="13.6406827">
        <ele>9650.3</ele>
        <time>2026-08-05T15:32:47Z</time>
        <hdop>14.3</hdop>
        <extensions>
          <osmand:speed>235.5</osmand:speed>
        </extensions>
      </trkpt>
      <trkpt lat="48.3947396" lon="13.622096">
        <ele>9650.3</ele>
        <time>2026-08-05T15:32:53Z</time>
        <hdop>15.8</hdop>
        <extensions>
          <osmand:speed>235.4</osmand:speed>
        </extensions>
      </trkpt>
      <trkpt lat="48.3975119" lon="13.603516">
        <ele>9650.3</ele>
        <time>2026-08-05T15:32:59Z</time>
        <hdop>13.3</hdop>
        <extensions>
          <osmand:speed>235</osmand:speed>
        </extensions>
      </trkpt>
      <trkpt lat="48.4002706" lon="13.5849359">
        <ele>9650.3</ele>
        <time>2026-08-05T15:33:05Z</time>
        <hdop>14.3</hdop>
        <extensions>
          <osmand:speed>235.4</osmand:speed>
        </extensions>
      </trkpt>
      <trkpt lat="48.4030108" lon="13.5663146">
        <ele>9651.3</ele>
        <time>2026-08-05T15:33:11Z</time>
        <hdop>20.9</hdop>
        <extensions>
          <osmand:speed>235.6</osmand:speed>
        </extensions>
      </trkpt>
      <trkpt lat="48.4057796" lon="13.5476885">
        <ele>9654.3</ele>
        <time>2026-08-05T15:33:17Z</time>
        <hdop>18.4</hdop>
        <extensions>
          <osmand:speed>235.9</osmand:speed>
        </extensions>
      </trkpt>
      <trkpt lat="48.4085261" lon="13.5290733">
        <ele>9652.3</ele>
        <time>2026-08-05T15:33:23Z</time>
        <hdop>15.3</hdop>
        <extensions>
          <osmand:speed>236</osmand:speed>
        </extensions>
      </trkpt>
      <trkpt lat="48.4113059" lon="13.5104457">
        <ele>9646.3</ele>
        <time>2026-08-05T15:33:29Z</time>
        <hdop>15.8</hdop>
        <extensions>
          <osmand:speed>235.8</osmand:speed>
        </extensions>
      </trkpt>
      <trkpt lat="48.414385" lon="13.4919325">
        <ele>9643.6</ele>
        <time>2026-08-05T15:33:35Z</time>
        <hdop>23</hdop>
        <extensions>
          <osmand:speed>235.7</osmand:speed>
        </extensions>
      </trkpt>
      <trkpt lat="48.4178199" lon="13.4734957">
        <ele>9643.6</ele>
        <time>2026-08-05T15:33:41Z</time>
        <hdop>16.8</hdop>
        <extensions>
          <osmand:speed>236.4</osmand:speed>
        </extensions>
      </trkpt>
      <trkpt lat="48.421681" lon="13.4552048">
        <ele>9645.6</ele>
        <time>2026-08-05T15:33:47Z</time>
        <hdop>17.3</hdop>
        <extensions>
          <osmand:speed>237</osmand:speed>
        </extensions>
      </trkpt>
      <trkpt lat="48.425901" lon="13.4370977">
        <ele>9645.6</ele>
        <time>2026-08-05T15:33:53Z</time>
        <hdop>17.3</hdop>
        <extensions>
          <osmand:speed>237.1</osmand:speed>
        </extensions>
      </trkpt>
      <trkpt lat="48.4305067" lon="13.4192213">
        <ele>9648.6</ele>
        <time>2026-08-05T15:33:59Z</time>
        <hdop>17.9</hdop>
        <extensions>
          <osmand:speed>236.8</osmand:speed>
        </extensions>
      </trkpt>
      <trkpt lat="48.4354544" lon="13.4014835">
        <ele>9647.6</ele>
        <time>2026-08-05T15:34:05Z</time>
        <hdop>16.8</hdop>
        <extensions>
          <osmand:speed>237.8</osmand:speed>
        </extensions>
      </trkpt>
      <trkpt lat="48.4407033" lon="13.3839362">
        <ele>9645.6</ele>
        <time>2026-08-05T15:34:11Z</time>
        <hdop>16.8</hdop>
        <extensions>
          <osmand:speed>237.6</osmand:speed>
        </extensions>
      </trkpt>
      <trkpt lat="48.4460184" lon="13.3664445">
        <ele>9647.6</ele>
        <time>2026-08-05T15:34:17Z</time>
        <hdop>16.3</hdop>
        <extensions>
          <osmand:speed>237.4</osmand:speed>
        </extensions>
      </trkpt>
      <trkpt lat="48.4513089" lon="13.3489168">
        <ele>9647.6</ele>
        <time>2026-08-05T15:34:23Z</time>
        <hdop>16.3</hdop>
        <extensions>
          <osmand:speed>237.9</osmand:speed>
        </extensions>
      </trkpt>
      <trkpt lat="48.456547" lon="13.3313787">
        <ele>9645.6</ele>
        <time>2026-08-05T15:34:29Z</time>
        <hdop>15.3</hdop>
        <extensions>
          <osmand:speed>237.9</osmand:speed>
        </extensions>
      </trkpt>
      <trkpt lat="48.4617918" lon="13.3137951">
        <ele>9641.6</ele>
        <time>2026-08-05T15:34:35Z</time>
        <hdop>13.8</hdop>
        <extensions>
          <osmand:speed>238</osmand:speed>
        </extensions>
      </trkpt>
      <trkpt lat="48.4670394" lon="13.2962416">
        <ele>9642.6</ele>
        <time>2026-08-05T15:34:41Z</time>
        <hdop>18.9</hdop>
        <extensions>
          <osmand:speed>237.9</osmand:speed>
        </extensions>
      </trkpt>
      <trkpt lat="48.472308" lon="13.2786299">
        <ele>9642.6</ele>
        <time>2026-08-05T15:34:47Z</time>
        <hdop>22.4</hdop>
        <extensions>
          <osmand:speed>237.7</osmand:speed>
        </extensions>
      </trkpt>
      <trkpt lat="48.4775246" lon="13.2610055">
        <ele>9635.6</ele>
        <time>2026-08-05T15:34:53Z</time>
        <hdop>21.4</hdop>
        <extensions>
          <osmand:speed>238</osmand:speed>
        </extensions>
      </trkpt>
      <trkpt lat="48.4827486" lon="13.2433568">
        <ele>9633.9</ele>
        <time>2026-08-05T15:34:59Z</time>
        <hdop>21.9</hdop>
        <extensions>
          <osmand:speed>238.2</osmand:speed>
        </extensions>
      </trkpt>
      <trkpt lat="48.4879515" lon="13.2257509">
        <ele>9631.9</ele>
        <time>2026-08-05T15:35:05Z</time>
        <hdop>20.9</hdop>
        <extensions>
          <osmand:speed>238.5</osmand:speed>
        </extensions>
      </trkpt>
      <trkpt lat="48.4932317" lon="13.2081119">
        <ele>9637.9</ele>
        <time>2026-08-05T15:35:11Z</time>
        <hdop>20.4</hdop>
        <extensions>
          <osmand:speed>238.7</osmand:speed>
        </extensions>
      </trkpt>
      <trkpt lat="48.4984843" lon="13.1904604">
        <ele>9640.9</ele>
        <time>2026-08-05T15:35:17Z</time>
        <hdop>19.4</hdop>
        <extensions>
          <osmand:speed>238.8</osmand:speed>
        </extensions>
      </trkpt>
      <trkpt lat="48.503709" lon="13.1728022">
        <ele>9639.1</ele>
        <time>2026-08-05T15:35:23Z</time>
        <hdop>16.3</hdop>
        <extensions>
          <osmand:speed>238.7</osmand:speed>
        </extensions>
      </trkpt>
      <trkpt lat="48.5089274" lon="13.1551177">
        <ele>9636.1</ele>
        <time>2026-08-05T15:35:29Z</time>
        <hdop>16.3</hdop>
        <extensions>
          <osmand:speed>238.6</osmand:speed>
        </extensions>
      </trkpt>
      <trkpt lat="48.5141801" lon="13.1374669">
        <ele>9637.1</ele>
        <time>2026-08-05T15:35:35Z</time>
        <hdop>19.4</hdop>
        <extensions>
          <osmand:speed>238.1</osmand:speed>
        </extensions>
      </trkpt>
      <trkpt lat="48.5194364" lon="13.1197591">
        <ele>9637.1</ele>
        <time>2026-08-05T15:35:41Z</time>
        <hdop>18.4</hdop>
        <extensions>
          <osmand:speed>238.9</osmand:speed>
        </extensions>
      </trkpt>
      <trkpt lat="48.5246644" lon="13.1020578">
        <ele>9635.1</ele>
        <time>2026-08-05T15:35:47Z</time>
        <hdop>16.3</hdop>
        <extensions>
          <osmand:speed>238.9</osmand:speed>
        </extensions>
      </trkpt>
      <trkpt lat="48.5299311" lon="13.084341">
        <ele>9637.1</ele>
        <time>2026-08-05T15:35:53Z</time>
        <hdop>19.9</hdop>
        <extensions>
          <osmand:speed>238.8</osmand:speed>
        </extensions>
      </trkpt>
      <trkpt lat="48.535141" lon="13.0666244">
        <ele>9631.1</ele>
        <time>2026-08-05T15:35:59Z</time>
        <hdop>22.4</hdop>
        <extensions>
          <osmand:speed>238.8</osmand:speed>
        </extensions>
      </trkpt>
      <trkpt lat="48.5403925" lon="13.0488672">
        <ele>9631.1</ele>
        <time>2026-08-05T15:36:05Z</time>
        <hdop>21.9</hdop>
        <extensions>
          <osmand:speed>239.9</osmand:speed>
        </extensions>
      </trkpt>
      <trkpt lat="48.5456737" lon="13.0311282">
        <ele>9634.1</ele>
        <time>2026-08-05T15:36:11Z</time>
        <hdop>18.9</hdop>
        <extensions>
          <osmand:speed>239.4</osmand:speed>
        </extensions>
      </trkpt>
      <trkpt lat="48.5509545" lon="13.0133455">
        <ele>9637.1</ele>
        <time>2026-08-05T15:36:17Z</time>
        <hdop>18.4</hdop>
        <extensions>
          <osmand:speed>239.4</osmand:speed>
        </extensions>
      </trkpt>
      <trkpt lat="48.5562339" lon="12.99559">
        <ele>9639.3</ele>
        <time>2026-08-05T15:36:23Z</time>
        <hdop>13.3</hdop>
        <extensions>
          <osmand:speed>239.7</osmand:speed>
        </extensions>
      </trkpt>
      <trkpt lat="48.5614811" lon="12.9778316">
        <ele>9639.3</ele>
        <time>2026-08-05T15:36:29Z</time>
        <hdop>12.8</hdop>
        <extensions>
          <osmand:speed>239.6</osmand:speed>
        </extensions>
      </trkpt>
      <trkpt lat="48.5667407" lon="12.9600347">
        <ele>9640.3</ele>
        <time>2026-08-05T15:36:35Z</time>
        <hdop>15.3</hdop>
        <extensions>
          <osmand:speed>239.8</osmand:speed>
        </extensions>
      </trkpt>
      <trkpt lat="48.5719802" lon="12.9422669">
        <ele>9640.3</ele>
        <time>2026-08-05T15:36:41Z</time>
        <hdop>13.3</hdop>
        <extensions>
          <osmand:speed>239.6</osmand:speed>
        </extensions>
      </trkpt>
      <trkpt lat="48.5772362" lon="12.9245005">
        <ele>9645.3</ele>
        <time>2026-08-05T15:36:47Z</time>
        <hdop>12.8</hdop>
        <extensions>
          <osmand:speed>239.8</osmand:speed>
        </extensions>
      </trkpt>
      <trkpt lat="48.5824644" lon="12.9066899">
        <ele>9644.3</ele>
        <time>2026-08-05T15:36:53Z</time>
        <hdop>10.7</hdop>
        <extensions>
          <osmand:speed>239.5</osmand:speed>
        </extensions>
      </trkpt>
      <trkpt lat="48.5876859" lon="12.8888882">
        <ele>9646.3</ele>
        <time>2026-08-05T15:36:59Z</time>
        <hdop>10.7</hdop>
        <extensions>
          <osmand:speed>239.5</osmand:speed>
        </extensions>
      </trkpt>
      <trkpt lat="48.5928838" lon="12.8710827">
        <ele>9645.3</ele>
        <time>2026-08-05T15:37:05Z</time>
        <hdop>11.2</hdop>
        <extensions>
          <osmand:speed>239.5</osmand:speed>
        </extensions>
      </trkpt>
      <trkpt lat="48.5980884" lon="12.8532728">
        <ele>9645.3</ele>
        <time>2026-08-05T15:37:11Z</time>
        <hdop>14.3</hdop>
        <extensions>
          <osmand:speed>239.9</osmand:speed>
        </extensions>
      </trkpt>
      <trkpt lat="48.6032972" lon="12.8354772">
        <ele>9646.3</ele>
        <time>2026-08-05T15:37:17Z</time>
        <hdop>11.2</hdop>
        <extensions>
          <osmand:speed>239.9</osmand:speed>
        </extensions>
      </trkpt>
      <trkpt lat="48.6085099" lon="12.8176797">
        <ele>9647.3</ele>
        <time>2026-08-05T15:37:23Z</time>
        <hdop>13.8</hdop>
        <extensions>
          <osmand:speed>239.4</osmand:speed>
        </extensions>
      </trkpt>
      <trkpt lat="48.6137209" lon="12.799881">
        <ele>9646.3</ele>
        <time>2026-08-05T15:37:29Z</time>
        <hdop>15.3</hdop>
        <extensions>
          <osmand:speed>239.3</osmand:speed>
        </extensions>
      </trkpt>
      <trkpt lat="48.618935" lon="12.7820789">
        <ele>9647.3</ele>
        <time>2026-08-05T15:37:35Z</time>
        <hdop>16.3</hdop>
        <extensions>
          <osmand:speed>239.4</osmand:speed>
        </extensions>
      </trkpt>
      <trkpt lat="48.6241947" lon="12.7642933">
        <ele>9649.3</ele>
        <time>2026-08-05T15:37:41Z</time>
        <hdop>20.9</hdop>
        <extensions>
          <osmand:speed>239.4</osmand:speed>
        </extensions>
      </trkpt>
      <trkpt lat="48.6294322" lon="12.7465014">
        <ele>9651.4</ele>
        <time>2026-08-05T15:37:47Z</time>
        <hdop>18.4</hdop>
        <extensions>
          <osmand:speed>239.2</osmand:speed>
        </extensions>
      </trkpt>
      <trkpt lat="48.6346163" lon="12.7287002">
        <ele>9648.4</ele>
        <time>2026-08-05T15:37:53Z</time>
        <hdop>16.3</hdop>
        <extensions>
          <osmand:speed>239.3</osmand:speed>
        </extensions>
      </trkpt>
      <trkpt lat="48.6398005" lon="12.7109072">
        <ele>9645.4</ele>
        <time>2026-08-05T15:37:59Z</time>
        <hdop>16.8</hdop>
        <extensions>
          <osmand:speed>239.2</osmand:speed>
        </extensions>
      </trkpt>
      <trkpt lat="48.6449746" lon="12.6931158">
        <ele>9645.4</ele>
        <time>2026-08-05T15:38:05Z</time>
        <hdop>17.9</hdop>
        <extensions>
          <osmand:speed>239.1</osmand:speed>
        </extensions>
      </trkpt>
      <trkpt lat="48.6501408" lon="12.6753417">
        <ele>9644.4</ele>
        <time>2026-08-05T15:38:11Z</time>
        <hdop>19.9</hdop>
        <extensions>
          <osmand:speed>238.8</osmand:speed>
        </extensions>
      </trkpt>
      <trkpt lat="48.6553128" lon="12.6575431">
        <ele>9642.4</ele>
        <time>2026-08-05T15:38:17Z</time>
        <hdop>15.8</hdop>
        <extensions>
          <osmand:speed>238.5</osmand:speed>
        </extensions>
      </trkpt>
      <trkpt lat="48.660507" lon="12.6397441">
        <ele>9646.4</ele>
        <time>2026-08-05T15:38:23Z</time>
        <hdop>15.8</hdop>
        <extensions>
          <osmand:speed>238.6</osmand:speed>
        </extensions>
      </trkpt>
      <trkpt lat="48.665681" lon="12.6219532">
        <ele>9646.4</ele>
        <time>2026-08-05T15:38:29Z</time>
        <hdop>14.3</hdop>
        <extensions>
          <osmand:speed>238.7</osmand:speed>
        </extensions>
      </trkpt>
      <trkpt lat="48.6708508" lon="12.6041913">
        <ele>9646.4</ele>
        <time>2026-08-05T15:38:35Z</time>
        <hdop>14.8</hdop>
        <extensions>
          <osmand:speed>238.5</osmand:speed>
        </extensions>
      </trkpt>
      <trkpt lat="48.6760119" lon="12.5864383">
        <ele>9643.4</ele>
        <time>2026-08-05T15:38:41Z</time>
        <hdop>17.3</hdop>
        <extensions>
          <osmand:speed>238.4</osmand:speed>
        </extensions>
      </trkpt>
      <trkpt lat="48.6811561" lon="12.5686676">
        <ele>9641.4</ele>
        <time>2026-08-05T15:38:47Z</time>
        <hdop>18.4</hdop>
        <extensions>
          <osmand:speed>238.2</osmand:speed>
        </extensions>
      </trkpt>
      <trkpt lat="48.6863269" lon="12.5509067">
        <ele>9641.4</ele>
        <time>2026-08-05T15:38:53Z</time>
        <hdop>21.4</hdop>
        <extensions>
          <osmand:speed>238.7</osmand:speed>
        </extensions>
      </trkpt>
      <trkpt lat="48.691465" lon="12.5331119">
        <ele>9639.4</ele>
        <time>2026-08-05T15:38:59Z</time>
        <hdop>28.1</hdop>
        <extensions>
          <osmand:speed>238.4</osmand:speed>
        </extensions>
      </trkpt>
      <trkpt lat="48.6965698" lon="12.5152925">
        <ele>9627.4</ele>
        <time>2026-08-05T15:39:05Z</time>
        <hdop>45.4</hdop>
        <extensions>
          <osmand:speed>238.3</osmand:speed>
        </extensions>
      </trkpt>
      <trkpt lat="48.7016509" lon="12.4974927">
        <ele>9616.3</ele>
        <time>2026-08-05T15:39:11Z</time>
        <hdop>30.1</hdop>
        <extensions>
          <osmand:speed>238</osmand:speed>
        </extensions>
      </trkpt>
      <trkpt lat="48.7129086" lon="12.4589838">
        <ele>9623.3</ele>
        <time>2026-08-05T15:39:24Z</time>
        <hdop>47.4</hdop>
        <extensions>
          <osmand:speed>238.2</osmand:speed>
        </extensions>
      </trkpt>
      <trkpt lat="48.7317436" lon="12.3938368">
        <ele>9623.3</ele>
        <time>2026-08-05T15:39:46Z</time>
        <hdop>29.6</hdop>
        <extensions>
          <osmand:speed>237.3</osmand:speed>
        </extensions>
      </trkpt>
      <trkpt lat="48.7369182" lon="12.3761182">
        <ele>9632.3</ele>
        <time>2026-08-05T15:39:52Z</time>
        <hdop>21.4</hdop>
        <extensions>
          <osmand:speed>238</osmand:speed>
        </extensions>
      </trkpt>
      <trkpt lat="48.7429528" lon="12.3553714">
        <ele>9642.3</ele>
        <time>2026-08-05T15:39:59Z</time>
        <hdop>25</hdop>
        <extensions>
          <osmand:speed>238.9</osmand:speed>
        </extensions>
      </trkpt>
      <trkpt lat="48.7581744" lon="12.3019353">
        <ele>9620.8</ele>
        <time>2026-08-05T15:40:17Z</time>
        <hdop>43.9</hdop>
        <extensions>
          <osmand:speed>237.9</osmand:speed>
        </extensions>
      </trkpt>
      <trkpt lat="48.7779293" lon="12.2337184">
        <ele>9639.8</ele>
        <time>2026-08-05T15:40:40Z</time>
        <hdop>35.7</hdop>
        <extensions>
          <osmand:speed>238.9</osmand:speed>
        </extensions>
      </trkpt>
      <trkpt lat="48.7897742" lon="12.1920719">
        <ele>9627.8</ele>
        <time>2026-08-05T15:40:54Z</time>
        <hdop>44.9</hdop>
        <extensions>
          <osmand:speed>238</osmand:speed>
        </extensions>
      </trkpt>
      <trkpt lat="48.8642583" lon="11.9666149">
        <ele>9510.7</ele>
        <time>2026-08-05T15:42:12Z</time>
        <hdop>48.5</hdop>
        <extensions>
          <osmand:speed>238</osmand:speed>
        </extensions>
      </trkpt>
      <trkpt lat="48.8716878" lon="11.946557">
        <ele>9568.7</ele>
        <time>2026-08-05T15:42:19Z</time>
        <hdop>49.5</hdop>
        <extensions>
          <osmand:speed>238</osmand:speed>
        </extensions>
      </trkpt>
      <trkpt lat="48.8777772" lon="11.9293359">
        <ele>9592.7</ele>
        <time>2026-08-05T15:42:25Z</time>
        <hdop>42.9</hdop>
        <extensions>
          <osmand:speed>238</osmand:speed>
        </extensions>
      </trkpt>
      <trkpt lat="48.8837755" lon="11.9120711">
        <ele>9608.7</ele>
        <time>2026-08-05T15:42:31Z</time>
        <hdop>33.2</hdop>
        <extensions>
          <osmand:speed>238</osmand:speed>
        </extensions>
      </trkpt>
      <trkpt lat="48.8897112" lon="11.8947802">
        <ele>9616.7</ele>
        <time>2026-08-05T15:42:37Z</time>
        <hdop>32.1</hdop>
        <extensions>
          <osmand:speed>237.8</osmand:speed>
        </extensions>
      </trkpt>
      <trkpt lat="48.8956183" lon="11.8774922">
        <ele>9619.7</ele>
        <time>2026-08-05T15:42:43Z</time>
        <hdop>31.6</hdop>
        <extensions>
          <osmand:speed>237.9</osmand:speed>
        </extensions>
      </trkpt>
      <trkpt lat="48.9014651" lon="11.8601784">
        <ele>9615.7</ele>
        <time>2026-08-05T15:42:49Z</time>
        <hdop>30.1</hdop>
        <extensions>
          <osmand:speed>237.8</osmand:speed>
        </extensions>
      </trkpt>
      <trkpt lat="48.9073615" lon="11.842918">
        <ele>9626.7</ele>
        <time>2026-08-05T15:42:55Z</time>
        <hdop>6.1</hdop>
        <extensions>
          <osmand:speed>237.9</osmand:speed>
        </extensions>
      </trkpt>
      <trkpt lat="48.913243" lon="11.8256311">
        <ele>9629.7</ele>
        <time>2026-08-05T15:43:01Z</time>
        <hdop>6.6</hdop>
        <extensions>
          <osmand:speed>237.6</osmand:speed>
        </extensions>
      </trkpt>
      <trkpt lat="48.9191242" lon="11.8083449">
        <ele>9633.7</ele>
        <time>2026-08-05T15:43:07Z</time>
        <hdop>6.1</hdop>
        <extensions>
          <osmand:speed>237.8</osmand:speed>
        </extensions>
      </trkpt>
      <trkpt lat="48.9249904" lon="11.7910717">
        <ele>9635.7</ele>
        <time>2026-08-05T15:43:13Z</time>
        <hdop>5.6</hdop>
        <extensions>
          <osmand:speed>237.4</osmand:speed>
        </extensions>
      </trkpt>
      <trkpt lat="48.9308631" lon="11.7737906">
        <ele>9638.7</ele>
        <time>2026-08-05T15:43:19Z</time>
        <hdop>6.1</hdop>
        <extensions>
          <osmand:speed>237.3</osmand:speed>
        </extensions>
      </trkpt>
      <trkpt lat="48.9366813" lon="11.7565235">
        <ele>9638.7</ele>
        <time>2026-08-05T15:43:25Z</time>
        <hdop>7.7</hdop>
        <extensions>
          <osmand:speed>237.3</osmand:speed>
        </extensions>
      </trkpt>
      <trkpt lat="48.9425162" lon="11.7392562">
        <ele>9639.5</ele>
        <time>2026-08-05T15:43:31Z</time>
        <hdop>6.6</hdop>
        <extensions>
          <osmand:speed>237.1</osmand:speed>
        </extensions>
      </trkpt>
      <trkpt lat="48.9483444" lon="11.7220137">
        <ele>9640.5</ele>
        <time>2026-08-05T15:43:37Z</time>
        <hdop>6.6</hdop>
        <extensions>
          <osmand:speed>236.8</osmand:speed>
        </extensions>
      </trkpt>
      <trkpt lat="48.9541479" lon="11.7047476">
        <ele>9639.5</ele>
        <time>2026-08-05T15:43:43Z</time>
        <hdop>7.1</hdop>
        <extensions>
          <osmand:speed>236.8</osmand:speed>
        </extensions>
      </trkpt>
      <trkpt lat="48.9599406" lon="11.6874463">
        <ele>9635.5</ele>
        <time>2026-08-05T15:43:49Z</time>
        <hdop>7.1</hdop>
        <extensions>
          <osmand:speed>237.1</osmand:speed>
        </extensions>
      </trkpt>
      <trkpt lat="48.9657381" lon="11.6701866">
        <ele>9632.5</ele>
        <time>2026-08-05T15:43:55Z</time>
        <hdop>6.6</hdop>
        <extensions>
          <osmand:speed>236.7</osmand:speed>
        </extensions>
      </trkpt>
      <trkpt lat="48.9715509" lon="11.6529223">
        <ele>9632.5</ele>
        <time>2026-08-05T15:44:01Z</time>
        <hdop>6.1</hdop>
        <extensions>
          <osmand:speed>236.8</osmand:speed>
        </extensions>
      </trkpt>
      <trkpt lat="48.9773249" lon="11.6356859">
        <ele>9627.5</ele>
        <time>2026-08-05T15:44:07Z</time>
        <hdop>7.1</hdop>
        <extensions>
          <osmand:speed>236.4</osmand:speed>
        </extensions>
      </trkpt>
      <trkpt lat="48.9831125" lon="11.6184681">
        <ele>9630.5</ele>
        <time>2026-08-05T15:44:13Z</time>
        <hdop>7.1</hdop>
        <extensions>
          <osmand:speed>236</osmand:speed>
        </extensions>
      </trkpt>
      <trkpt lat="48.9888208" lon="11.6012456">
        <ele>9624.5</ele>
        <time>2026-08-05T15:44:19Z</time>
        <hdop>7.1</hdop>
        <extensions>
          <osmand:speed>235.7</osmand:speed>
        </extensions>
      </trkpt>
      <trkpt lat="48.9946318" lon="11.5840245">
        <ele>9629.5</ele>
        <time>2026-08-05T15:44:25Z</time>
        <hdop>6.6</hdop>
        <extensions>
          <osmand:speed>235.9</osmand:speed>
        </extensions>
      </trkpt>
      <trkpt lat="49.000428" lon="11.5668202">
        <ele>9635.5</ele>
        <time>2026-08-05T15:44:31Z</time>
        <hdop>25</hdop>
        <extensions>
          <osmand:speed>235.2</osmand:speed>
        </extensions>
      </trkpt>
      <trkpt lat="49.0061733" lon="11.5496723">
        <ele>9636.5</ele>
        <time>2026-08-05T15:44:37Z</time>
        <hdop>32.7</hdop>
        <extensions>
          <osmand:speed>235.5</osmand:speed>
        </extensions>
      </trkpt>
      <trkpt lat="49.0119113" lon="11.5325002">
        <ele>9635.5</ele>
        <time>2026-08-05T15:44:43Z</time>
        <hdop>26.5</hdop>
        <extensions>
          <osmand:speed>235.2</osmand:speed>
        </extensions>
      </trkpt>
      <trkpt lat="49.0176624" lon="11.5153638">
        <ele>9636.5</ele>
        <time>2026-08-05T15:44:49Z</time>
        <hdop>31.6</hdop>
        <extensions>
          <osmand:speed>235.6</osmand:speed>
        </extensions>
      </trkpt>
      <trkpt lat="49.0234425" lon="11.4981581">
        <ele>9632.3</ele>
        <time>2026-08-05T15:44:55Z</time>
        <hdop>33.2</hdop>
        <extensions>
          <osmand:speed>234.9</osmand:speed>
        </extensions>
      </trkpt>
      <trkpt lat="49.0291265" lon="11.4809814">
        <ele>9630.3</ele>
        <time>2026-08-05T15:45:01Z</time>
        <hdop>48.5</hdop>
        <extensions>
          <osmand:speed>235</osmand:speed>
        </extensions>
      </trkpt>
      <trkpt lat="49.0473572" lon="11.4266016">
        <ele>9645.3</ele>
        <time>2026-08-05T15:45:20Z</time>
        <hdop>48</hdop>
        <extensions>
          <osmand:speed>235.2</osmand:speed>
        </extensions>
      </trkpt>
      <trkpt lat="49.0530622" lon="11.4094">
        <ele>9630.3</ele>
        <time>2026-08-05T15:45:26Z</time>
        <hdop>38.3</hdop>
        <extensions>
          <osmand:speed>234.7</osmand:speed>
        </extensions>
      </trkpt>
      <trkpt lat="49.0587244" lon="11.392223">
        <ele>9623.3</ele>
        <time>2026-08-05T15:45:32Z</time>
        <hdop>39.8</hdop>
        <extensions>
          <osmand:speed>234.6</osmand:speed>
        </extensions>
      </trkpt>
      <trkpt lat="49.0644014" lon="11.375068">
        <ele>9621.3</ele>
        <time>2026-08-05T15:45:38Z</time>
        <hdop>43.9</hdop>
        <extensions>
          <osmand:speed>234.6</osmand:speed>
        </extensions>
      </trkpt>
      <trkpt lat="49.0700736" lon="11.3578775">
        <ele>9621.3</ele>
        <time>2026-08-05T15:45:44Z</time>
        <hdop>26</hdop>
        <extensions>
          <osmand:speed>234.6</osmand:speed>
        </extensions>
      </trkpt>
      <trkpt lat="49.0757315" lon="11.3406632">
        <ele>9618.3</ele>
        <time>2026-08-05T15:45:50Z</time>
        <hdop>35.7</hdop>
        <extensions>
          <osmand:speed>234.3</osmand:speed>
        </extensions>
      </trkpt>
      <trkpt lat="49.0814121" lon="11.3234447">
        <ele>9616.3</ele>
        <time>2026-08-05T15:45:56Z</time>
        <hdop>37.8</hdop>
        <extensions>
          <osmand:speed>234.6</osmand:speed>
        </extensions>
      </trkpt>
      <trkpt lat="49.0870931" lon="11.3062998">
        <ele>9613.3</ele>
        <time>2026-08-05T15:46:02Z</time>
        <hdop>28.1</hdop>
        <extensions>
          <osmand:speed>234.6</osmand:speed>
        </extensions>
      </trkpt>
      <trkpt lat="49.0927743" lon="11.2891405">
        <ele>9612.3</ele>
        <time>2026-08-05T15:46:08Z</time>
        <hdop>38.3</hdop>
        <extensions>
          <osmand:speed>234.4</osmand:speed>
        </extensions>
      </trkpt>
      <trkpt lat="49.0984691" lon="11.2719679">
        <ele>9614.3</ele>
        <time>2026-08-05T15:46:14Z</time>
        <hdop>41.8</hdop>
        <extensions>
          <osmand:speed>234.1</osmand:speed>
        </extensions>
      </trkpt>
      <trkpt lat="49.1041727" lon="11.2547538">
        <ele>9619.3</ele>
        <time>2026-08-05T15:46:20Z</time>
        <hdop>35.7</hdop>
        <extensions>
          <osmand:speed>234.8</osmand:speed>
        </extensions>
      </trkpt>
      <trkpt lat="49.1098604" lon="11.2375947">
        <ele>9620</ele>
        <time>2026-08-05T15:46:26Z</time>
        <hdop>8.2</hdop>
        <extensions>
          <osmand:speed>234</osmand:speed>
        </extensions>
      </trkpt>
      <trkpt lat="49.1155808" lon="11.2204077">
        <ele>9622</ele>
        <time>2026-08-05T15:46:32Z</time>
        <hdop>10.2</hdop>
        <extensions>
          <osmand:speed>234.7</osmand:speed>
        </extensions>
      </trkpt>
      <trkpt lat="49.1213082" lon="11.2032651">
        <ele>9632</ele>
        <time>2026-08-05T15:46:38Z</time>
        <hdop>8.7</hdop>
        <extensions>
          <osmand:speed>234.8</osmand:speed>
        </extensions>
      </trkpt>
      <trkpt lat="49.1269991" lon="11.1860251">
        <ele>9627</ele>
        <time>2026-08-05T15:46:44Z</time>
        <hdop>8.7</hdop>
        <extensions>
          <osmand:speed>235</osmand:speed>
        </extensions>
      </trkpt>
      <trkpt lat="49.1327051" lon="11.1687981">
        <ele>9628</ele>
        <time>2026-08-05T15:46:50Z</time>
        <hdop>9.2</hdop>
        <extensions>
          <osmand:speed>235</osmand:speed>
        </extensions>
      </trkpt>
      <trkpt lat="49.1383603" lon="11.1515834">
        <ele>9627</ele>
        <time>2026-08-05T15:46:56Z</time>
        <hdop>10.2</hdop>
        <extensions>
          <osmand:speed>234.7</osmand:speed>
        </extensions>
      </trkpt>
      <trkpt lat="49.1440592" lon="11.134383">
        <ele>9637</ele>
        <time>2026-08-05T15:47:02Z</time>
        <hdop>10.7</hdop>
        <extensions>
          <osmand:speed>234.4</osmand:speed>
        </extensions>
      </trkpt>
      <trkpt lat="49.1496329" lon="11.1170556">
        <ele>9621</ele>
        <time>2026-08-05T15:47:08Z</time>
        <hdop>19.9</hdop>
        <extensions>
          <osmand:speed>234.9</osmand:speed>
        </extensions>
      </trkpt>
      <trkpt lat="49.1552817" lon="11.0997931">
        <ele>9617</ele>
        <time>2026-08-05T15:47:14Z</time>
        <hdop>15.3</hdop>
        <extensions>
          <osmand:speed>234.7</osmand:speed>
        </extensions>
      </trkpt>
      <trkpt lat="49.1609538" lon="11.0825781">
        <ele>9621</ele>
        <time>2026-08-05T15:47:20Z</time>
        <hdop>29.6</hdop>
        <extensions>
          <osmand:speed>234.9</osmand:speed>
        </extensions>
      </trkpt>
      <trkpt lat="49.1675678" lon="11.0625154">
        <ele>9622</ele>
        <time>2026-08-05T15:47:27Z</time>
        <hdop>44.4</hdop>
        <extensions>
          <osmand:speed>234.7</osmand:speed>
        </extensions>
      </trkpt>
      <trkpt lat="49.1779186" lon="11.0309028">
        <ele>9605</ele>
        <time>2026-08-05T15:47:38Z</time>
        <hdop>28.6</hdop>
        <extensions>
          <osmand:speed>235</osmand:speed>
        </extensions>
      </trkpt>
      <trkpt lat="49.1893553" lon="10.9964914">
        <ele>9564.6</ele>
        <time>2026-08-05T15:47:50Z</time>
        <hdop>30.6</hdop>
        <extensions>
          <osmand:speed>234.9</osmand:speed>
        </extensions>
      </trkpt>
      <trkpt lat="49.1949183" lon="10.9791815">
        <ele>9524.6</ele>
        <time>2026-08-05T15:47:56Z</time>
        <hdop>50</hdop>
        <extensions>
          <osmand:speed>234.1</osmand:speed>
        </extensions>
      </trkpt>
      <trkpt lat="49.2147508" lon="10.9190136">
        <ele>9324.6</ele>
        <time>2026-08-05T15:48:17Z</time>
        <hdop>49</hdop>
        <extensions>
          <osmand:speed>233.2</osmand:speed>
        </extensions>
      </trkpt>
      <trkpt lat="49.2250302" lon="10.8875698">
        <ele>9170.6</ele>
        <time>2026-08-05T15:48:28Z</time>
        <hdop>49</hdop>
        <extensions>
          <osmand:speed>233</osmand:speed>
        </extensions>
      </trkpt>
      <trkpt lat="49.2306568" lon="10.8704996">
        <ele>9098.6</ele>
        <time>2026-08-05T15:48:34Z</time>
        <hdop>49</hdop>
        <extensions>
          <osmand:speed>232</osmand:speed>
        </extensions>
      </trkpt>
      <trkpt lat="49.2361986" lon="10.8534838">
        <ele>9018.6</ele>
        <time>2026-08-05T15:48:40Z</time>
        <hdop>10.2</hdop>
        <extensions>
          <osmand:speed>230.3</osmand:speed>
        </extensions>
      </trkpt>
      <trkpt lat="49.2416651" lon="10.8364158">
        <ele>8923.6</ele>
        <time>2026-08-05T15:48:46Z</time>
        <hdop>7.1</hdop>
        <extensions>
          <osmand:speed>231</osmand:speed>
        </extensions>
      </trkpt>
      <trkpt lat="49.2471276" lon="10.8193594">
        <ele>8826.6</ele>
        <time>2026-08-05T15:48:52Z</time>
        <hdop>10.2</hdop>
        <extensions>
          <osmand:speed>230.9</osmand:speed>
        </extensions>
      </trkpt>
      <trkpt lat="49.252531" lon="10.8024271">
        <ele>8739.7</ele>
        <time>2026-08-05T15:48:58Z</time>
        <hdop>12.2</hdop>
        <extensions>
          <osmand:speed>229.5</osmand:speed>
        </extensions>
      </trkpt>
      <trkpt lat="49.25798" lon="10.7854268">
        <ele>8640.7</ele>
        <time>2026-08-05T15:49:04Z</time>
        <hdop>11.2</hdop>
        <extensions>
          <osmand:speed>229.4</osmand:speed>
        </extensions>
      </trkpt>
      <trkpt lat="49.2634297" lon="10.7685535">
        <ele>8549.7</ele>
        <time>2026-08-05T15:49:10Z</time>
        <hdop>9.2</hdop>
        <extensions>
          <osmand:speed>228.5</osmand:speed>
        </extensions>
      </trkpt>
      <trkpt lat="49.2689231" lon="10.7517388">
        <ele>8475.7</ele>
        <time>2026-08-05T15:49:16Z</time>
        <hdop>11.2</hdop>
        <extensions>
          <osmand:speed>228.1</osmand:speed>
        </extensions>
      </trkpt>
      <trkpt lat="49.2743402" lon="10.7349511">
        <ele>8390.3</ele>
        <time>2026-08-05T15:49:22Z</time>
        <hdop>8.2</hdop>
        <extensions>
          <osmand:speed>227.3</osmand:speed>
        </extensions>
      </trkpt>
      <trkpt lat="49.2797599" lon="10.7181233">
        <ele>8313.3</ele>
        <time>2026-08-05T15:49:28Z</time>
        <hdop>8.2</hdop>
        <extensions>
          <osmand:speed>228</osmand:speed>
        </extensions>
      </trkpt>
      <trkpt lat="49.2851491" lon="10.7012311">
        <ele>8252.3</ele>
        <time>2026-08-05T15:49:34Z</time>
        <hdop>13.8</hdop>
        <extensions>
          <osmand:speed>228.3</osmand:speed>
        </extensions>
      </trkpt>
      <trkpt lat="49.2906025" lon="10.6843072">
        <ele>8205.3</ele>
        <time>2026-08-05T15:49:40Z</time>
        <hdop>9.2</hdop>
        <extensions>
          <osmand:speed>228.6</osmand:speed>
        </extensions>
      </trkpt>
      <trkpt lat="49.2960876" lon="10.6673975">
        <ele>8165.3</ele>
        <time>2026-08-05T15:49:46Z</time>
        <hdop>9.2</hdop>
        <extensions>
          <osmand:speed>228.7</osmand:speed>
        </extensions>
      </trkpt>
      <trkpt lat="49.301654" lon="10.6504554">
        <ele>8124.3</ele>
        <time>2026-08-05T15:49:52Z</time>
        <hdop>9.7</hdop>
        <extensions>
          <osmand:speed>229.3</osmand:speed>
        </extensions>
      </trkpt>
      <trkpt lat="49.3069926" lon="10.6335414">
        <ele>8061.3</ele>
        <time>2026-08-05T15:49:58Z</time>
        <hdop>10.2</hdop>
        <extensions>
          <osmand:speed>228.2</osmand:speed>
        </extensions>
      </trkpt>
      <trkpt lat="49.3124628" lon="10.6166459">
        <ele>7997.3</ele>
        <time>2026-08-05T15:50:04Z</time>
        <hdop>10.2</hdop>
        <extensions>
          <osmand:speed>228.8</osmand:speed>
        </extensions>
      </trkpt>
      <trkpt lat="49.3179246" lon="10.5997811">
        <ele>7946.3</ele>
        <time>2026-08-05T15:50:10Z</time>
        <hdop>15.3</hdop>
        <extensions>
          <osmand:speed>228.1</osmand:speed>
        </extensions>
      </trkpt>
      <trkpt lat="49.3232655" lon="10.5829933">
        <ele>7899.3</ele>
        <time>2026-08-05T15:50:16Z</time>
        <hdop>14.3</hdop>
        <extensions>
          <osmand:speed>226.5</osmand:speed>
        </extensions>
      </trkpt>
      <trkpt lat="49.3286871" lon="10.5663124">
        <ele>7847.3</ele>
        <time>2026-08-05T15:50:22Z</time>
        <hdop>7.7</hdop>
        <extensions>
          <osmand:speed>225.7</osmand:speed>
        </extensions>
      </trkpt>
      <trkpt lat="49.334072" lon="10.5496956">
        <ele>7805.3</ele>
        <time>2026-08-05T15:50:28Z</time>
        <hdop>7.1</hdop>
        <extensions>
          <osmand:speed>225.2</osmand:speed>
        </extensions>
      </trkpt>
      <trkpt lat="49.3394113" lon="10.5330939">
        <ele>7764.3</ele>
        <time>2026-08-05T15:50:34Z</time>
        <hdop>7.7</hdop>
        <extensions>
          <osmand:speed>224.3</osmand:speed>
        </extensions>
      </trkpt>
      <trkpt lat="49.3447555" lon="10.5165012">
        <ele>7713.3</ele>
        <time>2026-08-05T15:50:40Z</time>
        <hdop>9.7</hdop>
        <extensions>
          <osmand:speed>223.8</osmand:speed>
        </extensions>
      </trkpt>
      <trkpt lat="49.3524352" lon="10.4946513">
        <ele>7663.9</ele>
        <time>2026-08-05T15:50:48Z</time>
        <hdop>45.9</hdop>
        <extensions>
          <osmand:speed>221.6</osmand:speed>
        </extensions>
      </trkpt>
      <trkpt lat="49.3589112" lon="10.4760451">
        <ele>7569.9</ele>
        <time>2026-08-05T15:50:55Z</time>
        <hdop>16.3</hdop>
        <extensions>
          <osmand:speed>220.6</osmand:speed>
        </extensions>
      </trkpt>
      <trkpt lat="49.3650044" lon="10.4605396">
        <ele>7528.9</ele>
        <time>2026-08-05T15:51:01Z</time>
        <hdop>14.8</hdop>
        <extensions>
          <osmand:speed>217.4</osmand:speed>
        </extensions>
      </trkpt>
      <trkpt lat="49.3754188" lon="10.4353367">
        <ele>7454.9</ele>
        <time>2026-08-05T15:51:11Z</time>
        <hdop>1</hdop>
        <extensions>
          <osmand:speed>215.2</osmand:speed>
        </extensions>
      </trkpt>
      <trkpt lat="49.4088716" lon="10.3617109">
        <ele>7207.9</ele>
        <time>2026-08-05T15:51:42Z</time>
        <hdop>16.3</hdop>
        <extensions>
          <osmand:speed>205.9</osmand:speed>
        </extensions>
      </trkpt>
      <trkpt lat="49.4173629" lon="10.3432236">
        <ele>7146.9</ele>
        <time>2026-08-05T15:51:50Z</time>
        <hdop>23.5</hdop>
        <extensions>
          <osmand:speed>204.9</osmand:speed>
        </extensions>
      </trkpt>
      <trkpt lat="49.4236457" lon="10.329413">
        <ele>7098.9</ele>
        <time>2026-08-05T15:51:56Z</time>
        <hdop>14.8</hdop>
        <extensions>
          <osmand:speed>203.4</osmand:speed>
        </extensions>
      </trkpt>
      <trkpt lat="49.4298652" lon="10.3157377">
        <ele>7058.9</ele>
        <time>2026-08-05T15:52:02Z</time>
        <hdop>14.8</hdop>
        <extensions>
          <osmand:speed>201</osmand:speed>
        </extensions>
      </trkpt>
      <trkpt lat="49.43595" lon="10.3021531">
        <ele>7009.9</ele>
        <time>2026-08-05T15:52:08Z</time>
        <hdop>15.3</hdop>
        <extensions>
          <osmand:speed>199.8</osmand:speed>
        </extensions>
      </trkpt>
      <trkpt lat="49.4421397" lon="10.2886442">
        <ele>6964.9</ele>
        <time>2026-08-05T15:52:14Z</time>
        <hdop>11.7</hdop>
        <extensions>
          <osmand:speed>198.7</osmand:speed>
        </extensions>
      </trkpt>
      <trkpt lat="49.4483557" lon="10.2752051">
        <ele>6917.9</ele>
        <time>2026-08-05T15:52:20Z</time>
        <hdop>12.2</hdop>
        <extensions>
          <osmand:speed>197.9</osmand:speed>
        </extensions>
      </trkpt>
      <trkpt lat="49.4544005" lon="10.2619123">
        <ele>6874.9</ele>
        <time>2026-08-05T15:52:26Z</time>
        <hdop>12.2</hdop>
        <extensions>
          <osmand:speed>195.6</osmand:speed>
        </extensions>
      </trkpt>
      <trkpt lat="49.460174" lon="10.248658">
        <ele>6817.5</ele>
        <time>2026-08-05T15:52:32Z</time>
        <hdop>11.7</hdop>
        <extensions>
          <osmand:speed>193.7</osmand:speed>
        </extensions>
      </trkpt>
      <trkpt lat="49.4660654" lon="10.235558">
        <ele>6765.5</ele>
        <time>2026-08-05T15:52:38Z</time>
        <hdop>11.7</hdop>
        <extensions>
          <osmand:speed>192.8</osmand:speed>
        </extensions>
      </trkpt>
      <trkpt lat="49.4720306" lon="10.2224586">
        <ele>6725.5</ele>
        <time>2026-08-05T15:52:44Z</time>
        <hdop>11.7</hdop>
        <extensions>
          <osmand:speed>192.2</osmand:speed>
        </extensions>
      </trkpt>
      <trkpt lat="49.4780463" lon="10.2094616">
        <ele>6687.5</ele>
        <time>2026-08-05T15:52:50Z</time>
        <hdop>14.8</hdop>
        <extensions>
          <osmand:speed>191.8</osmand:speed>
        </extensions>
      </trkpt>
      <trkpt lat="49.4839782" lon="10.1964121">
        <ele>6643.5</ele>
        <time>2026-08-05T15:52:56Z</time>
        <hdop>12.2</hdop>
        <extensions>
          <osmand:speed>192</osmand:speed>
        </extensions>
      </trkpt>
      <trkpt lat="49.4897503" lon="10.1833486">
        <ele>6587.5</ele>
        <time>2026-08-05T15:53:02Z</time>
        <hdop>13.3</hdop>
        <extensions>
          <osmand:speed>191.4</osmand:speed>
        </extensions>
      </trkpt>
      <trkpt lat="49.4957094" lon="10.170269">
        <ele>6536.5</ele>
        <time>2026-08-05T15:53:08Z</time>
        <hdop>13.3</hdop>
        <extensions>
          <osmand:speed>192.2</osmand:speed>
        </extensions>
      </trkpt>
      <trkpt lat="49.5017479" lon="10.1572355">
        <ele>6492.8</ele>
        <time>2026-08-05T15:53:14Z</time>
        <hdop>14.3</hdop>
        <extensions>
          <osmand:speed>191.7</osmand:speed>
        </extensions>
      </trkpt>
      <trkpt lat="49.507667" lon="10.14416">
        <ele>6438.8</ele>
        <time>2026-08-05T15:53:20Z</time>
        <hdop>12.8</hdop>
        <extensions>
          <osmand:speed>192.4</osmand:speed>
        </extensions>
      </trkpt>
      <trkpt lat="49.513726" lon="10.1311127">
        <ele>6400.8</ele>
        <time>2026-08-05T15:53:26Z</time>
        <hdop>11.7</hdop>
        <extensions>
          <osmand:speed>192.5</osmand:speed>
        </extensions>
      </trkpt>
      <trkpt lat="49.5196105" lon="10.1181435">
        <ele>6357.8</ele>
        <time>2026-08-05T15:53:32Z</time>
        <hdop>11.2</hdop>
        <extensions>
          <osmand:speed>191.3</osmand:speed>
        </extensions>
      </trkpt>
      <trkpt lat="49.5253714" lon="10.1051277">
        <ele>6308.8</ele>
        <time>2026-08-05T15:53:38Z</time>
        <hdop>10.7</hdop>
        <extensions>
          <osmand:speed>190.9</osmand:speed>
        </extensions>
      </trkpt>
      <trkpt lat="49.5313346" lon="10.0920493">
        <ele>6253.8</ele>
        <time>2026-08-05T15:53:44Z</time>
        <hdop>10.7</hdop>
        <extensions>
          <osmand:speed>192.4</osmand:speed>
        </extensions>
      </trkpt>
      <trkpt lat="49.5371977" lon="10.0790364">
        <ele>6202.8</ele>
        <time>2026-08-05T15:53:50Z</time>
        <hdop>13.8</hdop>
        <extensions>
          <osmand:speed>191.9</osmand:speed>
        </extensions>
      </trkpt>
      <trkpt lat="49.5431848" lon="10.0660163">
        <ele>6144.8</ele>
        <time>2026-08-05T15:53:56Z</time>
        <hdop>15.3</hdop>
        <extensions>
          <osmand:speed>192</osmand:speed>
        </extensions>
      </trkpt>
      <trkpt lat="49.5490015" lon="10.0530449">
        <ele>6084.8</ele>
        <time>2026-08-05T15:54:02Z</time>
        <hdop>13.8</hdop>
        <extensions>
          <osmand:speed>191</osmand:speed>
        </extensions>
      </trkpt>
      <trkpt lat="49.5548515" lon="10.0400585">
        <ele>6021.8</ele>
        <time>2026-08-05T15:54:08Z</time>
        <hdop>10.7</hdop>
        <extensions>
          <osmand:speed>191.2</osmand:speed>
        </extensions>
      </trkpt>
      <trkpt lat="49.5605757" lon="10.0271784">
        <ele>5967.8</ele>
        <time>2026-08-05T15:54:14Z</time>
        <hdop>10.7</hdop>
        <extensions>
          <osmand:speed>188.4</osmand:speed>
        </extensions>
      </trkpt>
      <trkpt lat="49.5663225" lon="10.014323">
        <ele>5913.8</ele>
        <time>2026-08-05T15:54:20Z</time>
        <hdop>10.7</hdop>
        <extensions>
          <osmand:speed>187.4</osmand:speed>
        </extensions>
      </trkpt>
      <trkpt lat="49.5721855" lon="10.0015604">
        <ele>5861.8</ele>
        <time>2026-08-05T15:54:26Z</time>
        <hdop>10.2</hdop>
        <extensions>
          <osmand:speed>187.3</osmand:speed>
        </extensions>
      </trkpt>
      <trkpt lat="49.5779149" lon="9.988881">
        <ele>5809.5</ele>
        <time>2026-08-05T15:54:32Z</time>
        <hdop>12.2</hdop>
        <extensions>
          <osmand:speed>186.3</osmand:speed>
        </extensions>
      </trkpt>
      <trkpt lat="49.5833574" lon="9.9761506">
        <ele>5744.5</ele>
        <time>2026-08-05T15:54:38Z</time>
        <hdop>10.2</hdop>
        <extensions>
          <osmand:speed>184.8</osmand:speed>
        </extensions>
      </trkpt>
      <trkpt lat="49.5889532" lon="9.9634698">
        <ele>5676.5</ele>
        <time>2026-08-05T15:54:44Z</time>
        <hdop>7.1</hdop>
        <extensions>
          <osmand:speed>184.5</osmand:speed>
        </extensions>
      </trkpt>
      <trkpt lat="49.5948183" lon="9.9508972">
        <ele>5628.5</ele>
        <time>2026-08-05T15:54:50Z</time>
        <hdop>35.7</hdop>
        <extensions>
          <osmand:speed>183.9</osmand:speed>
        </extensions>
      </trkpt>
      <trkpt lat="49.6013583" lon="9.9362685">
        <ele>5570.5</ele>
        <time>2026-08-05T15:54:57Z</time>
        <hdop>34.7</hdop>
        <extensions>
          <osmand:speed>183.9</osmand:speed>
        </extensions>
      </trkpt>
      <trkpt lat="49.6135991" lon="9.9091699">
        <ele>5462.5</ele>
        <time>2026-08-05T15:55:10Z</time>
        <hdop>38.3</hdop>
        <extensions>
          <osmand:speed>182.3</osmand:speed>
        </extensions>
      </trkpt>
      <trkpt lat="49.6265583" lon="9.8800794">
        <ele>5336.5</ele>
        <time>2026-08-05T15:55:24Z</time>
        <hdop>41.8</hdop>
        <extensions>
          <osmand:speed>181.7</osmand:speed>
        </extensions>
      </trkpt>
      <trkpt lat="49.6366849" lon="9.8573714">
        <ele>5228.5</ele>
        <time>2026-08-05T15:55:35Z</time>
        <hdop>50</hdop>
        <extensions>
          <osmand:speed>181.1</osmand:speed>
        </extensions>
      </trkpt>
      <trkpt lat="49.6422074" lon="9.8450489">
        <ele>5173.5</ele>
        <time>2026-08-05T15:55:41Z</time>
        <hdop>33.7</hdop>
        <extensions>
          <osmand:speed>180.1</osmand:speed>
        </extensions>
      </trkpt>
      <trkpt lat="49.6477361" lon="9.8327688">
        <ele>5116.5</ele>
        <time>2026-08-05T15:55:47Z</time>
        <hdop>32.1</hdop>
        <extensions>
          <osmand:speed>180</osmand:speed>
        </extensions>
      </trkpt>
      <trkpt lat="49.6532913" lon="9.8205054">
        <ele>5064.5</ele>
        <time>2026-08-05T15:55:53Z</time>
        <hdop>23.5</hdop>
        <extensions>
          <osmand:speed>179.2</osmand:speed>
        </extensions>
      </trkpt>
      <trkpt lat="49.6587826" lon="9.8082386">
        <ele>5009.5</ele>
        <time>2026-08-05T15:55:59Z</time>
        <hdop>17.3</hdop>
        <extensions>
          <osmand:speed>178.9</osmand:speed>
        </extensions>
      </trkpt>
      <trkpt lat="49.6642793" lon="9.7959809">
        <ele>4952.5</ele>
        <time>2026-08-05T15:56:05Z</time>
        <hdop>19.4</hdop>
        <extensions>
          <osmand:speed>179.2</osmand:speed>
        </extensions>
      </trkpt>
      <trkpt lat="49.6697798" lon="9.7837762">
        <ele>4895.5</ele>
        <time>2026-08-05T15:56:11Z</time>
        <hdop>20.4</hdop>
        <extensions>
          <osmand:speed>178.4</osmand:speed>
        </extensions>
      </trkpt>
      <trkpt lat="49.6752558" lon="9.7715328">
        <ele>4836.5</ele>
        <time>2026-08-05T15:56:17Z</time>
        <hdop>23.5</hdop>
        <extensions>
          <osmand:speed>179.1</osmand:speed>
        </extensions>
      </trkpt>
      <trkpt lat="49.6807452" lon="9.7593397">
        <ele>4789.5</ele>
        <time>2026-08-05T15:56:23Z</time>
        <hdop>35.7</hdop>
        <extensions>
          <osmand:speed>178.5</osmand:speed>
        </extensions>
      </trkpt>
      <trkpt lat="49.6861944" lon="9.7470816">
        <ele>4745.5</ele>
        <time>2026-08-05T15:56:29Z</time>
        <hdop>38.8</hdop>
        <extensions>
          <osmand:speed>178.9</osmand:speed>
        </extensions>
      </trkpt>
      <trkpt lat="49.6916513" lon="9.734813">
        <ele>4696.5</ele>
        <time>2026-08-05T15:56:35Z</time>
        <hdop>44.9</hdop>
        <extensions>
          <osmand:speed>178.7</osmand:speed>
        </extensions>
      </trkpt>
      <trkpt lat="49.6970693" lon="9.7225618">
        <ele>4644.5</ele>
        <time>2026-08-05T15:56:41Z</time>
        <hdop>39.3</hdop>
        <extensions>
          <osmand:speed>178.3</osmand:speed>
        </extensions>
      </trkpt>
      <trkpt lat="49.7024644" lon="9.7103373">
        <ele>4580.5</ele>
        <time>2026-08-05T15:56:47Z</time>
        <hdop>33.7</hdop>
        <extensions>
          <osmand:speed>179.3</osmand:speed>
        </extensions>
      </trkpt>
      <trkpt lat="49.7161186" lon="9.6798026">
        <ele>4443.5</ele>
        <time>2026-08-05T15:57:02Z</time>
        <hdop>42.3</hdop>
        <extensions>
          <osmand:speed>179.5</osmand:speed>
        </extensions>
      </trkpt>
      <trkpt lat="49.7439444" lon="9.6177529">
        <ele>4175.5</ele>
        <time>2026-08-05T15:57:33Z</time>
        <hdop>48.5</hdop>
        <extensions>
          <osmand:speed>173.8</osmand:speed>
        </extensions>
      </trkpt>
      <trkpt lat="49.7491919" lon="9.6058737">
        <ele>4119.5</ele>
        <time>2026-08-05T15:57:39Z</time>
        <hdop>31.6</hdop>
        <extensions>
          <osmand:speed>172.6</osmand:speed>
        </extensions>
      </trkpt>
      <trkpt lat="49.7544505" lon="9.5939995">
        <ele>4072.6</ele>
        <time>2026-08-05T15:57:45Z</time>
        <hdop>28.1</hdop>
        <extensions>
          <osmand:speed>173</osmand:speed>
        </extensions>
      </trkpt>
      <trkpt lat="49.759745" lon="9.5821493">
        <ele>4031.6</ele>
        <time>2026-08-05T15:57:51Z</time>
        <hdop>24.5</hdop>
        <extensions>
          <osmand:speed>173.5</osmand:speed>
        </extensions>
      </trkpt>
      <trkpt lat="49.8275467" lon="9.5221909">
        <ele>3654.6</ele>
        <time>2026-08-05T15:58:41Z</time>
        <hdop>25</hdop>
        <extensions>
          <osmand:speed>175.3</osmand:speed>
        </extensions>
      </trkpt>
      <trkpt lat="49.8363048" lon="9.5167428">
        <ele>3599.6</ele>
        <time>2026-08-05T15:58:47Z</time>
        <hdop>11.7</hdop>
        <extensions>
          <osmand:speed>174.6</osmand:speed>
        </extensions>
      </trkpt>
      <trkpt lat="49.844992" lon="9.5113044">
        <ele>3563.6</ele>
        <time>2026-08-05T15:58:53Z</time>
        <hdop>10.2</hdop>
        <extensions>
          <osmand:speed>172.9</osmand:speed>
        </extensions>
      </trkpt>
      <trkpt lat="49.8535735" lon="9.5059409">
        <ele>3542.6</ele>
        <time>2026-08-05T15:58:59Z</time>
        <hdop>8.7</hdop>
        <extensions>
          <osmand:speed>170.4</osmand:speed>
        </extensions>
      </trkpt>
      <trkpt lat="49.8620265" lon="9.5006199">
        <ele>3532.6</ele>
        <time>2026-08-05T15:59:05Z</time>
        <hdop>6.6</hdop>
        <extensions>
          <osmand:speed>167.2</osmand:speed>
        </extensions>
      </trkpt>
      <trkpt lat="49.8703151" lon="9.4954642">
        <ele>3520.6</ele>
        <time>2026-08-05T15:59:11Z</time>
        <hdop>8.2</hdop>
        <extensions>
          <osmand:speed>164.3</osmand:speed>
        </extensions>
      </trkpt>
      <trkpt lat="49.8784793" lon="9.4903923">
        <ele>3498.6</ele>
        <time>2026-08-05T15:59:17Z</time>
        <hdop>8.7</hdop>
        <extensions>
          <osmand:speed>162.3</osmand:speed>
        </extensions>
      </trkpt>
      <trkpt lat="49.8865486" lon="9.485334">
        <ele>3476.6</ele>
        <time>2026-08-05T15:59:23Z</time>
        <hdop>6.1</hdop>
        <extensions>
          <osmand:speed>160.5</osmand:speed>
        </extensions>
      </trkpt>
      <trkpt lat="49.8945391" lon="9.4803295">
        <ele>3455.6</ele>
        <time>2026-08-05T15:59:29Z</time>
        <hdop>6.1</hdop>
        <extensions>
          <osmand:speed>158.5</osmand:speed>
        </extensions>
      </trkpt>
      <trkpt lat="49.9024164" lon="9.4754237">
        <ele>3431.6</ele>
        <time>2026-08-05T15:59:35Z</time>
        <hdop>6.6</hdop>
        <extensions>
          <osmand:speed>157</osmand:speed>
        </extensions>
      </trkpt>
      <trkpt lat="49.9102532" lon="9.4706883">
        <ele>3402.6</ele>
        <time>2026-08-05T15:59:41Z</time>
        <hdop>5.1</hdop>
        <extensions>
          <osmand:speed>155.9</osmand:speed>
        </extensions>
      </trkpt>
      <trkpt lat="49.9180575" lon="9.4659449">
        <ele>3361.6</ele>
        <time>2026-08-05T15:59:47Z</time>
        <hdop>4.6</hdop>
        <extensions>
          <osmand:speed>155</osmand:speed>
        </extensions>
      </trkpt>
      <trkpt lat="49.9258417" lon="9.461282">
        <ele>3314.6</ele>
        <time>2026-08-05T15:59:53Z</time>
        <hdop>4.1</hdop>
        <extensions>
          <osmand:speed>154.6</osmand:speed>
        </extensions>
      </trkpt>
      <trkpt lat="49.933625" lon="9.456674">
        <ele>3258.6</ele>
        <time>2026-08-05T15:59:59Z</time>
        <hdop>4.6</hdop>
        <extensions>
          <osmand:speed>154.6</osmand:speed>
        </extensions>
      </trkpt>
      <trkpt lat="49.9414105" lon="9.4520777">
        <ele>3201.6</ele>
        <time>2026-08-05T16:00:05Z</time>
        <hdop>4.1</hdop>
        <extensions>
          <osmand:speed>154.6</osmand:speed>
        </extensions>
      </trkpt>
      <trkpt lat="49.9491897" lon="9.4474524">
        <ele>3152.6</ele>
        <time>2026-08-05T16:00:11Z</time>
        <hdop>3.6</hdop>
        <extensions>
          <osmand:speed>154.3</osmand:speed>
        </extensions>
      </trkpt>
      <trkpt lat="49.9569384" lon="9.4428273">
        <ele>3107.6</ele>
        <time>2026-08-05T16:00:17Z</time>
        <hdop>3.6</hdop>
        <extensions>
          <osmand:speed>153.8</osmand:speed>
        </extensions>
      </trkpt>
      <trkpt lat="49.9646528" lon="9.4381967">
        <ele>3068.6</ele>
        <time>2026-08-05T16:00:23Z</time>
        <hdop>4.1</hdop>
        <extensions>
          <osmand:speed>153</osmand:speed>
        </extensions>
      </trkpt>
      <trkpt lat="49.9723132" lon="9.4335625">
        <ele>3033.6</ele>
        <time>2026-08-05T16:00:29Z</time>
        <hdop>4.6</hdop>
        <extensions>
          <osmand:speed>152.1</osmand:speed>
        </extensions>
      </trkpt>
      <trkpt lat="49.9799406" lon="9.428935">
        <ele>2990.6</ele>
        <time>2026-08-05T16:00:35Z</time>
        <hdop>4.6</hdop>
        <extensions>
          <osmand:speed>151.8</osmand:speed>
        </extensions>
      </trkpt>
      <trkpt lat="49.9875595" lon="9.4243017">
        <ele>2945.6</ele>
        <time>2026-08-05T16:00:41Z</time>
        <hdop>4.1</hdop>
        <extensions>
          <osmand:speed>151.6</osmand:speed>
        </extensions>
      </trkpt>
      <trkpt lat="49.9951738" lon="9.4196127">
        <ele>2884.6</ele>
        <time>2026-08-05T16:00:47Z</time>
        <hdop>4.6</hdop>
        <extensions>
          <osmand:speed>152.1</osmand:speed>
        </extensions>
      </trkpt>
      <trkpt lat="50.0027957" lon="9.4148467">
        <ele>2827.7</ele>
        <time>2026-08-05T16:00:53Z</time>
        <hdop>4.1</hdop>
        <extensions>
          <osmand:speed>152.5</osmand:speed>
        </extensions>
      </trkpt>
      <trkpt lat="50.0103813" lon="9.4100113">
        <ele>2786.7</ele>
        <time>2026-08-05T16:00:59Z</time>
        <hdop>4.1</hdop>
        <extensions>
          <osmand:speed>151.5</osmand:speed>
        </extensions>
      </trkpt>
      <trkpt lat="50.0178943" lon="9.4051778">
        <ele>2755.7</ele>
        <time>2026-08-05T16:01:05Z</time>
        <hdop>4.6</hdop>
        <extensions>
          <osmand:speed>150</osmand:speed>
        </extensions>
      </trkpt>
      <trkpt lat="50.0253413" lon="9.4003569">
        <ele>2728.7</ele>
        <time>2026-08-05T16:01:11Z</time>
        <hdop>3.1</hdop>
        <extensions>
          <osmand:speed>149.1</osmand:speed>
        </extensions>
      </trkpt>
      <trkpt lat="50.0327496" lon="9.3955338">
        <ele>2699.7</ele>
        <time>2026-08-05T16:01:17Z</time>
        <hdop>3.1</hdop>
        <extensions>
          <osmand:speed>148.8</osmand:speed>
        </extensions>
      </trkpt>
      <trkpt lat="50.0401631" lon="9.3907116">
        <ele>2668.7</ele>
        <time>2026-08-05T16:01:23Z</time>
        <hdop>3.1</hdop>
        <extensions>
          <osmand:speed>149</osmand:speed>
        </extensions>
      </trkpt>
      <trkpt lat="50.0475328" lon="9.3857585">
        <ele>2637.7</ele>
        <time>2026-08-05T16:01:29Z</time>
        <hdop>2.6</hdop>
        <extensions>
          <osmand:speed>148.5</osmand:speed>
        </extensions>
      </trkpt>
      <trkpt lat="50.0545897" lon="9.3800685">
        <ele>2596.7</ele>
        <time>2026-08-05T16:01:35Z</time>
        <hdop>11.2</hdop>
        <extensions>
          <osmand:speed>146.9</osmand:speed>
        </extensions>
      </trkpt>
      <trkpt lat="50.0612622" lon="9.3734733">
        <ele>2563.7</ele>
        <time>2026-08-05T16:01:41Z</time>
        <hdop>10.2</hdop>
        <extensions>
          <osmand:speed>146.6</osmand:speed>
        </extensions>
      </trkpt>
      <trkpt lat="50.0676743" lon="9.3662561">
        <ele>2529.7</ele>
        <time>2026-08-05T16:01:47Z</time>
        <hdop>10.2</hdop>
        <extensions>
          <osmand:speed>146.3</osmand:speed>
        </extensions>
      </trkpt>
      <trkpt lat="50.0739823" lon="9.3588385">
        <ele>2496.7</ele>
        <time>2026-08-05T16:01:53Z</time>
        <hdop>10.7</hdop>
        <extensions>
          <osmand:speed>145.5</osmand:speed>
        </extensions>
      </trkpt>
      <trkpt lat="50.0801868" lon="9.3514931">
        <ele>2462.7</ele>
        <time>2026-08-05T16:01:59Z</time>
        <hdop>8.7</hdop>
        <extensions>
          <osmand:speed>144.1</osmand:speed>
        </extensions>
      </trkpt>
      <trkpt lat="50.0863184" lon="9.3442194">
        <ele>2442.7</ele>
        <time>2026-08-05T16:02:05Z</time>
        <hdop>8.2</hdop>
        <extensions>
          <osmand:speed>141.8</osmand:speed>
        </extensions>
      </trkpt>
      <trkpt lat="50.0923386" lon="9.3370369">
        <ele>2425.7</ele>
        <time>2026-08-05T16:02:11Z</time>
        <hdop>7.7</hdop>
        <extensions>
          <osmand:speed>139.6</osmand:speed>
        </extensions>
      </trkpt>
      <trkpt lat="50.0982614" lon="9.3299429">
        <ele>2401.7</ele>
        <time>2026-08-05T16:02:17Z</time>
        <hdop>7.7</hdop>
        <extensions>
          <osmand:speed>137.5</osmand:speed>
        </extensions>
      </trkpt>
      <trkpt lat="50.1040505" lon="9.3229044">
        <ele>2384.7</ele>
        <time>2026-08-05T16:02:23Z</time>
        <hdop>6.6</hdop>
        <extensions>
          <osmand:speed>135.6</osmand:speed>
        </extensions>
      </trkpt>
      <trkpt lat="50.1097585" lon="9.3159561">
        <ele>2368.7</ele>
        <time>2026-08-05T16:02:29Z</time>
        <hdop>7.7</hdop>
        <extensions>
          <osmand:speed>133.4</osmand:speed>
        </extensions>
      </trkpt>
      <trkpt lat="50.1153618" lon="9.3091122">
        <ele>2352.7</ele>
        <time>2026-08-05T16:02:35Z</time>
        <hdop>6.1</hdop>
        <extensions>
          <osmand:speed>131.6</osmand:speed>
        </extensions>
      </trkpt>
      <trkpt lat="50.1208851" lon="9.30232">
        <ele>2332.7</ele>
        <time>2026-08-05T16:02:41Z</time>
        <hdop>5.6</hdop>
        <extensions>
          <osmand:speed>129.7</osmand:speed>
        </extensions>
      </trkpt>
      <trkpt lat="50.1263238" lon="9.2955724">
        <ele>2308.7</ele>
        <time>2026-08-05T16:02:47Z</time>
        <hdop>5.6</hdop>
        <extensions>
          <osmand:speed>128.2</osmand:speed>
        </extensions>
      </trkpt>
      <trkpt lat="50.1314318" lon="9.2884783">
        <ele>2275.7</ele>
        <time>2026-08-05T16:02:53Z</time>
        <hdop>5.1</hdop>
        <extensions>
          <osmand:speed>126.3</osmand:speed>
        </extensions>
      </trkpt>
      <trkpt lat="50.13566" lon="9.2803215">
        <ele>2238.7</ele>
        <time>2026-08-05T16:02:59Z</time>
        <hdop>3.6</hdop>
        <extensions>
          <osmand:speed>124.2</osmand:speed>
        </extensions>
      </trkpt>
      <trkpt lat="50.1387184" lon="9.2711789">
        <ele>2200.7</ele>
        <time>2026-08-05T16:03:05Z</time>
        <hdop>3.6</hdop>
        <extensions>
          <osmand:speed>122</osmand:speed>
        </extensions>
      </trkpt>
      <trkpt lat="50.1408611" lon="9.2615814">
        <ele>2170.7</ele>
        <time>2026-08-05T16:03:11Z</time>
        <hdop>4.6</hdop>
        <extensions>
          <osmand:speed>120.1</osmand:speed>
        </extensions>
      </trkpt>
      <trkpt lat="50.1426379" lon="9.2519283">
        <ele>2147.7</ele>
        <time>2026-08-05T16:03:17Z</time>
        <hdop>5.1</hdop>
        <extensions>
          <osmand:speed>119.3</osmand:speed>
        </extensions>
      </trkpt>
      <trkpt lat="50.1442956" lon="9.2422784">
        <ele>2120.8</ele>
        <time>2026-08-05T16:03:23Z</time>
        <hdop>6.1</hdop>
        <extensions>
          <osmand:speed>119.2</osmand:speed>
        </extensions>
      </trkpt>
      <trkpt lat="50.1459463" lon="9.2325998">
        <ele>2085.8</ele>
        <time>2026-08-05T16:03:29Z</time>
        <hdop>5.1</hdop>
        <extensions>
          <osmand:speed>119.4</osmand:speed>
        </extensions>
      </trkpt>
      <trkpt lat="50.1476373" lon="9.2229191">
        <ele>2049.8</ele>
        <time>2026-08-05T16:03:35Z</time>
        <hdop>5.6</hdop>
        <extensions>
          <osmand:speed>119.5</osmand:speed>
        </extensions>
      </trkpt>
      <trkpt lat="50.149364" lon="9.2132803">
        <ele>2023.8</ele>
        <time>2026-08-05T16:03:41Z</time>
        <hdop>5.1</hdop>
        <extensions>
          <osmand:speed>118.8</osmand:speed>
        </extensions>
      </trkpt>
      <trkpt lat="50.1511173" lon="9.2037125">
        <ele>2011.8</ele>
        <time>2026-08-05T16:03:47Z</time>
        <hdop>5.1</hdop>
        <extensions>
          <osmand:speed>118.2</osmand:speed>
        </extensions>
      </trkpt>
      <trkpt lat="50.1528972" lon="9.1941723">
        <ele>1998.8</ele>
        <time>2026-08-05T16:03:53Z</time>
        <hdop>6.1</hdop>
        <extensions>
          <osmand:speed>118.4</osmand:speed>
        </extensions>
      </trkpt>
      <trkpt lat="50.1546886" lon="9.1846245">
        <ele>1980.8</ele>
        <time>2026-08-05T16:03:59Z</time>
        <hdop>5.1</hdop>
        <extensions>
          <osmand:speed>118.5</osmand:speed>
        </extensions>
      </trkpt>
      <trkpt lat="50.1565052" lon="9.1750807">
        <ele>1962.8</ele>
        <time>2026-08-05T16:04:05Z</time>
        <hdop>6.1</hdop>
        <extensions>
          <osmand:speed>118.5</osmand:speed>
        </extensions>
      </trkpt>
      <trkpt lat="50.1583385" lon="9.1655325">
        <ele>1947.8</ele>
        <time>2026-08-05T16:04:11Z</time>
        <hdop>4.6</hdop>
        <extensions>
          <osmand:speed>118.8</osmand:speed>
        </extensions>
      </trkpt>
      <trkpt lat="50.1601245" lon="9.1559688">
        <ele>1930.8</ele>
        <time>2026-08-05T16:04:17Z</time>
        <hdop>5.1</hdop>
        <extensions>
          <osmand:speed>118.7</osmand:speed>
        </extensions>
      </trkpt>
      <trkpt lat="50.1618115" lon="9.1463541">
        <ele>1912.8</ele>
        <time>2026-08-05T16:04:23Z</time>
        <hdop>5.6</hdop>
        <extensions>
          <osmand:speed>118.6</osmand:speed>
        </extensions>
      </trkpt>
      <trkpt lat="50.1634396" lon="9.1366912">
        <ele>1898.8</ele>
        <time>2026-08-05T16:04:29Z</time>
        <hdop>6.1</hdop>
        <extensions>
          <osmand:speed>119.8</osmand:speed>
        </extensions>
      </trkpt>
      <trkpt lat="50.1651004" lon="9.1268721">
        <ele>1881.8</ele>
        <time>2026-08-05T16:04:35Z</time>
        <hdop>6.1</hdop>
        <extensions>
          <osmand:speed>121.8</osmand:speed>
        </extensions>
      </trkpt>
      <trkpt lat="50.1667867" lon="9.116939">
        <ele>1860.8</ele>
        <time>2026-08-05T16:04:41Z</time>
        <hdop>4.6</hdop>
        <extensions>
          <osmand:speed>122.8</osmand:speed>
        </extensions>
      </trkpt>
      <trkpt lat="50.1684568" lon="9.1069625">
        <ele>1843.8</ele>
        <time>2026-08-05T16:04:47Z</time>
        <hdop>3.1</hdop>
        <extensions>
          <osmand:speed>121.3</osmand:speed>
        </extensions>
      </trkpt>
      <trkpt lat="50.1694785" lon="9.0968543">
        <ele>1819.8</ele>
        <time>2026-08-05T16:04:53Z</time>
        <hdop>3.1</hdop>
        <extensions>
          <osmand:speed>120.4</osmand:speed>
        </extensions>
      </trkpt>
      <trkpt lat="50.1695734" lon="9.0868239">
        <ele>1802.8</ele>
        <time>2026-08-05T16:04:59Z</time>
        <hdop>3.1</hdop>
        <extensions>
          <osmand:speed>118.4</osmand:speed>
        </extensions>
      </trkpt>
      <trkpt lat="50.1691082" lon="9.0769151">
        <ele>1789.8</ele>
        <time>2026-08-05T16:05:05Z</time>
        <hdop>3.6</hdop>
        <extensions>
          <osmand:speed>118.1</osmand:speed>
        </extensions>
      </trkpt>
      <trkpt lat="50.1682792" lon="9.0670721">
        <ele>1780.8</ele>
        <time>2026-08-05T16:05:11Z</time>
        <hdop>4.6</hdop>
        <extensions>
          <osmand:speed>118.3</osmand:speed>
        </extensions>
      </trkpt>
      <trkpt lat="50.1671832" lon="9.0573062">
        <ele>1766.8</ele>
        <time>2026-08-05T16:05:17Z</time>
        <hdop>4.6</hdop>
        <extensions>
          <osmand:speed>117.8</osmand:speed>
        </extensions>
      </trkpt>
      <trkpt lat="50.1657954" lon="9.0477116">
        <ele>1753.8</ele>
        <time>2026-08-05T16:05:23Z</time>
        <hdop>3.6</hdop>
        <extensions>
          <osmand:speed>116.3</osmand:speed>
        </extensions>
      </trkpt>
      <trkpt lat="50.1641867" lon="9.0383107">
        <ele>1738.8</ele>
        <time>2026-08-05T16:05:29Z</time>
        <hdop>5.6</hdop>
        <extensions>
          <osmand:speed>115.5</osmand:speed>
        </extensions>
      </trkpt>
      <trkpt lat="50.1624593" lon="9.0290261">
        <ele>1721.8</ele>
        <time>2026-08-05T16:05:35Z</time>
        <hdop>4.6</hdop>
        <extensions>
          <osmand:speed>114.6</osmand:speed>
        </extensions>
      </trkpt>
      <trkpt lat="50.1606148" lon="9.0198485">
        <ele>1702.8</ele>
        <time>2026-08-05T16:05:41Z</time>
        <hdop>4.6</hdop>
        <extensions>
          <osmand:speed>114.3</osmand:speed>
        </extensions>
      </trkpt>
      <trkpt lat="50.1586939" lon="9.0107381">
        <ele>1687.8</ele>
        <time>2026-08-05T16:05:47Z</time>
        <hdop>4.1</hdop>
        <extensions>
          <osmand:speed>114.2</osmand:speed>
        </extensions>
      </trkpt>
      <trkpt lat="50.1566689" lon="9.0016668">
        <ele>1676.8</ele>
        <time>2026-08-05T16:05:53Z</time>
        <hdop>4.1</hdop>
        <extensions>
          <osmand:speed>114.8</osmand:speed>
        </extensions>
      </trkpt>
      <trkpt lat="50.1545805" lon="8.9925665">
        <ele>1662.8</ele>
        <time>2026-08-05T16:05:59Z</time>
        <hdop>4.1</hdop>
        <extensions>
          <osmand:speed>115.5</osmand:speed>
        </extensions>
      </trkpt>
      <trkpt lat="50.152432" lon="8.9834433">
        <ele>1647.8</ele>
        <time>2026-08-05T16:06:05Z</time>
        <hdop>3.6</hdop>
        <extensions>
          <osmand:speed>115.9</osmand:speed>
        </extensions>
      </trkpt>
      <trkpt lat="50.1502694" lon="8.9742394">
        <ele>1629.8</ele>
        <time>2026-08-05T16:06:11Z</time>
        <hdop>3.1</hdop>
        <extensions>
          <osmand:speed>117</osmand:speed>
        </extensions>
      </trkpt>
      <trkpt lat="50.148061" lon="8.9650211">
        <ele>1611.8</ele>
        <time>2026-08-05T16:06:17Z</time>
        <hdop>11.2</hdop>
        <extensions>
          <osmand:speed>116</osmand:speed>
        </extensions>
      </trkpt>
      <trkpt lat="50.1459043" lon="8.9559498">
        <ele>1606.8</ele>
        <time>2026-08-05T16:06:23Z</time>
        <hdop>11.2</hdop>
        <extensions>
          <osmand:speed>115.1</osmand:speed>
        </extensions>
      </trkpt>
      <trkpt lat="50.1438006" lon="8.9469603">
        <ele>1602.8</ele>
        <time>2026-08-05T16:06:29Z</time>
        <hdop>13.3</hdop>
        <extensions>
          <osmand:speed>112.8</osmand:speed>
        </extensions>
      </trkpt>
      <trkpt lat="50.1417287" lon="8.9381388">
        <ele>1604.8</ele>
        <time>2026-08-05T16:06:35Z</time>
        <hdop>12.8</hdop>
        <extensions>
          <osmand:speed>111.4</osmand:speed>
        </extensions>
      </trkpt>
      <trkpt lat="50.1396537" lon="8.9293018">
        <ele>1603.8</ele>
        <time>2026-08-05T16:06:41Z</time>
        <hdop>11.2</hdop>
        <extensions>
          <osmand:speed>112.2</osmand:speed>
        </extensions>
      </trkpt>
      <trkpt lat="50.1375755" lon="8.9204939">
        <ele>1603.8</ele>
        <time>2026-08-05T16:06:47Z</time>
        <hdop>15.3</hdop>
        <extensions>
          <osmand:speed>111.1</osmand:speed>
        </extensions>
      </trkpt>
      <trkpt lat="50.1355248" lon="8.9118504">
        <ele>1600.8</ele>
        <time>2026-08-05T16:06:53Z</time>
        <hdop>15.8</hdop>
        <extensions>
          <osmand:speed>108</osmand:speed>
        </extensions>
      </trkpt>
      <trkpt lat="50.1335279" lon="8.9034222">
        <ele>1604.8</ele>
        <time>2026-08-05T16:06:59Z</time>
        <hdop>16.3</hdop>
        <extensions>
          <osmand:speed>106.1</osmand:speed>
        </extensions>
      </trkpt>
      <trkpt lat="50.1315822" lon="8.8951753">
        <ele>1607.8</ele>
        <time>2026-08-05T16:07:05Z</time>
        <hdop>21.4</hdop>
        <extensions>
          <osmand:speed>103.8</osmand:speed>
        </extensions>
      </trkpt>
      <trkpt lat="50.129639" lon="8.8870395">
        <ele>1607.8</ele>
        <time>2026-08-05T16:07:11Z</time>
        <hdop>22.4</hdop>
        <extensions>
          <osmand:speed>102.4</osmand:speed>
        </extensions>
      </trkpt>
      <trkpt lat="50.1278155" lon="8.8790048">
        <ele>1604.8</ele>
        <time>2026-08-05T16:07:17Z</time>
        <hdop>21.9</hdop>
        <extensions>
          <osmand:speed>100.5</osmand:speed>
        </extensions>
      </trkpt>
      <trkpt lat="50.1260598" lon="8.8712829">
        <ele>1600.8</ele>
        <time>2026-08-05T16:07:23Z</time>
        <hdop>21.9</hdop>
        <extensions>
          <osmand:speed>96.3</osmand:speed>
        </extensions>
      </trkpt>
      <trkpt lat="50.1243335" lon="8.8637919">
        <ele>1584.8</ele>
        <time>2026-08-05T16:07:29Z</time>
        <hdop>25</hdop>
        <extensions>
          <osmand:speed>94</osmand:speed>
        </extensions>
      </trkpt>
      <trkpt lat="50.1226468" lon="8.8564157">
        <ele>1564.8</ele>
        <time>2026-08-05T16:07:35Z</time>
        <hdop>25</hdop>
        <extensions>
          <osmand:speed>92.8</osmand:speed>
        </extensions>
      </trkpt>
      <trkpt lat="50.1209962" lon="8.84908">
        <ele>1542.8</ele>
        <time>2026-08-05T16:07:41Z</time>
        <hdop>38.3</hdop>
        <extensions>
          <osmand:speed>92.9</osmand:speed>
        </extensions>
      </trkpt>
      <trkpt lat="50.1192951" lon="8.8417534">
        <ele>1505.8</ele>
        <time>2026-08-05T16:07:47Z</time>
        <hdop>30.1</hdop>
        <extensions>
          <osmand:speed>92.2</osmand:speed>
        </extensions>
      </trkpt>
      <trkpt lat="50.1175469" lon="8.8345169">
        <ele>1471.8</ele>
        <time>2026-08-05T16:07:53Z</time>
        <hdop>24.5</hdop>
        <extensions>
          <osmand:speed>91.4</osmand:speed>
        </extensions>
      </trkpt>
      <trkpt lat="50.1158613" lon="8.827353">
        <ele>1443.8</ele>
        <time>2026-08-05T16:07:59Z</time>
        <hdop>24</hdop>
        <extensions>
          <osmand:speed>90.7</osmand:speed>
        </extensions>
      </trkpt>
      <trkpt lat="50.1141229" lon="8.820193">
        <ele>1406.8</ele>
        <time>2026-08-05T16:08:05Z</time>
        <hdop>23</hdop>
        <extensions>
          <osmand:speed>91.5</osmand:speed>
        </extensions>
      </trkpt>
      <trkpt lat="50.1123899" lon="8.8129856">
        <ele>1366.8</ele>
        <time>2026-08-05T16:08:11Z</time>
        <hdop>22.4</hdop>
        <extensions>
          <osmand:speed>92.2</osmand:speed>
        </extensions>
      </trkpt>
      <trkpt lat="50.1106045" lon="8.8057047">
        <ele>1327.8</ele>
        <time>2026-08-05T16:08:17Z</time>
        <hdop>6.6</hdop>
        <extensions>
          <osmand:speed>92.8</osmand:speed>
        </extensions>
      </trkpt>
      <trkpt lat="50.10886" lon="8.7983971">
        <ele>1288.8</ele>
        <time>2026-08-05T16:08:23Z</time>
        <hdop>5.6</hdop>
        <extensions>
          <osmand:speed>93</osmand:speed>
        </extensions>
      </trkpt>
      <trkpt lat="50.107165" lon="8.791083">
        <ele>1251.8</ele>
        <time>2026-08-05T16:08:29Z</time>
        <hdop>6.6</hdop>
        <extensions>
          <osmand:speed>93</osmand:speed>
        </extensions>
      </trkpt>
      <trkpt lat="50.1054328" lon="8.7837307">
        <ele>1218.8</ele>
        <time>2026-08-05T16:08:35Z</time>
        <hdop>6.1</hdop>
        <extensions>
          <osmand:speed>94</osmand:speed>
        </extensions>
      </trkpt>
      <trkpt lat="50.1036655" lon="8.776335">
        <ele>1180.8</ele>
        <time>2026-08-05T16:08:41Z</time>
        <hdop>5.6</hdop>
        <extensions>
          <osmand:speed>94.8</osmand:speed>
        </extensions>
      </trkpt>
      <trkpt lat="50.1019436" lon="8.7688572">
        <ele>1146.8</ele>
        <time>2026-08-05T16:08:47Z</time>
        <hdop>5.6</hdop>
        <extensions>
          <osmand:speed>95.4</osmand:speed>
        </extensions>
      </trkpt>
      <trkpt lat="50.1000969" lon="8.7613202">
        <ele>1108.8</ele>
        <time>2026-08-05T16:08:53Z</time>
        <hdop>4.6</hdop>
        <extensions>
          <osmand:speed>96.5</osmand:speed>
        </extensions>
      </trkpt>
      <trkpt lat="50.0982564" lon="8.7537135">
        <ele>1069.8</ele>
        <time>2026-08-05T16:08:59Z</time>
        <hdop>4.6</hdop>
        <extensions>
          <osmand:speed>97.6</osmand:speed>
        </extensions>
      </trkpt>
      <trkpt lat="50.0965337" lon="8.7460152">
        <ele>1039.7</ele>
        <time>2026-08-05T16:09:05Z</time>
        <hdop>12.2</hdop>
        <extensions>
          <osmand:speed>98.1</osmand:speed>
        </extensions>
      </trkpt>
      <trkpt lat="50.094701" lon="8.738332">
        <ele>1003.7</ele>
        <time>2026-08-05T16:09:11Z</time>
        <hdop>12.2</hdop>
        <extensions>
          <osmand:speed>97.2</osmand:speed>
        </extensions>
      </trkpt>
      <trkpt lat="50.0928628" lon="8.7307597">
        <ele>972.7</ele>
        <time>2026-08-05T16:09:17Z</time>
        <hdop>11.2</hdop>
        <extensions>
          <osmand:speed>95.1</osmand:speed>
        </extensions>
      </trkpt>
      <trkpt lat="50.0910747" lon="8.7233545">
        <ele>944.7</ele>
        <time>2026-08-05T16:09:23Z</time>
        <hdop>8.2</hdop>
        <extensions>
          <osmand:speed>92.8</osmand:speed>
        </extensions>
      </trkpt>
      <trkpt lat="50.0893347" lon="8.716159">
        <ele>915.7</ele>
        <time>2026-08-05T16:09:29Z</time>
        <hdop>5.1</hdop>
        <extensions>
          <osmand:speed>90.8</osmand:speed>
        </extensions>
      </trkpt>
      <trkpt lat="50.0876553" lon="8.7091024">
        <ele>889.7</ele>
        <time>2026-08-05T16:09:35Z</time>
        <hdop>6.6</hdop>
        <extensions>
          <osmand:speed>88.7</osmand:speed>
        </extensions>
      </trkpt>
      <trkpt lat="50.086048" lon="8.7021811">
        <ele>872.7</ele>
        <time>2026-08-05T16:09:41Z</time>
        <hdop>11.7</hdop>
        <extensions>
          <osmand:speed>87</osmand:speed>
        </extensions>
      </trkpt>
      <trkpt lat="50.0844884" lon="8.6953378">
        <ele>844.7</ele>
        <time>2026-08-05T16:09:47Z</time>
        <hdop>20.4</hdop>
        <extensions>
          <osmand:speed>86.6</osmand:speed>
        </extensions>
      </trkpt>
      <trkpt lat="50.0828181" lon="8.6885763">
        <ele>812.7</ele>
        <time>2026-08-05T16:09:53Z</time>
        <hdop>21.4</hdop>
        <extensions>
          <osmand:speed>85.7</osmand:speed>
        </extensions>
      </trkpt>
      <trkpt lat="50.0812312" lon="8.6819383">
        <ele>775.7</ele>
        <time>2026-08-05T16:09:59Z</time>
        <hdop>25.5</hdop>
        <extensions>
          <osmand:speed>84.2</osmand:speed>
        </extensions>
      </trkpt>
      <trkpt lat="50.0797043" lon="8.6754239">
        <ele>750.7</ele>
        <time>2026-08-05T16:10:05Z</time>
        <hdop>18.9</hdop>
        <extensions>
          <osmand:speed>82</osmand:speed>
        </extensions>
      </trkpt>
      <trkpt lat="50.0781949" lon="8.6690428">
        <ele>724.7</ele>
        <time>2026-08-05T16:10:11Z</time>
        <hdop>19.9</hdop>
        <extensions>
          <osmand:speed>80.8</osmand:speed>
        </extensions>
      </trkpt>
      <trkpt lat="50.0766713" lon="8.6627434">
        <ele>694.7</ele>
        <time>2026-08-05T16:10:17Z</time>
        <hdop>21.9</hdop>
        <extensions>
          <osmand:speed>79.9</osmand:speed>
        </extensions>
      </trkpt>
      <trkpt lat="50.0752545" lon="8.6564774">
        <ele>664.7</ele>
        <time>2026-08-05T16:10:23Z</time>
        <hdop>20.4</hdop>
        <extensions>
          <osmand:speed>78</osmand:speed>
        </extensions>
      </trkpt>
      <trkpt lat="50.0738064" lon="8.6504479">
        <ele>640.7</ele>
        <time>2026-08-05T16:10:29Z</time>
        <hdop>24.5</hdop>
        <extensions>
          <osmand:speed>75.6</osmand:speed>
        </extensions>
      </trkpt>
      <trkpt lat="50.0723673" lon="8.6446297">
        <ele>606.7</ele>
        <time>2026-08-05T16:10:35Z</time>
        <hdop>7.7</hdop>
        <extensions>
          <osmand:speed>72.6</osmand:speed>
        </extensions>
      </trkpt>
      <trkpt lat="50.0710286" lon="8.6390331">
        <ele>590.7</ele>
        <time>2026-08-05T16:10:41Z</time>
        <hdop>5.6</hdop>
        <extensions>
          <osmand:speed>70</osmand:speed>
        </extensions>
      </trkpt>
      <trkpt lat="50.0695018" lon="8.6326171">
        <ele>564.7</ele>
        <time>2026-08-05T16:10:48Z</time>
        <hdop>7.7</hdop>
        <extensions>
          <osmand:speed>70.7</osmand:speed>
        </extensions>
      </trkpt>
      <trkpt lat="50.068166" lon="8.6270862">
        <ele>535.7</ele>
        <time>2026-08-05T16:10:54Z</time>
        <hdop>16.3</hdop>
        <extensions>
          <osmand:speed>71.3</osmand:speed>
        </extensions>
      </trkpt>
      <trkpt lat="50.0667496" lon="8.6214953">
        <ele>508.7</ele>
        <time>2026-08-05T16:11:00Z</time>
        <hdop>19.4</hdop>
        <extensions>
          <osmand:speed>71.7</osmand:speed>
        </extensions>
      </trkpt>
      <trkpt lat="50.0653904" lon="8.6158332">
        <ele>481.7</ele>
        <time>2026-08-05T16:11:06Z</time>
        <hdop>21.9</hdop>
        <extensions>
          <osmand:speed>72.2</osmand:speed>
        </extensions>
      </trkpt>
      <trkpt lat="50.0640989" lon="8.6101987">
        <ele>455.7</ele>
        <time>2026-08-05T16:11:12Z</time>
        <hdop>19.9</hdop>
        <extensions>
          <osmand:speed>70.4</osmand:speed>
        </extensions>
      </trkpt>
      <trkpt lat="50.0627835" lon="8.6047255">
        <ele>426.7</ele>
        <time>2026-08-05T16:11:18Z</time>
        <hdop>22.4</hdop>
        <extensions>
          <osmand:speed>69.3</osmand:speed>
        </extensions>
      </trkpt>
      <trkpt lat="50.0614973" lon="8.5993235">
        <ele>404.7</ele>
        <time>2026-08-05T16:11:24Z</time>
        <hdop>19.9</hdop>
        <extensions>
          <osmand:speed>68.7</osmand:speed>
        </extensions>
      </trkpt>
      <trkpt lat="50.0601987" lon="8.5939948">
        <ele>386.7</ele>
        <time>2026-08-05T16:11:30Z</time>
        <hdop>24.5</hdop>
        <extensions>
          <osmand:speed>67.9</osmand:speed>
        </extensions>
      </trkpt>
      <trkpt lat="50.0589028" lon="8.588688">
        <ele>358.7</ele>
        <time>2026-08-05T16:11:36Z</time>
        <hdop>17.9</hdop>
        <extensions>
          <osmand:speed>67.4</osmand:speed>
        </extensions>
      </trkpt>
      <trkpt lat="50.0576887" lon="8.5833532">
        <ele>342.7</ele>
        <time>2026-08-05T16:11:42Z</time>
        <hdop>20.4</hdop>
        <extensions>
          <osmand:speed>67.9</osmand:speed>
        </extensions>
      </trkpt>
      <trkpt lat="50.0563721" lon="8.577946">
        <ele>318.7</ele>
        <time>2026-08-05T16:11:48Z</time>
        <hdop>18.9</hdop>
        <extensions>
          <osmand:speed>69.8</osmand:speed>
        </extensions>
      </trkpt>
      <trkpt lat="50.0550625" lon="8.5724003">
        <ele>296.7</ele>
        <time>2026-08-05T16:11:54Z</time>
        <hdop>18.4</hdop>
        <extensions>
          <osmand:speed>71.4</osmand:speed>
        </extensions>
      </trkpt>
      <trkpt lat="50.0537597" lon="8.5667672">
        <ele>268.7</ele>
        <time>2026-08-05T16:12:00Z</time>
        <hdop>17.9</hdop>
        <extensions>
          <osmand:speed>70.9</osmand:speed>
        </extensions>
      </trkpt>
      <trkpt lat="50.0524229" lon="8.561312">
        <ele>243.7</ele>
        <time>2026-08-05T16:12:06Z</time>
        <hdop>17.9</hdop>
        <extensions>
          <osmand:speed>68.8</osmand:speed>
        </extensions>
      </trkpt>
      <trkpt lat="50.051113" lon="8.5559171">
        <ele>217.7</ele>
        <time>2026-08-05T16:12:12Z</time>
        <hdop>19.4</hdop>
        <extensions>
          <osmand:speed>68.6</osmand:speed>
        </extensions>
      </trkpt>
      <trkpt lat="50.0498424" lon="8.5505714">
        <ele>195.7</ele>
        <time>2026-08-05T16:12:18Z</time>
        <hdop>16.3</hdop>
        <extensions>
          <osmand:speed>68.2</osmand:speed>
        </extensions>
      </trkpt>
      <trkpt lat="50.0485578" lon="8.5452006">
        <ele>172.7</ele>
        <time>2026-08-05T16:12:24Z</time>
        <hdop>19.9</hdop>
        <extensions>
          <osmand:speed>69.2</osmand:speed>
        </extensions>
      </trkpt>
      <trkpt lat="50.0472456" lon="8.5397197">
        <ele>148.7</ele>
        <time>2026-08-05T16:12:30Z</time>
        <hdop>24.5</hdop>
        <extensions>
          <osmand:speed>69.9</osmand:speed>
        </extensions>
      </trkpt>
      <trkpt lat="50.0459061" lon="8.5342138">
        <ele>126.7</ele>
        <time>2026-08-05T16:12:36Z</time>
        <hdop>16.8</hdop>
        <extensions>
          <osmand:speed>70.5</osmand:speed>
        </extensions>
      </trkpt>
      <trkpt lat="50.0445817" lon="8.5286646">
        <ele>107.7</ele>
        <time>2026-08-05T16:12:42Z</time>
        <hdop>16.3</hdop>
        <extensions>
          <osmand:speed>70.3</osmand:speed>
        </extensions>
      </trkpt>
      <trkpt lat="50.0433244" lon="8.5232887">
        <ele>102.7</ele>
        <time>2026-08-05T16:12:48Z</time>
        <hdop>17.9</hdop>
        <extensions>
          <osmand:speed>65.1</osmand:speed>
        </extensions>
      </trkpt>
      <trkpt lat="50.0422043" lon="8.5187249">
        <ele>99.7</ele>
        <time>2026-08-05T16:12:54Z</time>
        <hdop>18.4</hdop>
        <extensions>
          <osmand:speed>53.1</osmand:speed>
        </extensions>
      </trkpt>
      <trkpt lat="50.0413651" lon="8.5150866">
        <ele>99.7</ele>
        <time>2026-08-05T16:13:00Z</time>
        <hdop>18.9</hdop>
        <extensions>
          <osmand:speed>40.1</osmand:speed>
        </extensions>
      </trkpt>
      <trkpt lat="50.0407704" lon="8.5125569">
        <ele>101.7</ele>
        <time>2026-08-05T16:13:06Z</time>
        <hdop>19.9</hdop>
        <extensions>
          <osmand:speed>24.4</osmand:speed>
        </extensions>
      </trkpt>
      <trkpt lat="50.0402006" lon="8.5109626">
        <ele>101.7</ele>
        <time>2026-08-05T16:13:12Z</time>
        <hdop>18.9</hdop>
        <extensions>
          <osmand:speed>21</osmand:speed>
        </extensions>
      </trkpt>
      <trkpt lat="50.0394506" lon="8.5096926">
        <ele>101.7</ele>
        <time>2026-08-05T16:13:18Z</time>
        <hdop>20.4</hdop>
        <extensions>
          <osmand:speed>19.7</osmand:speed>
        </extensions>
      </trkpt>
      <trkpt lat="50.0386592" lon="8.5088002">
        <ele>98.7</ele>
        <time>2026-08-05T16:13:24Z</time>
        <hdop>19.4</hdop>
        <extensions>
          <osmand:speed>16.2</osmand:speed>
        </extensions>
      </trkpt>
      <trkpt lat="50.0381848" lon="8.5083387">
        <ele>98.7</ele>
        <time>2026-08-05T16:13:30Z</time>
        <hdop>12.8</hdop>
        <extensions>
          <osmand:speed>8.8</osmand:speed>
        </extensions>
      </trkpt>
      <trkpt lat="50.0378281" lon="8.508588">
        <ele>100.7</ele>
        <time>2026-08-05T16:13:36Z</time>
        <hdop>13.3</hdop>
        <extensions>
          <osmand:speed>7.7</osmand:speed>
        </extensions>
      </trkpt>
      <trkpt lat="50.0377945" lon="8.5092553">
        <ele>105.7</ele>
        <time>2026-08-05T16:13:42Z</time>
        <hdop>11.2</hdop>
        <extensions>
          <osmand:speed>7.9</osmand:speed>
        </extensions>
      </trkpt>
      <trkpt lat="50.037962" lon="8.5098202">
        <ele>107.7</ele>
        <time>2026-08-05T16:13:48Z</time>
        <hdop>12.2</hdop>
        <extensions>
          <osmand:speed>7.6</osmand:speed>
        </extensions>
      </trkpt>
      <trkpt lat="50.0380755" lon="8.510433">
        <ele>108.7</ele>
        <time>2026-08-05T16:13:54Z</time>
        <hdop>18.4</hdop>
        <extensions>
          <osmand:speed>7.5</osmand:speed>
        </extensions>
      </trkpt>
      <trkpt lat="50.0382342" lon="8.5110682">
        <ele>105.7</ele>
        <time>2026-08-05T16:14:00Z</time>
        <hdop>25.5</hdop>
        <extensions>
          <osmand:speed>7.7</osmand:speed>
        </extensions>
      </trkpt>
      <trkpt lat="50.0383783" lon="8.5116731">
        <ele>105.7</ele>
        <time>2026-08-05T16:14:06Z</time>
        <hdop>17.3</hdop>
        <extensions>
          <osmand:speed>6.8</osmand:speed>
        </extensions>
      </trkpt>
      <trkpt lat="50.0385043" lon="8.5123735">
        <ele>104.7</ele>
        <time>2026-08-05T16:14:12Z</time>
        <hdop>17.3</hdop>
        <extensions>
          <osmand:speed>9.2</osmand:speed>
        </extensions>
      </trkpt>
      <trkpt lat="50.0386994" lon="8.5131156">
        <ele>102.7</ele>
        <time>2026-08-05T16:14:18Z</time>
        <hdop>12.8</hdop>
        <extensions>
          <osmand:speed>9.9</osmand:speed>
        </extensions>
      </trkpt>
      <trkpt lat="50.0389274" lon="8.5139711">
        <ele>101.7</ele>
        <time>2026-08-05T16:14:24Z</time>
        <hdop>13.8</hdop>
        <extensions>
          <osmand:speed>10.8</osmand:speed>
        </extensions>
      </trkpt>
      <trkpt lat="50.0391592" lon="8.5148897">
        <ele>98.7</ele>
        <time>2026-08-05T16:14:30Z</time>
        <hdop>12.8</hdop>
        <extensions>
          <osmand:speed>13.2</osmand:speed>
        </extensions>
      </trkpt>
      <trkpt lat="50.0394651" lon="8.5159071">
        <ele>96.7</ele>
        <time>2026-08-05T16:14:36Z</time>
        <hdop>19.4</hdop>
        <extensions>
          <osmand:speed>12.5</osmand:speed>
        </extensions>
      </trkpt>
      <trkpt lat="50.0396899" lon="8.516916">
        <ele>95.7</ele>
        <time>2026-08-05T16:14:42Z</time>
        <hdop>12.8</hdop>
        <extensions>
          <osmand:speed>13.1</osmand:speed>
        </extensions>
      </trkpt>
      <trkpt lat="50.0399237" lon="8.5179849">
        <ele>96.7</ele>
        <time>2026-08-05T16:14:48Z</time>
        <hdop>12.8</hdop>
        <extensions>
          <osmand:speed>13.6</osmand:speed>
        </extensions>
      </trkpt>
      <trkpt lat="50.0401658" lon="8.5190693">
        <ele>95.7</ele>
        <time>2026-08-05T16:14:54Z</time>
        <hdop>12.8</hdop>
        <extensions>
          <osmand:speed>14.4</osmand:speed>
        </extensions>
      </trkpt>
      <trkpt lat="50.0404405" lon="8.5201979">
        <ele>101.7</ele>
        <time>2026-08-05T16:15:00Z</time>
        <hdop>8.2</hdop>
        <extensions>
          <osmand:speed>14.6</osmand:speed>
        </extensions>
      </trkpt>
      <trkpt lat="50.040694" lon="8.521333">
        <ele>104.7</ele>
        <time>2026-08-05T16:15:06Z</time>
        <hdop>7.1</hdop>
        <extensions>
          <osmand:speed>14.5</osmand:speed>
        </extensions>
      </trkpt>
      <trkpt lat="50.0409636" lon="8.5224647">
        <ele>107.7</ele>
        <time>2026-08-05T16:15:12Z</time>
        <hdop>7.1</hdop>
        <extensions>
          <osmand:speed>14.3</osmand:speed>
        </extensions>
      </trkpt>
      <trkpt lat="50.0412373" lon="8.5235945">
        <ele>107.7</ele>
        <time>2026-08-05T16:15:18Z</time>
        <hdop>8.2</hdop>
        <extensions>
          <osmand:speed>14.4</osmand:speed>
        </extensions>
      </trkpt>
      <trkpt lat="50.0415146" lon="8.5246959">
        <ele>108.7</ele>
        <time>2026-08-05T16:15:24Z</time>
        <hdop>11.2</hdop>
        <extensions>
          <osmand:speed>14.3</osmand:speed>
        </extensions>
      </trkpt>
      <trkpt lat="50.0417962" lon="8.5258284">
        <ele>108.7</ele>
        <time>2026-08-05T16:15:30Z</time>
        <hdop>11.7</hdop>
        <extensions>
          <osmand:speed>14.3</osmand:speed>
        </extensions>
      </trkpt>
      <trkpt lat="50.042065" lon="8.5269714">
        <ele>106.7</ele>
        <time>2026-08-05T16:15:36Z</time>
        <hdop>11.2</hdop>
        <extensions>
          <osmand:speed>14.4</osmand:speed>
        </extensions>
      </trkpt>
      <trkpt lat="50.0423339" lon="8.5280995">
        <ele>104.7</ele>
        <time>2026-08-05T16:15:42Z</time>
        <hdop>12.8</hdop>
        <extensions>
          <osmand:speed>14.1</osmand:speed>
        </extensions>
      </trkpt>
      <trkpt lat="50.0426037" lon="8.5292252">
        <ele>103.7</ele>
        <time>2026-08-05T16:15:48Z</time>
        <hdop>10.2</hdop>
        <extensions>
          <osmand:speed>14</osmand:speed>
        </extensions>
      </trkpt>
      <trkpt lat="50.042868" lon="8.5303164">
        <ele>104.7</ele>
        <time>2026-08-05T16:15:54Z</time>
        <hdop>10.7</hdop>
        <extensions>
          <osmand:speed>14.1</osmand:speed>
        </extensions>
      </trkpt>
      <trkpt lat="50.0431151" lon="8.5314363">
        <ele>106.7</ele>
        <time>2026-08-05T16:16:00Z</time>
        <hdop>9.7</hdop>
        <extensions>
          <osmand:speed>14</osmand:speed>
        </extensions>
      </trkpt>
      <trkpt lat="50.043392" lon="8.5325105">
        <ele>108.7</ele>
        <time>2026-08-05T16:16:06Z</time>
        <hdop>10.2</hdop>
        <extensions>
          <osmand:speed>14</osmand:speed>
        </extensions>
      </trkpt>
      <trkpt lat="50.0436502" lon="8.5336101">
        <ele>110.7</ele>
        <time>2026-08-05T16:16:12Z</time>
        <hdop>8.2</hdop>
        <extensions>
          <osmand:speed>13.8</osmand:speed>
        </extensions>
      </trkpt>
      <trkpt lat="50.0438958" lon="8.5346821">
        <ele>113.7</ele>
        <time>2026-08-05T16:16:18Z</time>
        <hdop>7.7</hdop>
        <extensions>
          <osmand:speed>13.4</osmand:speed>
        </extensions>
      </trkpt>
      <trkpt lat="50.0440111" lon="8.5357687">
        <ele>115.7</ele>
        <time>2026-08-05T16:16:24Z</time>
        <hdop>9.7</hdop>
        <extensions>
          <osmand:speed>13.1</osmand:speed>
        </extensions>
      </trkpt>
      <trkpt lat="50.0440604" lon="8.5368916">
        <ele>116.7</ele>
        <time>2026-08-05T16:16:30Z</time>
        <hdop>8.2</hdop>
        <extensions>
          <osmand:speed>13</osmand:speed>
        </extensions>
      </trkpt>
      <trkpt lat="50.0441259" lon="8.5379715">
        <ele>117.7</ele>
        <time>2026-08-05T16:16:36Z</time>
        <hdop>8.2</hdop>
        <extensions>
          <osmand:speed>13.2</osmand:speed>
        </extensions>
      </trkpt>
      <trkpt lat="50.0441921" lon="8.5390849">
        <ele>119.7</ele>
        <time>2026-08-05T16:16:42Z</time>
        <hdop>7.7</hdop>
        <extensions>
          <osmand:speed>13.6</osmand:speed>
        </extensions>
      </trkpt>
      <trkpt lat="50.0442603" lon="8.5402206">
        <ele>119.7</ele>
        <time>2026-08-05T16:16:48Z</time>
        <hdop>7.7</hdop>
        <extensions>
          <osmand:speed>13.8</osmand:speed>
        </extensions>
      </trkpt>
      <trkpt lat="50.0443421" lon="8.5413721">
        <ele>119.7</ele>
        <time>2026-08-05T16:16:54Z</time>
        <hdop>7.1</hdop>
        <extensions>
          <osmand:speed>14</osmand:speed>
        </extensions>
      </trkpt>
      <trkpt lat="50.0444289" lon="8.5425423">
        <ele>119.7</ele>
        <time>2026-08-05T16:17:00Z</time>
        <hdop>6.6</hdop>
        <extensions>
          <osmand:speed>14.6</osmand:speed>
        </extensions>
      </trkpt>
      <trkpt lat="50.0445194" lon="8.5437249">
        <ele>119.7</ele>
        <time>2026-08-05T16:17:06Z</time>
        <hdop>7.7</hdop>
        <extensions>
          <osmand:speed>13.1</osmand:speed>
        </extensions>
      </trkpt>
      <trkpt lat="50.0445152" lon="8.5446992">
        <ele>117.7</ele>
        <time>2026-08-05T16:17:12Z</time>
        <hdop>7.7</hdop>
        <extensions>
          <osmand:speed>10.6</osmand:speed>
        </extensions>
      </trkpt>
      <trkpt lat="50.0443624" lon="8.5455918">
        <ele>116.7</ele>
        <time>2026-08-05T16:17:18Z</time>
        <hdop>8.2</hdop>
        <extensions>
          <osmand:speed>11.6</osmand:speed>
        </extensions>
      </trkpt>
      <trkpt lat="50.0440313" lon="8.5464996">
        <ele>115.7</ele>
        <time>2026-08-05T16:17:24Z</time>
        <hdop>9.7</hdop>
        <extensions>
          <osmand:speed>12.6</osmand:speed>
        </extensions>
      </trkpt>
      <trkpt lat="50.0435618" lon="8.5473077">
        <ele>112.7</ele>
        <time>2026-08-05T16:17:30Z</time>
        <hdop>8.7</hdop>
        <extensions>
          <osmand:speed>13.5</osmand:speed>
        </extensions>
      </trkpt>
      <trkpt lat="50.0429212" lon="8.5479155">
        <ele>108.7</ele>
        <time>2026-08-05T16:17:36Z</time>
        <hdop>10.7</hdop>
        <extensions>
          <osmand:speed>14.1</osmand:speed>
        </extensions>
      </trkpt>
      <trkpt lat="50.0421919" lon="8.5483046">
        <ele>106.7</ele>
        <time>2026-08-05T16:17:42Z</time>
        <hdop>10.2</hdop>
        <extensions>
          <osmand:speed>14.6</osmand:speed>
        </extensions>
      </trkpt>
      <trkpt lat="50.0414515" lon="8.5487018">
        <ele>106.7</ele>
        <time>2026-08-05T16:17:48Z</time>
        <hdop>9.2</hdop>
        <extensions>
          <osmand:speed>13.7</osmand:speed>
        </extensions>
      </trkpt>
      <trkpt lat="50.0408593" lon="8.5490397">
        <ele>106.7</ele>
        <time>2026-08-05T16:17:54Z</time>
        <hdop>8.7</hdop>
        <extensions>
          <osmand:speed>9.9</osmand:speed>
        </extensions>
      </trkpt>
      <trkpt lat="50.0403726" lon="8.5493261">
        <ele>107.7</ele>
        <time>2026-08-05T16:18:00Z</time>
        <hdop>8.2</hdop>
        <extensions>
          <osmand:speed>9.4</osmand:speed>
        </extensions>
      </trkpt>
      <trkpt lat="50.0399114" lon="8.5495681">
        <ele>109.7</ele>
        <time>2026-08-05T16:18:06Z</time>
        <hdop>7.7</hdop>
        <extensions>
          <osmand:speed>9</osmand:speed>
        </extensions>
      </trkpt>
      <trkpt lat="50.0394367" lon="8.5498726">
        <ele>108.7</ele>
        <time>2026-08-05T16:18:12Z</time>
        <hdop>8.2</hdop>
        <extensions>
          <osmand:speed>9.6</osmand:speed>
        </extensions>
      </trkpt>
      <trkpt lat="50.0389817" lon="8.5501516">
        <ele>107.7</ele>
        <time>2026-08-05T16:18:18Z</time>
        <hdop>10.2</hdop>
        <extensions>
          <osmand:speed>8</osmand:speed>
        </extensions>
      </trkpt>
      <trkpt lat="50.0386302" lon="8.5503669">
        <ele>107.7</ele>
        <time>2026-08-05T16:18:24Z</time>
        <hdop>10.2</hdop>
        <extensions>
          <osmand:speed>7</osmand:speed>
        </extensions>
      </trkpt>
      <trkpt lat="50.03845" lon="8.5508547">
        <ele>107.7</ele>
        <time>2026-08-05T16:18:30Z</time>
        <hdop>8.7</hdop>
        <extensions>
          <osmand:speed>7</osmand:speed>
        </extensions>
      </trkpt>
      <trkpt lat="50.0385413" lon="8.5513924">
        <ele>109.7</ele>
        <time>2026-08-05T16:18:36Z</time>
        <hdop>8.7</hdop>
        <extensions>
          <osmand:speed>6.9</osmand:speed>
        </extensions>
      </trkpt>
      <trkpt lat="50.038669" lon="8.5519173">
        <ele>110.7</ele>
        <time>2026-08-05T16:18:42Z</time>
        <hdop>7.1</hdop>
        <extensions>
          <osmand:speed>7.2</osmand:speed>
        </extensions>
      </trkpt>
      <trkpt lat="50.0387972" lon="8.5524876">
        <ele>111.7</ele>
        <time>2026-08-05T16:18:48Z</time>
        <hdop>7.1</hdop>
        <extensions>
          <osmand:speed>7.3</osmand:speed>
        </extensions>
      </trkpt>
      <trkpt lat="50.0389358" lon="8.5530647">
        <ele>111.7</ele>
        <time>2026-08-05T16:18:54Z</time>
        <hdop>8.2</hdop>
        <extensions>
          <osmand:speed>7.4</osmand:speed>
        </extensions>
      </trkpt>
      <trkpt lat="50.0390751" lon="8.5536396">
        <ele>113.7</ele>
        <time>2026-08-05T16:19:00Z</time>
        <hdop>7.7</hdop>
        <extensions>
          <osmand:speed>7.6</osmand:speed>
        </extensions>
      </trkpt>
      <trkpt lat="50.0392157" lon="8.554242">
        <ele>112.7</ele>
        <time>2026-08-05T16:19:06Z</time>
        <hdop>7.7</hdop>
        <extensions>
          <osmand:speed>7.7</osmand:speed>
        </extensions>
      </trkpt>
      <trkpt lat="50.0393633" lon="8.5548721">
        <ele>114.7</ele>
        <time>2026-08-05T16:19:12Z</time>
        <hdop>5.6</hdop>
        <extensions>
          <osmand:speed>7.7</osmand:speed>
        </extensions>
      </trkpt>
      <trkpt lat="50.0395094" lon="8.5554914">
        <ele>113.7</ele>
        <time>2026-08-05T16:19:18Z</time>
        <hdop>6.6</hdop>
        <extensions>
          <osmand:speed>8.3</osmand:speed>
        </extensions>
      </trkpt>
      <trkpt lat="50.0396594" lon="8.5561727">
        <ele>112.7</ele>
        <time>2026-08-05T16:19:24Z</time>
        <hdop>6.1</hdop>
        <extensions>
          <osmand:speed>8.7</osmand:speed>
        </extensions>
      </trkpt>
      <trkpt lat="50.039822" lon="8.5568542">
        <ele>114.7</ele>
        <time>2026-08-05T16:19:30Z</time>
        <hdop>6.6</hdop>
        <extensions>
          <osmand:speed>8.6</osmand:speed>
        </extensions>
      </trkpt>
      <trkpt lat="50.0399837" lon="8.5575282">
        <ele>113.7</ele>
        <time>2026-08-05T16:19:36Z</time>
        <hdop>6.1</hdop>
        <extensions>
          <osmand:speed>8.6</osmand:speed>
        </extensions>
      </trkpt>
      <trkpt lat="50.040176" lon="8.5583106">
        <ele>114.7</ele>
        <time>2026-08-05T16:19:43Z</time>
        <hdop>6.1</hdop>
        <extensions>
          <osmand:speed>8.8</osmand:speed>
        </extensions>
      </trkpt>
      <trkpt lat="50.0403399" lon="8.5590108">
        <ele>114.7</ele>
        <time>2026-08-05T16:19:49Z</time>
        <hdop>6.1</hdop>
        <extensions>
          <osmand:speed>9.1</osmand:speed>
        </extensions>
      </trkpt>
      <trkpt lat="50.0405203" lon="8.5597387">
        <ele>115.7</ele>
        <time>2026-08-05T16:19:55Z</time>
        <hdop>7.1</hdop>
        <extensions>
          <osmand:speed>9.4</osmand:speed>
        </extensions>
      </trkpt>
      <trkpt lat="50.0407031" lon="8.5604769">
        <ele>115.7</ele>
        <time>2026-08-05T16:20:01Z</time>
        <hdop>6.1</hdop>
        <extensions>
          <osmand:speed>9.7</osmand:speed>
        </extensions>
      </trkpt>
      <trkpt lat="50.0408958" lon="8.56126">
        <ele>116.7</ele>
        <time>2026-08-05T16:20:07Z</time>
        <hdop>6.1</hdop>
        <extensions>
          <osmand:speed>10</osmand:speed>
        </extensions>
      </trkpt>
      <trkpt lat="50.0410848" lon="8.5620554">
        <ele>116.7</ele>
        <time>2026-08-05T16:20:13Z</time>
        <hdop>6.6</hdop>
        <extensions>
          <osmand:speed>10.3</osmand:speed>
        </extensions>
      </trkpt>
      <trkpt lat="50.0412871" lon="8.5628671">
        <ele>116.7</ele>
        <time>2026-08-05T16:20:19Z</time>
        <hdop>7.7</hdop>
        <extensions>
          <osmand:speed>10.3</osmand:speed>
        </extensions>
      </trkpt>
      <trkpt lat="50.0414794" lon="8.5636663">
        <ele>116.7</ele>
        <time>2026-08-05T16:20:25Z</time>
        <hdop>6.6</hdop>
        <extensions>
          <osmand:speed>10.3</osmand:speed>
        </extensions>
      </trkpt>
      <trkpt lat="50.041674" lon="8.5644693">
        <ele>116.7</ele>
        <time>2026-08-05T16:20:31Z</time>
        <hdop>7.7</hdop>
        <extensions>
          <osmand:speed>10.2</osmand:speed>
        </extensions>
      </trkpt>
      <trkpt lat="50.0418655" lon="8.5652719">
        <ele>115.7</ele>
        <time>2026-08-05T16:20:37Z</time>
        <hdop>8.2</hdop>
        <extensions>
          <osmand:speed>10</osmand:speed>
        </extensions>
      </trkpt>
      <trkpt lat="50.042048" lon="8.5660605">
        <ele>115.7</ele>
        <time>2026-08-05T16:20:43Z</time>
        <hdop>8.2</hdop>
        <extensions>
          <osmand:speed>9.9</osmand:speed>
        </extensions>
      </trkpt>
      <trkpt lat="50.0422316" lon="8.5668457">
        <ele>116.7</ele>
        <time>2026-08-05T16:20:49Z</time>
        <hdop>6.6</hdop>
        <extensions>
          <osmand:speed>9.7</osmand:speed>
        </extensions>
      </trkpt>
      <trkpt lat="50.0424032" lon="8.5675997">
        <ele>116.7</ele>
        <time>2026-08-05T16:20:55Z</time>
        <hdop>6.6</hdop>
        <extensions>
          <osmand:speed>9.3</osmand:speed>
        </extensions>
      </trkpt>
      <trkpt lat="50.0425623" lon="8.5683134">
        <ele>116.7</ele>
        <time>2026-08-05T16:21:01Z</time>
        <hdop>7.1</hdop>
        <extensions>
          <osmand:speed>8.8</osmand:speed>
        </extensions>
      </trkpt>
      <trkpt lat="50.0427455" lon="8.5689739">
        <ele>117.7</ele>
        <time>2026-08-05T16:21:07Z</time>
        <hdop>9.7</hdop>
        <extensions>
          <osmand:speed>9.1</osmand:speed>
        </extensions>
      </trkpt>
      <trkpt lat="50.0429182" lon="8.5697113">
        <ele>116.7</ele>
        <time>2026-08-05T16:21:13Z</time>
        <hdop>9.2</hdop>
        <extensions>
          <osmand:speed>9.6</osmand:speed>
        </extensions>
      </trkpt>
      <trkpt lat="50.0430973" lon="8.5704708">
        <ele>116.7</ele>
        <time>2026-08-05T16:21:19Z</time>
        <hdop>8.7</hdop>
        <extensions>
          <osmand:speed>9.4</osmand:speed>
        </extensions>
      </trkpt>
      <trkpt lat="50.0432818" lon="8.5712087">
        <ele>116.7</ele>
        <time>2026-08-05T16:21:25Z</time>
        <hdop>8.2</hdop>
        <extensions>
          <osmand:speed>9.4</osmand:speed>
        </extensions>
      </trkpt>
      <trkpt lat="50.0434599" lon="8.5719374">
        <ele>116.7</ele>
        <time>2026-08-05T16:21:31Z</time>
        <hdop>7.1</hdop>
        <extensions>
          <osmand:speed>9.3</osmand:speed>
        </extensions>
      </trkpt>
      <trkpt lat="50.0436371" lon="8.5726609">
        <ele>116.7</ele>
        <time>2026-08-05T16:21:37Z</time>
        <hdop>8.7</hdop>
        <extensions>
          <osmand:speed>9.1</osmand:speed>
        </extensions>
      </trkpt>
      <trkpt lat="50.0437991" lon="8.5733889">
        <ele>117.7</ele>
        <time>2026-08-05T16:21:43Z</time>
        <hdop>8.7</hdop>
        <extensions>
          <osmand:speed>9.2</osmand:speed>
        </extensions>
      </trkpt>
      <trkpt lat="50.0439762" lon="8.5741028">
        <ele>117.7</ele>
        <time>2026-08-05T16:21:49Z</time>
        <hdop>8.7</hdop>
        <extensions>
          <osmand:speed>9.2</osmand:speed>
        </extensions>
      </trkpt>
      <trkpt lat="50.0441503" lon="8.5748327">
        <ele>117.7</ele>
        <time>2026-08-05T16:21:55Z</time>
        <hdop>6.6</hdop>
        <extensions>
          <osmand:speed>9.2</osmand:speed>
        </extensions>
      </trkpt>
      <trkpt lat="50.0443102" lon="8.5755569">
        <ele>117.7</ele>
        <time>2026-08-05T16:22:01Z</time>
        <hdop>8.2</hdop>
        <extensions>
          <osmand:speed>8.9</osmand:speed>
        </extensions>
      </trkpt>
      <trkpt lat="50.0444805" lon="8.5762336">
        <ele>119.7</ele>
        <time>2026-08-05T16:22:07Z</time>
        <hdop>7.1</hdop>
        <extensions>
          <osmand:speed>8.6</osmand:speed>
        </extensions>
      </trkpt>
      <trkpt lat="50.0446436" lon="8.5769147">
        <ele>118.7</ele>
        <time>2026-08-05T16:22:13Z</time>
        <hdop>7.1</hdop>
        <extensions>
          <osmand:speed>8.8</osmand:speed>
        </extensions>
      </trkpt>
      <trkpt lat="50.044806" lon="8.5776107">
        <ele>118.7</ele>
        <time>2026-08-05T16:22:19Z</time>
        <hdop>7.1</hdop>
        <extensions>
          <osmand:speed>8.9</osmand:speed>
        </extensions>
      </trkpt>
      <trkpt lat="50.0449748" lon="8.5783166">
        <ele>117.7</ele>
        <time>2026-08-05T16:22:25Z</time>
        <hdop>7.1</hdop>
        <extensions>
          <osmand:speed>8.9</osmand:speed>
        </extensions>
      </trkpt>
      <trkpt lat="50.0451493" lon="8.5790402">
        <ele>117.7</ele>
        <time>2026-08-05T16:22:31Z</time>
        <hdop>7.7</hdop>
        <extensions>
          <osmand:speed>8.9</osmand:speed>
        </extensions>
      </trkpt>
      <trkpt lat="50.045317" lon="8.579714">
        <ele>117.7</ele>
        <time>2026-08-05T16:22:37Z</time>
        <hdop>7.7</hdop>
        <extensions>
          <osmand:speed>8.1</osmand:speed>
        </extensions>
      </trkpt>
      <trkpt lat="50.0455113" lon="8.5802018">
        <ele>119.7</ele>
        <time>2026-08-05T16:22:43Z</time>
        <hdop>8.2</hdop>
        <extensions>
          <osmand:speed>6</osmand:speed>
        </extensions>
      </trkpt>
      <trkpt lat="50.0458244" lon="8.5802996">
        <ele>118.7</ele>
        <time>2026-08-05T16:22:49Z</time>
        <hdop>6.1</hdop>
        <extensions>
          <osmand:speed>6.1</osmand:speed>
        </extensions>
      </trkpt>
      <trkpt lat="50.0461427" lon="8.5801376">
        <ele>115.7</ele>
        <time>2026-08-05T16:22:55Z</time>
        <hdop>7.1</hdop>
        <extensions>
          <osmand:speed>5.8</osmand:speed>
        </extensions>
      </trkpt>
      <trkpt lat="50.0464397" lon="8.5799884">
        <ele>114.7</ele>
        <time>2026-08-05T16:23:01Z</time>
        <hdop>6.6</hdop>
        <extensions>
          <osmand:speed>5.9</osmand:speed>
        </extensions>
      </trkpt>
      <trkpt lat="50.0467671" lon="8.5798198">
        <ele>115.7</ele>
        <time>2026-08-05T16:23:07Z</time>
        <hdop>7.7</hdop>
        <extensions>
          <osmand:speed>6.2</osmand:speed>
        </extensions>
      </trkpt>
      <trkpt lat="50.0470924" lon="8.5796284">
        <ele>115.7</ele>
        <time>2026-08-05T16:23:13Z</time>
        <hdop>7.7</hdop>
        <extensions>
          <osmand:speed>6.6</osmand:speed>
        </extensions>
      </trkpt>
      <trkpt lat="50.0474397" lon="8.5794153">
        <ele>114.7</ele>
        <time>2026-08-05T16:23:19Z</time>
        <hdop>8.2</hdop>
        <extensions>
          <osmand:speed>7.1</osmand:speed>
        </extensions>
      </trkpt>
      <trkpt lat="50.047822" lon="8.579177">
        <ele>114.7</ele>
        <time>2026-08-05T16:23:25Z</time>
        <hdop>9.2</hdop>
        <extensions>
          <osmand:speed>7.5</osmand:speed>
        </extensions>
      </trkpt>
      <trkpt lat="50.0481935" lon="8.5789435">
        <ele>115.7</ele>
        <time>2026-08-05T16:23:31Z</time>
        <hdop>11.7</hdop>
        <extensions>
          <osmand:speed>7.8</osmand:speed>
        </extensions>
      </trkpt>
      <trkpt lat="50.0484779" lon="8.5784867">
        <ele>115.7</ele>
        <time>2026-08-05T16:23:37Z</time>
        <hdop>11.2</hdop>
        <extensions>
          <osmand:speed>7.9</osmand:speed>
        </extensions>
      </trkpt>
      <trkpt lat="50.048638" lon="8.5779527">
        <ele>116.7</ele>
        <time>2026-08-05T16:23:43Z</time>
        <hdop>8.2</hdop>
        <extensions>
          <osmand:speed>7.5</osmand:speed>
        </extensions>
      </trkpt>
      <trkpt lat="50.0487961" lon="8.5773682">
        <ele>116.7</ele>
        <time>2026-08-05T16:23:49Z</time>
        <hdop>8.7</hdop>
        <extensions>
          <osmand:speed>7.6</osmand:speed>
        </extensions>
      </trkpt>
      <trkpt lat="50.0489436" lon="8.57678">
        <ele>115.7</ele>
        <time>2026-08-05T16:23:55Z</time>
        <hdop>8.7</hdop>
        <extensions>
          <osmand:speed>7.8</osmand:speed>
        </extensions>
      </trkpt>
      <trkpt lat="50.0491049" lon="8.5761597">
        <ele>116.7</ele>
        <time>2026-08-05T16:24:01Z</time>
        <hdop>8.7</hdop>
        <extensions>
          <osmand:speed>8.1</osmand:speed>
        </extensions>
      </trkpt>
      <trkpt lat="50.0492774" lon="8.5755991">
        <ele>115.7</ele>
        <time>2026-08-05T16:24:07Z</time>
        <hdop>10.2</hdop>
        <extensions>
          <osmand:speed>6.7</osmand:speed>
        </extensions>
      </trkpt>
      <trkpt lat="50.0493731" lon="8.5752134">
        <ele>114.7</ele>
        <time>2026-08-05T16:24:13Z</time>
        <hdop>7.7</hdop>
        <extensions>
          <osmand:speed>3.6</osmand:speed>
        </extensions>
      </trkpt>
      <trkpt lat="50.0493164" lon="8.5749884">
        <ele>114.7</ele>
        <time>2026-08-05T16:24:19Z</time>
        <hdop>11.2</hdop>
        <extensions>
          <osmand:speed>2.8</osmand:speed>
        </extensions>
      </trkpt>
      <trkpt lat="50.0491897" lon="8.5748243">
        <ele>113.7</ele>
        <time>2026-08-05T16:24:25Z</time>
        <hdop>11.7</hdop>
        <extensions>
          <osmand:speed>3</osmand:speed>
        </extensions>
      </trkpt>
      <trkpt lat="50.0490445" lon="8.574636">
        <ele>111.7</ele>
        <time>2026-08-05T16:24:31Z</time>
        <hdop>10.2</hdop>
        <extensions>
          <osmand:speed>3.4</osmand:speed>
        </extensions>
      </trkpt>
      <trkpt lat="50.0489288" lon="8.5744757">
        <ele>111.7</ele>
        <time>2026-08-05T16:24:37Z</time>
        <hdop>12.8</hdop>
        <extensions>
          <osmand:speed>2.1</osmand:speed>
        </extensions>
      </trkpt>
      <trkpt lat="50.0488729" lon="8.5744143">
        <ele>112.7</ele>
        <time>2026-08-05T16:24:43Z</time>
        <hdop>12.8</hdop>
      </trkpt>
      <trkpt lat="50.0488729" lon="8.5744143">
        <ele>112.7</ele>
        <time>2026-08-05T16:24:49Z</time>
        <hdop>12.2</hdop>
      </trkpt>
      <trkpt lat="50.0488729" lon="8.5744143">
        <ele>112.7</ele>
        <time>2026-08-05T16:24:55Z</time>
        <hdop>14.3</hdop>
      </trkpt>
      <trkpt lat="50.0488729" lon="8.5744143">
        <ele>112.7</ele>
        <time>2026-08-05T16:25:02Z</time>
        <hdop>8.2</hdop>
      </trkpt>
    </trkseg>
  </trk>
</gpx>
