<?xml version='1.0' encoding='UTF-8' standalone='yes' ?>
<gpx version="1.1" creator="OsmAnd~ 5.3.10" xmlns="http://www.topografix.com/GPX/1/1" xmlns:osmand="https://osmand.net/docs/technical/osmand-file-formats/osmand-gpx" xmlns:gpxtpx="https://www8.garmin.com/xmlschemas/TrackPointExtensionv1.xsd" xmlns:xsi="http://www.w3.org/2001/XMLSchema-instance" xsi:schemaLocation="http://www.topografix.com/GPX/1/1 https://www.topografix.com/GPX/1/1/gpx.xsd">
  <metadata>
    <name>FR 2870 TRF - RIX</name>
    <time>2026-08-25T19:11:03Z</time>
  </metadata>
  <trk>
    <trkseg>
      <trkpt lat="59.1802048" lon="10.2521851">
        <ele>83</ele>
        <time>2026-08-25T17:24:38Z</time>
        <hdop>3.6</hdop>
        <extensions>
          <osmand:speed>0.3</osmand:speed>
        </extensions>
      </trkpt>
    </trkseg>
    <trkseg>
      <trkpt lat="59.1802221" lon="10.2521447">
        <ele>83</ele>
        <time>2026-08-25T17:24:44Z</time>
        <hdop>3.6</hdop>
        <extensions>
          <osmand:speed>0.6</osmand:speed>
        </extensions>
      </trkpt>
      <trkpt lat="59.1802188" lon="10.2521436">
        <ele>83</ele>
        <time>2026-08-25T17:24:50Z</time>
        <hdop>3.1</hdop>
      </trkpt>
      <trkpt lat="59.1802188" lon="10.2521436">
        <ele>83</ele>
        <time>2026-08-25T17:24:56Z</time>
        <hdop>3.1</hdop>
      </trkpt>
      <trkpt lat="59.1802298" lon="10.2521027">
        <ele>84</ele>
        <time>2026-08-25T17:25:02Z</time>
        <hdop>3.1</hdop>
      </trkpt>
      <trkpt lat="59.1802448" lon="10.252047">
        <ele>82</ele>
        <time>2026-08-25T17:25:08Z</time>
        <hdop>3.1</hdop>
        <extensions>
          <osmand:speed>0.7</osmand:speed>
        </extensions>
      </trkpt>
      <trkpt lat="59.1802474" lon="10.2520482">
        <ele>82</ele>
        <time>2026-08-25T17:25:14Z</time>
        <hdop>3.6</hdop>
      </trkpt>
      <trkpt lat="59.1802474" lon="10.2520482">
        <ele>82</ele>
        <time>2026-08-25T17:25:20Z</time>
        <hdop>3.6</hdop>
      </trkpt>
      <trkpt lat="59.1802474" lon="10.2520482">
        <ele>82</ele>
        <time>2026-08-25T17:25:26Z</time>
        <hdop>3.6</hdop>
      </trkpt>
      <trkpt lat="59.1802474" lon="10.2520482">
        <ele>82</ele>
        <time>2026-08-25T17:25:32Z</time>
        <hdop>3.1</hdop>
      </trkpt>
      <trkpt lat="59.1802474" lon="10.2520482">
        <ele>82</ele>
        <time>2026-08-25T17:25:38Z</time>
        <hdop>3.6</hdop>
      </trkpt>
      <trkpt lat="59.1802474" lon="10.2520482">
        <ele>82</ele>
        <time>2026-08-25T17:25:44Z</time>
        <hdop>3.1</hdop>
      </trkpt>
      <trkpt lat="59.1802474" lon="10.2520482">
        <ele>82</ele>
        <time>2026-08-25T17:25:50Z</time>
        <hdop>3.1</hdop>
      </trkpt>
      <trkpt lat="59.1802509" lon="10.252044">
        <ele>82</ele>
        <time>2026-08-25T17:25:56Z</time>
        <hdop>3.6</hdop>
        <extensions>
          <osmand:speed>0.9</osmand:speed>
        </extensions>
      </trkpt>
      <trkpt lat="59.1802488" lon="10.2520081">
        <ele>82</ele>
        <time>2026-08-25T17:26:02Z</time>
        <hdop>3.1</hdop>
      </trkpt>
      <trkpt lat="59.1802399" lon="10.2519763">
        <ele>82</ele>
        <time>2026-08-25T17:26:08Z</time>
        <hdop>4.1</hdop>
        <extensions>
          <osmand:speed>0.1</osmand:speed>
        </extensions>
      </trkpt>
      <trkpt lat="59.1802392" lon="10.2519674">
        <ele>82</ele>
        <time>2026-08-25T17:26:14Z</time>
        <hdop>2.6</hdop>
      </trkpt>
      <trkpt lat="59.1802389" lon="10.2519511">
        <ele>82</ele>
        <time>2026-08-25T17:26:20Z</time>
        <hdop>3.6</hdop>
        <extensions>
          <osmand:speed>0.5</osmand:speed>
        </extensions>
      </trkpt>
      <trkpt lat="59.1802348" lon="10.2519451">
        <ele>82</ele>
        <time>2026-08-25T17:26:26Z</time>
        <hdop>2.6</hdop>
      </trkpt>
      <trkpt lat="59.1802348" lon="10.2519451">
        <ele>82</ele>
        <time>2026-08-25T17:26:32Z</time>
        <hdop>3.6</hdop>
      </trkpt>
      <trkpt lat="59.1802348" lon="10.2519451">
        <ele>82</ele>
        <time>2026-08-25T17:26:38Z</time>
        <hdop>4.1</hdop>
      </trkpt>
      <trkpt lat="59.1802348" lon="10.2519451">
        <ele>82</ele>
        <time>2026-08-25T17:26:44Z</time>
        <hdop>2.6</hdop>
      </trkpt>
      <trkpt lat="59.1802348" lon="10.2519451">
        <ele>82</ele>
        <time>2026-08-25T17:26:50Z</time>
        <hdop>3.1</hdop>
      </trkpt>
      <trkpt lat="59.1802348" lon="10.2519451">
        <ele>82</ele>
        <time>2026-08-25T17:26:56Z</time>
        <hdop>3.1</hdop>
      </trkpt>
      <trkpt lat="59.1802348" lon="10.2519451">
        <ele>82</ele>
        <time>2026-08-25T17:27:02Z</time>
        <hdop>4.1</hdop>
      </trkpt>
      <trkpt lat="59.1802348" lon="10.2519451">
        <ele>82</ele>
        <time>2026-08-25T17:27:08Z</time>
        <hdop>5.1</hdop>
      </trkpt>
      <trkpt lat="59.1802348" lon="10.2519451">
        <ele>82</ele>
        <time>2026-08-25T17:27:14Z</time>
        <hdop>5.1</hdop>
      </trkpt>
      <trkpt lat="59.1802399" lon="10.251901">
        <ele>83</ele>
        <time>2026-08-25T17:27:20Z</time>
        <hdop>3.6</hdop>
        <extensions>
          <osmand:speed>0.1</osmand:speed>
        </extensions>
      </trkpt>
      <trkpt lat="59.180242" lon="10.2518926">
        <ele>83</ele>
        <time>2026-08-25T17:27:26Z</time>
        <hdop>1</hdop>
      </trkpt>
      <trkpt lat="59.180242" lon="10.2518926">
        <ele>83</ele>
        <time>2026-08-25T17:27:32Z</time>
        <hdop>1</hdop>
      </trkpt>
      <trkpt lat="59.180242" lon="10.2518926">
        <ele>83</ele>
        <time>2026-08-25T17:27:38Z</time>
        <hdop>3.1</hdop>
      </trkpt>
      <trkpt lat="59.180242" lon="10.2518926">
        <ele>83</ele>
        <time>2026-08-25T17:27:44Z</time>
        <hdop>6.1</hdop>
      </trkpt>
      <trkpt lat="59.180242" lon="10.2518926">
        <ele>83</ele>
        <time>2026-08-25T17:27:50Z</time>
        <hdop>5.1</hdop>
      </trkpt>
      <trkpt lat="59.180242" lon="10.2518926">
        <ele>83</ele>
        <time>2026-08-25T17:27:56Z</time>
        <hdop>15.3</hdop>
      </trkpt>
      <trkpt lat="59.1802512" lon="10.2518937">
        <ele>82</ele>
        <time>2026-08-25T17:28:02Z</time>
        <hdop>10.2</hdop>
      </trkpt>
      <trkpt lat="59.1802512" lon="10.2518937">
        <ele>82</ele>
        <time>2026-08-25T17:28:08Z</time>
        <hdop>20.4</hdop>
      </trkpt>
      <trkpt lat="59.1802512" lon="10.2518937">
        <ele>82</ele>
        <time>2026-08-25T17:28:14Z</time>
        <hdop>12.2</hdop>
      </trkpt>
      <trkpt lat="59.1802552" lon="10.2519185">
        <ele>82</ele>
        <time>2026-08-25T17:28:20Z</time>
        <hdop>23</hdop>
        <extensions>
          <osmand:speed>0.5</osmand:speed>
        </extensions>
      </trkpt>
      <trkpt lat="59.1802636" lon="10.25195">
        <ele>82</ele>
        <time>2026-08-25T17:28:26Z</time>
        <hdop>15.3</hdop>
        <extensions>
          <osmand:speed>0.3</osmand:speed>
        </extensions>
      </trkpt>
      <trkpt lat="59.1802626" lon="10.2519429">
        <ele>80</ele>
        <time>2026-08-25T17:28:32Z</time>
        <hdop>34.2</hdop>
      </trkpt>
      <trkpt lat="59.1802751" lon="10.2518994">
        <ele>81</ele>
        <time>2026-08-25T17:28:38Z</time>
        <hdop>33.2</hdop>
        <extensions>
          <osmand:speed>0.5</osmand:speed>
        </extensions>
      </trkpt>
      <trkpt lat="59.180272" lon="10.2518471">
        <ele>79</ele>
        <time>2026-08-25T17:28:44Z</time>
        <hdop>19.9</hdop>
        <extensions>
          <osmand:speed>0.4</osmand:speed>
        </extensions>
      </trkpt>
      <trkpt lat="59.1802489" lon="10.2518316">
        <ele>79</ele>
        <time>2026-08-25T17:28:50Z</time>
        <hdop>17.3</hdop>
        <extensions>
          <osmand:speed>0.1</osmand:speed>
        </extensions>
      </trkpt>
      <trkpt lat="59.1802462" lon="10.2518287">
        <ele>79</ele>
        <time>2026-08-25T17:28:56Z</time>
        <hdop>11.7</hdop>
      </trkpt>
      <trkpt lat="59.1802462" lon="10.2518287">
        <ele>79</ele>
        <time>2026-08-25T17:29:02Z</time>
        <hdop>18.4</hdop>
      </trkpt>
      <trkpt lat="59.1802462" lon="10.2518287">
        <ele>79</ele>
        <time>2026-08-25T17:29:08Z</time>
        <hdop>10.2</hdop>
      </trkpt>
      <trkpt lat="59.1802462" lon="10.2518287">
        <ele>79</ele>
        <time>2026-08-25T17:29:14Z</time>
        <hdop>9.2</hdop>
      </trkpt>
      <trkpt lat="59.1802462" lon="10.2518287">
        <ele>79</ele>
        <time>2026-08-25T17:29:20Z</time>
        <hdop>17.9</hdop>
      </trkpt>
      <trkpt lat="59.1802462" lon="10.2518287">
        <ele>79</ele>
        <time>2026-08-25T17:29:26Z</time>
        <hdop>9.2</hdop>
      </trkpt>
      <trkpt lat="59.1802084" lon="10.2517979">
        <ele>78</ele>
        <time>2026-08-25T17:29:32Z</time>
        <hdop>15.8</hdop>
        <extensions>
          <osmand:speed>0.2</osmand:speed>
        </extensions>
      </trkpt>
      <trkpt lat="59.1802031" lon="10.2517911">
        <ele>78</ele>
        <time>2026-08-25T17:29:38Z</time>
        <hdop>8.2</hdop>
      </trkpt>
      <trkpt lat="59.1802031" lon="10.2517911">
        <ele>78</ele>
        <time>2026-08-25T17:29:44Z</time>
        <hdop>8.2</hdop>
      </trkpt>
      <trkpt lat="59.1802031" lon="10.2517911">
        <ele>78</ele>
        <time>2026-08-25T17:29:50Z</time>
        <hdop>14.3</hdop>
      </trkpt>
      <trkpt lat="59.1802031" lon="10.2517911">
        <ele>78</ele>
        <time>2026-08-25T17:29:56Z</time>
        <hdop>15.3</hdop>
      </trkpt>
      <trkpt lat="59.1802031" lon="10.2517911">
        <ele>78</ele>
        <time>2026-08-25T17:30:02Z</time>
        <hdop>11.2</hdop>
      </trkpt>
      <trkpt lat="59.1801787" lon="10.2517982">
        <ele>78</ele>
        <time>2026-08-25T17:30:08Z</time>
        <hdop>7.1</hdop>
      </trkpt>
      <trkpt lat="59.1801603" lon="10.2517287">
        <ele>77</ele>
        <time>2026-08-25T17:30:14Z</time>
        <hdop>15.8</hdop>
        <extensions>
          <osmand:speed>0.5</osmand:speed>
        </extensions>
      </trkpt>
      <trkpt lat="59.1801504" lon="10.2517069">
        <ele>77</ele>
        <time>2026-08-25T17:30:20Z</time>
        <hdop>12.8</hdop>
      </trkpt>
      <trkpt lat="59.1801504" lon="10.2517069">
        <ele>77</ele>
        <time>2026-08-25T17:30:26Z</time>
        <hdop>14.3</hdop>
      </trkpt>
      <trkpt lat="59.1801504" lon="10.2517069">
        <ele>77</ele>
        <time>2026-08-25T17:30:32Z</time>
        <hdop>12.8</hdop>
      </trkpt>
      <trkpt lat="59.1801504" lon="10.2517069">
        <ele>77</ele>
        <time>2026-08-25T17:30:38Z</time>
        <hdop>14.8</hdop>
      </trkpt>
      <trkpt lat="59.1801504" lon="10.2517069">
        <ele>77</ele>
        <time>2026-08-25T17:30:44Z</time>
        <hdop>15.3</hdop>
      </trkpt>
      <trkpt lat="59.1801504" lon="10.2517069">
        <ele>77</ele>
        <time>2026-08-25T17:30:50Z</time>
        <hdop>13.3</hdop>
      </trkpt>
      <trkpt lat="59.1801504" lon="10.2517069">
        <ele>77</ele>
        <time>2026-08-25T17:30:56Z</time>
        <hdop>13.8</hdop>
      </trkpt>
      <trkpt lat="59.1801504" lon="10.2517069">
        <ele>77</ele>
        <time>2026-08-25T17:31:02Z</time>
        <hdop>13.3</hdop>
      </trkpt>
      <trkpt lat="59.1801504" lon="10.2517069">
        <ele>77</ele>
        <time>2026-08-25T17:31:08Z</time>
        <hdop>12.2</hdop>
      </trkpt>
      <trkpt lat="59.1801504" lon="10.2517069">
        <ele>77</ele>
        <time>2026-08-25T17:31:14Z</time>
        <hdop>11.2</hdop>
      </trkpt>
      <trkpt lat="59.1801504" lon="10.2517069">
        <ele>77</ele>
        <time>2026-08-25T17:31:20Z</time>
        <hdop>9.2</hdop>
      </trkpt>
      <trkpt lat="59.1801504" lon="10.2517069">
        <ele>77</ele>
        <time>2026-08-25T17:31:26Z</time>
        <hdop>11.2</hdop>
      </trkpt>
      <trkpt lat="59.1801504" lon="10.2517069">
        <ele>77</ele>
        <time>2026-08-25T17:31:32Z</time>
        <hdop>10.7</hdop>
      </trkpt>
      <trkpt lat="59.1801504" lon="10.2517069">
        <ele>77</ele>
        <time>2026-08-25T17:31:38Z</time>
        <hdop>9.7</hdop>
      </trkpt>
      <trkpt lat="59.1801504" lon="10.2517069">
        <ele>77</ele>
        <time>2026-08-25T17:31:44Z</time>
        <hdop>9.7</hdop>
      </trkpt>
      <trkpt lat="59.1801504" lon="10.2517069">
        <ele>77</ele>
        <time>2026-08-25T17:31:50Z</time>
        <hdop>10.2</hdop>
      </trkpt>
      <trkpt lat="59.1801504" lon="10.2517069">
        <ele>77</ele>
        <time>2026-08-25T17:31:56Z</time>
        <hdop>9.2</hdop>
      </trkpt>
      <trkpt lat="59.1801504" lon="10.2517069">
        <ele>77</ele>
        <time>2026-08-25T17:32:02Z</time>
        <hdop>10.7</hdop>
      </trkpt>
      <trkpt lat="59.1801504" lon="10.2517069">
        <ele>77</ele>
        <time>2026-08-25T17:32:08Z</time>
        <hdop>9.2</hdop>
      </trkpt>
      <trkpt lat="59.1801504" lon="10.2517069">
        <ele>77</ele>
        <time>2026-08-25T17:32:14Z</time>
        <hdop>10.2</hdop>
      </trkpt>
      <trkpt lat="59.1801504" lon="10.2517069">
        <ele>77</ele>
        <time>2026-08-25T17:32:20Z</time>
        <hdop>10.2</hdop>
      </trkpt>
      <trkpt lat="59.1801504" lon="10.2517069">
        <ele>77</ele>
        <time>2026-08-25T17:32:26Z</time>
        <hdop>9.7</hdop>
      </trkpt>
      <trkpt lat="59.1801504" lon="10.2517069">
        <ele>77</ele>
        <time>2026-08-25T17:32:32Z</time>
        <hdop>9.2</hdop>
      </trkpt>
      <trkpt lat="59.1801504" lon="10.2517069">
        <ele>77</ele>
        <time>2026-08-25T17:32:38Z</time>
        <hdop>9.2</hdop>
      </trkpt>
      <trkpt lat="59.1801504" lon="10.2517069">
        <ele>77</ele>
        <time>2026-08-25T17:32:44Z</time>
        <hdop>8.7</hdop>
      </trkpt>
      <trkpt lat="59.1801504" lon="10.2517069">
        <ele>77</ele>
        <time>2026-08-25T17:32:50Z</time>
        <hdop>9.2</hdop>
      </trkpt>
      <trkpt lat="59.1801504" lon="10.2517069">
        <ele>77</ele>
        <time>2026-08-25T17:32:56Z</time>
        <hdop>9.2</hdop>
      </trkpt>
      <trkpt lat="59.1801504" lon="10.2517069">
        <ele>77</ele>
        <time>2026-08-25T17:33:02Z</time>
        <hdop>9.7</hdop>
      </trkpt>
      <trkpt lat="59.1801504" lon="10.2517069">
        <ele>77</ele>
        <time>2026-08-25T17:33:08Z</time>
        <hdop>8.2</hdop>
      </trkpt>
      <trkpt lat="59.1801504" lon="10.2517069">
        <ele>77</ele>
        <time>2026-08-25T17:33:14Z</time>
        <hdop>8.7</hdop>
      </trkpt>
      <trkpt lat="59.1801504" lon="10.2517069">
        <ele>77</ele>
        <time>2026-08-25T17:33:20Z</time>
        <hdop>8.2</hdop>
      </trkpt>
      <trkpt lat="59.1801504" lon="10.2517069">
        <ele>77</ele>
        <time>2026-08-25T17:33:26Z</time>
        <hdop>8.2</hdop>
      </trkpt>
      <trkpt lat="59.1801504" lon="10.2517069">
        <ele>77</ele>
        <time>2026-08-25T17:33:32Z</time>
        <hdop>8.7</hdop>
      </trkpt>
      <trkpt lat="59.1801504" lon="10.2517069">
        <ele>77</ele>
        <time>2026-08-25T17:33:38Z</time>
        <hdop>8.7</hdop>
      </trkpt>
      <trkpt lat="59.1801504" lon="10.2517069">
        <ele>77</ele>
        <time>2026-08-25T17:33:44Z</time>
        <hdop>8.2</hdop>
      </trkpt>
      <trkpt lat="59.1801504" lon="10.2517069">
        <ele>77</ele>
        <time>2026-08-25T17:33:50Z</time>
        <hdop>8.7</hdop>
      </trkpt>
      <trkpt lat="59.1801504" lon="10.2517069">
        <ele>77</ele>
        <time>2026-08-25T17:33:56Z</time>
        <hdop>8.7</hdop>
      </trkpt>
      <trkpt lat="59.1801504" lon="10.2517069">
        <ele>77</ele>
        <time>2026-08-25T17:34:02Z</time>
        <hdop>8.2</hdop>
      </trkpt>
      <trkpt lat="59.1801557" lon="10.2517185">
        <ele>77</ele>
        <time>2026-08-25T17:34:08Z</time>
        <hdop>7.7</hdop>
      </trkpt>
      <trkpt lat="59.1801558" lon="10.2517189">
        <ele>77</ele>
        <time>2026-08-25T17:34:14Z</time>
        <hdop>9.2</hdop>
      </trkpt>
      <trkpt lat="59.1801558" lon="10.2517189">
        <ele>77</ele>
        <time>2026-08-25T17:34:20Z</time>
        <hdop>6.6</hdop>
      </trkpt>
      <trkpt lat="59.1801558" lon="10.2517189">
        <ele>77</ele>
        <time>2026-08-25T17:34:26Z</time>
        <hdop>5.1</hdop>
      </trkpt>
      <trkpt lat="59.1801558" lon="10.2517189">
        <ele>77</ele>
        <time>2026-08-25T17:34:32Z</time>
        <hdop>5.6</hdop>
      </trkpt>
      <trkpt lat="59.1801558" lon="10.2517189">
        <ele>77</ele>
        <time>2026-08-25T17:34:38Z</time>
        <hdop>5.1</hdop>
      </trkpt>
      <trkpt lat="59.1801558" lon="10.2517189">
        <ele>77</ele>
        <time>2026-08-25T17:34:44Z</time>
        <hdop>5.1</hdop>
      </trkpt>
      <trkpt lat="59.1801558" lon="10.2517189">
        <ele>77</ele>
        <time>2026-08-25T17:34:50Z</time>
        <hdop>6.1</hdop>
      </trkpt>
      <trkpt lat="59.1801558" lon="10.2517189">
        <ele>77</ele>
        <time>2026-08-25T17:34:56Z</time>
        <hdop>5.1</hdop>
      </trkpt>
      <trkpt lat="59.1801558" lon="10.2517189">
        <ele>77</ele>
        <time>2026-08-25T17:35:02Z</time>
        <hdop>5.1</hdop>
      </trkpt>
      <trkpt lat="59.1801558" lon="10.2517189">
        <ele>77</ele>
        <time>2026-08-25T17:35:08Z</time>
        <hdop>6.6</hdop>
      </trkpt>
      <trkpt lat="59.1801197" lon="10.2516536">
        <ele>77</ele>
        <time>2026-08-25T17:35:14Z</time>
        <hdop>7.7</hdop>
        <extensions>
          <osmand:speed>1.5</osmand:speed>
        </extensions>
      </trkpt>
      <trkpt lat="59.1801325" lon="10.2515405">
        <ele>78</ele>
        <time>2026-08-25T17:35:20Z</time>
        <hdop>11.7</hdop>
        <extensions>
          <osmand:speed>1.8</osmand:speed>
        </extensions>
      </trkpt>
      <trkpt lat="59.1801222" lon="10.2514127">
        <ele>78</ele>
        <time>2026-08-25T17:35:26Z</time>
        <hdop>13.8</hdop>
        <extensions>
          <osmand:speed>1.5</osmand:speed>
        </extensions>
      </trkpt>
      <trkpt lat="59.1801107" lon="10.2513625">
        <ele>78</ele>
        <time>2026-08-25T17:35:32Z</time>
        <hdop>12.8</hdop>
        <extensions>
          <osmand:speed>0.3</osmand:speed>
        </extensions>
      </trkpt>
      <trkpt lat="59.1800991" lon="10.2513663">
        <ele>78</ele>
        <time>2026-08-25T17:35:38Z</time>
        <hdop>13.8</hdop>
        <extensions>
          <osmand:speed>0.7</osmand:speed>
        </extensions>
      </trkpt>
      <trkpt lat="59.1801015" lon="10.2513702">
        <ele>78</ele>
        <time>2026-08-25T17:35:44Z</time>
        <hdop>12.2</hdop>
      </trkpt>
      <trkpt lat="59.1801076" lon="10.2513967">
        <ele>76</ele>
        <time>2026-08-25T17:35:50Z</time>
        <hdop>14.8</hdop>
      </trkpt>
      <trkpt lat="59.1801076" lon="10.2513967">
        <ele>76</ele>
        <time>2026-08-25T17:35:56Z</time>
        <hdop>14.3</hdop>
      </trkpt>
      <trkpt lat="59.1801076" lon="10.2513967">
        <ele>76</ele>
        <time>2026-08-25T17:36:02Z</time>
        <hdop>12.8</hdop>
      </trkpt>
      <trkpt lat="59.1801076" lon="10.2513967">
        <ele>76</ele>
        <time>2026-08-25T17:36:08Z</time>
        <hdop>14.3</hdop>
      </trkpt>
      <trkpt lat="59.1801076" lon="10.2513967">
        <ele>76</ele>
        <time>2026-08-25T17:36:14Z</time>
        <hdop>12.2</hdop>
      </trkpt>
      <trkpt lat="59.1801076" lon="10.2513967">
        <ele>76</ele>
        <time>2026-08-25T17:36:20Z</time>
        <hdop>12.2</hdop>
      </trkpt>
      <trkpt lat="59.1801076" lon="10.2513967">
        <ele>76</ele>
        <time>2026-08-25T17:36:26Z</time>
        <hdop>13.3</hdop>
      </trkpt>
      <trkpt lat="59.1801076" lon="10.2513967">
        <ele>76</ele>
        <time>2026-08-25T17:36:32Z</time>
        <hdop>11.7</hdop>
      </trkpt>
      <trkpt lat="59.1801076" lon="10.2513967">
        <ele>76</ele>
        <time>2026-08-25T17:36:38Z</time>
        <hdop>11.7</hdop>
      </trkpt>
      <trkpt lat="59.1801078" lon="10.2514436">
        <ele>77</ele>
        <time>2026-08-25T17:36:44Z</time>
        <hdop>11.7</hdop>
      </trkpt>
      <trkpt lat="59.1801078" lon="10.2514436">
        <ele>77</ele>
        <time>2026-08-25T17:36:50Z</time>
        <hdop>11.2</hdop>
      </trkpt>
      <trkpt lat="59.1801078" lon="10.2514436">
        <ele>77</ele>
        <time>2026-08-25T17:36:56Z</time>
        <hdop>13.3</hdop>
      </trkpt>
      <trkpt lat="59.1801078" lon="10.2514436">
        <ele>77</ele>
        <time>2026-08-25T17:37:02Z</time>
        <hdop>12.2</hdop>
      </trkpt>
      <trkpt lat="59.1801078" lon="10.2514436">
        <ele>77</ele>
        <time>2026-08-25T17:37:08Z</time>
        <hdop>17.9</hdop>
      </trkpt>
      <trkpt lat="59.1801078" lon="10.2514436">
        <ele>77</ele>
        <time>2026-08-25T17:37:14Z</time>
        <hdop>10.7</hdop>
      </trkpt>
      <trkpt lat="59.1801078" lon="10.2514436">
        <ele>77</ele>
        <time>2026-08-25T17:37:20Z</time>
        <hdop>12.8</hdop>
      </trkpt>
      <trkpt lat="59.1801078" lon="10.2514436">
        <ele>77</ele>
        <time>2026-08-25T17:37:26Z</time>
        <hdop>12.8</hdop>
      </trkpt>
      <trkpt lat="59.1801078" lon="10.2514436">
        <ele>77</ele>
        <time>2026-08-25T17:37:32Z</time>
        <hdop>11.2</hdop>
      </trkpt>
      <trkpt lat="59.1801078" lon="10.2514436">
        <ele>77</ele>
        <time>2026-08-25T17:37:38Z</time>
        <hdop>12.8</hdop>
      </trkpt>
      <trkpt lat="59.1801078" lon="10.2514436">
        <ele>77</ele>
        <time>2026-08-25T17:37:44Z</time>
        <hdop>12.2</hdop>
      </trkpt>
      <trkpt lat="59.1801078" lon="10.2514436">
        <ele>77</ele>
        <time>2026-08-25T17:37:50Z</time>
        <hdop>11.7</hdop>
      </trkpt>
      <trkpt lat="59.1801078" lon="10.2514436">
        <ele>77</ele>
        <time>2026-08-25T17:37:56Z</time>
        <hdop>11.7</hdop>
      </trkpt>
      <trkpt lat="59.1801078" lon="10.2514436">
        <ele>77</ele>
        <time>2026-08-25T17:38:02Z</time>
        <hdop>12.8</hdop>
      </trkpt>
      <trkpt lat="59.1801078" lon="10.2514436">
        <ele>77</ele>
        <time>2026-08-25T17:38:08Z</time>
        <hdop>11.2</hdop>
      </trkpt>
      <trkpt lat="59.1801078" lon="10.2514436">
        <ele>77</ele>
        <time>2026-08-25T17:38:14Z</time>
        <hdop>12.8</hdop>
      </trkpt>
      <trkpt lat="59.1801078" lon="10.2514436">
        <ele>77</ele>
        <time>2026-08-25T17:38:20Z</time>
        <hdop>11.7</hdop>
      </trkpt>
      <trkpt lat="59.1801078" lon="10.2514436">
        <ele>77</ele>
        <time>2026-08-25T17:38:26Z</time>
        <hdop>12.8</hdop>
      </trkpt>
      <trkpt lat="59.1801175" lon="10.2514961">
        <ele>77</ele>
        <time>2026-08-25T17:38:32Z</time>
        <hdop>11.7</hdop>
      </trkpt>
      <trkpt lat="59.1801175" lon="10.2514961">
        <ele>77</ele>
        <time>2026-08-25T17:38:38Z</time>
        <hdop>10.7</hdop>
      </trkpt>
      <trkpt lat="59.1801175" lon="10.2514961">
        <ele>77</ele>
        <time>2026-08-25T17:38:44Z</time>
        <hdop>11.2</hdop>
      </trkpt>
      <trkpt lat="59.1801175" lon="10.2514961">
        <ele>77</ele>
        <time>2026-08-25T17:38:50Z</time>
        <hdop>10.7</hdop>
      </trkpt>
      <trkpt lat="59.1801175" lon="10.2514961">
        <ele>77</ele>
        <time>2026-08-25T17:38:56Z</time>
        <hdop>10.7</hdop>
      </trkpt>
      <trkpt lat="59.1801175" lon="10.2514961">
        <ele>77</ele>
        <time>2026-08-25T17:39:02Z</time>
        <hdop>9.2</hdop>
      </trkpt>
      <trkpt lat="59.1801175" lon="10.2514961">
        <ele>77</ele>
        <time>2026-08-25T17:39:08Z</time>
        <hdop>11.2</hdop>
      </trkpt>
      <trkpt lat="59.1801175" lon="10.2514961">
        <ele>77</ele>
        <time>2026-08-25T17:39:14Z</time>
        <hdop>9.7</hdop>
      </trkpt>
      <trkpt lat="59.1801175" lon="10.2514961">
        <ele>77</ele>
        <time>2026-08-25T17:39:20Z</time>
        <hdop>10.2</hdop>
      </trkpt>
      <trkpt lat="59.1801208" lon="10.2515288">
        <ele>77</ele>
        <time>2026-08-25T17:39:26Z</time>
        <hdop>17.9</hdop>
        <extensions>
          <osmand:speed>0.1</osmand:speed>
        </extensions>
      </trkpt>
      <trkpt lat="59.1801211" lon="10.2515362">
        <ele>77</ele>
        <time>2026-08-25T17:39:32Z</time>
        <hdop>8.7</hdop>
      </trkpt>
      <trkpt lat="59.1801211" lon="10.2515362">
        <ele>77</ele>
        <time>2026-08-25T17:39:38Z</time>
        <hdop>8.7</hdop>
      </trkpt>
      <trkpt lat="59.180121" lon="10.2515386">
        <ele>77</ele>
        <time>2026-08-25T17:39:44Z</time>
        <hdop>8.7</hdop>
      </trkpt>
      <trkpt lat="59.1801211" lon="10.2515396">
        <ele>77</ele>
        <time>2026-08-25T17:39:50Z</time>
        <hdop>8.7</hdop>
      </trkpt>
      <trkpt lat="59.1801211" lon="10.2515396">
        <ele>77</ele>
        <time>2026-08-25T17:39:56Z</time>
        <hdop>12.2</hdop>
      </trkpt>
      <trkpt lat="59.1801211" lon="10.2515396">
        <ele>77</ele>
        <time>2026-08-25T17:40:02Z</time>
        <hdop>10.7</hdop>
      </trkpt>
      <trkpt lat="59.1801211" lon="10.2515396">
        <ele>77</ele>
        <time>2026-08-25T17:40:08Z</time>
        <hdop>10.7</hdop>
      </trkpt>
      <trkpt lat="59.1801211" lon="10.2515396">
        <ele>77</ele>
        <time>2026-08-25T17:40:14Z</time>
        <hdop>10.2</hdop>
      </trkpt>
      <trkpt lat="59.1801211" lon="10.2515396">
        <ele>77</ele>
        <time>2026-08-25T17:40:20Z</time>
        <hdop>10.7</hdop>
      </trkpt>
      <trkpt lat="59.1801211" lon="10.2515396">
        <ele>77</ele>
        <time>2026-08-25T17:40:26Z</time>
        <hdop>11.2</hdop>
      </trkpt>
      <trkpt lat="59.1801211" lon="10.2515396">
        <ele>77</ele>
        <time>2026-08-25T17:40:32Z</time>
        <hdop>9.7</hdop>
      </trkpt>
      <trkpt lat="59.1801211" lon="10.2515396">
        <ele>77</ele>
        <time>2026-08-25T17:40:38Z</time>
        <hdop>10.7</hdop>
      </trkpt>
      <trkpt lat="59.1801211" lon="10.2515396">
        <ele>77</ele>
        <time>2026-08-25T17:40:44Z</time>
        <hdop>10.7</hdop>
      </trkpt>
      <trkpt lat="59.1801211" lon="10.2515396">
        <ele>77</ele>
        <time>2026-08-25T17:40:50Z</time>
        <hdop>9.7</hdop>
      </trkpt>
      <trkpt lat="59.1801211" lon="10.2515396">
        <ele>77</ele>
        <time>2026-08-25T17:40:56Z</time>
        <hdop>10.2</hdop>
      </trkpt>
      <trkpt lat="59.1801211" lon="10.2515396">
        <ele>77</ele>
        <time>2026-08-25T17:41:02Z</time>
        <hdop>10.7</hdop>
      </trkpt>
      <trkpt lat="59.1801211" lon="10.2515396">
        <ele>77</ele>
        <time>2026-08-25T17:41:08Z</time>
        <hdop>10.2</hdop>
      </trkpt>
      <trkpt lat="59.1801211" lon="10.2515396">
        <ele>77</ele>
        <time>2026-08-25T17:41:14Z</time>
        <hdop>10.7</hdop>
      </trkpt>
      <trkpt lat="59.1801211" lon="10.2515396">
        <ele>77</ele>
        <time>2026-08-25T17:41:20Z</time>
        <hdop>10.2</hdop>
      </trkpt>
      <trkpt lat="59.1801211" lon="10.2515396">
        <ele>77</ele>
        <time>2026-08-25T17:41:26Z</time>
        <hdop>10.7</hdop>
      </trkpt>
      <trkpt lat="59.1801211" lon="10.2515396">
        <ele>77</ele>
        <time>2026-08-25T17:41:32Z</time>
        <hdop>9.2</hdop>
      </trkpt>
      <trkpt lat="59.1801211" lon="10.2515396">
        <ele>77</ele>
        <time>2026-08-25T17:41:38Z</time>
        <hdop>9.7</hdop>
      </trkpt>
      <trkpt lat="59.1801211" lon="10.2515396">
        <ele>77</ele>
        <time>2026-08-25T17:41:44Z</time>
        <hdop>12.2</hdop>
      </trkpt>
      <trkpt lat="59.1801355" lon="10.2515943">
        <ele>77</ele>
        <time>2026-08-25T17:41:50Z</time>
        <hdop>10.7</hdop>
      </trkpt>
      <trkpt lat="59.1801355" lon="10.2515947">
        <ele>77</ele>
        <time>2026-08-25T17:41:56Z</time>
        <hdop>9.7</hdop>
      </trkpt>
      <trkpt lat="59.1801344" lon="10.2516266">
        <ele>77</ele>
        <time>2026-08-25T17:42:02Z</time>
        <hdop>9.7</hdop>
      </trkpt>
      <trkpt lat="59.1801342" lon="10.2516291">
        <ele>77</ele>
        <time>2026-08-25T17:42:08Z</time>
        <hdop>9.2</hdop>
      </trkpt>
      <trkpt lat="59.1801342" lon="10.2516291">
        <ele>77</ele>
        <time>2026-08-25T17:42:14Z</time>
        <hdop>9.7</hdop>
      </trkpt>
      <trkpt lat="59.1801342" lon="10.2516291">
        <ele>77</ele>
        <time>2026-08-25T17:42:20Z</time>
        <hdop>10.7</hdop>
      </trkpt>
      <trkpt lat="59.1801342" lon="10.2516291">
        <ele>77</ele>
        <time>2026-08-25T17:42:26Z</time>
        <hdop>10.2</hdop>
      </trkpt>
      <trkpt lat="59.1801342" lon="10.2516291">
        <ele>77</ele>
        <time>2026-08-25T17:42:32Z</time>
        <hdop>8.2</hdop>
      </trkpt>
      <trkpt lat="59.1801342" lon="10.2516291">
        <ele>77</ele>
        <time>2026-08-25T17:42:38Z</time>
        <hdop>9.7</hdop>
      </trkpt>
      <trkpt lat="59.1801342" lon="10.2516291">
        <ele>77</ele>
        <time>2026-08-25T17:42:44Z</time>
        <hdop>9.2</hdop>
      </trkpt>
      <trkpt lat="59.1801342" lon="10.2516291">
        <ele>77</ele>
        <time>2026-08-25T17:42:50Z</time>
        <hdop>9.2</hdop>
      </trkpt>
      <trkpt lat="59.1801342" lon="10.2516291">
        <ele>77</ele>
        <time>2026-08-25T17:42:56Z</time>
        <hdop>8.7</hdop>
      </trkpt>
      <trkpt lat="59.1801342" lon="10.2516291">
        <ele>77</ele>
        <time>2026-08-25T17:43:02Z</time>
        <hdop>9.2</hdop>
      </trkpt>
      <trkpt lat="59.1801342" lon="10.2516291">
        <ele>77</ele>
        <time>2026-08-25T17:43:08Z</time>
        <hdop>8.7</hdop>
      </trkpt>
      <trkpt lat="59.1801342" lon="10.2516291">
        <ele>77</ele>
        <time>2026-08-25T17:43:14Z</time>
        <hdop>9.7</hdop>
      </trkpt>
      <trkpt lat="59.1801342" lon="10.2516291">
        <ele>77</ele>
        <time>2026-08-25T17:43:20Z</time>
        <hdop>8.2</hdop>
      </trkpt>
      <trkpt lat="59.1801488" lon="10.2516793">
        <ele>77</ele>
        <time>2026-08-25T17:43:26Z</time>
        <hdop>8.2</hdop>
        <extensions>
          <osmand:speed>0.8</osmand:speed>
        </extensions>
      </trkpt>
      <trkpt lat="59.1802048" lon="10.2517329">
        <ele>77</ele>
        <time>2026-08-25T17:43:32Z</time>
        <hdop>11.2</hdop>
        <extensions>
          <osmand:speed>1.4</osmand:speed>
        </extensions>
      </trkpt>
      <trkpt lat="59.1802735" lon="10.2517554">
        <ele>78</ele>
        <time>2026-08-25T17:43:38Z</time>
        <hdop>8.2</hdop>
        <extensions>
          <osmand:speed>1.4</osmand:speed>
        </extensions>
      </trkpt>
      <trkpt lat="59.1803407" lon="10.2517719">
        <ele>78</ele>
        <time>2026-08-25T17:43:44Z</time>
        <hdop>8.2</hdop>
        <extensions>
          <osmand:speed>1.2</osmand:speed>
        </extensions>
      </trkpt>
      <trkpt lat="59.1804133" lon="10.2517563">
        <ele>79</ele>
        <time>2026-08-25T17:43:50Z</time>
        <hdop>10.7</hdop>
        <extensions>
          <osmand:speed>1.5</osmand:speed>
        </extensions>
      </trkpt>
      <trkpt lat="59.1804769" lon="10.2517418">
        <ele>80</ele>
        <time>2026-08-25T17:43:56Z</time>
        <hdop>9.7</hdop>
        <extensions>
          <osmand:speed>1.1</osmand:speed>
        </extensions>
      </trkpt>
      <trkpt lat="59.1805394" lon="10.2517085">
        <ele>80</ele>
        <time>2026-08-25T17:44:02Z</time>
        <hdop>8.7</hdop>
        <extensions>
          <osmand:speed>1.3</osmand:speed>
        </extensions>
      </trkpt>
      <trkpt lat="59.1805899" lon="10.251654">
        <ele>82</ele>
        <time>2026-08-25T17:44:08Z</time>
        <hdop>7.7</hdop>
        <extensions>
          <osmand:speed>1.2</osmand:speed>
        </extensions>
      </trkpt>
      <trkpt lat="59.1806353" lon="10.2515686">
        <ele>82</ele>
        <time>2026-08-25T17:44:14Z</time>
        <hdop>8.7</hdop>
        <extensions>
          <osmand:speed>0.9</osmand:speed>
        </extensions>
      </trkpt>
      <trkpt lat="59.1806521" lon="10.2514744">
        <ele>82</ele>
        <time>2026-08-25T17:44:20Z</time>
        <hdop>11.2</hdop>
        <extensions>
          <osmand:speed>1.1</osmand:speed>
        </extensions>
      </trkpt>
      <trkpt lat="59.1806528" lon="10.251387">
        <ele>84</ele>
        <time>2026-08-25T17:44:26Z</time>
        <hdop>10.7</hdop>
        <extensions>
          <osmand:speed>1.2</osmand:speed>
        </extensions>
      </trkpt>
      <trkpt lat="59.1806527" lon="10.2513356">
        <ele>85</ele>
        <time>2026-08-25T17:44:32Z</time>
        <hdop>9.7</hdop>
      </trkpt>
      <trkpt lat="59.1806522" lon="10.2513326">
        <ele>85</ele>
        <time>2026-08-25T17:44:38Z</time>
        <hdop>8.2</hdop>
      </trkpt>
      <trkpt lat="59.1806521" lon="10.2513327">
        <ele>85</ele>
        <time>2026-08-25T17:44:44Z</time>
        <hdop>10.2</hdop>
      </trkpt>
      <trkpt lat="59.1806521" lon="10.2513327">
        <ele>85</ele>
        <time>2026-08-25T17:44:50Z</time>
        <hdop>9.7</hdop>
      </trkpt>
      <trkpt lat="59.1806521" lon="10.2513327">
        <ele>85</ele>
        <time>2026-08-25T17:44:56Z</time>
        <hdop>7.7</hdop>
      </trkpt>
      <trkpt lat="59.1806521" lon="10.2513327">
        <ele>85</ele>
        <time>2026-08-25T17:45:02Z</time>
        <hdop>8.2</hdop>
      </trkpt>
      <trkpt lat="59.1806521" lon="10.2513327">
        <ele>85</ele>
        <time>2026-08-25T17:45:08Z</time>
        <hdop>8.7</hdop>
      </trkpt>
      <trkpt lat="59.1806521" lon="10.2513327">
        <ele>85</ele>
        <time>2026-08-25T17:45:14Z</time>
        <hdop>8.7</hdop>
      </trkpt>
      <trkpt lat="59.1806521" lon="10.2513327">
        <ele>85</ele>
        <time>2026-08-25T17:45:20Z</time>
        <hdop>8.2</hdop>
      </trkpt>
      <trkpt lat="59.1806521" lon="10.2513327">
        <ele>85</ele>
        <time>2026-08-25T17:45:26Z</time>
        <hdop>7.1</hdop>
      </trkpt>
      <trkpt lat="59.1806521" lon="10.2513327">
        <ele>85</ele>
        <time>2026-08-25T17:45:32Z</time>
        <hdop>7.7</hdop>
      </trkpt>
      <trkpt lat="59.1806521" lon="10.2513327">
        <ele>85</ele>
        <time>2026-08-25T17:45:38Z</time>
        <hdop>7.1</hdop>
      </trkpt>
      <trkpt lat="59.1806521" lon="10.2513327">
        <ele>85</ele>
        <time>2026-08-25T17:45:44Z</time>
        <hdop>6.6</hdop>
      </trkpt>
      <trkpt lat="59.1806521" lon="10.2513327">
        <ele>85</ele>
        <time>2026-08-25T17:45:50Z</time>
        <hdop>6.6</hdop>
      </trkpt>
      <trkpt lat="59.1806521" lon="10.2513327">
        <ele>85</ele>
        <time>2026-08-25T17:45:56Z</time>
        <hdop>8.2</hdop>
      </trkpt>
      <trkpt lat="59.1806521" lon="10.2513327">
        <ele>85</ele>
        <time>2026-08-25T17:46:02Z</time>
        <hdop>8.2</hdop>
      </trkpt>
      <trkpt lat="59.1806521" lon="10.2513327">
        <ele>85</ele>
        <time>2026-08-25T17:46:08Z</time>
        <hdop>8.2</hdop>
      </trkpt>
      <trkpt lat="59.1806521" lon="10.2513327">
        <ele>85</ele>
        <time>2026-08-25T17:46:14Z</time>
        <hdop>8.7</hdop>
      </trkpt>
      <trkpt lat="59.1806521" lon="10.2513327">
        <ele>85</ele>
        <time>2026-08-25T17:46:20Z</time>
        <hdop>7.1</hdop>
      </trkpt>
      <trkpt lat="59.1806669" lon="10.2514268">
        <ele>86</ele>
        <time>2026-08-25T17:46:26Z</time>
        <hdop>11.2</hdop>
        <extensions>
          <osmand:speed>1.9</osmand:speed>
        </extensions>
      </trkpt>
      <trkpt lat="59.1806793" lon="10.2517172">
        <ele>87</ele>
        <time>2026-08-25T17:46:32Z</time>
        <hdop>10.7</hdop>
        <extensions>
          <osmand:speed>3.9</osmand:speed>
        </extensions>
      </trkpt>
      <trkpt lat="59.1806765" lon="10.2522387">
        <ele>87</ele>
        <time>2026-08-25T17:46:38Z</time>
        <hdop>8.2</hdop>
        <extensions>
          <osmand:speed>5.9</osmand:speed>
        </extensions>
      </trkpt>
      <trkpt lat="59.1806829" lon="10.2529332">
        <ele>86</ele>
        <time>2026-08-25T17:46:44Z</time>
        <hdop>8.2</hdop>
        <extensions>
          <osmand:speed>7</osmand:speed>
        </extensions>
      </trkpt>
      <trkpt lat="59.1806757" lon="10.253693">
        <ele>86</ele>
        <time>2026-08-25T17:46:50Z</time>
        <hdop>8.2</hdop>
        <extensions>
          <osmand:speed>7.3</osmand:speed>
        </extensions>
      </trkpt>
      <trkpt lat="59.180683" lon="10.2544379">
        <ele>87</ele>
        <time>2026-08-25T17:46:56Z</time>
        <hdop>8.2</hdop>
        <extensions>
          <osmand:speed>6.5</osmand:speed>
        </extensions>
      </trkpt>
      <trkpt lat="59.1807582" lon="10.2550574">
        <ele>87</ele>
        <time>2026-08-25T17:47:02Z</time>
        <hdop>6.6</hdop>
        <extensions>
          <osmand:speed>6.2</osmand:speed>
        </extensions>
      </trkpt>
      <trkpt lat="59.1810428" lon="10.2554542">
        <ele>86</ele>
        <time>2026-08-25T17:47:08Z</time>
        <hdop>7.1</hdop>
        <extensions>
          <osmand:speed>6.7</osmand:speed>
        </extensions>
      </trkpt>
      <trkpt lat="59.1813116" lon="10.2559339">
        <ele>86</ele>
        <time>2026-08-25T17:47:14Z</time>
        <hdop>6.6</hdop>
        <extensions>
          <osmand:speed>6.8</osmand:speed>
        </extensions>
      </trkpt>
      <trkpt lat="59.1815804" lon="10.256493">
        <ele>86</ele>
        <time>2026-08-25T17:47:20Z</time>
        <hdop>6.1</hdop>
        <extensions>
          <osmand:speed>7.7</osmand:speed>
        </extensions>
      </trkpt>
      <trkpt lat="59.1818907" lon="10.2571483">
        <ele>84</ele>
        <time>2026-08-25T17:47:26Z</time>
        <hdop>5.6</hdop>
        <extensions>
          <osmand:speed>9.2</osmand:speed>
        </extensions>
      </trkpt>
      <trkpt lat="59.1822422" lon="10.2578848">
        <ele>84</ele>
        <time>2026-08-25T17:47:32Z</time>
        <hdop>5.6</hdop>
        <extensions>
          <osmand:speed>9.8</osmand:speed>
        </extensions>
      </trkpt>
      <trkpt lat="59.1825583" lon="10.2586064">
        <ele>85</ele>
        <time>2026-08-25T17:47:38Z</time>
        <hdop>6.1</hdop>
        <extensions>
          <osmand:speed>7.1</osmand:speed>
        </extensions>
      </trkpt>
      <trkpt lat="59.18274" lon="10.2592737">
        <ele>85</ele>
        <time>2026-08-25T17:47:44Z</time>
        <hdop>7.1</hdop>
        <extensions>
          <osmand:speed>7.8</osmand:speed>
        </extensions>
      </trkpt>
      <trkpt lat="59.1827725" lon="10.2601313">
        <ele>85</ele>
        <time>2026-08-25T17:47:50Z</time>
        <hdop>7.7</hdop>
        <extensions>
          <osmand:speed>8.6</osmand:speed>
        </extensions>
      </trkpt>
      <trkpt lat="59.1827835" lon="10.261085">
        <ele>85</ele>
        <time>2026-08-25T17:47:56Z</time>
        <hdop>8.2</hdop>
        <extensions>
          <osmand:speed>10</osmand:speed>
        </extensions>
      </trkpt>
      <trkpt lat="59.182798" lon="10.2619">
        <ele>81</ele>
        <time>2026-08-25T17:48:02Z</time>
        <hdop>4.1</hdop>
        <extensions>
          <osmand:speed>5.9</osmand:speed>
        </extensions>
      </trkpt>
      <trkpt lat="59.1829898" lon="10.262322">
        <ele>83</ele>
        <time>2026-08-25T17:48:08Z</time>
        <hdop>4.6</hdop>
        <extensions>
          <osmand:speed>4.9</osmand:speed>
        </extensions>
      </trkpt>
      <trkpt lat="59.1832699" lon="10.2624308">
        <ele>81</ele>
        <time>2026-08-25T17:48:14Z</time>
        <hdop>5.1</hdop>
        <extensions>
          <osmand:speed>5.4</osmand:speed>
        </extensions>
      </trkpt>
      <trkpt lat="59.1836191" lon="10.2624233">
        <ele>81</ele>
        <time>2026-08-25T17:48:20Z</time>
        <hdop>5.1</hdop>
        <extensions>
          <osmand:speed>7.2</osmand:speed>
        </extensions>
      </trkpt>
      <trkpt lat="59.1840541" lon="10.2624006">
        <ele>80</ele>
        <time>2026-08-25T17:48:26Z</time>
        <hdop>3.1</hdop>
        <extensions>
          <osmand:speed>9</osmand:speed>
        </extensions>
      </trkpt>
      <trkpt lat="59.1845875" lon="10.2623737">
        <ele>80</ele>
        <time>2026-08-25T17:48:32Z</time>
        <hdop>2.6</hdop>
        <extensions>
          <osmand:speed>10.7</osmand:speed>
        </extensions>
      </trkpt>
      <trkpt lat="59.1852111" lon="10.2623546">
        <ele>80</ele>
        <time>2026-08-25T17:48:38Z</time>
        <hdop>2.6</hdop>
        <extensions>
          <osmand:speed>12.4</osmand:speed>
        </extensions>
      </trkpt>
      <trkpt lat="59.185922" lon="10.2623189">
        <ele>81</ele>
        <time>2026-08-25T17:48:44Z</time>
        <hdop>3.1</hdop>
        <extensions>
          <osmand:speed>14</osmand:speed>
        </extensions>
      </trkpt>
      <trkpt lat="59.1867068" lon="10.2622969">
        <ele>81</ele>
        <time>2026-08-25T17:48:50Z</time>
        <hdop>3.6</hdop>
        <extensions>
          <osmand:speed>15.2</osmand:speed>
        </extensions>
      </trkpt>
      <trkpt lat="59.1875489" lon="10.2622763">
        <ele>83</ele>
        <time>2026-08-25T17:48:56Z</time>
        <hdop>5.1</hdop>
        <extensions>
          <osmand:speed>16</osmand:speed>
        </extensions>
      </trkpt>
      <trkpt lat="59.1883959" lon="10.2622885">
        <ele>86</ele>
        <time>2026-08-25T17:49:02Z</time>
        <hdop>7.7</hdop>
        <extensions>
          <osmand:speed>15.4</osmand:speed>
        </extensions>
      </trkpt>
      <trkpt lat="59.189197" lon="10.2622478">
        <ele>87</ele>
        <time>2026-08-25T17:49:08Z</time>
        <hdop>7.1</hdop>
        <extensions>
          <osmand:speed>14.3</osmand:speed>
        </extensions>
      </trkpt>
      <trkpt lat="59.1899456" lon="10.2622861">
        <ele>89</ele>
        <time>2026-08-25T17:49:14Z</time>
        <hdop>7.7</hdop>
        <extensions>
          <osmand:speed>13.4</osmand:speed>
        </extensions>
      </trkpt>
      <trkpt lat="59.1906518" lon="10.262237">
        <ele>90</ele>
        <time>2026-08-25T17:49:20Z</time>
        <hdop>6.1</hdop>
        <extensions>
          <osmand:speed>13</osmand:speed>
        </extensions>
      </trkpt>
      <trkpt lat="59.1913383" lon="10.2622109">
        <ele>91</ele>
        <time>2026-08-25T17:49:26Z</time>
        <hdop>6.1</hdop>
        <extensions>
          <osmand:speed>12.9</osmand:speed>
        </extensions>
      </trkpt>
      <trkpt lat="59.1920405" lon="10.2622011">
        <ele>91</ele>
        <time>2026-08-25T17:49:32Z</time>
        <hdop>6.1</hdop>
        <extensions>
          <osmand:speed>13.1</osmand:speed>
        </extensions>
      </trkpt>
      <trkpt lat="59.1927483" lon="10.2621744">
        <ele>92</ele>
        <time>2026-08-25T17:49:38Z</time>
        <hdop>6.1</hdop>
        <extensions>
          <osmand:speed>13.1</osmand:speed>
        </extensions>
      </trkpt>
      <trkpt lat="59.1934344" lon="10.2621537">
        <ele>93</ele>
        <time>2026-08-25T17:49:44Z</time>
        <hdop>6.1</hdop>
        <extensions>
          <osmand:speed>12.6</osmand:speed>
        </extensions>
      </trkpt>
      <trkpt lat="59.1941061" lon="10.2621372">
        <ele>93</ele>
        <time>2026-08-25T17:49:50Z</time>
        <hdop>6.1</hdop>
        <extensions>
          <osmand:speed>12.1</osmand:speed>
        </extensions>
      </trkpt>
      <trkpt lat="59.1947561" lon="10.262135">
        <ele>92</ele>
        <time>2026-08-25T17:49:56Z</time>
        <hdop>6.6</hdop>
        <extensions>
          <osmand:speed>12</osmand:speed>
        </extensions>
      </trkpt>
      <trkpt lat="59.1953983" lon="10.2621142">
        <ele>91</ele>
        <time>2026-08-25T17:50:02Z</time>
        <hdop>6.1</hdop>
        <extensions>
          <osmand:speed>11.9</osmand:speed>
        </extensions>
      </trkpt>
      <trkpt lat="59.1960022" lon="10.2621046">
        <ele>90</ele>
        <time>2026-08-25T17:50:08Z</time>
        <hdop>6.1</hdop>
        <extensions>
          <osmand:speed>10.4</osmand:speed>
        </extensions>
      </trkpt>
      <trkpt lat="59.1965293" lon="10.2620847">
        <ele>91</ele>
        <time>2026-08-25T17:50:14Z</time>
        <hdop>6.1</hdop>
        <extensions>
          <osmand:speed>9.2</osmand:speed>
        </extensions>
      </trkpt>
      <trkpt lat="59.196963" lon="10.2620732">
        <ele>90</ele>
        <time>2026-08-25T17:50:20Z</time>
        <hdop>7.1</hdop>
        <extensions>
          <osmand:speed>7.1</osmand:speed>
        </extensions>
      </trkpt>
      <trkpt lat="59.1973357" lon="10.2619509">
        <ele>90</ele>
        <time>2026-08-25T17:50:26Z</time>
        <hdop>6.1</hdop>
        <extensions>
          <osmand:speed>7</osmand:speed>
        </extensions>
      </trkpt>
      <trkpt lat="59.1976095" lon="10.261585">
        <ele>90</ele>
        <time>2026-08-25T17:50:32Z</time>
        <hdop>6.1</hdop>
        <extensions>
          <osmand:speed>5.6</osmand:speed>
        </extensions>
      </trkpt>
      <trkpt lat="59.1977923" lon="10.2611969">
        <ele>89</ele>
        <time>2026-08-25T17:50:38Z</time>
        <hdop>7.7</hdop>
        <extensions>
          <osmand:speed>4.6</osmand:speed>
        </extensions>
      </trkpt>
      <trkpt lat="59.1979332" lon="10.2608783">
        <ele>89</ele>
        <time>2026-08-25T17:50:44Z</time>
        <hdop>5.6</hdop>
        <extensions>
          <osmand:speed>3.3</osmand:speed>
        </extensions>
      </trkpt>
      <trkpt lat="59.1980324" lon="10.2606154">
        <ele>88</ele>
        <time>2026-08-25T17:50:50Z</time>
        <hdop>8.7</hdop>
        <extensions>
          <osmand:speed>2.8</osmand:speed>
        </extensions>
      </trkpt>
      <trkpt lat="59.1980986" lon="10.260444">
        <ele>88</ele>
        <time>2026-08-25T17:50:56Z</time>
        <hdop>7.7</hdop>
        <extensions>
          <osmand:speed>1.4</osmand:speed>
        </extensions>
      </trkpt>
      <trkpt lat="59.1981171" lon="10.2603979">
        <ele>89</ele>
        <time>2026-08-25T17:51:02Z</time>
        <hdop>6.1</hdop>
      </trkpt>
      <trkpt lat="59.1981171" lon="10.2603979">
        <ele>89</ele>
        <time>2026-08-25T17:51:08Z</time>
        <hdop>6.1</hdop>
      </trkpt>
      <trkpt lat="59.1981171" lon="10.2603979">
        <ele>89</ele>
        <time>2026-08-25T17:51:14Z</time>
        <hdop>6.6</hdop>
      </trkpt>
      <trkpt lat="59.1981171" lon="10.2603979">
        <ele>89</ele>
        <time>2026-08-25T17:51:20Z</time>
        <hdop>6.6</hdop>
      </trkpt>
      <trkpt lat="59.1981171" lon="10.2603979">
        <ele>89</ele>
        <time>2026-08-25T17:51:26Z</time>
        <hdop>7.7</hdop>
      </trkpt>
      <trkpt lat="59.1981171" lon="10.2603979">
        <ele>89</ele>
        <time>2026-08-25T17:51:32Z</time>
        <hdop>6.6</hdop>
      </trkpt>
      <trkpt lat="59.1981171" lon="10.2603979">
        <ele>89</ele>
        <time>2026-08-25T17:51:38Z</time>
        <hdop>8.7</hdop>
      </trkpt>
      <trkpt lat="59.1981171" lon="10.2603979">
        <ele>89</ele>
        <time>2026-08-25T17:51:44Z</time>
        <hdop>9.2</hdop>
      </trkpt>
      <trkpt lat="59.1982154" lon="10.2601722">
        <ele>90</ele>
        <time>2026-08-25T17:51:50Z</time>
        <hdop>8.7</hdop>
        <extensions>
          <osmand:speed>3</osmand:speed>
        </extensions>
      </trkpt>
      <trkpt lat="59.1983525" lon="10.2598379">
        <ele>91</ele>
        <time>2026-08-25T17:51:56Z</time>
        <hdop>6.6</hdop>
        <extensions>
          <osmand:speed>5.2</osmand:speed>
        </extensions>
      </trkpt>
      <trkpt lat="59.1985047" lon="10.2592756">
        <ele>89</ele>
        <time>2026-08-25T17:52:02Z</time>
        <hdop>6.6</hdop>
        <extensions>
          <osmand:speed>6.9</osmand:speed>
        </extensions>
      </trkpt>
      <trkpt lat="59.1985561" lon="10.2586675">
        <ele>87</ele>
        <time>2026-08-25T17:52:08Z</time>
        <hdop>8.7</hdop>
        <extensions>
          <osmand:speed>4.1</osmand:speed>
        </extensions>
      </trkpt>
      <trkpt lat="59.19848" lon="10.2583928">
        <ele>87</ele>
        <time>2026-08-25T17:52:14Z</time>
        <hdop>7.7</hdop>
        <extensions>
          <osmand:speed>2.2</osmand:speed>
        </extensions>
      </trkpt>
      <trkpt lat="59.1983732" lon="10.2583693">
        <ele>87</ele>
        <time>2026-08-25T17:52:20Z</time>
        <hdop>9.7</hdop>
        <extensions>
          <osmand:speed>0.7</osmand:speed>
        </extensions>
      </trkpt>
      <trkpt lat="59.1983705" lon="10.2583708">
        <ele>87</ele>
        <time>2026-08-25T17:52:26Z</time>
        <hdop>7.1</hdop>
      </trkpt>
      <trkpt lat="59.1983705" lon="10.2583708">
        <ele>87</ele>
        <time>2026-08-25T17:52:32Z</time>
        <hdop>6.1</hdop>
      </trkpt>
      <trkpt lat="59.1983705" lon="10.2583708">
        <ele>87</ele>
        <time>2026-08-25T17:52:38Z</time>
        <hdop>8.2</hdop>
      </trkpt>
      <trkpt lat="59.1983056" lon="10.2583832">
        <ele>87</ele>
        <time>2026-08-25T17:52:44Z</time>
        <hdop>7.1</hdop>
        <extensions>
          <osmand:speed>1.9</osmand:speed>
        </extensions>
      </trkpt>
      <trkpt lat="59.1980202" lon="10.2584121">
        <ele>88</ele>
        <time>2026-08-25T17:52:50Z</time>
        <hdop>8.2</hdop>
        <extensions>
          <osmand:speed>10.7</osmand:speed>
        </extensions>
      </trkpt>
      <trkpt lat="59.1970718" lon="10.2583944">
        <ele>88</ele>
        <time>2026-08-25T17:52:56Z</time>
        <hdop>8.7</hdop>
        <extensions>
          <osmand:speed>24.3</osmand:speed>
        </extensions>
      </trkpt>
      <trkpt lat="59.1954017" lon="10.2584476">
        <ele>88</ele>
        <time>2026-08-25T17:53:02Z</time>
        <hdop>8.2</hdop>
        <extensions>
          <osmand:speed>37.2</osmand:speed>
        </extensions>
      </trkpt>
      <trkpt lat="59.1930726" lon="10.2585166">
        <ele>90</ele>
        <time>2026-08-25T17:53:08Z</time>
        <hdop>6.1</hdop>
        <extensions>
          <osmand:speed>49.1</osmand:speed>
        </extensions>
      </trkpt>
      <trkpt lat="59.1901159" lon="10.2585851">
        <ele>89</ele>
        <time>2026-08-25T17:53:14Z</time>
        <hdop>5.1</hdop>
        <extensions>
          <osmand:speed>60.4</osmand:speed>
        </extensions>
      </trkpt>
      <trkpt lat="59.186585" lon="10.2586689">
        <ele>86</ele>
        <time>2026-08-25T17:53:20Z</time>
        <hdop>6.1</hdop>
        <extensions>
          <osmand:speed>70.9</osmand:speed>
        </extensions>
      </trkpt>
      <trkpt lat="59.182506" lon="10.2587666">
        <ele>83</ele>
        <time>2026-08-25T17:53:26Z</time>
        <hdop>6.1</hdop>
        <extensions>
          <osmand:speed>80.5</osmand:speed>
        </extensions>
      </trkpt>
      <trkpt lat="59.1779854" lon="10.2588814">
        <ele>99</ele>
        <time>2026-08-25T17:53:32Z</time>
        <hdop>7.1</hdop>
        <extensions>
          <osmand:speed>85.3</osmand:speed>
        </extensions>
      </trkpt>
      <trkpt lat="59.1734165" lon="10.2589679">
        <ele>166</ele>
        <time>2026-08-25T17:53:38Z</time>
        <hdop>6.1</hdop>
        <extensions>
          <osmand:speed>84.8</osmand:speed>
        </extensions>
      </trkpt>
      <trkpt lat="59.168809" lon="10.2590081">
        <ele>230</ele>
        <time>2026-08-25T17:53:44Z</time>
        <hdop>7.1</hdop>
        <extensions>
          <osmand:speed>86</osmand:speed>
        </extensions>
      </trkpt>
      <trkpt lat="59.1641636" lon="10.2589985">
        <ele>297</ele>
        <time>2026-08-25T17:53:50Z</time>
        <hdop>6.1</hdop>
        <extensions>
          <osmand:speed>86.9</osmand:speed>
        </extensions>
      </trkpt>
      <trkpt lat="59.1594455" lon="10.2590003">
        <ele>359</ele>
        <time>2026-08-25T17:53:56Z</time>
        <hdop>7.1</hdop>
        <extensions>
          <osmand:speed>88.5</osmand:speed>
        </extensions>
      </trkpt>
      <trkpt lat="59.1546439" lon="10.258906">
        <ele>420</ele>
        <time>2026-08-25T17:54:02Z</time>
        <hdop>6.1</hdop>
        <extensions>
          <osmand:speed>89.7</osmand:speed>
        </extensions>
      </trkpt>
      <trkpt lat="59.1497704" lon="10.2588985">
        <ele>482</ele>
        <time>2026-08-25T17:54:08Z</time>
        <hdop>5.6</hdop>
        <extensions>
          <osmand:speed>91.4</osmand:speed>
        </extensions>
      </trkpt>
      <trkpt lat="59.1447569" lon="10.2589426">
        <ele>528</ele>
        <time>2026-08-25T17:54:14Z</time>
        <hdop>7.1</hdop>
        <extensions>
          <osmand:speed>95</osmand:speed>
        </extensions>
      </trkpt>
      <trkpt lat="59.1395167" lon="10.2590029">
        <ele>558</ele>
        <time>2026-08-25T17:54:20Z</time>
        <hdop>6.6</hdop>
        <extensions>
          <osmand:speed>100</osmand:speed>
        </extensions>
      </trkpt>
      <trkpt lat="59.1339781" lon="10.2591571">
        <ele>586</ele>
        <time>2026-08-25T17:54:26Z</time>
        <hdop>5.6</hdop>
        <extensions>
          <osmand:speed>104.9</osmand:speed>
        </extensions>
      </trkpt>
      <trkpt lat="59.1282124" lon="10.2593162">
        <ele>620</ele>
        <time>2026-08-25T17:54:32Z</time>
        <hdop>6.6</hdop>
        <extensions>
          <osmand:speed>109</osmand:speed>
        </extensions>
      </trkpt>
      <trkpt lat="59.1222589" lon="10.259459">
        <ele>658</ele>
        <time>2026-08-25T17:54:38Z</time>
        <hdop>8.2</hdop>
        <extensions>
          <osmand:speed>112.5</osmand:speed>
        </extensions>
      </trkpt>
      <trkpt lat="59.1161577" lon="10.2596739">
        <ele>719</ele>
        <time>2026-08-25T17:54:44Z</time>
        <hdop>6.6</hdop>
        <extensions>
          <osmand:speed>113.9</osmand:speed>
        </extensions>
      </trkpt>
      <trkpt lat="59.1100336" lon="10.2605343">
        <ele>798</ele>
        <time>2026-08-25T17:54:50Z</time>
        <hdop>7.1</hdop>
        <extensions>
          <osmand:speed>113.8</osmand:speed>
        </extensions>
      </trkpt>
      <trkpt lat="59.1041258" lon="10.2634788">
        <ele>883</ele>
        <time>2026-08-25T17:54:56Z</time>
        <hdop>6.1</hdop>
        <extensions>
          <osmand:speed>112.6</osmand:speed>
        </extensions>
      </trkpt>
      <trkpt lat="59.0987912" lon="10.2688161">
        <ele>974</ele>
        <time>2026-08-25T17:55:02Z</time>
        <hdop>4.6</hdop>
        <extensions>
          <osmand:speed>111.2</osmand:speed>
        </extensions>
      </trkpt>
      <trkpt lat="59.0941343" lon="10.2760352">
        <ele>1060</ele>
        <time>2026-08-25T17:55:08Z</time>
        <hdop>6.6</hdop>
        <extensions>
          <osmand:speed>110.3</osmand:speed>
        </extensions>
      </trkpt>
      <trkpt lat="59.0902975" lon="10.2847955">
        <ele>1141</ele>
        <time>2026-08-25T17:55:14Z</time>
        <hdop>3.6</hdop>
        <extensions>
          <osmand:speed>110.3</osmand:speed>
        </extensions>
      </trkpt>
      <trkpt lat="59.0873114" lon="10.2948665">
        <ele>1204</ele>
        <time>2026-08-25T17:55:20Z</time>
        <hdop>4.6</hdop>
        <extensions>
          <osmand:speed>112.1</osmand:speed>
        </extensions>
      </trkpt>
      <trkpt lat="59.0852796" lon="10.3060276">
        <ele>1252</ele>
        <time>2026-08-25T17:55:26Z</time>
        <hdop>4.6</hdop>
        <extensions>
          <osmand:speed>114.6</osmand:speed>
        </extensions>
      </trkpt>
      <trkpt lat="59.0843564" lon="10.3178883">
        <ele>1320</ele>
        <time>2026-08-25T17:55:32Z</time>
        <hdop>9.2</hdop>
        <extensions>
          <osmand:speed>114.9</osmand:speed>
        </extensions>
      </trkpt>
      <trkpt lat="59.0839081" lon="10.3299094">
        <ele>1407</ele>
        <time>2026-08-25T17:55:38Z</time>
        <hdop>8.2</hdop>
        <extensions>
          <osmand:speed>115.5</osmand:speed>
        </extensions>
      </trkpt>
      <trkpt lat="59.0835105" lon="10.3421047">
        <ele>1473</ele>
        <time>2026-08-25T17:55:44Z</time>
        <hdop>6.6</hdop>
        <extensions>
          <osmand:speed>118.1</osmand:speed>
        </extensions>
      </trkpt>
      <trkpt lat="59.0830757" lon="10.354655">
        <ele>1514</ele>
        <time>2026-08-25T17:55:50Z</time>
        <hdop>6.1</hdop>
        <extensions>
          <osmand:speed>122.4</osmand:speed>
        </extensions>
      </trkpt>
      <trkpt lat="59.0826187" lon="10.3676733">
        <ele>1543</ele>
        <time>2026-08-25T17:55:56Z</time>
        <hdop>6.1</hdop>
        <extensions>
          <osmand:speed>127.1</osmand:speed>
        </extensions>
      </trkpt>
      <trkpt lat="59.0821374" lon="10.3811226">
        <ele>1587</ele>
        <time>2026-08-25T17:56:02Z</time>
        <hdop>5.6</hdop>
        <extensions>
          <osmand:speed>130.1</osmand:speed>
        </extensions>
      </trkpt>
      <trkpt lat="59.081667" lon="10.3948057">
        <ele>1649</ele>
        <time>2026-08-25T17:56:08Z</time>
        <hdop>5.6</hdop>
        <extensions>
          <osmand:speed>132.2</osmand:speed>
        </extensions>
      </trkpt>
      <trkpt lat="59.0812023" lon="10.4086997">
        <ele>1714</ele>
        <time>2026-08-25T17:56:14Z</time>
        <hdop>5.6</hdop>
        <extensions>
          <osmand:speed>133.9</osmand:speed>
        </extensions>
      </trkpt>
      <trkpt lat="59.0807429" lon="10.4227405">
        <ele>1787</ele>
        <time>2026-08-25T17:56:20Z</time>
        <hdop>6.1</hdop>
        <extensions>
          <osmand:speed>135.2</osmand:speed>
        </extensions>
      </trkpt>
      <trkpt lat="59.0802799" lon="10.4369613">
        <ele>1854</ele>
        <time>2026-08-25T17:56:26Z</time>
        <hdop>5.6</hdop>
        <extensions>
          <osmand:speed>137.2</osmand:speed>
        </extensions>
      </trkpt>
      <trkpt lat="59.0797321" lon="10.4513866">
        <ele>1915</ele>
        <time>2026-08-25T17:56:32Z</time>
        <hdop>5.1</hdop>
        <extensions>
          <osmand:speed>139.4</osmand:speed>
        </extensions>
      </trkpt>
      <trkpt lat="59.0790358" lon="10.4660098">
        <ele>1979</ele>
        <time>2026-08-25T17:56:38Z</time>
        <hdop>5.6</hdop>
        <extensions>
          <osmand:speed>141.3</osmand:speed>
        </extensions>
      </trkpt>
      <trkpt lat="59.0781035" lon="10.4807559">
        <ele>2055</ele>
        <time>2026-08-25T17:56:44Z</time>
        <hdop>6.1</hdop>
        <extensions>
          <osmand:speed>142.4</osmand:speed>
        </extensions>
      </trkpt>
      <trkpt lat="59.0770221" lon="10.495481">
        <ele>2150</ele>
        <time>2026-08-25T17:56:50Z</time>
        <hdop>6.6</hdop>
        <extensions>
          <osmand:speed>142</osmand:speed>
        </extensions>
      </trkpt>
      <trkpt lat="59.0759245" lon="10.5101315">
        <ele>2254.5</ele>
        <time>2026-08-25T17:56:56Z</time>
        <hdop>7.1</hdop>
        <extensions>
          <osmand:speed>141.5</osmand:speed>
        </extensions>
      </trkpt>
      <trkpt lat="59.0748111" lon="10.5247759">
        <ele>2347.5</ele>
        <time>2026-08-25T17:57:02Z</time>
        <hdop>5.6</hdop>
        <extensions>
          <osmand:speed>141.8</osmand:speed>
        </extensions>
      </trkpt>
      <trkpt lat="59.0736976" lon="10.5394703">
        <ele>2441.5</ele>
        <time>2026-08-25T17:57:08Z</time>
        <hdop>6.1</hdop>
        <extensions>
          <osmand:speed>141.8</osmand:speed>
        </extensions>
      </trkpt>
      <trkpt lat="59.0726154" lon="10.5541331">
        <ele>2543.5</ele>
        <time>2026-08-25T17:57:14Z</time>
        <hdop>5.6</hdop>
        <extensions>
          <osmand:speed>141.4</osmand:speed>
        </extensions>
      </trkpt>
      <trkpt lat="59.0715626" lon="10.5687743">
        <ele>2644.5</ele>
        <time>2026-08-25T17:57:20Z</time>
        <hdop>6.6</hdop>
        <extensions>
          <osmand:speed>141.3</osmand:speed>
        </extensions>
      </trkpt>
      <trkpt lat="59.0705561" lon="10.5834012">
        <ele>2741.5</ele>
        <time>2026-08-25T17:57:26Z</time>
        <hdop>6.1</hdop>
        <extensions>
          <osmand:speed>141.5</osmand:speed>
        </extensions>
      </trkpt>
      <trkpt lat="59.0695734" lon="10.5981272">
        <ele>2830.5</ele>
        <time>2026-08-25T17:57:32Z</time>
        <hdop>7.1</hdop>
        <extensions>
          <osmand:speed>142.4</osmand:speed>
        </extensions>
      </trkpt>
      <trkpt lat="59.0686144" lon="10.6129973">
        <ele>2904.5</ele>
        <time>2026-08-25T17:57:38Z</time>
        <hdop>5.6</hdop>
        <extensions>
          <osmand:speed>144.2</osmand:speed>
        </extensions>
      </trkpt>
      <trkpt lat="59.0676821" lon="10.6280214">
        <ele>2983.5</ele>
        <time>2026-08-25T17:57:44Z</time>
        <hdop>6.1</hdop>
        <extensions>
          <osmand:speed>145.3</osmand:speed>
        </extensions>
      </trkpt>
      <trkpt lat="59.0667306" lon="10.6431402">
        <ele>3070.5</ele>
        <time>2026-08-25T17:57:50Z</time>
        <hdop>6.6</hdop>
        <extensions>
          <osmand:speed>146</osmand:speed>
        </extensions>
      </trkpt>
      <trkpt lat="59.0657746" lon="10.6583338">
        <ele>3157.5</ele>
        <time>2026-08-25T17:57:56Z</time>
        <hdop>9.2</hdop>
        <extensions>
          <osmand:speed>146.3</osmand:speed>
        </extensions>
      </trkpt>
      <trkpt lat="59.0648323" lon="10.6735664">
        <ele>3259.5</ele>
        <time>2026-08-25T17:58:02Z</time>
        <hdop>11.2</hdop>
        <extensions>
          <osmand:speed>146.4</osmand:speed>
        </extensions>
      </trkpt>
      <trkpt lat="59.0638527" lon="10.6887707">
        <ele>3353.5</ele>
        <time>2026-08-25T17:58:08Z</time>
        <hdop>7.7</hdop>
        <extensions>
          <osmand:speed>147.6</osmand:speed>
        </extensions>
      </trkpt>
      <trkpt lat="59.0628411" lon="10.7042482">
        <ele>3404.5</ele>
        <time>2026-08-25T17:58:14Z</time>
        <hdop>5.6</hdop>
        <extensions>
          <osmand:speed>151.3</osmand:speed>
        </extensions>
      </trkpt>
      <trkpt lat="59.0618169" lon="10.720207">
        <ele>3430.5</ele>
        <time>2026-08-25T17:58:20Z</time>
        <hdop>7.7</hdop>
        <extensions>
          <osmand:speed>156</osmand:speed>
        </extensions>
      </trkpt>
      <trkpt lat="59.0607482" lon="10.736598">
        <ele>3461.5</ele>
        <time>2026-08-25T17:58:26Z</time>
        <hdop>6.1</hdop>
        <extensions>
          <osmand:speed>160.3</osmand:speed>
        </extensions>
      </trkpt>
      <trkpt lat="59.0596618" lon="10.7534426">
        <ele>3495.2</ele>
        <time>2026-08-25T17:58:32Z</time>
        <hdop>6.1</hdop>
        <extensions>
          <osmand:speed>164.6</osmand:speed>
        </extensions>
      </trkpt>
      <trkpt lat="59.0585165" lon="10.7707358">
        <ele>3526.2</ele>
        <time>2026-08-25T17:58:38Z</time>
        <hdop>5.6</hdop>
        <extensions>
          <osmand:speed>168.7</osmand:speed>
        </extensions>
      </trkpt>
      <trkpt lat="59.0573305" lon="10.7884386">
        <ele>3557.2</ele>
        <time>2026-08-25T17:58:44Z</time>
        <hdop>6.1</hdop>
        <extensions>
          <osmand:speed>172.8</osmand:speed>
        </extensions>
      </trkpt>
      <trkpt lat="59.0561152" lon="10.8065348">
        <ele>3589.2</ele>
        <time>2026-08-25T17:58:50Z</time>
        <hdop>5.6</hdop>
        <extensions>
          <osmand:speed>176.5</osmand:speed>
        </extensions>
      </trkpt>
      <trkpt lat="59.0548485" lon="10.8249124">
        <ele>3654.2</ele>
        <time>2026-08-25T17:58:56Z</time>
        <hdop>5.6</hdop>
        <extensions>
          <osmand:speed>178</osmand:speed>
        </extensions>
      </trkpt>
      <trkpt lat="59.0535818" lon="10.8433715">
        <ele>3743.2</ele>
        <time>2026-08-25T17:59:02Z</time>
        <hdop>5.1</hdop>
        <extensions>
          <osmand:speed>178.4</osmand:speed>
        </extensions>
      </trkpt>
      <trkpt lat="59.0522884" lon="10.8618672">
        <ele>3838.2</ele>
        <time>2026-08-25T17:59:08Z</time>
        <hdop>5.1</hdop>
        <extensions>
          <osmand:speed>179</osmand:speed>
        </extensions>
      </trkpt>
      <trkpt lat="59.050996" lon="10.880457">
        <ele>3921.2</ele>
        <time>2026-08-25T17:59:14Z</time>
        <hdop>5.1</hdop>
        <extensions>
          <osmand:speed>180.2</osmand:speed>
        </extensions>
      </trkpt>
      <trkpt lat="59.0497111" lon="10.8991954">
        <ele>4002.2</ele>
        <time>2026-08-25T17:59:20Z</time>
        <hdop>6.1</hdop>
        <extensions>
          <osmand:speed>181.5</osmand:speed>
        </extensions>
      </trkpt>
      <trkpt lat="59.0484031" lon="10.9180474">
        <ele>4081.2</ele>
        <time>2026-08-25T17:59:26Z</time>
        <hdop>6.1</hdop>
        <extensions>
          <osmand:speed>182.6</osmand:speed>
        </extensions>
      </trkpt>
      <trkpt lat="59.0471066" lon="10.9369923">
        <ele>4173.2</ele>
        <time>2026-08-25T17:59:32Z</time>
        <hdop>5.1</hdop>
        <extensions>
          <osmand:speed>183.2</osmand:speed>
        </extensions>
      </trkpt>
      <trkpt lat="59.0458056" lon="10.9560192">
        <ele>4257.2</ele>
        <time>2026-08-25T17:59:38Z</time>
        <hdop>5.1</hdop>
        <extensions>
          <osmand:speed>184.3</osmand:speed>
        </extensions>
      </trkpt>
      <trkpt lat="59.0444996" lon="10.9751623">
        <ele>4339.2</ele>
        <time>2026-08-25T17:59:44Z</time>
        <hdop>5.1</hdop>
        <extensions>
          <osmand:speed>185.4</osmand:speed>
        </extensions>
      </trkpt>
      <trkpt lat="59.0431785" lon="10.9943887">
        <ele>4429.2</ele>
        <time>2026-08-25T17:59:50Z</time>
        <hdop>5.6</hdop>
        <extensions>
          <osmand:speed>186</osmand:speed>
        </extensions>
      </trkpt>
      <trkpt lat="59.0418408" lon="11.0136487">
        <ele>4528.9</ele>
        <time>2026-08-25T17:59:56Z</time>
        <hdop>6.1</hdop>
        <extensions>
          <osmand:speed>186.2</osmand:speed>
        </extensions>
      </trkpt>
      <trkpt lat="59.0405016" lon="11.0329634">
        <ele>4625.9</ele>
        <time>2026-08-25T18:00:02Z</time>
        <hdop>5.6</hdop>
        <extensions>
          <osmand:speed>186.9</osmand:speed>
        </extensions>
      </trkpt>
      <trkpt lat="59.039168" lon="11.0523493">
        <ele>4716.9</ele>
        <time>2026-08-25T18:00:08Z</time>
        <hdop>5.6</hdop>
        <extensions>
          <osmand:speed>187.6</osmand:speed>
        </extensions>
      </trkpt>
      <trkpt lat="59.0378279" lon="11.0717846">
        <ele>4812.9</ele>
        <time>2026-08-25T18:00:14Z</time>
        <hdop>6.1</hdop>
        <extensions>
          <osmand:speed>188.1</osmand:speed>
        </extensions>
      </trkpt>
      <trkpt lat="59.0364904" lon="11.0912815">
        <ele>4908.9</ele>
        <time>2026-08-25T18:00:20Z</time>
        <hdop>5.6</hdop>
        <extensions>
          <osmand:speed>188.5</osmand:speed>
        </extensions>
      </trkpt>
      <trkpt lat="59.0351247" lon="11.1108246">
        <ele>5001.9</ele>
        <time>2026-08-25T18:00:26Z</time>
        <hdop>6.1</hdop>
        <extensions>
          <osmand:speed>189.2</osmand:speed>
        </extensions>
      </trkpt>
      <trkpt lat="59.0337704" lon="11.1304542">
        <ele>5089.9</ele>
        <time>2026-08-25T18:00:32Z</time>
        <hdop>6.1</hdop>
        <extensions>
          <osmand:speed>190.1</osmand:speed>
        </extensions>
      </trkpt>
      <trkpt lat="59.0324001" lon="11.150217">
        <ele>5164.9</ele>
        <time>2026-08-25T18:00:38Z</time>
        <hdop>6.1</hdop>
        <extensions>
          <osmand:speed>191.8</osmand:speed>
        </extensions>
      </trkpt>
      <trkpt lat="59.0310302" lon="11.1701754">
        <ele>5226.9</ele>
        <time>2026-08-25T18:00:44Z</time>
        <hdop>7.7</hdop>
        <extensions>
          <osmand:speed>193.5</osmand:speed>
        </extensions>
      </trkpt>
      <trkpt lat="59.0296252" lon="11.1902416">
        <ele>5305.9</ele>
        <time>2026-08-25T18:00:50Z</time>
        <hdop>6.1</hdop>
        <extensions>
          <osmand:speed>194.6</osmand:speed>
        </extensions>
      </trkpt>
      <trkpt lat="59.0281974" lon="11.2104444">
        <ele>5379.9</ele>
        <time>2026-08-25T18:00:56Z</time>
        <hdop>6.1</hdop>
        <extensions>
          <osmand:speed>196.1</osmand:speed>
        </extensions>
      </trkpt>
      <trkpt lat="59.0267733" lon="11.2308194">
        <ele>5449.9</ele>
        <time>2026-08-25T18:01:02Z</time>
        <hdop>5.6</hdop>
        <extensions>
          <osmand:speed>197.4</osmand:speed>
        </extensions>
      </trkpt>
      <trkpt lat="59.0253317" lon="11.2512861">
        <ele>5530.6</ele>
        <time>2026-08-25T18:01:08Z</time>
        <hdop>5.6</hdop>
        <extensions>
          <osmand:speed>198.2</osmand:speed>
        </extensions>
      </trkpt>
      <trkpt lat="59.0238671" lon="11.2718059">
        <ele>5614.6</ele>
        <time>2026-08-25T18:01:14Z</time>
        <hdop>6.6</hdop>
        <extensions>
          <osmand:speed>198.8</osmand:speed>
        </extensions>
      </trkpt>
      <trkpt lat="59.0224082" lon="11.2923859">
        <ele>5701.6</ele>
        <time>2026-08-25T18:01:20Z</time>
        <hdop>6.6</hdop>
        <extensions>
          <osmand:speed>199.3</osmand:speed>
        </extensions>
      </trkpt>
      <trkpt lat="59.0209511" lon="11.3130398">
        <ele>5784.6</ele>
        <time>2026-08-25T18:01:26Z</time>
        <hdop>6.6</hdop>
        <extensions>
          <osmand:speed>199.9</osmand:speed>
        </extensions>
      </trkpt>
      <trkpt lat="59.019472" lon="11.3337214">
        <ele>5877.6</ele>
        <time>2026-08-25T18:01:32Z</time>
        <hdop>6.6</hdop>
        <extensions>
          <osmand:speed>199.9</osmand:speed>
        </extensions>
      </trkpt>
      <trkpt lat="59.0179972" lon="11.3543696">
        <ele>5977.6</ele>
        <time>2026-08-25T18:01:38Z</time>
        <hdop>6.1</hdop>
        <extensions>
          <osmand:speed>199.8</osmand:speed>
        </extensions>
      </trkpt>
      <trkpt lat="59.0164996" lon="11.3750303">
        <ele>6064.6</ele>
        <time>2026-08-25T18:01:44Z</time>
        <hdop>6.1</hdop>
        <extensions>
          <osmand:speed>200.2</osmand:speed>
        </extensions>
      </trkpt>
      <trkpt lat="59.014999" lon="11.3957242">
        <ele>6153.6</ele>
        <time>2026-08-25T18:01:50Z</time>
        <hdop>6.6</hdop>
        <extensions>
          <osmand:speed>200.2</osmand:speed>
        </extensions>
      </trkpt>
      <trkpt lat="59.0134994" lon="11.4163936">
        <ele>6251.6</ele>
        <time>2026-08-25T18:01:56Z</time>
        <hdop>5.6</hdop>
        <extensions>
          <osmand:speed>200</osmand:speed>
        </extensions>
      </trkpt>
      <trkpt lat="59.0119995" lon="11.4370661">
        <ele>6340.6</ele>
        <time>2026-08-25T18:02:02Z</time>
        <hdop>6.1</hdop>
        <extensions>
          <osmand:speed>200.3</osmand:speed>
        </extensions>
      </trkpt>
      <trkpt lat="59.0105079" lon="11.4577734">
        <ele>6426.6</ele>
        <time>2026-08-25T18:02:08Z</time>
        <hdop>5.6</hdop>
        <extensions>
          <osmand:speed>200.5</osmand:speed>
        </extensions>
      </trkpt>
      <trkpt lat="59.0090165" lon="11.4785134">
        <ele>6508.6</ele>
        <time>2026-08-25T18:02:14Z</time>
        <hdop>5.6</hdop>
        <extensions>
          <osmand:speed>201</osmand:speed>
        </extensions>
      </trkpt>
      <trkpt lat="59.0075153" lon="11.4993151">
        <ele>6585.6</ele>
        <time>2026-08-25T18:02:20Z</time>
        <hdop>5.6</hdop>
        <extensions>
          <osmand:speed>201.6</osmand:speed>
        </extensions>
      </trkpt>
      <trkpt lat="59.0060296" lon="11.5201838">
        <ele>6658.3</ele>
        <time>2026-08-25T18:02:26Z</time>
        <hdop>8.7</hdop>
        <extensions>
          <osmand:speed>202.3</osmand:speed>
        </extensions>
      </trkpt>
      <trkpt lat="59.0045196" lon="11.5411292">
        <ele>6727.3</ele>
        <time>2026-08-25T18:02:32Z</time>
        <hdop>8.7</hdop>
        <extensions>
          <osmand:speed>203.2</osmand:speed>
        </extensions>
      </trkpt>
      <trkpt lat="59.0029939" lon="11.5621741">
        <ele>6793.3</ele>
        <time>2026-08-25T18:02:38Z</time>
        <hdop>9.2</hdop>
        <extensions>
          <osmand:speed>204.1</osmand:speed>
        </extensions>
      </trkpt>
      <trkpt lat="59.0014771" lon="11.5833167">
        <ele>6857.3</ele>
        <time>2026-08-25T18:02:44Z</time>
        <hdop>8.7</hdop>
        <extensions>
          <osmand:speed>205.3</osmand:speed>
        </extensions>
      </trkpt>
      <trkpt lat="58.9999659" lon="11.6045995">
        <ele>6914.6</ele>
        <time>2026-08-25T18:02:50Z</time>
        <hdop>7.1</hdop>
        <extensions>
          <osmand:speed>206.4</osmand:speed>
        </extensions>
      </trkpt>
      <trkpt lat="58.9984452" lon="11.6259623">
        <ele>6979.6</ele>
        <time>2026-08-25T18:02:56Z</time>
        <hdop>5.6</hdop>
        <extensions>
          <osmand:speed>207.2</osmand:speed>
        </extensions>
      </trkpt>
      <trkpt lat="58.996896" lon="11.6473797">
        <ele>7049.6</ele>
        <time>2026-08-25T18:03:02Z</time>
        <hdop>6.1</hdop>
        <extensions>
          <osmand:speed>207.8</osmand:speed>
        </extensions>
      </trkpt>
      <trkpt lat="58.9953156" lon="11.6688652">
        <ele>7120.6</ele>
        <time>2026-08-25T18:03:08Z</time>
        <hdop>5.1</hdop>
        <extensions>
          <osmand:speed>208.2</osmand:speed>
        </extensions>
      </trkpt>
      <trkpt lat="58.9937139" lon="11.6903677">
        <ele>7193.6</ele>
        <time>2026-08-25T18:03:14Z</time>
        <hdop>4.1</hdop>
        <extensions>
          <osmand:speed>208.6</osmand:speed>
        </extensions>
      </trkpt>
      <trkpt lat="58.9920844" lon="11.7119015">
        <ele>7265.6</ele>
        <time>2026-08-25T18:03:20Z</time>
        <hdop>5.1</hdop>
        <extensions>
          <osmand:speed>208.9</osmand:speed>
        </extensions>
      </trkpt>
      <trkpt lat="58.9904365" lon="11.7334565">
        <ele>7336.6</ele>
        <time>2026-08-25T18:03:26Z</time>
        <hdop>5.1</hdop>
        <extensions>
          <osmand:speed>209.2</osmand:speed>
        </extensions>
      </trkpt>
      <trkpt lat="58.9887864" lon="11.7550336">
        <ele>7411.3</ele>
        <time>2026-08-25T18:03:32Z</time>
        <hdop>5.1</hdop>
        <extensions>
          <osmand:speed>209.3</osmand:speed>
        </extensions>
      </trkpt>
      <trkpt lat="58.9871288" lon="11.7766153">
        <ele>7485.3</ele>
        <time>2026-08-25T18:03:38Z</time>
        <hdop>5.1</hdop>
        <extensions>
          <osmand:speed>209.4</osmand:speed>
        </extensions>
      </trkpt>
      <trkpt lat="58.9854687" lon="11.7982024">
        <ele>7559.3</ele>
        <time>2026-08-25T18:03:44Z</time>
        <hdop>5.1</hdop>
        <extensions>
          <osmand:speed>209.4</osmand:speed>
        </extensions>
      </trkpt>
      <trkpt lat="58.9838164" lon="11.8198053">
        <ele>7631.3</ele>
        <time>2026-08-25T18:03:50Z</time>
        <hdop>5.6</hdop>
        <extensions>
          <osmand:speed>209.6</osmand:speed>
        </extensions>
      </trkpt>
      <trkpt lat="58.9821657" lon="11.8414173">
        <ele>7700.3</ele>
        <time>2026-08-25T18:03:56Z</time>
        <hdop>5.1</hdop>
        <extensions>
          <osmand:speed>209.8</osmand:speed>
        </extensions>
      </trkpt>
      <trkpt lat="58.9805103" lon="11.8630506">
        <ele>7769.3</ele>
        <time>2026-08-25T18:04:02Z</time>
        <hdop>4.6</hdop>
        <extensions>
          <osmand:speed>209.9</osmand:speed>
        </extensions>
      </trkpt>
      <trkpt lat="58.9788536" lon="11.8846984">
        <ele>7836.3</ele>
        <time>2026-08-25T18:04:08Z</time>
        <hdop>3.6</hdop>
        <extensions>
          <osmand:speed>210.1</osmand:speed>
        </extensions>
      </trkpt>
      <trkpt lat="58.9771998" lon="11.9063723">
        <ele>7903.3</ele>
        <time>2026-08-25T18:04:14Z</time>
        <hdop>3.6</hdop>
        <extensions>
          <osmand:speed>210.4</osmand:speed>
        </extensions>
      </trkpt>
      <trkpt lat="58.9755513" lon="11.9280715">
        <ele>7967.3</ele>
        <time>2026-08-25T18:04:20Z</time>
        <hdop>4.6</hdop>
        <extensions>
          <osmand:speed>210.6</osmand:speed>
        </extensions>
      </trkpt>
      <trkpt lat="58.9738919" lon="11.9498055">
        <ele>8028.3</ele>
        <time>2026-08-25T18:04:26Z</time>
        <hdop>4.1</hdop>
        <extensions>
          <osmand:speed>211.1</osmand:speed>
        </extensions>
      </trkpt>
      <trkpt lat="58.9722287" lon="11.971584">
        <ele>8088.3</ele>
        <time>2026-08-25T18:04:32Z</time>
        <hdop>3.6</hdop>
        <extensions>
          <osmand:speed>211.5</osmand:speed>
        </extensions>
      </trkpt>
      <trkpt lat="58.9705569" lon="11.9934051">
        <ele>8146.3</ele>
        <time>2026-08-25T18:04:38Z</time>
        <hdop>3.6</hdop>
        <extensions>
          <osmand:speed>212</osmand:speed>
        </extensions>
      </trkpt>
      <trkpt lat="58.9688783" lon="12.0152805">
        <ele>8202.9</ele>
        <time>2026-08-25T18:04:44Z</time>
        <hdop>4.6</hdop>
        <extensions>
          <osmand:speed>212.5</osmand:speed>
        </extensions>
      </trkpt>
      <trkpt lat="58.9672143" lon="12.0372164">
        <ele>8259.9</ele>
        <time>2026-08-25T18:04:50Z</time>
        <hdop>2</hdop>
        <extensions>
          <osmand:speed>213.1</osmand:speed>
        </extensions>
      </trkpt>
      <trkpt lat="58.9655162" lon="12.059208">
        <ele>8310.9</ele>
        <time>2026-08-25T18:04:56Z</time>
        <hdop>2.6</hdop>
        <extensions>
          <osmand:speed>213.8</osmand:speed>
        </extensions>
      </trkpt>
      <trkpt lat="58.9638111" lon="12.0812772">
        <ele>8359.9</ele>
        <time>2026-08-25T18:05:02Z</time>
        <hdop>2.6</hdop>
        <extensions>
          <osmand:speed>214.6</osmand:speed>
        </extensions>
      </trkpt>
      <trkpt lat="58.9621006" lon="12.1034088">
        <ele>8411.9</ele>
        <time>2026-08-25T18:05:08Z</time>
        <hdop>3.1</hdop>
        <extensions>
          <osmand:speed>215.1</osmand:speed>
        </extensions>
      </trkpt>
      <trkpt lat="58.9603829" lon="12.125593">
        <ele>8461.9</ele>
        <time>2026-08-25T18:05:14Z</time>
        <hdop>2.6</hdop>
        <extensions>
          <osmand:speed>215.8</osmand:speed>
        </extensions>
      </trkpt>
      <trkpt lat="58.9586486" lon="12.147846">
        <ele>8509.9</ele>
        <time>2026-08-25T18:05:20Z</time>
        <hdop>3.1</hdop>
        <extensions>
          <osmand:speed>216.5</osmand:speed>
        </extensions>
      </trkpt>
      <trkpt lat="58.9569082" lon="12.170157">
        <ele>8559.9</ele>
        <time>2026-08-25T18:05:26Z</time>
        <hdop>3.1</hdop>
        <extensions>
          <osmand:speed>216.9</osmand:speed>
        </extensions>
      </trkpt>
      <trkpt lat="58.9551529" lon="12.1925303">
        <ele>8606.9</ele>
        <time>2026-08-25T18:05:32Z</time>
        <hdop>2.6</hdop>
        <extensions>
          <osmand:speed>217.6</osmand:speed>
        </extensions>
      </trkpt>
      <trkpt lat="58.9533934" lon="12.2149646">
        <ele>8653.9</ele>
        <time>2026-08-25T18:05:38Z</time>
        <hdop>3.1</hdop>
        <extensions>
          <osmand:speed>218.2</osmand:speed>
        </extensions>
      </trkpt>
      <trkpt lat="58.9515514" lon="12.2374325">
        <ele>8700.9</ele>
        <time>2026-08-25T18:05:44Z</time>
        <hdop>2</hdop>
        <extensions>
          <osmand:speed>218.8</osmand:speed>
        </extensions>
      </trkpt>
      <trkpt lat="58.9493057" lon="12.2598258">
        <ele>8744.5</ele>
        <time>2026-08-25T18:05:50Z</time>
        <hdop>3.1</hdop>
        <extensions>
          <osmand:speed>219.5</osmand:speed>
        </extensions>
      </trkpt>
      <trkpt lat="58.9465999" lon="12.2820749">
        <ele>8792.5</ele>
        <time>2026-08-25T18:05:56Z</time>
        <hdop>2</hdop>
        <extensions>
          <osmand:speed>219.9</osmand:speed>
        </extensions>
      </trkpt>
      <trkpt lat="58.9437273" lon="12.3042806">
        <ele>8844.5</ele>
        <time>2026-08-25T18:06:02Z</time>
        <hdop>2</hdop>
        <extensions>
          <osmand:speed>220.2</osmand:speed>
        </extensions>
      </trkpt>
      <trkpt lat="58.9408313" lon="12.326526">
        <ele>8889.5</ele>
        <time>2026-08-25T18:06:08Z</time>
        <hdop>3.1</hdop>
        <extensions>
          <osmand:speed>220.8</osmand:speed>
        </extensions>
      </trkpt>
      <trkpt lat="58.9379351" lon="12.3488176">
        <ele>8938.5</ele>
        <time>2026-08-25T18:06:14Z</time>
        <hdop>2.6</hdop>
        <extensions>
          <osmand:speed>221</osmand:speed>
        </extensions>
      </trkpt>
      <trkpt lat="58.9350386" lon="12.3711366">
        <ele>8987.5</ele>
        <time>2026-08-25T18:06:20Z</time>
        <hdop>4.1</hdop>
        <extensions>
          <osmand:speed>221.4</osmand:speed>
        </extensions>
      </trkpt>
      <trkpt lat="58.9321498" lon="12.3934957">
        <ele>9034.5</ele>
        <time>2026-08-25T18:06:26Z</time>
        <hdop>2.6</hdop>
        <extensions>
          <osmand:speed>221.8</osmand:speed>
        </extensions>
      </trkpt>
      <trkpt lat="58.9292332" lon="12.4158746">
        <ele>9082.5</ele>
        <time>2026-08-25T18:06:32Z</time>
        <hdop>2</hdop>
        <extensions>
          <osmand:speed>222</osmand:speed>
        </extensions>
      </trkpt>
      <trkpt lat="58.9263014" lon="12.4382785">
        <ele>9130.5</ele>
        <time>2026-08-25T18:06:38Z</time>
        <hdop>3.6</hdop>
        <extensions>
          <osmand:speed>222.3</osmand:speed>
        </extensions>
      </trkpt>
      <trkpt lat="58.9233636" lon="12.4607104">
        <ele>9175.5</ele>
        <time>2026-08-25T18:06:44Z</time>
        <hdop>3.1</hdop>
        <extensions>
          <osmand:speed>222.7</osmand:speed>
        </extensions>
      </trkpt>
      <trkpt lat="58.9204129" lon="12.4831685">
        <ele>9220.5</ele>
        <time>2026-08-25T18:06:50Z</time>
        <hdop>4.1</hdop>
        <extensions>
          <osmand:speed>223</osmand:speed>
        </extensions>
      </trkpt>
      <trkpt lat="58.9174666" lon="12.5056534">
        <ele>9267</ele>
        <time>2026-08-25T18:06:56Z</time>
        <hdop>3.6</hdop>
        <extensions>
          <osmand:speed>223.3</osmand:speed>
        </extensions>
      </trkpt>
      <trkpt lat="58.9144814" lon="12.5281416">
        <ele>9318</ele>
        <time>2026-08-25T18:07:02Z</time>
        <hdop>11.2</hdop>
        <extensions>
          <osmand:speed>223</osmand:speed>
        </extensions>
      </trkpt>
      <trkpt lat="58.8902815" lon="12.7093618">
        <ele>9833</ele>
        <time>2026-08-25T18:07:51Z</time>
        <hdop>46.9</hdop>
        <extensions>
          <osmand:speed>218.8</osmand:speed>
        </extensions>
      </trkpt>
      <trkpt lat="58.8873533" lon="12.7313411">
        <ele>9889</ele>
        <time>2026-08-25T18:07:57Z</time>
        <hdop>47.4</hdop>
        <extensions>
          <osmand:speed>218.1</osmand:speed>
        </extensions>
      </trkpt>
      <trkpt lat="58.8845058" lon="12.7533552">
        <ele>9941.5</ele>
        <time>2026-08-25T18:08:03Z</time>
        <hdop>32.7</hdop>
        <extensions>
          <osmand:speed>218.2</osmand:speed>
        </extensions>
      </trkpt>
      <trkpt lat="58.8815848" lon="12.7752934">
        <ele>9994.5</ele>
        <time>2026-08-25T18:08:09Z</time>
        <hdop>20.9</hdop>
        <extensions>
          <osmand:speed>217.9</osmand:speed>
        </extensions>
      </trkpt>
      <trkpt lat="58.8786305" lon="12.7971608">
        <ele>10044.5</ele>
        <time>2026-08-25T18:08:15Z</time>
        <hdop>16.8</hdop>
        <extensions>
          <osmand:speed>217.8</osmand:speed>
        </extensions>
      </trkpt>
      <trkpt lat="58.8756305" lon="12.8190495">
        <ele>10092.5</ele>
        <time>2026-08-25T18:08:21Z</time>
        <hdop>19.4</hdop>
        <extensions>
          <osmand:speed>217.5</osmand:speed>
        </extensions>
      </trkpt>
      <trkpt lat="58.8726645" lon="12.8408716">
        <ele>10142.5</ele>
        <time>2026-08-25T18:08:27Z</time>
        <hdop>28.6</hdop>
        <extensions>
          <osmand:speed>217</osmand:speed>
        </extensions>
      </trkpt>
      <trkpt lat="58.8696749" lon="12.862659">
        <ele>10191.5</ele>
        <time>2026-08-25T18:08:33Z</time>
        <hdop>31.6</hdop>
        <extensions>
          <osmand:speed>217.1</osmand:speed>
        </extensions>
      </trkpt>
      <trkpt lat="58.8666815" lon="12.884429">
        <ele>10244.5</ele>
        <time>2026-08-25T18:08:39Z</time>
        <hdop>33.7</hdop>
        <extensions>
          <osmand:speed>216.5</osmand:speed>
        </extensions>
      </trkpt>
      <trkpt lat="58.8636776" lon="12.9061009">
        <ele>10303.5</ele>
        <time>2026-08-25T18:08:45Z</time>
        <hdop>20.9</hdop>
        <extensions>
          <osmand:speed>216.2</osmand:speed>
        </extensions>
      </trkpt>
      <trkpt lat="58.8606295" lon="12.9277393">
        <ele>10352.5</ele>
        <time>2026-08-25T18:08:51Z</time>
        <hdop>17.9</hdop>
        <extensions>
          <osmand:speed>216</osmand:speed>
        </extensions>
      </trkpt>
      <trkpt lat="58.8575732" lon="12.9493714">
        <ele>10400.5</ele>
        <time>2026-08-25T18:08:57Z</time>
        <hdop>17.3</hdop>
        <extensions>
          <osmand:speed>216</osmand:speed>
        </extensions>
      </trkpt>
      <trkpt lat="58.8545179" lon="12.9709447">
        <ele>10449.5</ele>
        <time>2026-08-25T18:09:03Z</time>
        <hdop>19.4</hdop>
        <extensions>
          <osmand:speed>215.5</osmand:speed>
        </extensions>
      </trkpt>
      <trkpt lat="58.8515165" lon="12.992452">
        <ele>10503.5</ele>
        <time>2026-08-25T18:09:09Z</time>
        <hdop>24.5</hdop>
        <extensions>
          <osmand:speed>214.3</osmand:speed>
        </extensions>
      </trkpt>
      <trkpt lat="58.8484681" lon="13.0139542">
        <ele>10550.1</ele>
        <time>2026-08-25T18:09:15Z</time>
        <hdop>27.6</hdop>
        <extensions>
          <osmand:speed>215.5</osmand:speed>
        </extensions>
      </trkpt>
      <trkpt lat="58.845492" lon="13.0354701">
        <ele>10601.1</ele>
        <time>2026-08-25T18:09:21Z</time>
        <hdop>32.1</hdop>
        <extensions>
          <osmand:speed>213.7</osmand:speed>
        </extensions>
      </trkpt>
      <trkpt lat="58.8425336" lon="13.0569153">
        <ele>10650.1</ele>
        <time>2026-08-25T18:09:27Z</time>
        <hdop>23.5</hdop>
        <extensions>
          <osmand:speed>214.3</osmand:speed>
        </extensions>
      </trkpt>
      <trkpt lat="58.8395443" lon="13.0783597">
        <ele>10694.1</ele>
        <time>2026-08-25T18:09:33Z</time>
        <hdop>31.1</hdop>
        <extensions>
          <osmand:speed>213.3</osmand:speed>
        </extensions>
      </trkpt>
      <trkpt lat="58.8365729" lon="13.0997368">
        <ele>10739.1</ele>
        <time>2026-08-25T18:09:39Z</time>
        <hdop>23.5</hdop>
        <extensions>
          <osmand:speed>212.8</osmand:speed>
        </extensions>
      </trkpt>
      <trkpt lat="58.8336242" lon="13.1211404">
        <ele>10803.1</ele>
        <time>2026-08-25T18:09:45Z</time>
        <hdop>10.2</hdop>
        <extensions>
          <osmand:speed>213</osmand:speed>
        </extensions>
      </trkpt>
      <trkpt lat="58.8306445" lon="13.1423969">
        <ele>10851.1</ele>
        <time>2026-08-25T18:09:51Z</time>
        <hdop>6.6</hdop>
        <extensions>
          <osmand:speed>212.6</osmand:speed>
        </extensions>
      </trkpt>
      <trkpt lat="58.8276819" lon="13.1636623">
        <ele>10897.1</ele>
        <time>2026-08-25T18:09:57Z</time>
        <hdop>5.1</hdop>
        <extensions>
          <osmand:speed>212.2</osmand:speed>
        </extensions>
      </trkpt>
      <trkpt lat="58.8246633" lon="13.1848861">
        <ele>10934.1</ele>
        <time>2026-08-25T18:10:03Z</time>
        <hdop>22.4</hdop>
        <extensions>
          <osmand:speed>212.2</osmand:speed>
        </extensions>
      </trkpt>
      <trkpt lat="58.8216696" lon="13.2060639">
        <ele>10976.1</ele>
        <time>2026-08-25T18:10:09Z</time>
        <hdop>20.9</hdop>
        <extensions>
          <osmand:speed>211.5</osmand:speed>
        </extensions>
      </trkpt>
      <trkpt lat="58.8190293" lon="13.2266876">
        <ele>11033.1</ele>
        <time>2026-08-25T18:10:15Z</time>
        <hdop>32.7</hdop>
        <extensions>
          <osmand:speed>195.9</osmand:speed>
        </extensions>
      </trkpt>
      <trkpt lat="58.8110753" lon="13.2827779">
        <ele>11121.6</ele>
        <time>2026-08-25T18:10:31Z</time>
        <hdop>47.4</hdop>
        <extensions>
          <osmand:speed>210.8</osmand:speed>
        </extensions>
      </trkpt>
      <trkpt lat="58.8078849" lon="13.3042098">
        <ele>11171.6</ele>
        <time>2026-08-25T18:10:37Z</time>
        <hdop>42.9</hdop>
        <extensions>
          <osmand:speed>210.5</osmand:speed>
        </extensions>
      </trkpt>
      <trkpt lat="58.804315" lon="13.3288888">
        <ele>11218.6</ele>
        <time>2026-08-25T18:10:44Z</time>
        <hdop>48.5</hdop>
        <extensions>
          <osmand:speed>211.9</osmand:speed>
        </extensions>
      </trkpt>
      <trkpt lat="58.8008058" lon="13.3535075">
        <ele>11271.6</ele>
        <time>2026-08-25T18:10:51Z</time>
        <hdop>37.8</hdop>
        <extensions>
          <osmand:speed>209.7</osmand:speed>
        </extensions>
      </trkpt>
      <trkpt lat="58.7978891" lon="13.3745008">
        <ele>11314.6</ele>
        <time>2026-08-25T18:10:57Z</time>
        <hdop>27</hdop>
        <extensions>
          <osmand:speed>209.8</osmand:speed>
        </extensions>
      </trkpt>
      <trkpt lat="58.7949088" lon="13.3955239">
        <ele>11352.6</ele>
        <time>2026-08-25T18:11:03Z</time>
        <hdop>25.5</hdop>
        <extensions>
          <osmand:speed>210.2</osmand:speed>
        </extensions>
      </trkpt>
      <trkpt lat="58.7919599" lon="13.4165197">
        <ele>11387.6</ele>
        <time>2026-08-25T18:11:09Z</time>
        <hdop>26</hdop>
        <extensions>
          <osmand:speed>209.7</osmand:speed>
        </extensions>
      </trkpt>
      <trkpt lat="58.7890052" lon="13.4376042">
        <ele>11427.6</ele>
        <time>2026-08-25T18:11:15Z</time>
        <hdop>11.7</hdop>
        <extensions>
          <osmand:speed>210</osmand:speed>
        </extensions>
      </trkpt>
      <trkpt lat="58.7861467" lon="13.4585863">
        <ele>11477.6</ele>
        <time>2026-08-25T18:11:21Z</time>
        <hdop>9.2</hdop>
        <extensions>
          <osmand:speed>209.6</osmand:speed>
        </extensions>
      </trkpt>
      <trkpt lat="58.7831315" lon="13.4795033">
        <ele>11511.6</ele>
        <time>2026-08-25T18:11:27Z</time>
        <hdop>10.2</hdop>
        <extensions>
          <osmand:speed>209.4</osmand:speed>
        </extensions>
      </trkpt>
      <trkpt lat="58.7801796" lon="13.5004992">
        <ele>11548.1</ele>
        <time>2026-08-25T18:11:33Z</time>
        <hdop>11.2</hdop>
        <extensions>
          <osmand:speed>209.6</osmand:speed>
        </extensions>
      </trkpt>
      <trkpt lat="58.7772123" lon="13.5214538">
        <ele>11568.1</ele>
        <time>2026-08-25T18:11:39Z</time>
        <hdop>10.7</hdop>
        <extensions>
          <osmand:speed>209.8</osmand:speed>
        </extensions>
      </trkpt>
      <trkpt lat="58.7741694" lon="13.5424295">
        <ele>11566.1</ele>
        <time>2026-08-25T18:11:45Z</time>
        <hdop>9.7</hdop>
        <extensions>
          <osmand:speed>210.4</osmand:speed>
        </extensions>
      </trkpt>
      <trkpt lat="58.7712901" lon="13.5634491">
        <ele>11572.1</ele>
        <time>2026-08-25T18:11:51Z</time>
        <hdop>12.2</hdop>
        <extensions>
          <osmand:speed>210</osmand:speed>
        </extensions>
      </trkpt>
      <trkpt lat="58.7682341" lon="13.5845059">
        <ele>11567.1</ele>
        <time>2026-08-25T18:11:57Z</time>
        <hdop>10.7</hdop>
        <extensions>
          <osmand:speed>211.4</osmand:speed>
        </extensions>
      </trkpt>
      <trkpt lat="58.765275" lon="13.6055308">
        <ele>11569.1</ele>
        <time>2026-08-25T18:12:03Z</time>
        <hdop>10.2</hdop>
        <extensions>
          <osmand:speed>210.8</osmand:speed>
        </extensions>
      </trkpt>
      <trkpt lat="58.762256" lon="13.6265349">
        <ele>11571.1</ele>
        <time>2026-08-25T18:12:09Z</time>
        <hdop>10.2</hdop>
        <extensions>
          <osmand:speed>210.6</osmand:speed>
        </extensions>
      </trkpt>
      <trkpt lat="58.7592371" lon="13.6475525">
        <ele>11566.1</ele>
        <time>2026-08-25T18:12:15Z</time>
        <hdop>13.3</hdop>
        <extensions>
          <osmand:speed>211</osmand:speed>
        </extensions>
      </trkpt>
      <trkpt lat="58.7561884" lon="13.6685596">
        <ele>11566.1</ele>
        <time>2026-08-25T18:12:21Z</time>
        <hdop>11.7</hdop>
        <extensions>
          <osmand:speed>210.9</osmand:speed>
        </extensions>
      </trkpt>
      <trkpt lat="58.7531522" lon="13.6896082">
        <ele>11584.1</ele>
        <time>2026-08-25T18:12:27Z</time>
        <hdop>11.7</hdop>
        <extensions>
          <osmand:speed>211.2</osmand:speed>
        </extensions>
      </trkpt>
      <trkpt lat="58.7501211" lon="13.7106736">
        <ele>11608.1</ele>
        <time>2026-08-25T18:12:33Z</time>
        <hdop>10.2</hdop>
        <extensions>
          <osmand:speed>211.1</osmand:speed>
        </extensions>
      </trkpt>
      <trkpt lat="58.7470663" lon="13.7316732">
        <ele>11632.9</ele>
        <time>2026-08-25T18:12:39Z</time>
        <hdop>9.2</hdop>
        <extensions>
          <osmand:speed>210.5</osmand:speed>
        </extensions>
      </trkpt>
      <trkpt lat="58.7440969" lon="13.7527378">
        <ele>11669.4</ele>
        <time>2026-08-25T18:12:45Z</time>
        <hdop>9.2</hdop>
        <extensions>
          <osmand:speed>210.9</osmand:speed>
        </extensions>
      </trkpt>
      <trkpt lat="58.740916" lon="13.7737145">
        <ele>11692.4</ele>
        <time>2026-08-25T18:12:51Z</time>
        <hdop>8.2</hdop>
        <extensions>
          <osmand:speed>211.1</osmand:speed>
        </extensions>
      </trkpt>
      <trkpt lat="58.7378987" lon="13.7946523">
        <ele>11725.4</ele>
        <time>2026-08-25T18:12:57Z</time>
        <hdop>9.2</hdop>
        <extensions>
          <osmand:speed>210.5</osmand:speed>
        </extensions>
      </trkpt>
      <trkpt lat="58.7349195" lon="13.8156228">
        <ele>11755.4</ele>
        <time>2026-08-25T18:13:03Z</time>
        <hdop>9.2</hdop>
        <extensions>
          <osmand:speed>210.1</osmand:speed>
        </extensions>
      </trkpt>
      <trkpt lat="58.7319075" lon="13.8366028">
        <ele>11778.4</ele>
        <time>2026-08-25T18:13:09Z</time>
        <hdop>7.1</hdop>
        <extensions>
          <osmand:speed>210.4</osmand:speed>
        </extensions>
      </trkpt>
      <trkpt lat="58.7288879" lon="13.857602">
        <ele>11799.4</ele>
        <time>2026-08-25T18:13:15Z</time>
        <hdop>8.2</hdop>
        <extensions>
          <osmand:speed>210.7</osmand:speed>
        </extensions>
      </trkpt>
      <trkpt lat="58.7259059" lon="13.8786528">
        <ele>11824.4</ele>
        <time>2026-08-25T18:13:21Z</time>
        <hdop>9.2</hdop>
        <extensions>
          <osmand:speed>211.2</osmand:speed>
        </extensions>
      </trkpt>
      <trkpt lat="58.7229165" lon="13.8997136">
        <ele>11838.4</ele>
        <time>2026-08-25T18:13:27Z</time>
        <hdop>8.7</hdop>
        <extensions>
          <osmand:speed>211.4</osmand:speed>
        </extensions>
      </trkpt>
      <trkpt lat="58.7199966" lon="13.9207917">
        <ele>11854.4</ele>
        <time>2026-08-25T18:13:33Z</time>
        <hdop>8.2</hdop>
        <extensions>
          <osmand:speed>211.4</osmand:speed>
        </extensions>
      </trkpt>
      <trkpt lat="58.7171227" lon="13.9419904">
        <ele>11867.4</ele>
        <time>2026-08-25T18:13:39Z</time>
        <hdop>8.2</hdop>
        <extensions>
          <osmand:speed>212.1</osmand:speed>
        </extensions>
      </trkpt>
      <trkpt lat="58.7141583" lon="13.963204">
        <ele>11874.4</ele>
        <time>2026-08-25T18:13:45Z</time>
        <hdop>7.1</hdop>
        <extensions>
          <osmand:speed>212.5</osmand:speed>
        </extensions>
      </trkpt>
      <trkpt lat="58.7112718" lon="13.9845053">
        <ele>11879.4</ele>
        <time>2026-08-25T18:13:51Z</time>
        <hdop>7.1</hdop>
        <extensions>
          <osmand:speed>213.3</osmand:speed>
        </extensions>
      </trkpt>
      <trkpt lat="58.7083729" lon="14.0058947">
        <ele>11889.8</ele>
        <time>2026-08-25T18:13:57Z</time>
        <hdop>7.7</hdop>
        <extensions>
          <osmand:speed>214.1</osmand:speed>
        </extensions>
      </trkpt>
      <trkpt lat="58.7055372" lon="14.027377">
        <ele>11902.8</ele>
        <time>2026-08-25T18:14:03Z</time>
        <hdop>7.7</hdop>
        <extensions>
          <osmand:speed>215</osmand:speed>
        </extensions>
      </trkpt>
      <trkpt lat="58.7027044" lon="14.0489017">
        <ele>11913.8</ele>
        <time>2026-08-25T18:14:09Z</time>
        <hdop>8.7</hdop>
        <extensions>
          <osmand:speed>215.5</osmand:speed>
        </extensions>
      </trkpt>
      <trkpt lat="58.6998777" lon="14.0705403">
        <ele>11923.8</ele>
        <time>2026-08-25T18:14:15Z</time>
        <hdop>8.2</hdop>
        <extensions>
          <osmand:speed>216.1</osmand:speed>
        </extensions>
      </trkpt>
      <trkpt lat="58.6969135" lon="14.0922097">
        <ele>11925.8</ele>
        <time>2026-08-25T18:14:21Z</time>
        <hdop>8.2</hdop>
        <extensions>
          <osmand:speed>217</osmand:speed>
        </extensions>
      </trkpt>
      <trkpt lat="58.69401" lon="14.1139552">
        <ele>11936.8</ele>
        <time>2026-08-25T18:14:27Z</time>
        <hdop>8.2</hdop>
        <extensions>
          <osmand:speed>217.7</osmand:speed>
        </extensions>
      </trkpt>
      <trkpt lat="58.6911136" lon="14.1357108">
        <ele>11945.8</ele>
        <time>2026-08-25T18:14:33Z</time>
        <hdop>7.1</hdop>
        <extensions>
          <osmand:speed>217.9</osmand:speed>
        </extensions>
      </trkpt>
      <trkpt lat="58.6881364" lon="14.1575216">
        <ele>11951.8</ele>
        <time>2026-08-25T18:14:39Z</time>
        <hdop>16.3</hdop>
        <extensions>
          <osmand:speed>218.3</osmand:speed>
        </extensions>
      </trkpt>
      <trkpt lat="58.6854303" lon="14.1794674">
        <ele>11972.8</ele>
        <time>2026-08-25T18:14:45Z</time>
        <hdop>19.9</hdop>
        <extensions>
          <osmand:speed>218.5</osmand:speed>
        </extensions>
      </trkpt>
      <trkpt lat="58.6832603" lon="14.2016574">
        <ele>11984.8</ele>
        <time>2026-08-25T18:14:51Z</time>
        <hdop>18.9</hdop>
        <extensions>
          <osmand:speed>219</osmand:speed>
        </extensions>
      </trkpt>
      <trkpt lat="58.681529" lon="14.2240468">
        <ele>11999.8</ele>
        <time>2026-08-25T18:14:57Z</time>
        <hdop>9.7</hdop>
        <extensions>
          <osmand:speed>219.1</osmand:speed>
        </extensions>
      </trkpt>
      <trkpt lat="58.679857" lon="14.2464667">
        <ele>12009.8</ele>
        <time>2026-08-25T18:15:03Z</time>
        <hdop>7.7</hdop>
        <extensions>
          <osmand:speed>219.5</osmand:speed>
        </extensions>
      </trkpt>
      <trkpt lat="58.6781862" lon="14.268938">
        <ele>12018.2</ele>
        <time>2026-08-25T18:15:09Z</time>
        <hdop>15.3</hdop>
        <extensions>
          <osmand:speed>220</osmand:speed>
        </extensions>
      </trkpt>
      <trkpt lat="58.676526" lon="14.2914326">
        <ele>12031.2</ele>
        <time>2026-08-25T18:15:15Z</time>
        <hdop>13.8</hdop>
        <extensions>
          <osmand:speed>220.2</osmand:speed>
        </extensions>
      </trkpt>
      <trkpt lat="58.6748473" lon="14.3139503">
        <ele>12045.2</ele>
        <time>2026-08-25T18:15:21Z</time>
        <hdop>13.8</hdop>
        <extensions>
          <osmand:speed>220.5</osmand:speed>
        </extensions>
      </trkpt>
      <trkpt lat="58.6731553" lon="14.3364923">
        <ele>12063.2</ele>
        <time>2026-08-25T18:15:27Z</time>
        <hdop>12.2</hdop>
        <extensions>
          <osmand:speed>220.6</osmand:speed>
        </extensions>
      </trkpt>
      <trkpt lat="58.6714549" lon="14.3590358">
        <ele>12080.2</ele>
        <time>2026-08-25T18:15:33Z</time>
        <hdop>9.2</hdop>
        <extensions>
          <osmand:speed>220.8</osmand:speed>
        </extensions>
      </trkpt>
      <trkpt lat="58.6697298" lon="14.381612">
        <ele>12093.2</ele>
        <time>2026-08-25T18:15:39Z</time>
        <hdop>9.2</hdop>
        <extensions>
          <osmand:speed>221.2</osmand:speed>
        </extensions>
      </trkpt>
      <trkpt lat="58.6679884" lon="14.4042294">
        <ele>12105.2</ele>
        <time>2026-08-25T18:15:45Z</time>
        <hdop>8.7</hdop>
        <extensions>
          <osmand:speed>221.7</osmand:speed>
        </extensions>
      </trkpt>
      <trkpt lat="58.6662169" lon="14.426898">
        <ele>12113.2</ele>
        <time>2026-08-25T18:15:51Z</time>
        <hdop>7.1</hdop>
        <extensions>
          <osmand:speed>222.3</osmand:speed>
        </extensions>
      </trkpt>
      <trkpt lat="58.6644373" lon="14.4496094">
        <ele>12123.2</ele>
        <time>2026-08-25T18:15:57Z</time>
        <hdop>4.6</hdop>
        <extensions>
          <osmand:speed>222.9</osmand:speed>
        </extensions>
      </trkpt>
      <trkpt lat="58.6626109" lon="14.4724019">
        <ele>12132.2</ele>
        <time>2026-08-25T18:16:03Z</time>
        <hdop>6.1</hdop>
        <extensions>
          <osmand:speed>223.7</osmand:speed>
        </extensions>
      </trkpt>
      <trkpt lat="58.6607325" lon="14.495223">
        <ele>12138.2</ele>
        <time>2026-08-25T18:16:09Z</time>
        <hdop>5.6</hdop>
        <extensions>
          <osmand:speed>224.1</osmand:speed>
        </extensions>
      </trkpt>
      <trkpt lat="58.6588498" lon="14.5180233">
        <ele>12146.6</ele>
        <time>2026-08-25T18:16:15Z</time>
        <hdop>6.6</hdop>
        <extensions>
          <osmand:speed>223.8</osmand:speed>
        </extensions>
      </trkpt>
      <trkpt lat="58.6569288" lon="14.5408487">
        <ele>12153.6</ele>
        <time>2026-08-25T18:16:21Z</time>
        <hdop>4.6</hdop>
        <extensions>
          <osmand:speed>224</osmand:speed>
        </extensions>
      </trkpt>
      <trkpt lat="58.6550104" lon="14.5636775">
        <ele>12156.6</ele>
        <time>2026-08-25T18:16:27Z</time>
        <hdop>5.1</hdop>
        <extensions>
          <osmand:speed>224</osmand:speed>
        </extensions>
      </trkpt>
      <trkpt lat="58.6530876" lon="14.58646">
        <ele>12156.6</ele>
        <time>2026-08-25T18:16:33Z</time>
        <hdop>4.6</hdop>
        <extensions>
          <osmand:speed>223.9</osmand:speed>
        </extensions>
      </trkpt>
      <trkpt lat="58.6511441" lon="14.6092563">
        <ele>12153.6</ele>
        <time>2026-08-25T18:16:39Z</time>
        <hdop>5.6</hdop>
        <extensions>
          <osmand:speed>223.9</osmand:speed>
        </extensions>
      </trkpt>
      <trkpt lat="58.6492144" lon="14.6320568">
        <ele>12153.6</ele>
        <time>2026-08-25T18:16:45Z</time>
        <hdop>5.1</hdop>
        <extensions>
          <osmand:speed>224</osmand:speed>
        </extensions>
      </trkpt>
      <trkpt lat="58.6472769" lon="14.6548213">
        <ele>12154.6</ele>
        <time>2026-08-25T18:16:51Z</time>
        <hdop>5.1</hdop>
        <extensions>
          <osmand:speed>223.7</osmand:speed>
        </extensions>
      </trkpt>
      <trkpt lat="58.6453347" lon="14.6775712">
        <ele>12154.6</ele>
        <time>2026-08-25T18:16:57Z</time>
        <hdop>5.1</hdop>
        <extensions>
          <osmand:speed>223.5</osmand:speed>
        </extensions>
      </trkpt>
      <trkpt lat="58.6433855" lon="14.7003436">
        <ele>12157.6</ele>
        <time>2026-08-25T18:17:03Z</time>
        <hdop>5.1</hdop>
        <extensions>
          <osmand:speed>223.6</osmand:speed>
        </extensions>
      </trkpt>
      <trkpt lat="58.6414197" lon="14.7230984">
        <ele>12157.6</ele>
        <time>2026-08-25T18:17:09Z</time>
        <hdop>5.1</hdop>
        <extensions>
          <osmand:speed>223.6</osmand:speed>
        </extensions>
      </trkpt>
      <trkpt lat="58.6394433" lon="14.7458515">
        <ele>12156.6</ele>
        <time>2026-08-25T18:17:15Z</time>
        <hdop>4.6</hdop>
        <extensions>
          <osmand:speed>223.6</osmand:speed>
        </extensions>
      </trkpt>
      <trkpt lat="58.6374791" lon="14.7686107">
        <ele>12154.9</ele>
        <time>2026-08-25T18:17:21Z</time>
        <hdop>5.6</hdop>
        <extensions>
          <osmand:speed>223.8</osmand:speed>
        </extensions>
      </trkpt>
      <trkpt lat="58.6355021" lon="14.7913547">
        <ele>12151.9</ele>
        <time>2026-08-25T18:17:27Z</time>
        <hdop>6.1</hdop>
        <extensions>
          <osmand:speed>223.6</osmand:speed>
        </extensions>
      </trkpt>
      <trkpt lat="58.6335475" lon="14.8140765">
        <ele>12151.9</ele>
        <time>2026-08-25T18:17:33Z</time>
        <hdop>5.6</hdop>
        <extensions>
          <osmand:speed>223.3</osmand:speed>
        </extensions>
      </trkpt>
      <trkpt lat="58.6315996" lon="14.8367794">
        <ele>12152.9</ele>
        <time>2026-08-25T18:17:39Z</time>
        <hdop>6.1</hdop>
        <extensions>
          <osmand:speed>223.3</osmand:speed>
        </extensions>
      </trkpt>
      <trkpt lat="58.6296308" lon="14.8594635">
        <ele>12147.9</ele>
        <time>2026-08-25T18:17:45Z</time>
        <hdop>6.1</hdop>
        <extensions>
          <osmand:speed>222.9</osmand:speed>
        </extensions>
      </trkpt>
      <trkpt lat="58.6276687" lon="14.8821516">
        <ele>12149.9</ele>
        <time>2026-08-25T18:17:51Z</time>
        <hdop>5.1</hdop>
        <extensions>
          <osmand:speed>223</osmand:speed>
        </extensions>
      </trkpt>
      <trkpt lat="58.6257154" lon="14.9048134">
        <ele>12150.9</ele>
        <time>2026-08-25T18:17:57Z</time>
        <hdop>5.6</hdop>
        <extensions>
          <osmand:speed>222.7</osmand:speed>
        </extensions>
      </trkpt>
      <trkpt lat="58.6237814" lon="14.9274429">
        <ele>12149.9</ele>
        <time>2026-08-25T18:18:03Z</time>
        <hdop>5.6</hdop>
        <extensions>
          <osmand:speed>222.5</osmand:speed>
        </extensions>
      </trkpt>
      <trkpt lat="58.6218402" lon="14.9500974">
        <ele>12149.9</ele>
        <time>2026-08-25T18:18:09Z</time>
        <hdop>6.6</hdop>
        <extensions>
          <osmand:speed>222.6</osmand:speed>
        </extensions>
      </trkpt>
      <trkpt lat="58.6198905" lon="14.9727249">
        <ele>12151.9</ele>
        <time>2026-08-25T18:18:15Z</time>
        <hdop>6.1</hdop>
        <extensions>
          <osmand:speed>222.4</osmand:speed>
        </extensions>
      </trkpt>
      <trkpt lat="58.6179332" lon="14.9953326">
        <ele>12150.9</ele>
        <time>2026-08-25T18:18:21Z</time>
        <hdop>5.6</hdop>
        <extensions>
          <osmand:speed>222.3</osmand:speed>
        </extensions>
      </trkpt>
      <trkpt lat="58.6159817" lon="15.0179427">
        <ele>12153.2</ele>
        <time>2026-08-25T18:18:27Z</time>
        <hdop>5.1</hdop>
        <extensions>
          <osmand:speed>222.4</osmand:speed>
        </extensions>
      </trkpt>
      <trkpt lat="58.6140252" lon="15.0405355">
        <ele>12152.2</ele>
        <time>2026-08-25T18:18:33Z</time>
        <hdop>5.6</hdop>
        <extensions>
          <osmand:speed>222.3</osmand:speed>
        </extensions>
      </trkpt>
      <trkpt lat="58.6120801" lon="15.0631365">
        <ele>12151.2</ele>
        <time>2026-08-25T18:18:39Z</time>
        <hdop>6.6</hdop>
        <extensions>
          <osmand:speed>222.2</osmand:speed>
        </extensions>
      </trkpt>
      <trkpt lat="58.6101693" lon="15.0857367">
        <ele>12152.2</ele>
        <time>2026-08-25T18:18:45Z</time>
        <hdop>6.6</hdop>
        <extensions>
          <osmand:speed>221.9</osmand:speed>
        </extensions>
      </trkpt>
      <trkpt lat="58.6082524" lon="15.1083163">
        <ele>12152.2</ele>
        <time>2026-08-25T18:18:51Z</time>
        <hdop>6.6</hdop>
        <extensions>
          <osmand:speed>221.9</osmand:speed>
        </extensions>
      </trkpt>
      <trkpt lat="58.6063258" lon="15.130881">
        <ele>12151.2</ele>
        <time>2026-08-25T18:18:57Z</time>
        <hdop>5.6</hdop>
        <extensions>
          <osmand:speed>221.7</osmand:speed>
        </extensions>
      </trkpt>
      <trkpt lat="58.604383" lon="15.1534115">
        <ele>12153.2</ele>
        <time>2026-08-25T18:19:03Z</time>
        <hdop>8.7</hdop>
        <extensions>
          <osmand:speed>221.6</osmand:speed>
        </extensions>
      </trkpt>
      <trkpt lat="58.6024113" lon="15.1759241">
        <ele>12152.2</ele>
        <time>2026-08-25T18:19:09Z</time>
        <hdop>14.8</hdop>
        <extensions>
          <osmand:speed>221.5</osmand:speed>
        </extensions>
      </trkpt>
      <trkpt lat="58.6004162" lon="15.1983931">
        <ele>12152.2</ele>
        <time>2026-08-25T18:19:15Z</time>
        <hdop>16.3</hdop>
        <extensions>
          <osmand:speed>221.4</osmand:speed>
        </extensions>
      </trkpt>
      <trkpt lat="58.5984079" lon="15.2208504">
        <ele>12151.2</ele>
        <time>2026-08-25T18:19:21Z</time>
        <hdop>8.2</hdop>
        <extensions>
          <osmand:speed>221.3</osmand:speed>
        </extensions>
      </trkpt>
      <trkpt lat="58.5964187" lon="15.2432786">
        <ele>12154.2</ele>
        <time>2026-08-25T18:19:27Z</time>
        <hdop>6.6</hdop>
        <extensions>
          <osmand:speed>220.9</osmand:speed>
        </extensions>
      </trkpt>
      <trkpt lat="58.5943888" lon="15.2657194">
        <ele>12154.6</ele>
        <time>2026-08-25T18:19:33Z</time>
        <hdop>6.1</hdop>
        <extensions>
          <osmand:speed>221</osmand:speed>
        </extensions>
      </trkpt>
      <trkpt lat="58.5923689" lon="15.2881762">
        <ele>12154.6</ele>
        <time>2026-08-25T18:19:39Z</time>
        <hdop>6.1</hdop>
        <extensions>
          <osmand:speed>221.3</osmand:speed>
        </extensions>
      </trkpt>
      <trkpt lat="58.5903378" lon="15.3106038">
        <ele>12154.6</ele>
        <time>2026-08-25T18:19:45Z</time>
        <hdop>6.1</hdop>
        <extensions>
          <osmand:speed>221</osmand:speed>
        </extensions>
      </trkpt>
      <trkpt lat="58.5883297" lon="15.3330166">
        <ele>12158.6</ele>
        <time>2026-08-25T18:19:51Z</time>
        <hdop>6.1</hdop>
        <extensions>
          <osmand:speed>221</osmand:speed>
        </extensions>
      </trkpt>
      <trkpt lat="58.5862804" lon="15.3554402">
        <ele>12152.6</ele>
        <time>2026-08-25T18:19:57Z</time>
        <hdop>5.6</hdop>
        <extensions>
          <osmand:speed>220.9</osmand:speed>
        </extensions>
      </trkpt>
      <trkpt lat="58.5842608" lon="15.37787">
        <ele>12156.6</ele>
        <time>2026-08-25T18:20:03Z</time>
        <hdop>6.1</hdop>
        <extensions>
          <osmand:speed>221.1</osmand:speed>
        </extensions>
      </trkpt>
      <trkpt lat="58.5822456" lon="15.4002937">
        <ele>12158.6</ele>
        <time>2026-08-25T18:20:09Z</time>
        <hdop>6.1</hdop>
        <extensions>
          <osmand:speed>221</osmand:speed>
        </extensions>
      </trkpt>
      <trkpt lat="58.5802283" lon="15.4227097">
        <ele>12158.6</ele>
        <time>2026-08-25T18:20:15Z</time>
        <hdop>6.1</hdop>
        <extensions>
          <osmand:speed>220.9</osmand:speed>
        </extensions>
      </trkpt>
      <trkpt lat="58.5782003" lon="15.4451195">
        <ele>12157.6</ele>
        <time>2026-08-25T18:20:21Z</time>
        <hdop>5.6</hdop>
        <extensions>
          <osmand:speed>221</osmand:speed>
        </extensions>
      </trkpt>
      <trkpt lat="58.5761826" lon="15.4675588">
        <ele>12159.6</ele>
        <time>2026-08-25T18:20:27Z</time>
        <hdop>5.6</hdop>
        <extensions>
          <osmand:speed>221.2</osmand:speed>
        </extensions>
      </trkpt>
      <trkpt lat="58.5741679" lon="15.4899683">
        <ele>12159.6</ele>
        <time>2026-08-25T18:20:33Z</time>
        <hdop>6.6</hdop>
        <extensions>
          <osmand:speed>220.9</osmand:speed>
        </extensions>
      </trkpt>
      <trkpt lat="58.5721639" lon="15.5124004">
        <ele>12157</ele>
        <time>2026-08-25T18:20:39Z</time>
        <hdop>7.1</hdop>
        <extensions>
          <osmand:speed>221.2</osmand:speed>
        </extensions>
      </trkpt>
      <trkpt lat="58.570174" lon="15.534842">
        <ele>12155</ele>
        <time>2026-08-25T18:20:45Z</time>
        <hdop>6.1</hdop>
        <extensions>
          <osmand:speed>221.1</osmand:speed>
        </extensions>
      </trkpt>
      <trkpt lat="58.5681867" lon="15.5572896">
        <ele>12153</ele>
        <time>2026-08-25T18:20:51Z</time>
        <hdop>5.6</hdop>
        <extensions>
          <osmand:speed>221.2</osmand:speed>
        </extensions>
      </trkpt>
      <trkpt lat="58.5661806" lon="15.5797193">
        <ele>12153</ele>
        <time>2026-08-25T18:20:57Z</time>
        <hdop>6.1</hdop>
        <extensions>
          <osmand:speed>221.3</osmand:speed>
        </extensions>
      </trkpt>
      <trkpt lat="58.5641752" lon="15.6021509">
        <ele>12151</ele>
        <time>2026-08-25T18:21:03Z</time>
        <hdop>6.1</hdop>
        <extensions>
          <osmand:speed>221.2</osmand:speed>
        </extensions>
      </trkpt>
      <trkpt lat="58.5621576" lon="15.624579">
        <ele>12151</ele>
        <time>2026-08-25T18:21:09Z</time>
        <hdop>5.6</hdop>
        <extensions>
          <osmand:speed>221.4</osmand:speed>
        </extensions>
      </trkpt>
      <trkpt lat="58.5601259" lon="15.647004">
        <ele>12153</ele>
        <time>2026-08-25T18:21:15Z</time>
        <hdop>6.1</hdop>
        <extensions>
          <osmand:speed>221.2</osmand:speed>
        </extensions>
      </trkpt>
      <trkpt lat="58.5580738" lon="15.6694421">
        <ele>12151</ele>
        <time>2026-08-25T18:21:21Z</time>
        <hdop>6.1</hdop>
        <extensions>
          <osmand:speed>221.3</osmand:speed>
        </extensions>
      </trkpt>
      <trkpt lat="58.5560085" lon="15.6918651">
        <ele>12155</ele>
        <time>2026-08-25T18:21:27Z</time>
        <hdop>6.1</hdop>
        <extensions>
          <osmand:speed>221.4</osmand:speed>
        </extensions>
      </trkpt>
      <trkpt lat="58.5539424" lon="15.7142927">
        <ele>12157</ele>
        <time>2026-08-25T18:21:33Z</time>
        <hdop>6.1</hdop>
        <extensions>
          <osmand:speed>221.6</osmand:speed>
        </extensions>
      </trkpt>
      <trkpt lat="58.5518661" lon="15.7367355">
        <ele>12158</ele>
        <time>2026-08-25T18:21:39Z</time>
        <hdop>6.6</hdop>
        <extensions>
          <osmand:speed>221.6</osmand:speed>
        </extensions>
      </trkpt>
      <trkpt lat="58.5497836" lon="15.759203">
        <ele>12157.4</ele>
        <time>2026-08-25T18:21:45Z</time>
        <hdop>6.6</hdop>
        <extensions>
          <osmand:speed>221.9</osmand:speed>
        </extensions>
      </trkpt>
      <trkpt lat="58.547697" lon="15.7816719">
        <ele>12156.4</ele>
        <time>2026-08-25T18:21:51Z</time>
        <hdop>6.6</hdop>
        <extensions>
          <osmand:speed>221.9</osmand:speed>
        </extensions>
      </trkpt>
      <trkpt lat="58.5455973" lon="15.8041622">
        <ele>12155.4</ele>
        <time>2026-08-25T18:21:57Z</time>
        <hdop>6.1</hdop>
        <extensions>
          <osmand:speed>222.2</osmand:speed>
        </extensions>
      </trkpt>
      <trkpt lat="58.5435035" lon="15.8266611">
        <ele>12155.4</ele>
        <time>2026-08-25T18:22:03Z</time>
        <hdop>5.6</hdop>
        <extensions>
          <osmand:speed>222.3</osmand:speed>
        </extensions>
      </trkpt>
      <trkpt lat="58.5414269" lon="15.8491751">
        <ele>12157.4</ele>
        <time>2026-08-25T18:22:09Z</time>
        <hdop>6.1</hdop>
        <extensions>
          <osmand:speed>222.6</osmand:speed>
        </extensions>
      </trkpt>
      <trkpt lat="58.5393267" lon="15.87169">
        <ele>12155.4</ele>
        <time>2026-08-25T18:22:15Z</time>
        <hdop>6.1</hdop>
        <extensions>
          <osmand:speed>222.3</osmand:speed>
        </extensions>
      </trkpt>
      <trkpt lat="58.5372127" lon="15.8942297">
        <ele>12155.4</ele>
        <time>2026-08-25T18:22:21Z</time>
        <hdop>7.1</hdop>
        <extensions>
          <osmand:speed>222.8</osmand:speed>
        </extensions>
      </trkpt>
      <trkpt lat="58.5350915" lon="15.91679">
        <ele>12154.4</ele>
        <time>2026-08-25T18:22:27Z</time>
        <hdop>7.1</hdop>
        <extensions>
          <osmand:speed>222.9</osmand:speed>
        </extensions>
      </trkpt>
      <trkpt lat="58.5329897" lon="15.9393225">
        <ele>12155.4</ele>
        <time>2026-08-25T18:22:33Z</time>
        <hdop>7.1</hdop>
        <extensions>
          <osmand:speed>222.8</osmand:speed>
        </extensions>
      </trkpt>
      <trkpt lat="58.5308648" lon="15.9618654">
        <ele>12155.4</ele>
        <time>2026-08-25T18:22:39Z</time>
        <hdop>6.6</hdop>
        <extensions>
          <osmand:speed>222.8</osmand:speed>
        </extensions>
      </trkpt>
      <trkpt lat="58.5287297" lon="15.9844427">
        <ele>12153.4</ele>
        <time>2026-08-25T18:22:45Z</time>
        <hdop>6.6</hdop>
        <extensions>
          <osmand:speed>223.2</osmand:speed>
        </extensions>
      </trkpt>
      <trkpt lat="58.5266038" lon="16.0070245">
        <ele>12153.8</ele>
        <time>2026-08-25T18:22:51Z</time>
        <hdop>6.6</hdop>
        <extensions>
          <osmand:speed>223</osmand:speed>
        </extensions>
      </trkpt>
      <trkpt lat="58.5244777" lon="16.0296007">
        <ele>12156.8</ele>
        <time>2026-08-25T18:22:57Z</time>
        <hdop>8.2</hdop>
        <extensions>
          <osmand:speed>223.3</osmand:speed>
        </extensions>
      </trkpt>
      <trkpt lat="58.5223417" lon="16.0521878">
        <ele>12155.8</ele>
        <time>2026-08-25T18:23:03Z</time>
        <hdop>7.7</hdop>
        <extensions>
          <osmand:speed>223.4</osmand:speed>
        </extensions>
      </trkpt>
      <trkpt lat="58.520212" lon="16.0747869">
        <ele>12153.8</ele>
        <time>2026-08-25T18:23:09Z</time>
        <hdop>6.6</hdop>
        <extensions>
          <osmand:speed>223.4</osmand:speed>
        </extensions>
      </trkpt>
      <trkpt lat="58.518078" lon="16.0973934">
        <ele>12150.8</ele>
        <time>2026-08-25T18:23:15Z</time>
        <hdop>6.6</hdop>
        <extensions>
          <osmand:speed>223.6</osmand:speed>
        </extensions>
      </trkpt>
      <trkpt lat="58.515948" lon="16.1199864">
        <ele>12149.8</ele>
        <time>2026-08-25T18:23:21Z</time>
        <hdop>7.1</hdop>
        <extensions>
          <osmand:speed>223.6</osmand:speed>
        </extensions>
      </trkpt>
      <trkpt lat="58.5138503" lon="16.1425813">
        <ele>12151.8</ele>
        <time>2026-08-25T18:23:27Z</time>
        <hdop>6.6</hdop>
        <extensions>
          <osmand:speed>223.4</osmand:speed>
        </extensions>
      </trkpt>
      <trkpt lat="58.5117117" lon="16.1651874">
        <ele>12153.8</ele>
        <time>2026-08-25T18:23:33Z</time>
        <hdop>6.1</hdop>
        <extensions>
          <osmand:speed>223.6</osmand:speed>
        </extensions>
      </trkpt>
      <trkpt lat="58.5095361" lon="16.1877929">
        <ele>12152.8</ele>
        <time>2026-08-25T18:23:39Z</time>
        <hdop>6.1</hdop>
        <extensions>
          <osmand:speed>223.7</osmand:speed>
        </extensions>
      </trkpt>
      <trkpt lat="58.5073476" lon="16.2103982">
        <ele>12151.8</ele>
        <time>2026-08-25T18:23:45Z</time>
        <hdop>6.1</hdop>
        <extensions>
          <osmand:speed>223.7</osmand:speed>
        </extensions>
      </trkpt>
      <trkpt lat="58.5051321" lon="16.2330068">
        <ele>12151.8</ele>
        <time>2026-08-25T18:23:51Z</time>
        <hdop>6.6</hdop>
        <extensions>
          <osmand:speed>223.9</osmand:speed>
        </extensions>
      </trkpt>
      <trkpt lat="58.5029086" lon="16.2556225">
        <ele>12152.2</ele>
        <time>2026-08-25T18:23:57Z</time>
        <hdop>6.6</hdop>
        <extensions>
          <osmand:speed>224</osmand:speed>
        </extensions>
      </trkpt>
      <trkpt lat="58.5006708" lon="16.2782378">
        <ele>12151.2</ele>
        <time>2026-08-25T18:24:03Z</time>
        <hdop>6.6</hdop>
        <extensions>
          <osmand:speed>224.1</osmand:speed>
        </extensions>
      </trkpt>
      <trkpt lat="58.4984418" lon="16.300868">
        <ele>12151.8</ele>
        <time>2026-08-25T18:24:09Z</time>
        <hdop>6.6</hdop>
        <extensions>
          <osmand:speed>224.2</osmand:speed>
        </extensions>
      </trkpt>
      <trkpt lat="58.4962081" lon="16.323489">
        <ele>12151.8</ele>
        <time>2026-08-25T18:24:15Z</time>
        <hdop>6.1</hdop>
        <extensions>
          <osmand:speed>224.2</osmand:speed>
        </extensions>
      </trkpt>
      <trkpt lat="58.4939465" lon="16.3461387">
        <ele>12153.8</ele>
        <time>2026-08-25T18:24:21Z</time>
        <hdop>6.6</hdop>
        <extensions>
          <osmand:speed>224.5</osmand:speed>
        </extensions>
      </trkpt>
      <trkpt lat="58.4916444" lon="16.3687843">
        <ele>12148.8</ele>
        <time>2026-08-25T18:24:27Z</time>
        <hdop>6.6</hdop>
        <extensions>
          <osmand:speed>224.7</osmand:speed>
        </extensions>
      </trkpt>
      <trkpt lat="58.4893283" lon="16.3914467">
        <ele>12147.8</ele>
        <time>2026-08-25T18:24:33Z</time>
        <hdop>7.1</hdop>
        <extensions>
          <osmand:speed>224.8</osmand:speed>
        </extensions>
      </trkpt>
      <trkpt lat="58.4870021" lon="16.41409">
        <ele>12144.8</ele>
        <time>2026-08-25T18:24:39Z</time>
        <hdop>6.6</hdop>
        <extensions>
          <osmand:speed>224.7</osmand:speed>
        </extensions>
      </trkpt>
      <trkpt lat="58.4846637" lon="16.4367405">
        <ele>12142.8</ele>
        <time>2026-08-25T18:24:45Z</time>
        <hdop>6.1</hdop>
        <extensions>
          <osmand:speed>224.9</osmand:speed>
        </extensions>
      </trkpt>
      <trkpt lat="58.4823584" lon="16.4594185">
        <ele>12141.8</ele>
        <time>2026-08-25T18:24:51Z</time>
        <hdop>6.6</hdop>
        <extensions>
          <osmand:speed>224.9</osmand:speed>
        </extensions>
      </trkpt>
      <trkpt lat="58.4800652" lon="16.4820996">
        <ele>12141.8</ele>
        <time>2026-08-25T18:24:57Z</time>
        <hdop>6.6</hdop>
        <extensions>
          <osmand:speed>225.1</osmand:speed>
        </extensions>
      </trkpt>
      <trkpt lat="58.4778043" lon="16.50478">
        <ele>12145.2</ele>
        <time>2026-08-25T18:25:03Z</time>
        <hdop>7.1</hdop>
        <extensions>
          <osmand:speed>225</osmand:speed>
        </extensions>
      </trkpt>
      <trkpt lat="58.4755574" lon="16.5274919">
        <ele>12143.2</ele>
        <time>2026-08-25T18:25:09Z</time>
        <hdop>6.1</hdop>
        <extensions>
          <osmand:speed>225.1</osmand:speed>
        </extensions>
      </trkpt>
      <trkpt lat="58.4733357" lon="16.5502013">
        <ele>12144.2</ele>
        <time>2026-08-25T18:25:15Z</time>
        <hdop>7.1</hdop>
        <extensions>
          <osmand:speed>225.2</osmand:speed>
        </extensions>
      </trkpt>
      <trkpt lat="58.471106" lon="16.5729098">
        <ele>12143.2</ele>
        <time>2026-08-25T18:25:21Z</time>
        <hdop>7.1</hdop>
        <extensions>
          <osmand:speed>225.2</osmand:speed>
        </extensions>
      </trkpt>
      <trkpt lat="58.468893" lon="16.5956463">
        <ele>12143.2</ele>
        <time>2026-08-25T18:25:27Z</time>
        <hdop>6.6</hdop>
        <extensions>
          <osmand:speed>225.3</osmand:speed>
        </extensions>
      </trkpt>
      <trkpt lat="58.4666841" lon="16.6183869">
        <ele>12143.2</ele>
        <time>2026-08-25T18:25:33Z</time>
        <hdop>6.6</hdop>
        <extensions>
          <osmand:speed>225.3</osmand:speed>
        </extensions>
      </trkpt>
      <trkpt lat="58.464479" lon="16.6411281">
        <ele>12144.2</ele>
        <time>2026-08-25T18:25:39Z</time>
        <hdop>6.6</hdop>
        <extensions>
          <osmand:speed>225.2</osmand:speed>
        </extensions>
      </trkpt>
      <trkpt lat="58.4622609" lon="16.6638413">
        <ele>12144.2</ele>
        <time>2026-08-25T18:25:45Z</time>
        <hdop>7.1</hdop>
        <extensions>
          <osmand:speed>225</osmand:speed>
        </extensions>
      </trkpt>
      <trkpt lat="58.4600366" lon="16.6865322">
        <ele>12144.2</ele>
        <time>2026-08-25T18:25:51Z</time>
        <hdop>7.1</hdop>
        <extensions>
          <osmand:speed>224.9</osmand:speed>
        </extensions>
      </trkpt>
      <trkpt lat="58.4578063" lon="16.7091941">
        <ele>12143.2</ele>
        <time>2026-08-25T18:25:57Z</time>
        <hdop>7.1</hdop>
        <extensions>
          <osmand:speed>224.8</osmand:speed>
        </extensions>
      </trkpt>
      <trkpt lat="58.4555789" lon="16.7318486">
        <ele>12143.2</ele>
        <time>2026-08-25T18:26:03Z</time>
        <hdop>7.1</hdop>
        <extensions>
          <osmand:speed>224.5</osmand:speed>
        </extensions>
      </trkpt>
      <trkpt lat="58.4533599" lon="16.7544828">
        <ele>12143.7</ele>
        <time>2026-08-25T18:26:09Z</time>
        <hdop>7.1</hdop>
        <extensions>
          <osmand:speed>224.3</osmand:speed>
        </extensions>
      </trkpt>
      <trkpt lat="58.451151" lon="16.7771015">
        <ele>12143.7</ele>
        <time>2026-08-25T18:26:15Z</time>
        <hdop>6.6</hdop>
        <extensions>
          <osmand:speed>224.1</osmand:speed>
        </extensions>
      </trkpt>
      <trkpt lat="58.448905" lon="16.799677">
        <ele>12142.7</ele>
        <time>2026-08-25T18:26:21Z</time>
        <hdop>6.6</hdop>
        <extensions>
          <osmand:speed>224</osmand:speed>
        </extensions>
      </trkpt>
      <trkpt lat="58.44665" lon="16.8222364">
        <ele>12145.7</ele>
        <time>2026-08-25T18:26:27Z</time>
        <hdop>6.6</hdop>
        <extensions>
          <osmand:speed>223.8</osmand:speed>
        </extensions>
      </trkpt>
      <trkpt lat="58.4443633" lon="16.8447612">
        <ele>12145.7</ele>
        <time>2026-08-25T18:26:33Z</time>
        <hdop>6.1</hdop>
        <extensions>
          <osmand:speed>223.5</osmand:speed>
        </extensions>
      </trkpt>
      <trkpt lat="58.442069" lon="16.8672897">
        <ele>12145.7</ele>
        <time>2026-08-25T18:26:39Z</time>
        <hdop>6.1</hdop>
        <extensions>
          <osmand:speed>223.7</osmand:speed>
        </extensions>
      </trkpt>
      <trkpt lat="58.4397682" lon="16.8898059">
        <ele>12147.7</ele>
        <time>2026-08-25T18:26:45Z</time>
        <hdop>7.1</hdop>
        <extensions>
          <osmand:speed>223.6</osmand:speed>
        </extensions>
      </trkpt>
      <trkpt lat="58.4374795" lon="16.9123046">
        <ele>12146.7</ele>
        <time>2026-08-25T18:26:51Z</time>
        <hdop>6.6</hdop>
        <extensions>
          <osmand:speed>223.4</osmand:speed>
        </extensions>
      </trkpt>
      <trkpt lat="58.4351932" lon="16.9347975">
        <ele>12145.7</ele>
        <time>2026-08-25T18:26:57Z</time>
        <hdop>6.1</hdop>
        <extensions>
          <osmand:speed>223.4</osmand:speed>
        </extensions>
      </trkpt>
      <trkpt lat="58.4328957" lon="16.9572966">
        <ele>12144.7</ele>
        <time>2026-08-25T18:27:03Z</time>
        <hdop>5.6</hdop>
        <extensions>
          <osmand:speed>223.6</osmand:speed>
        </extensions>
      </trkpt>
      <trkpt lat="58.4305967" lon="16.9797944">
        <ele>12144.7</ele>
        <time>2026-08-25T18:27:09Z</time>
        <hdop>6.1</hdop>
        <extensions>
          <osmand:speed>223.7</osmand:speed>
        </extensions>
      </trkpt>
      <trkpt lat="58.4282945" lon="17.0022861">
        <ele>12144.2</ele>
        <time>2026-08-25T18:27:15Z</time>
        <hdop>6.6</hdop>
        <extensions>
          <osmand:speed>223.6</osmand:speed>
        </extensions>
      </trkpt>
      <trkpt lat="58.4260011" lon="17.0247802">
        <ele>12144.2</ele>
        <time>2026-08-25T18:27:21Z</time>
        <hdop>7.1</hdop>
        <extensions>
          <osmand:speed>223.6</osmand:speed>
        </extensions>
      </trkpt>
      <trkpt lat="58.4236861" lon="17.0472857">
        <ele>12142.2</ele>
        <time>2026-08-25T18:27:27Z</time>
        <hdop>7.1</hdop>
        <extensions>
          <osmand:speed>223.8</osmand:speed>
        </extensions>
      </trkpt>
      <trkpt lat="58.4213897" lon="17.0697845">
        <ele>12144.2</ele>
        <time>2026-08-25T18:27:33Z</time>
        <hdop>7.1</hdop>
        <extensions>
          <osmand:speed>223.7</osmand:speed>
        </extensions>
      </trkpt>
      <trkpt lat="58.4190776" lon="17.0922847">
        <ele>12145.2</ele>
        <time>2026-08-25T18:27:39Z</time>
        <hdop>6.6</hdop>
        <extensions>
          <osmand:speed>223.6</osmand:speed>
        </extensions>
      </trkpt>
      <trkpt lat="58.4167837" lon="17.1147781">
        <ele>12144.2</ele>
        <time>2026-08-25T18:27:45Z</time>
        <hdop>7.1</hdop>
        <extensions>
          <osmand:speed>223.8</osmand:speed>
        </extensions>
      </trkpt>
      <trkpt lat="58.4144589" lon="17.1372894">
        <ele>12143.2</ele>
        <time>2026-08-25T18:27:51Z</time>
        <hdop>6.6</hdop>
        <extensions>
          <osmand:speed>223.8</osmand:speed>
        </extensions>
      </trkpt>
      <trkpt lat="58.4121378" lon="17.1597938">
        <ele>12142.2</ele>
        <time>2026-08-25T18:27:57Z</time>
        <hdop>7.1</hdop>
        <extensions>
          <osmand:speed>223.9</osmand:speed>
        </extensions>
      </trkpt>
      <trkpt lat="58.4098" lon="17.1823072">
        <ele>12141.2</ele>
        <time>2026-08-25T18:28:03Z</time>
        <hdop>7.1</hdop>
        <extensions>
          <osmand:speed>223.9</osmand:speed>
        </extensions>
      </trkpt>
      <trkpt lat="58.4074537" lon="17.2048089">
        <ele>12138.2</ele>
        <time>2026-08-25T18:28:09Z</time>
        <hdop>7.1</hdop>
        <extensions>
          <osmand:speed>224</osmand:speed>
        </extensions>
      </trkpt>
      <trkpt lat="58.4051156" lon="17.22733">
        <ele>12138.2</ele>
        <time>2026-08-25T18:28:15Z</time>
        <hdop>7.1</hdop>
        <extensions>
          <osmand:speed>224.1</osmand:speed>
        </extensions>
      </trkpt>
      <trkpt lat="58.4027636" lon="17.2498409">
        <ele>12135.2</ele>
        <time>2026-08-25T18:28:21Z</time>
        <hdop>5.6</hdop>
        <extensions>
          <osmand:speed>224.2</osmand:speed>
        </extensions>
      </trkpt>
      <trkpt lat="58.4004078" lon="17.2723713">
        <ele>12134.7</ele>
        <time>2026-08-25T18:28:27Z</time>
        <hdop>6.1</hdop>
        <extensions>
          <osmand:speed>224.1</osmand:speed>
        </extensions>
      </trkpt>
      <trkpt lat="58.3980429" lon="17.2948992">
        <ele>12135.7</ele>
        <time>2026-08-25T18:28:33Z</time>
        <hdop>7.1</hdop>
        <extensions>
          <osmand:speed>224.2</osmand:speed>
        </extensions>
      </trkpt>
      <trkpt lat="58.3956697" lon="17.3174052">
        <ele>12136.7</ele>
        <time>2026-08-25T18:28:39Z</time>
        <hdop>6.6</hdop>
        <extensions>
          <osmand:speed>224.1</osmand:speed>
        </extensions>
      </trkpt>
      <trkpt lat="58.3933098" lon="17.3399049">
        <ele>12140.7</ele>
        <time>2026-08-25T18:28:45Z</time>
        <hdop>7.1</hdop>
        <extensions>
          <osmand:speed>224</osmand:speed>
        </extensions>
      </trkpt>
      <trkpt lat="58.3909266" lon="17.3623725">
        <ele>12141.7</ele>
        <time>2026-08-25T18:28:51Z</time>
        <hdop>6.1</hdop>
        <extensions>
          <osmand:speed>223.8</osmand:speed>
        </extensions>
      </trkpt>
      <trkpt lat="58.3885621" lon="17.3848523">
        <ele>12143.7</ele>
        <time>2026-08-25T18:28:57Z</time>
        <hdop>6.6</hdop>
        <extensions>
          <osmand:speed>223.9</osmand:speed>
        </extensions>
      </trkpt>
      <trkpt lat="58.3861986" lon="17.4073325">
        <ele>12143.7</ele>
        <time>2026-08-25T18:29:03Z</time>
        <hdop>6.6</hdop>
        <extensions>
          <osmand:speed>223.8</osmand:speed>
        </extensions>
      </trkpt>
      <trkpt lat="58.3838369" lon="17.429786">
        <ele>12142.7</ele>
        <time>2026-08-25T18:29:09Z</time>
        <hdop>7.1</hdop>
        <extensions>
          <osmand:speed>223.5</osmand:speed>
        </extensions>
      </trkpt>
      <trkpt lat="58.3814427" lon="17.4522251">
        <ele>12140.7</ele>
        <time>2026-08-25T18:29:15Z</time>
        <hdop>7.1</hdop>
        <extensions>
          <osmand:speed>223.5</osmand:speed>
        </extensions>
      </trkpt>
      <trkpt lat="58.3790323" lon="17.4746529">
        <ele>12139.7</ele>
        <time>2026-08-25T18:29:21Z</time>
        <hdop>7.1</hdop>
        <extensions>
          <osmand:speed>223.5</osmand:speed>
        </extensions>
      </trkpt>
      <trkpt lat="58.3766098" lon="17.4970687">
        <ele>12139.7</ele>
        <time>2026-08-25T18:29:27Z</time>
        <hdop>6.1</hdop>
        <extensions>
          <osmand:speed>223.5</osmand:speed>
        </extensions>
      </trkpt>
      <trkpt lat="58.3741849" lon="17.5194758">
        <ele>12138.4</ele>
        <time>2026-08-25T18:29:33Z</time>
        <hdop>6.6</hdop>
        <extensions>
          <osmand:speed>223.5</osmand:speed>
        </extensions>
      </trkpt>
      <trkpt lat="58.3717635" lon="17.5418687">
        <ele>12137.4</ele>
        <time>2026-08-25T18:29:39Z</time>
        <hdop>6.6</hdop>
        <extensions>
          <osmand:speed>223.3</osmand:speed>
        </extensions>
      </trkpt>
      <trkpt lat="58.3693582" lon="17.5642493">
        <ele>12138.4</ele>
        <time>2026-08-25T18:29:45Z</time>
        <hdop>6.6</hdop>
        <extensions>
          <osmand:speed>223.2</osmand:speed>
        </extensions>
      </trkpt>
      <trkpt lat="58.3669414" lon="17.5866291">
        <ele>12138.4</ele>
        <time>2026-08-25T18:29:51Z</time>
        <hdop>6.6</hdop>
        <extensions>
          <osmand:speed>223.1</osmand:speed>
        </extensions>
      </trkpt>
      <trkpt lat="58.3645225" lon="17.6089799">
        <ele>12139.4</ele>
        <time>2026-08-25T18:29:57Z</time>
        <hdop>7.1</hdop>
        <extensions>
          <osmand:speed>223</osmand:speed>
        </extensions>
      </trkpt>
      <trkpt lat="58.3621114" lon="17.6313332">
        <ele>12142.4</ele>
        <time>2026-08-25T18:30:03Z</time>
        <hdop>6.6</hdop>
        <extensions>
          <osmand:speed>222.9</osmand:speed>
        </extensions>
      </trkpt>
      <trkpt lat="58.3596726" lon="17.6536636">
        <ele>12141.4</ele>
        <time>2026-08-25T18:30:09Z</time>
        <hdop>6.6</hdop>
        <extensions>
          <osmand:speed>222.8</osmand:speed>
        </extensions>
      </trkpt>
      <trkpt lat="58.3572407" lon="17.6759964">
        <ele>12141.4</ele>
        <time>2026-08-25T18:30:15Z</time>
        <hdop>6.1</hdop>
        <extensions>
          <osmand:speed>222.9</osmand:speed>
        </extensions>
      </trkpt>
      <trkpt lat="58.3547968" lon="17.6983174">
        <ele>12140.4</ele>
        <time>2026-08-25T18:30:21Z</time>
        <hdop>6.1</hdop>
        <extensions>
          <osmand:speed>222.8</osmand:speed>
        </extensions>
      </trkpt>
      <trkpt lat="58.3523487" lon="17.7206425">
        <ele>12139.4</ele>
        <time>2026-08-25T18:30:27Z</time>
        <hdop>6.1</hdop>
        <extensions>
          <osmand:speed>222.7</osmand:speed>
        </extensions>
      </trkpt>
      <trkpt lat="58.3499007" lon="17.7429513">
        <ele>12139.4</ele>
        <time>2026-08-25T18:30:33Z</time>
        <hdop>6.6</hdop>
        <extensions>
          <osmand:speed>222.8</osmand:speed>
        </extensions>
      </trkpt>
      <trkpt lat="58.3474785" lon="17.7652595">
        <ele>12139.1</ele>
        <time>2026-08-25T18:30:39Z</time>
        <hdop>6.6</hdop>
        <extensions>
          <osmand:speed>222.5</osmand:speed>
        </extensions>
      </trkpt>
      <trkpt lat="58.3450784" lon="17.7875486">
        <ele>12139.1</ele>
        <time>2026-08-25T18:30:45Z</time>
        <hdop>6.6</hdop>
        <extensions>
          <osmand:speed>222.4</osmand:speed>
        </extensions>
      </trkpt>
      <trkpt lat="58.3426712" lon="17.809828">
        <ele>12139.1</ele>
        <time>2026-08-25T18:30:51Z</time>
        <hdop>6.6</hdop>
        <extensions>
          <osmand:speed>222.4</osmand:speed>
        </extensions>
      </trkpt>
      <trkpt lat="58.3402589" lon="17.8320976">
        <ele>12138.1</ele>
        <time>2026-08-25T18:30:57Z</time>
        <hdop>6.1</hdop>
        <extensions>
          <osmand:speed>222.3</osmand:speed>
        </extensions>
      </trkpt>
      <trkpt lat="58.337823" lon="17.85437">
        <ele>12137.1</ele>
        <time>2026-08-25T18:31:03Z</time>
        <hdop>6.1</hdop>
        <extensions>
          <osmand:speed>222.4</osmand:speed>
        </extensions>
      </trkpt>
      <trkpt lat="58.3353906" lon="17.876648">
        <ele>12136.1</ele>
        <time>2026-08-25T18:31:09Z</time>
        <hdop>5.6</hdop>
        <extensions>
          <osmand:speed>222.3</osmand:speed>
        </extensions>
      </trkpt>
      <trkpt lat="58.3329596" lon="17.8989168">
        <ele>12137.1</ele>
        <time>2026-08-25T18:31:15Z</time>
        <hdop>6.6</hdop>
        <extensions>
          <osmand:speed>222.3</osmand:speed>
        </extensions>
      </trkpt>
      <trkpt lat="58.3305179" lon="17.9211678">
        <ele>12137.1</ele>
        <time>2026-08-25T18:31:21Z</time>
        <hdop>6.1</hdop>
        <extensions>
          <osmand:speed>222.2</osmand:speed>
        </extensions>
      </trkpt>
      <trkpt lat="58.3280619" lon="17.9434211">
        <ele>12132.1</ele>
        <time>2026-08-25T18:31:27Z</time>
        <hdop>10.2</hdop>
        <extensions>
          <osmand:speed>222.2</osmand:speed>
        </extensions>
      </trkpt>
      <trkpt lat="58.3256238" lon="17.9656575">
        <ele>12133.1</ele>
        <time>2026-08-25T18:31:33Z</time>
        <hdop>10.2</hdop>
        <extensions>
          <osmand:speed>222.2</osmand:speed>
        </extensions>
      </trkpt>
      <trkpt lat="58.3231421" lon="17.9878514">
        <ele>12134.1</ele>
        <time>2026-08-25T18:31:39Z</time>
        <hdop>9.7</hdop>
        <extensions>
          <osmand:speed>222</osmand:speed>
        </extensions>
      </trkpt>
      <trkpt lat="58.3204654" lon="18.0099879">
        <ele>12134.8</ele>
        <time>2026-08-25T18:31:45Z</time>
        <hdop>16.3</hdop>
        <extensions>
          <osmand:speed>222.3</osmand:speed>
        </extensions>
      </trkpt>
      <trkpt lat="58.3174962" lon="18.0319118">
        <ele>12133.8</ele>
        <time>2026-08-25T18:31:51Z</time>
        <hdop>24</hdop>
        <extensions>
          <osmand:speed>222</osmand:speed>
        </extensions>
      </trkpt>
      <trkpt lat="58.3142321" lon="18.0538134">
        <ele>12144.8</ele>
        <time>2026-08-25T18:31:57Z</time>
        <hdop>45.4</hdop>
        <extensions>
          <osmand:speed>222.9</osmand:speed>
        </extensions>
      </trkpt>
      <trkpt lat="58.3097918" lon="18.0751424">
        <ele>12152.8</ele>
        <time>2026-08-25T18:32:03Z</time>
        <hdop>41.3</hdop>
        <extensions>
          <osmand:speed>223.2</osmand:speed>
        </extensions>
      </trkpt>
      <trkpt lat="58.3052931" lon="18.096401">
        <ele>12149.8</ele>
        <time>2026-08-25T18:32:09Z</time>
        <hdop>43.9</hdop>
        <extensions>
          <osmand:speed>223.3</osmand:speed>
        </extensions>
      </trkpt>
      <trkpt lat="58.3005649" lon="18.1174279">
        <ele>12139.8</ele>
        <time>2026-08-25T18:32:15Z</time>
        <hdop>31.1</hdop>
        <extensions>
          <osmand:speed>223.1</osmand:speed>
        </extensions>
      </trkpt>
      <trkpt lat="58.2960809" lon="18.1387852">
        <ele>12139.8</ele>
        <time>2026-08-25T18:32:21Z</time>
        <hdop>18.9</hdop>
        <extensions>
          <osmand:speed>223.3</osmand:speed>
        </extensions>
      </trkpt>
      <trkpt lat="58.2918791" lon="18.1601379">
        <ele>12138.8</ele>
        <time>2026-08-25T18:32:27Z</time>
        <hdop>10.2</hdop>
        <extensions>
          <osmand:speed>223</osmand:speed>
        </extensions>
      </trkpt>
      <trkpt lat="58.2876539" lon="18.181472">
        <ele>12137.8</ele>
        <time>2026-08-25T18:32:33Z</time>
        <hdop>6.1</hdop>
        <extensions>
          <osmand:speed>222.9</osmand:speed>
        </extensions>
      </trkpt>
      <trkpt lat="58.2835601" lon="18.2028496">
        <ele>12141.8</ele>
        <time>2026-08-25T18:32:39Z</time>
        <hdop>5.6</hdop>
        <extensions>
          <osmand:speed>222.8</osmand:speed>
        </extensions>
      </trkpt>
      <trkpt lat="58.2794434" lon="18.2242007">
        <ele>12139.8</ele>
        <time>2026-08-25T18:32:45Z</time>
        <hdop>6.1</hdop>
        <extensions>
          <osmand:speed>222.7</osmand:speed>
        </extensions>
      </trkpt>
      <trkpt lat="58.2753331" lon="18.2455866">
        <ele>12140.8</ele>
        <time>2026-08-25T18:32:51Z</time>
        <hdop>6.6</hdop>
        <extensions>
          <osmand:speed>223</osmand:speed>
        </extensions>
      </trkpt>
      <trkpt lat="58.2712207" lon="18.2669312">
        <ele>12140.6</ele>
        <time>2026-08-25T18:32:57Z</time>
        <hdop>6.6</hdop>
        <extensions>
          <osmand:speed>222.8</osmand:speed>
        </extensions>
      </trkpt>
      <trkpt lat="58.2671195" lon="18.2883254">
        <ele>12139.6</ele>
        <time>2026-08-25T18:33:03Z</time>
        <hdop>6.6</hdop>
        <extensions>
          <osmand:speed>223</osmand:speed>
        </extensions>
      </trkpt>
      <trkpt lat="58.2630311" lon="18.3097078">
        <ele>12140.6</ele>
        <time>2026-08-25T18:33:09Z</time>
        <hdop>6.6</hdop>
        <extensions>
          <osmand:speed>223</osmand:speed>
        </extensions>
      </trkpt>
      <trkpt lat="58.2589266" lon="18.3310963">
        <ele>12140.6</ele>
        <time>2026-08-25T18:33:15Z</time>
        <hdop>6.6</hdop>
        <extensions>
          <osmand:speed>223.1</osmand:speed>
        </extensions>
      </trkpt>
      <trkpt lat="58.2547512" lon="18.3524665">
        <ele>12140.6</ele>
        <time>2026-08-25T18:33:21Z</time>
        <hdop>7.7</hdop>
        <extensions>
          <osmand:speed>223.3</osmand:speed>
        </extensions>
      </trkpt>
      <trkpt lat="58.2506197" lon="18.3738388">
        <ele>12139.6</ele>
        <time>2026-08-25T18:33:27Z</time>
        <hdop>6.6</hdop>
        <extensions>
          <osmand:speed>223.3</osmand:speed>
        </extensions>
      </trkpt>
      <trkpt lat="58.2464961" lon="18.3952055">
        <ele>12139.1</ele>
        <time>2026-08-25T18:33:33Z</time>
        <hdop>5.6</hdop>
        <extensions>
          <osmand:speed>223.3</osmand:speed>
        </extensions>
      </trkpt>
      <trkpt lat="58.2423633" lon="18.41661">
        <ele>12136.1</ele>
        <time>2026-08-25T18:33:39Z</time>
        <hdop>6.6</hdop>
        <extensions>
          <osmand:speed>223.6</osmand:speed>
        </extensions>
      </trkpt>
      <trkpt lat="58.2382012" lon="18.4379792">
        <ele>12134.1</ele>
        <time>2026-08-25T18:33:45Z</time>
        <hdop>7.1</hdop>
        <extensions>
          <osmand:speed>223.3</osmand:speed>
        </extensions>
      </trkpt>
      <trkpt lat="58.2340604" lon="18.4593597">
        <ele>12134.1</ele>
        <time>2026-08-25T18:33:51Z</time>
        <hdop>6.1</hdop>
        <extensions>
          <osmand:speed>223.4</osmand:speed>
        </extensions>
      </trkpt>
      <trkpt lat="58.2299307" lon="18.4807656">
        <ele>12135.1</ele>
        <time>2026-08-25T18:33:57Z</time>
        <hdop>7.1</hdop>
        <extensions>
          <osmand:speed>223.7</osmand:speed>
        </extensions>
      </trkpt>
      <trkpt lat="58.2258118" lon="18.5021787">
        <ele>12134.9</ele>
        <time>2026-08-25T18:34:03Z</time>
        <hdop>6.6</hdop>
        <extensions>
          <osmand:speed>223.7</osmand:speed>
        </extensions>
      </trkpt>
      <trkpt lat="58.2216918" lon="18.5235993">
        <ele>12137.9</ele>
        <time>2026-08-25T18:34:09Z</time>
        <hdop>7.1</hdop>
        <extensions>
          <osmand:speed>223.8</osmand:speed>
        </extensions>
      </trkpt>
      <trkpt lat="58.2175661" lon="18.5450301">
        <ele>12138.9</ele>
        <time>2026-08-25T18:34:15Z</time>
        <hdop>7.1</hdop>
        <extensions>
          <osmand:speed>223.9</osmand:speed>
        </extensions>
      </trkpt>
      <trkpt lat="58.2134298" lon="18.5664544">
        <ele>12137.9</ele>
        <time>2026-08-25T18:34:21Z</time>
        <hdop>6.6</hdop>
        <extensions>
          <osmand:speed>223.8</osmand:speed>
        </extensions>
      </trkpt>
      <trkpt lat="58.2092831" lon="18.5878609">
        <ele>12135.9</ele>
        <time>2026-08-25T18:34:27Z</time>
        <hdop>6.6</hdop>
        <extensions>
          <osmand:speed>224</osmand:speed>
        </extensions>
      </trkpt>
      <trkpt lat="58.2051245" lon="18.6092746">
        <ele>12134.9</ele>
        <time>2026-08-25T18:34:33Z</time>
        <hdop>6.1</hdop>
        <extensions>
          <osmand:speed>224</osmand:speed>
        </extensions>
      </trkpt>
      <trkpt lat="58.2009587" lon="18.6306988">
        <ele>12133.9</ele>
        <time>2026-08-25T18:34:39Z</time>
        <hdop>6.1</hdop>
        <extensions>
          <osmand:speed>224.2</osmand:speed>
        </extensions>
      </trkpt>
      <trkpt lat="58.1967849" lon="18.652121">
        <ele>12131.9</ele>
        <time>2026-08-25T18:34:45Z</time>
        <hdop>6.1</hdop>
        <extensions>
          <osmand:speed>224.3</osmand:speed>
        </extensions>
      </trkpt>
      <trkpt lat="58.1926017" lon="18.6735517">
        <ele>12130.9</ele>
        <time>2026-08-25T18:34:51Z</time>
        <hdop>6.1</hdop>
        <extensions>
          <osmand:speed>224.5</osmand:speed>
        </extensions>
      </trkpt>
      <trkpt lat="58.1884159" lon="18.6949848">
        <ele>12131.9</ele>
        <time>2026-08-25T18:34:57Z</time>
        <hdop>6.6</hdop>
        <extensions>
          <osmand:speed>224.6</osmand:speed>
        </extensions>
      </trkpt>
      <trkpt lat="58.1842219" lon="18.7164398">
        <ele>12132.9</ele>
        <time>2026-08-25T18:35:03Z</time>
        <hdop>6.6</hdop>
        <extensions>
          <osmand:speed>224.8</osmand:speed>
        </extensions>
      </trkpt>
      <trkpt lat="58.1800161" lon="18.7378966">
        <ele>12132.9</ele>
        <time>2026-08-25T18:35:09Z</time>
        <hdop>6.1</hdop>
        <extensions>
          <osmand:speed>224.9</osmand:speed>
        </extensions>
      </trkpt>
      <trkpt lat="58.1758069" lon="18.7593679">
        <ele>12133.6</ele>
        <time>2026-08-25T18:35:15Z</time>
        <hdop>6.1</hdop>
        <extensions>
          <osmand:speed>225.1</osmand:speed>
        </extensions>
      </trkpt>
      <trkpt lat="58.1715841" lon="18.7808282">
        <ele>12132.6</ele>
        <time>2026-08-25T18:35:21Z</time>
        <hdop>6.1</hdop>
        <extensions>
          <osmand:speed>225.2</osmand:speed>
        </extensions>
      </trkpt>
      <trkpt lat="58.1673457" lon="18.8022994">
        <ele>12131.6</ele>
        <time>2026-08-25T18:35:27Z</time>
        <hdop>6.1</hdop>
        <extensions>
          <osmand:speed>225.2</osmand:speed>
        </extensions>
      </trkpt>
      <trkpt lat="58.1631028" lon="18.8237758">
        <ele>12132.6</ele>
        <time>2026-08-25T18:35:33Z</time>
        <hdop>6.1</hdop>
        <extensions>
          <osmand:speed>225.3</osmand:speed>
        </extensions>
      </trkpt>
      <trkpt lat="58.1588583" lon="18.8452475">
        <ele>12131.6</ele>
        <time>2026-08-25T18:35:39Z</time>
        <hdop>6.6</hdop>
        <extensions>
          <osmand:speed>225.5</osmand:speed>
        </extensions>
      </trkpt>
      <trkpt lat="58.1546081" lon="18.8667264">
        <ele>12130.6</ele>
        <time>2026-08-25T18:35:45Z</time>
        <hdop>6.1</hdop>
        <extensions>
          <osmand:speed>225.5</osmand:speed>
        </extensions>
      </trkpt>
      <trkpt lat="58.1503579" lon="18.8881932">
        <ele>12128.6</ele>
        <time>2026-08-25T18:35:51Z</time>
        <hdop>6.1</hdop>
        <extensions>
          <osmand:speed>225.5</osmand:speed>
        </extensions>
      </trkpt>
      <trkpt lat="58.1461134" lon="18.9096753">
        <ele>12127.6</ele>
        <time>2026-08-25T18:35:57Z</time>
        <hdop>6.1</hdop>
        <extensions>
          <osmand:speed>225.6</osmand:speed>
        </extensions>
      </trkpt>
      <trkpt lat="58.1418513" lon="18.9311523">
        <ele>12127.6</ele>
        <time>2026-08-25T18:36:03Z</time>
        <hdop>6.1</hdop>
        <extensions>
          <osmand:speed>225.6</osmand:speed>
        </extensions>
      </trkpt>
      <trkpt lat="58.1375921" lon="18.9526266">
        <ele>12125.6</ele>
        <time>2026-08-25T18:36:09Z</time>
        <hdop>6.6</hdop>
        <extensions>
          <osmand:speed>225.7</osmand:speed>
        </extensions>
      </trkpt>
      <trkpt lat="58.1333312" lon="18.9741138">
        <ele>12127.6</ele>
        <time>2026-08-25T18:36:15Z</time>
        <hdop>6.1</hdop>
        <extensions>
          <osmand:speed>225.6</osmand:speed>
        </extensions>
      </trkpt>
      <trkpt lat="58.1290367" lon="18.9955851">
        <ele>12125.6</ele>
        <time>2026-08-25T18:36:21Z</time>
        <hdop>6.1</hdop>
        <extensions>
          <osmand:speed>225.7</osmand:speed>
        </extensions>
      </trkpt>
      <trkpt lat="58.124751" lon="19.0170487">
        <ele>12126.2</ele>
        <time>2026-08-25T18:36:27Z</time>
        <hdop>5.6</hdop>
        <extensions>
          <osmand:speed>225.6</osmand:speed>
        </extensions>
      </trkpt>
      <trkpt lat="58.1204631" lon="19.0385172">
        <ele>12125.2</ele>
        <time>2026-08-25T18:36:33Z</time>
        <hdop>6.6</hdop>
        <extensions>
          <osmand:speed>225.8</osmand:speed>
        </extensions>
      </trkpt>
      <trkpt lat="58.1161702" lon="19.0599881">
        <ele>12126.2</ele>
        <time>2026-08-25T18:36:39Z</time>
        <hdop>6.1</hdop>
        <extensions>
          <osmand:speed>225.9</osmand:speed>
        </extensions>
      </trkpt>
      <trkpt lat="58.1118746" lon="19.0814369">
        <ele>12122.2</ele>
        <time>2026-08-25T18:36:45Z</time>
        <hdop>6.1</hdop>
        <extensions>
          <osmand:speed>225.8</osmand:speed>
        </extensions>
      </trkpt>
      <trkpt lat="58.1076168" lon="19.1029194">
        <ele>12123.2</ele>
        <time>2026-08-25T18:36:51Z</time>
        <hdop>6.1</hdop>
        <extensions>
          <osmand:speed>225.8</osmand:speed>
        </extensions>
      </trkpt>
      <trkpt lat="58.1033439" lon="19.1243943">
        <ele>12125.2</ele>
        <time>2026-08-25T18:36:57Z</time>
        <hdop>7.1</hdop>
        <extensions>
          <osmand:speed>225.8</osmand:speed>
        </extensions>
      </trkpt>
      <trkpt lat="58.0990675" lon="19.1458509">
        <ele>12125.2</ele>
        <time>2026-08-25T18:37:03Z</time>
        <hdop>6.1</hdop>
        <extensions>
          <osmand:speed>225.7</osmand:speed>
        </extensions>
      </trkpt>
      <trkpt lat="58.0947821" lon="19.1673119">
        <ele>12126.2</ele>
        <time>2026-08-25T18:37:09Z</time>
        <hdop>6.1</hdop>
        <extensions>
          <osmand:speed>225.8</osmand:speed>
        </extensions>
      </trkpt>
      <trkpt lat="58.0904762" lon="19.188738">
        <ele>12124.2</ele>
        <time>2026-08-25T18:37:15Z</time>
        <hdop>6.6</hdop>
        <extensions>
          <osmand:speed>225.8</osmand:speed>
        </extensions>
      </trkpt>
      <trkpt lat="58.0861636" lon="19.2101739">
        <ele>12125.2</ele>
        <time>2026-08-25T18:37:21Z</time>
        <hdop>6.1</hdop>
        <extensions>
          <osmand:speed>225.9</osmand:speed>
        </extensions>
      </trkpt>
      <trkpt lat="58.0818466" lon="19.231612">
        <ele>12126.2</ele>
        <time>2026-08-25T18:37:27Z</time>
        <hdop>6.1</hdop>
        <extensions>
          <osmand:speed>225.8</osmand:speed>
        </extensions>
      </trkpt>
      <trkpt lat="58.0775448" lon="19.2530439">
        <ele>12126.7</ele>
        <time>2026-08-25T18:37:33Z</time>
        <hdop>6.1</hdop>
        <extensions>
          <osmand:speed>225.8</osmand:speed>
        </extensions>
      </trkpt>
      <trkpt lat="58.073251" lon="19.2744852">
        <ele>12126.7</ele>
        <time>2026-08-25T18:37:39Z</time>
        <hdop>6.6</hdop>
        <extensions>
          <osmand:speed>225.9</osmand:speed>
        </extensions>
      </trkpt>
      <trkpt lat="58.068966" lon="19.295931">
        <ele>12129.7</ele>
        <time>2026-08-25T18:37:45Z</time>
        <hdop>6.1</hdop>
        <extensions>
          <osmand:speed>225.9</osmand:speed>
        </extensions>
      </trkpt>
      <trkpt lat="58.064662" lon="19.3173494">
        <ele>12127.7</ele>
        <time>2026-08-25T18:37:51Z</time>
        <hdop>5.6</hdop>
        <extensions>
          <osmand:speed>225.8</osmand:speed>
        </extensions>
      </trkpt>
      <trkpt lat="58.0603559" lon="19.3387805">
        <ele>12128.7</ele>
        <time>2026-08-25T18:37:57Z</time>
        <hdop>6.1</hdop>
        <extensions>
          <osmand:speed>225.9</osmand:speed>
        </extensions>
      </trkpt>
      <trkpt lat="58.0560475" lon="19.3602172">
        <ele>12129.7</ele>
        <time>2026-08-25T18:38:03Z</time>
        <hdop>5.6</hdop>
        <extensions>
          <osmand:speed>225.9</osmand:speed>
        </extensions>
      </trkpt>
      <trkpt lat="58.0517243" lon="19.3816278">
        <ele>12126.7</ele>
        <time>2026-08-25T18:38:09Z</time>
        <hdop>6.1</hdop>
        <extensions>
          <osmand:speed>225.9</osmand:speed>
        </extensions>
      </trkpt>
      <trkpt lat="58.0473927" lon="19.4030387">
        <ele>12124.7</ele>
        <time>2026-08-25T18:38:15Z</time>
        <hdop>6.1</hdop>
        <extensions>
          <osmand:speed>226</osmand:speed>
        </extensions>
      </trkpt>
      <trkpt lat="58.0430742" lon="19.4244422">
        <ele>12124.7</ele>
        <time>2026-08-25T18:38:21Z</time>
        <hdop>6.1</hdop>
        <extensions>
          <osmand:speed>225.7</osmand:speed>
        </extensions>
      </trkpt>
      <trkpt lat="58.0387413" lon="19.4458582">
        <ele>12125.7</ele>
        <time>2026-08-25T18:38:27Z</time>
        <hdop>6.1</hdop>
        <extensions>
          <osmand:speed>225.9</osmand:speed>
        </extensions>
      </trkpt>
      <trkpt lat="58.0344071" lon="19.4672354">
        <ele>12128.7</ele>
        <time>2026-08-25T18:38:33Z</time>
        <hdop>6.6</hdop>
        <extensions>
          <osmand:speed>225.8</osmand:speed>
        </extensions>
      </trkpt>
      <trkpt lat="58.0300118" lon="19.4886015">
        <ele>12125.7</ele>
        <time>2026-08-25T18:38:39Z</time>
        <hdop>5.6</hdop>
        <extensions>
          <osmand:speed>225.9</osmand:speed>
        </extensions>
      </trkpt>
      <trkpt lat="58.025646" lon="19.5099667">
        <ele>12127.1</ele>
        <time>2026-08-25T18:38:45Z</time>
        <hdop>5.6</hdop>
        <extensions>
          <osmand:speed>225.9</osmand:speed>
        </extensions>
      </trkpt>
      <trkpt lat="58.0212802" lon="19.5313288">
        <ele>12129.1</ele>
        <time>2026-08-25T18:38:51Z</time>
        <hdop>5.1</hdop>
        <extensions>
          <osmand:speed>225.9</osmand:speed>
        </extensions>
      </trkpt>
      <trkpt lat="58.0168921" lon="19.5526662">
        <ele>12130.1</ele>
        <time>2026-08-25T18:38:57Z</time>
        <hdop>5.1</hdop>
        <extensions>
          <osmand:speed>225.9</osmand:speed>
        </extensions>
      </trkpt>
      <trkpt lat="58.0124969" lon="19.5740076">
        <ele>12131.1</ele>
        <time>2026-08-25T18:39:03Z</time>
        <hdop>5.1</hdop>
        <extensions>
          <osmand:speed>225.9</osmand:speed>
        </extensions>
      </trkpt>
      <trkpt lat="58.0080927" lon="19.5953332">
        <ele>12131.1</ele>
        <time>2026-08-25T18:39:09Z</time>
        <hdop>4.6</hdop>
        <extensions>
          <osmand:speed>225.9</osmand:speed>
        </extensions>
      </trkpt>
      <trkpt lat="58.0036624" lon="19.6166391">
        <ele>12131.1</ele>
        <time>2026-08-25T18:39:15Z</time>
        <hdop>5.1</hdop>
        <extensions>
          <osmand:speed>225.9</osmand:speed>
        </extensions>
      </trkpt>
      <trkpt lat="57.9992326" lon="19.6379443">
        <ele>12130.6</ele>
        <time>2026-08-25T18:39:21Z</time>
        <hdop>5.1</hdop>
        <extensions>
          <osmand:speed>225.8</osmand:speed>
        </extensions>
      </trkpt>
      <trkpt lat="57.9948142" lon="19.6592553">
        <ele>12128.6</ele>
        <time>2026-08-25T18:39:27Z</time>
        <hdop>5.6</hdop>
        <extensions>
          <osmand:speed>225.9</osmand:speed>
        </extensions>
      </trkpt>
      <trkpt lat="57.9903725" lon="19.6805437">
        <ele>12124.6</ele>
        <time>2026-08-25T18:39:33Z</time>
        <hdop>5.1</hdop>
        <extensions>
          <osmand:speed>225.8</osmand:speed>
        </extensions>
      </trkpt>
      <trkpt lat="57.9859508" lon="19.7018467">
        <ele>12121.6</ele>
        <time>2026-08-25T18:39:39Z</time>
        <hdop>5.6</hdop>
        <extensions>
          <osmand:speed>226</osmand:speed>
        </extensions>
      </trkpt>
      <trkpt lat="57.9815633" lon="19.7231812">
        <ele>12124.6</ele>
        <time>2026-08-25T18:39:45Z</time>
        <hdop>5.6</hdop>
        <extensions>
          <osmand:speed>225.9</osmand:speed>
        </extensions>
      </trkpt>
      <trkpt lat="57.9771732" lon="19.7445174">
        <ele>12124.6</ele>
        <time>2026-08-25T18:39:51Z</time>
        <hdop>6.1</hdop>
        <extensions>
          <osmand:speed>225.9</osmand:speed>
        </extensions>
      </trkpt>
      <trkpt lat="57.9727559" lon="19.7658228">
        <ele>12123</ele>
        <time>2026-08-25T18:39:57Z</time>
        <hdop>5.6</hdop>
        <extensions>
          <osmand:speed>225.8</osmand:speed>
        </extensions>
      </trkpt>
      <trkpt lat="57.9683686" lon="19.7871457">
        <ele>12124</ele>
        <time>2026-08-25T18:40:03Z</time>
        <hdop>5.6</hdop>
        <extensions>
          <osmand:speed>225.8</osmand:speed>
        </extensions>
      </trkpt>
      <trkpt lat="57.9639512" lon="19.8084725">
        <ele>12125</ele>
        <time>2026-08-25T18:40:09Z</time>
        <hdop>7.1</hdop>
        <extensions>
          <osmand:speed>226</osmand:speed>
        </extensions>
      </trkpt>
      <trkpt lat="57.9596008" lon="19.8298222">
        <ele>12127</ele>
        <time>2026-08-25T18:40:15Z</time>
        <hdop>5.6</hdop>
        <extensions>
          <osmand:speed>225.9</osmand:speed>
        </extensions>
      </trkpt>
      <trkpt lat="57.9551871" lon="19.8511358">
        <ele>12126</ele>
        <time>2026-08-25T18:40:21Z</time>
        <hdop>5.1</hdop>
        <extensions>
          <osmand:speed>226</osmand:speed>
        </extensions>
      </trkpt>
      <trkpt lat="57.9508077" lon="19.8724547">
        <ele>12124</ele>
        <time>2026-08-25T18:40:27Z</time>
        <hdop>6.1</hdop>
        <extensions>
          <osmand:speed>226.2</osmand:speed>
        </extensions>
      </trkpt>
      <trkpt lat="57.9464112" lon="19.8937605">
        <ele>12123</ele>
        <time>2026-08-25T18:40:33Z</time>
        <hdop>7.1</hdop>
        <extensions>
          <osmand:speed>226.1</osmand:speed>
        </extensions>
      </trkpt>
      <trkpt lat="57.9420196" lon="19.9150817">
        <ele>12123</ele>
        <time>2026-08-25T18:40:39Z</time>
        <hdop>7.7</hdop>
        <extensions>
          <osmand:speed>226.2</osmand:speed>
        </extensions>
      </trkpt>
      <trkpt lat="57.9376397" lon="19.9363809">
        <ele>12124</ele>
        <time>2026-08-25T18:40:45Z</time>
        <hdop>7.1</hdop>
        <extensions>
          <osmand:speed>225.9</osmand:speed>
        </extensions>
      </trkpt>
      <trkpt lat="57.933257" lon="19.9576704">
        <ele>12125</ele>
        <time>2026-08-25T18:40:51Z</time>
        <hdop>5.6</hdop>
        <extensions>
          <osmand:speed>226</osmand:speed>
        </extensions>
      </trkpt>
      <trkpt lat="57.9288286" lon="19.9789453">
        <ele>12123</ele>
        <time>2026-08-25T18:40:57Z</time>
        <hdop>5.6</hdop>
        <extensions>
          <osmand:speed>226</osmand:speed>
        </extensions>
      </trkpt>
      <trkpt lat="57.9244082" lon="20.0002045">
        <ele>12121.3</ele>
        <time>2026-08-25T18:41:03Z</time>
        <hdop>6.1</hdop>
        <extensions>
          <osmand:speed>225.9</osmand:speed>
        </extensions>
      </trkpt>
      <trkpt lat="57.9199458" lon="20.0214493">
        <ele>12118.3</ele>
        <time>2026-08-25T18:41:09Z</time>
        <hdop>6.6</hdop>
        <extensions>
          <osmand:speed>225.9</osmand:speed>
        </extensions>
      </trkpt>
      <trkpt lat="57.9154732" lon="20.0426697">
        <ele>12119.3</ele>
        <time>2026-08-25T18:41:15Z</time>
        <hdop>5.6</hdop>
        <extensions>
          <osmand:speed>225.8</osmand:speed>
        </extensions>
      </trkpt>
      <trkpt lat="57.9109866" lon="20.063909">
        <ele>12117.3</ele>
        <time>2026-08-25T18:41:21Z</time>
        <hdop>5.1</hdop>
        <extensions>
          <osmand:speed>226.1</osmand:speed>
        </extensions>
      </trkpt>
      <trkpt lat="57.906538" lon="20.0851371">
        <ele>12117.3</ele>
        <time>2026-08-25T18:41:27Z</time>
        <hdop>5.1</hdop>
        <extensions>
          <osmand:speed>225.8</osmand:speed>
        </extensions>
      </trkpt>
      <trkpt lat="57.9020668" lon="20.1063476">
        <ele>12113.3</ele>
        <time>2026-08-25T18:41:33Z</time>
        <hdop>5.1</hdop>
        <extensions>
          <osmand:speed>225.7</osmand:speed>
        </extensions>
      </trkpt>
      <trkpt lat="57.8976228" lon="20.1275461">
        <ele>12111.3</ele>
        <time>2026-08-25T18:41:39Z</time>
        <hdop>5.1</hdop>
        <extensions>
          <osmand:speed>225.8</osmand:speed>
        </extensions>
      </trkpt>
      <trkpt lat="57.8931678" lon="20.1487793">
        <ele>12111.3</ele>
        <time>2026-08-25T18:41:45Z</time>
        <hdop>4.6</hdop>
        <extensions>
          <osmand:speed>225.8</osmand:speed>
        </extensions>
      </trkpt>
      <trkpt lat="57.8887009" lon="20.169981">
        <ele>12112.3</ele>
        <time>2026-08-25T18:41:51Z</time>
        <hdop>4.6</hdop>
        <extensions>
          <osmand:speed>225.7</osmand:speed>
        </extensions>
      </trkpt>
      <trkpt lat="57.8842362" lon="20.1911793">
        <ele>12114.3</ele>
        <time>2026-08-25T18:41:57Z</time>
        <hdop>4.6</hdop>
        <extensions>
          <osmand:speed>225.7</osmand:speed>
        </extensions>
      </trkpt>
      <trkpt lat="57.8797733" lon="20.212373">
        <ele>12117.3</ele>
        <time>2026-08-25T18:42:03Z</time>
        <hdop>5.6</hdop>
        <extensions>
          <osmand:speed>225.7</osmand:speed>
        </extensions>
      </trkpt>
      <trkpt lat="57.8753117" lon="20.2335445">
        <ele>12119.3</ele>
        <time>2026-08-25T18:42:09Z</time>
        <hdop>5.6</hdop>
        <extensions>
          <osmand:speed>225.5</osmand:speed>
        </extensions>
      </trkpt>
      <trkpt lat="57.8708541" lon="20.2547165">
        <ele>12119.6</ele>
        <time>2026-08-25T18:42:15Z</time>
        <hdop>5.1</hdop>
        <extensions>
          <osmand:speed>225.6</osmand:speed>
        </extensions>
      </trkpt>
      <trkpt lat="57.8663924" lon="20.2758786">
        <ele>12120.6</ele>
        <time>2026-08-25T18:42:21Z</time>
        <hdop>5.6</hdop>
        <extensions>
          <osmand:speed>225.5</osmand:speed>
        </extensions>
      </trkpt>
      <trkpt lat="57.861915" lon="20.2970427">
        <ele>12120.6</ele>
        <time>2026-08-25T18:42:27Z</time>
        <hdop>5.1</hdop>
        <extensions>
          <osmand:speed>225.6</osmand:speed>
        </extensions>
      </trkpt>
      <trkpt lat="57.8574561" lon="20.3182118">
        <ele>12122.6</ele>
        <time>2026-08-25T18:42:33Z</time>
        <hdop>5.6</hdop>
        <extensions>
          <osmand:speed>225.5</osmand:speed>
        </extensions>
      </trkpt>
      <trkpt lat="57.853007" lon="20.3393808">
        <ele>12125.6</ele>
        <time>2026-08-25T18:42:39Z</time>
        <hdop>5.1</hdop>
        <extensions>
          <osmand:speed>225.6</osmand:speed>
        </extensions>
      </trkpt>
      <trkpt lat="57.8485459" lon="20.360552">
        <ele>12125.6</ele>
        <time>2026-08-25T18:42:45Z</time>
        <hdop>4.6</hdop>
        <extensions>
          <osmand:speed>225.6</osmand:speed>
        </extensions>
      </trkpt>
      <trkpt lat="57.8440715" lon="20.3817053">
        <ele>12124.6</ele>
        <time>2026-08-25T18:42:51Z</time>
        <hdop>5.1</hdop>
        <extensions>
          <osmand:speed>225.7</osmand:speed>
        </extensions>
      </trkpt>
      <trkpt lat="57.8396118" lon="20.4028809">
        <ele>12124.6</ele>
        <time>2026-08-25T18:42:57Z</time>
        <hdop>4.1</hdop>
        <extensions>
          <osmand:speed>225.7</osmand:speed>
        </extensions>
      </trkpt>
      <trkpt lat="57.8351048" lon="20.4240322">
        <ele>12122.6</ele>
        <time>2026-08-25T18:43:03Z</time>
        <hdop>4.1</hdop>
        <extensions>
          <osmand:speed>225.9</osmand:speed>
        </extensions>
      </trkpt>
      <trkpt lat="57.8305746" lon="20.445191">
        <ele>12121.6</ele>
        <time>2026-08-25T18:43:09Z</time>
        <hdop>4.1</hdop>
        <extensions>
          <osmand:speed>226.3</osmand:speed>
        </extensions>
      </trkpt>
      <trkpt lat="57.8260558" lon="20.4663277">
        <ele>12121.6</ele>
        <time>2026-08-25T18:43:15Z</time>
        <hdop>5.1</hdop>
        <extensions>
          <osmand:speed>226.1</osmand:speed>
        </extensions>
      </trkpt>
      <trkpt lat="57.821514" lon="20.4874744">
        <ele>12121.6</ele>
        <time>2026-08-25T18:43:21Z</time>
        <hdop>5.6</hdop>
        <extensions>
          <osmand:speed>226.2</osmand:speed>
        </extensions>
      </trkpt>
      <trkpt lat="57.8169797" lon="20.5086379">
        <ele>12119.7</ele>
        <time>2026-08-25T18:43:27Z</time>
        <hdop>4.6</hdop>
        <extensions>
          <osmand:speed>226.3</osmand:speed>
        </extensions>
      </trkpt>
      <trkpt lat="57.8124184" lon="20.529798">
        <ele>12119.7</ele>
        <time>2026-08-25T18:43:33Z</time>
        <hdop>5.1</hdop>
        <extensions>
          <osmand:speed>226.5</osmand:speed>
        </extensions>
      </trkpt>
      <trkpt lat="57.8078472" lon="20.5509711">
        <ele>12118.7</ele>
        <time>2026-08-25T18:43:39Z</time>
        <hdop>5.6</hdop>
        <extensions>
          <osmand:speed>226.8</osmand:speed>
        </extensions>
      </trkpt>
      <trkpt lat="57.8032699" lon="20.5721589">
        <ele>12118.7</ele>
        <time>2026-08-25T18:43:45Z</time>
        <hdop>5.1</hdop>
        <extensions>
          <osmand:speed>227</osmand:speed>
        </extensions>
      </trkpt>
      <trkpt lat="57.7986778" lon="20.5933469">
        <ele>12116.7</ele>
        <time>2026-08-25T18:43:51Z</time>
        <hdop>5.1</hdop>
        <extensions>
          <osmand:speed>227.1</osmand:speed>
        </extensions>
      </trkpt>
      <trkpt lat="57.7940912" lon="20.6145226">
        <ele>12117.7</ele>
        <time>2026-08-25T18:43:57Z</time>
        <hdop>5.6</hdop>
        <extensions>
          <osmand:speed>227</osmand:speed>
        </extensions>
      </trkpt>
      <trkpt lat="57.7894953" lon="20.6357129">
        <ele>12118.7</ele>
        <time>2026-08-25T18:44:03Z</time>
        <hdop>5.6</hdop>
        <extensions>
          <osmand:speed>227.2</osmand:speed>
        </extensions>
      </trkpt>
      <trkpt lat="57.7849056" lon="20.6569304">
        <ele>12117.7</ele>
        <time>2026-08-25T18:44:09Z</time>
        <hdop>5.1</hdop>
        <extensions>
          <osmand:speed>227.4</osmand:speed>
        </extensions>
      </trkpt>
      <trkpt lat="57.7802926" lon="20.6781617">
        <ele>12116.7</ele>
        <time>2026-08-25T18:44:15Z</time>
        <hdop>5.6</hdop>
        <extensions>
          <osmand:speed>227.7</osmand:speed>
        </extensions>
      </trkpt>
      <trkpt lat="57.7756897" lon="20.6993898">
        <ele>12118.7</ele>
        <time>2026-08-25T18:44:21Z</time>
        <hdop>5.1</hdop>
        <extensions>
          <osmand:speed>227.6</osmand:speed>
        </extensions>
      </trkpt>
      <trkpt lat="57.7710746" lon="20.7206176">
        <ele>12118.7</ele>
        <time>2026-08-25T18:44:27Z</time>
        <hdop>6.1</hdop>
        <extensions>
          <osmand:speed>227.7</osmand:speed>
        </extensions>
      </trkpt>
      <trkpt lat="57.7664517" lon="20.7418496">
        <ele>12118.7</ele>
        <time>2026-08-25T18:44:33Z</time>
        <hdop>5.6</hdop>
        <extensions>
          <osmand:speed>227.8</osmand:speed>
        </extensions>
      </trkpt>
      <trkpt lat="57.7618282" lon="20.7630575">
        <ele>12120.9</ele>
        <time>2026-08-25T18:44:39Z</time>
        <hdop>5.6</hdop>
        <extensions>
          <osmand:speed>227.7</osmand:speed>
        </extensions>
      </trkpt>
      <trkpt lat="57.7572023" lon="20.7843137">
        <ele>12119.9</ele>
        <time>2026-08-25T18:44:45Z</time>
        <hdop>6.1</hdop>
        <extensions>
          <osmand:speed>228.1</osmand:speed>
        </extensions>
      </trkpt>
      <trkpt lat="57.7525755" lon="20.8055969">
        <ele>12117.9</ele>
        <time>2026-08-25T18:44:51Z</time>
        <hdop>6.1</hdop>
        <extensions>
          <osmand:speed>228.3</osmand:speed>
        </extensions>
      </trkpt>
      <trkpt lat="57.7479338" lon="20.8268753">
        <ele>12116.4</ele>
        <time>2026-08-25T18:44:57Z</time>
        <hdop>5.6</hdop>
        <extensions>
          <osmand:speed>228.3</osmand:speed>
        </extensions>
      </trkpt>
      <trkpt lat="57.7433144" lon="20.8481799">
        <ele>12114.4</ele>
        <time>2026-08-25T18:45:03Z</time>
        <hdop>5.6</hdop>
        <extensions>
          <osmand:speed>228.4</osmand:speed>
        </extensions>
      </trkpt>
      <trkpt lat="57.7386953" lon="20.8695144">
        <ele>12113.4</ele>
        <time>2026-08-25T18:45:09Z</time>
        <hdop>6.1</hdop>
        <extensions>
          <osmand:speed>228.9</osmand:speed>
        </extensions>
      </trkpt>
      <trkpt lat="57.7340935" lon="20.8908445">
        <ele>12112.4</ele>
        <time>2026-08-25T18:45:15Z</time>
        <hdop>5.6</hdop>
        <extensions>
          <osmand:speed>228.7</osmand:speed>
        </extensions>
      </trkpt>
      <trkpt lat="57.7294991" lon="20.9122012">
        <ele>12114.4</ele>
        <time>2026-08-25T18:45:21Z</time>
        <hdop>5.6</hdop>
        <extensions>
          <osmand:speed>228.9</osmand:speed>
        </extensions>
      </trkpt>
      <trkpt lat="57.7246631" lon="20.9333843">
        <ele>12115.4</ele>
        <time>2026-08-25T18:45:27Z</time>
        <hdop>8.2</hdop>
        <extensions>
          <osmand:speed>229.1</osmand:speed>
        </extensions>
      </trkpt>
      <trkpt lat="57.7193576" lon="20.9541937">
        <ele>12117.4</ele>
        <time>2026-08-25T18:45:33Z</time>
        <hdop>7.1</hdop>
        <extensions>
          <osmand:speed>229.7</osmand:speed>
        </extensions>
      </trkpt>
      <trkpt lat="57.7135687" lon="20.974655">
        <ele>12118.4</ele>
        <time>2026-08-25T18:45:39Z</time>
        <hdop>9.2</hdop>
        <extensions>
          <osmand:speed>230.4</osmand:speed>
        </extensions>
      </trkpt>
      <trkpt lat="57.7073596" lon="20.9947185">
        <ele>12117.4</ele>
        <time>2026-08-25T18:45:45Z</time>
        <hdop>7.7</hdop>
        <extensions>
          <osmand:speed>231</osmand:speed>
        </extensions>
      </trkpt>
      <trkpt lat="57.7007846" lon="21.0144067">
        <ele>12115.5</ele>
        <time>2026-08-25T18:45:51Z</time>
        <hdop>8.7</hdop>
        <extensions>
          <osmand:speed>231.4</osmand:speed>
        </extensions>
      </trkpt>
      <trkpt lat="57.6940592" lon="21.0340662">
        <ele>12113.5</ele>
        <time>2026-08-25T18:45:57Z</time>
        <hdop>9.7</hdop>
        <extensions>
          <osmand:speed>232.2</osmand:speed>
        </extensions>
      </trkpt>
      <trkpt lat="57.6873836" lon="21.0537617">
        <ele>12113.5</ele>
        <time>2026-08-25T18:46:03Z</time>
        <hdop>8.2</hdop>
        <extensions>
          <osmand:speed>232</osmand:speed>
        </extensions>
      </trkpt>
      <trkpt lat="57.6807633" lon="21.0734791">
        <ele>12113.5</ele>
        <time>2026-08-25T18:46:09Z</time>
        <hdop>9.2</hdop>
        <extensions>
          <osmand:speed>231.8</osmand:speed>
        </extensions>
      </trkpt>
      <trkpt lat="57.6741548" lon="21.0932">
        <ele>12116.5</ele>
        <time>2026-08-25T18:46:15Z</time>
        <hdop>7.7</hdop>
        <extensions>
          <osmand:speed>231.7</osmand:speed>
        </extensions>
      </trkpt>
      <trkpt lat="57.6674864" lon="21.1128791">
        <ele>12117.5</ele>
        <time>2026-08-25T18:46:21Z</time>
        <hdop>7.7</hdop>
        <extensions>
          <osmand:speed>231.8</osmand:speed>
        </extensions>
      </trkpt>
      <trkpt lat="57.6608161" lon="21.1325821">
        <ele>12116.5</ele>
        <time>2026-08-25T18:46:27Z</time>
        <hdop>7.7</hdop>
        <extensions>
          <osmand:speed>232.2</osmand:speed>
        </extensions>
      </trkpt>
      <trkpt lat="57.6541547" lon="21.1522913">
        <ele>12115.5</ele>
        <time>2026-08-25T18:46:33Z</time>
        <hdop>7.7</hdop>
        <extensions>
          <osmand:speed>231.8</osmand:speed>
        </extensions>
      </trkpt>
      <trkpt lat="57.6474956" lon="21.1719644">
        <ele>12111.5</ele>
        <time>2026-08-25T18:46:39Z</time>
        <hdop>8.7</hdop>
        <extensions>
          <osmand:speed>231.8</osmand:speed>
        </extensions>
      </trkpt>
      <trkpt lat="57.6408394" lon="21.1916896">
        <ele>12093.5</ele>
        <time>2026-08-25T18:46:45Z</time>
        <hdop>8.7</hdop>
        <extensions>
          <osmand:speed>232.1</osmand:speed>
        </extensions>
      </trkpt>
      <trkpt lat="57.6342065" lon="21.2114128">
        <ele>12052.5</ele>
        <time>2026-08-25T18:46:51Z</time>
        <hdop>8.7</hdop>
        <extensions>
          <osmand:speed>231.8</osmand:speed>
        </extensions>
      </trkpt>
      <trkpt lat="57.6276361" lon="21.2310868">
        <ele>12020.5</ele>
        <time>2026-08-25T18:46:57Z</time>
        <hdop>8.7</hdop>
        <extensions>
          <osmand:speed>230.4</osmand:speed>
        </extensions>
      </trkpt>
      <trkpt lat="57.620994" lon="21.2505531">
        <ele>11985.5</ele>
        <time>2026-08-25T18:47:03Z</time>
        <hdop>8.2</hdop>
        <extensions>
          <osmand:speed>229.1</osmand:speed>
        </extensions>
      </trkpt>
      <trkpt lat="57.6144291" lon="21.2698942">
        <ele>11919.5</ele>
        <time>2026-08-25T18:47:09Z</time>
        <hdop>8.2</hdop>
        <extensions>
          <osmand:speed>228.6</osmand:speed>
        </extensions>
      </trkpt>
      <trkpt lat="57.6078357" lon="21.289158">
        <ele>11848.5</ele>
        <time>2026-08-25T18:47:15Z</time>
        <hdop>9.2</hdop>
        <extensions>
          <osmand:speed>228</osmand:speed>
        </extensions>
      </trkpt>
      <trkpt lat="57.6011627" lon="21.3083618">
        <ele>11786.5</ele>
        <time>2026-08-25T18:47:21Z</time>
        <hdop>9.2</hdop>
        <extensions>
          <osmand:speed>227.7</osmand:speed>
        </extensions>
      </trkpt>
      <trkpt lat="57.5945289" lon="21.3275144">
        <ele>11718.5</ele>
        <time>2026-08-25T18:47:27Z</time>
        <hdop>9.2</hdop>
        <extensions>
          <osmand:speed>227.3</osmand:speed>
        </extensions>
      </trkpt>
      <trkpt lat="57.5879865" lon="21.3466114">
        <ele>11675.5</ele>
        <time>2026-08-25T18:47:33Z</time>
        <hdop>7.7</hdop>
        <extensions>
          <osmand:speed>225.5</osmand:speed>
        </extensions>
      </trkpt>
      <trkpt lat="57.5815271" lon="21.3656498">
        <ele>11631.5</ele>
        <time>2026-08-25T18:47:39Z</time>
        <hdop>7.7</hdop>
        <extensions>
          <osmand:speed>223.9</osmand:speed>
        </extensions>
      </trkpt>
      <trkpt lat="57.5750952" lon="21.3845081">
        <ele>11575.5</ele>
        <time>2026-08-25T18:47:45Z</time>
        <hdop>8.2</hdop>
        <extensions>
          <osmand:speed>222.7</osmand:speed>
        </extensions>
      </trkpt>
      <trkpt lat="57.568618" lon="21.403237">
        <ele>11516.5</ele>
        <time>2026-08-25T18:47:51Z</time>
        <hdop>8.2</hdop>
        <extensions>
          <osmand:speed>222</osmand:speed>
        </extensions>
      </trkpt>
      <trkpt lat="57.5622259" lon="21.4219531">
        <ele>11450.5</ele>
        <time>2026-08-25T18:47:57Z</time>
        <hdop>9.2</hdop>
        <extensions>
          <osmand:speed>221.7</osmand:speed>
        </extensions>
      </trkpt>
      <trkpt lat="57.5558286" lon="21.4406227">
        <ele>11389.5</ele>
        <time>2026-08-25T18:48:03Z</time>
        <hdop>7.7</hdop>
        <extensions>
          <osmand:speed>220.9</osmand:speed>
        </extensions>
      </trkpt>
      <trkpt lat="57.5495359" lon="21.4593254">
        <ele>11328.5</ele>
        <time>2026-08-25T18:48:09Z</time>
        <hdop>29.6</hdop>
        <extensions>
          <osmand:speed>220.2</osmand:speed>
        </extensions>
      </trkpt>
      <trkpt lat="57.5432519" lon="21.4778579">
        <ele>11257.5</ele>
        <time>2026-08-25T18:48:15Z</time>
        <hdop>19.9</hdop>
        <extensions>
          <osmand:speed>219</osmand:speed>
        </extensions>
      </trkpt>
      <trkpt lat="57.5370279" lon="21.496381">
        <ele>11194.5</ele>
        <time>2026-08-25T18:48:21Z</time>
        <hdop>20.9</hdop>
        <extensions>
          <osmand:speed>217.8</osmand:speed>
        </extensions>
      </trkpt>
      <trkpt lat="57.5307727" lon="21.5147308">
        <ele>11158.6</ele>
        <time>2026-08-25T18:48:27Z</time>
        <hdop>15.3</hdop>
        <extensions>
          <osmand:speed>216.3</osmand:speed>
        </extensions>
      </trkpt>
      <trkpt lat="57.5245697" lon="21.5329129">
        <ele>11128.6</ele>
        <time>2026-08-25T18:48:33Z</time>
        <hdop>11.2</hdop>
        <extensions>
          <osmand:speed>214.2</osmand:speed>
        </extensions>
      </trkpt>
      <trkpt lat="57.5184341" lon="21.5509083">
        <ele>11099.6</ele>
        <time>2026-08-25T18:48:39Z</time>
        <hdop>15.3</hdop>
        <extensions>
          <osmand:speed>212.2</osmand:speed>
        </extensions>
      </trkpt>
      <trkpt lat="57.5123643" lon="21.568771">
        <ele>11057.6</ele>
        <time>2026-08-25T18:48:45Z</time>
        <hdop>12.8</hdop>
        <extensions>
          <osmand:speed>210.5</osmand:speed>
        </extensions>
      </trkpt>
      <trkpt lat="57.5063615" lon="21.5865428">
        <ele>10980.6</ele>
        <time>2026-08-25T18:48:51Z</time>
        <hdop>8.7</hdop>
        <extensions>
          <osmand:speed>210.1</osmand:speed>
        </extensions>
      </trkpt>
      <trkpt lat="57.5003783" lon="21.6044171">
        <ele>10862.6</ele>
        <time>2026-08-25T18:48:57Z</time>
        <hdop>8.2</hdop>
        <extensions>
          <osmand:speed>211.4</osmand:speed>
        </extensions>
      </trkpt>
      <trkpt lat="57.4943458" lon="21.622454">
        <ele>10731.2</ele>
        <time>2026-08-25T18:49:03Z</time>
        <hdop>7.7</hdop>
        <extensions>
          <osmand:speed>213.6</osmand:speed>
        </extensions>
      </trkpt>
      <trkpt lat="57.4882438" lon="21.6405642">
        <ele>10644.2</ele>
        <time>2026-08-25T18:49:09Z</time>
        <hdop>7.1</hdop>
        <extensions>
          <osmand:speed>214</osmand:speed>
        </extensions>
      </trkpt>
      <trkpt lat="57.4821261" lon="21.658647">
        <ele>10563.2</ele>
        <time>2026-08-25T18:49:15Z</time>
        <hdop>6.6</hdop>
        <extensions>
          <osmand:speed>213.7</osmand:speed>
        </extensions>
      </trkpt>
      <trkpt lat="57.4759776" lon="21.6766969">
        <ele>10466.2</ele>
        <time>2026-08-25T18:49:21Z</time>
        <hdop>8.7</hdop>
        <extensions>
          <osmand:speed>214.2</osmand:speed>
        </extensions>
      </trkpt>
      <trkpt lat="57.4697789" lon="21.694765">
        <ele>10366.2</ele>
        <time>2026-08-25T18:49:27Z</time>
        <hdop>7.1</hdop>
        <extensions>
          <osmand:speed>214.9</osmand:speed>
        </extensions>
      </trkpt>
      <trkpt lat="57.4635294" lon="21.7128525">
        <ele>10265.2</ele>
        <time>2026-08-25T18:49:33Z</time>
        <hdop>8.2</hdop>
        <extensions>
          <osmand:speed>215.6</osmand:speed>
        </extensions>
      </trkpt>
      <trkpt lat="57.4572402" lon="21.7309918">
        <ele>10160.2</ele>
        <time>2026-08-25T18:49:39Z</time>
        <hdop>11.2</hdop>
        <extensions>
          <osmand:speed>216.3</osmand:speed>
        </extensions>
      </trkpt>
      <trkpt lat="57.4509613" lon="21.7492317">
        <ele>10049.2</ele>
        <time>2026-08-25T18:49:45Z</time>
        <hdop>15.3</hdop>
        <extensions>
          <osmand:speed>217.3</osmand:speed>
        </extensions>
      </trkpt>
      <trkpt lat="57.4446584" lon="21.7675528">
        <ele>9937.2</ele>
        <time>2026-08-25T18:49:51Z</time>
        <hdop>14.3</hdop>
        <extensions>
          <osmand:speed>218.3</osmand:speed>
        </extensions>
      </trkpt>
      <trkpt lat="57.438378" lon="21.7859825">
        <ele>9823.2</ele>
        <time>2026-08-25T18:49:57Z</time>
        <hdop>5.6</hdop>
        <extensions>
          <osmand:speed>219.2</osmand:speed>
        </extensions>
      </trkpt>
      <trkpt lat="57.4320351" lon="21.8044935">
        <ele>9702.2</ele>
        <time>2026-08-25T18:50:03Z</time>
        <hdop>6.1</hdop>
        <extensions>
          <osmand:speed>220.4</osmand:speed>
        </extensions>
      </trkpt>
      <trkpt lat="57.4256368" lon="21.8230766">
        <ele>9580.2</ele>
        <time>2026-08-25T18:50:09Z</time>
        <hdop>6.6</hdop>
        <extensions>
          <osmand:speed>221.6</osmand:speed>
        </extensions>
      </trkpt>
      <trkpt lat="57.4191589" lon="21.8417179">
        <ele>9453.2</ele>
        <time>2026-08-25T18:50:15Z</time>
        <hdop>6.6</hdop>
        <extensions>
          <osmand:speed>222.9</osmand:speed>
        </extensions>
      </trkpt>
      <trkpt lat="57.4126073" lon="21.8604325">
        <ele>9322.2</ele>
        <time>2026-08-25T18:50:21Z</time>
        <hdop>6.6</hdop>
        <extensions>
          <osmand:speed>224.3</osmand:speed>
        </extensions>
      </trkpt>
      <trkpt lat="57.4060075" lon="21.879232">
        <ele>9199.2</ele>
        <time>2026-08-25T18:50:27Z</time>
        <hdop>6.1</hdop>
        <extensions>
          <osmand:speed>225.4</osmand:speed>
        </extensions>
      </trkpt>
      <trkpt lat="57.3993699" lon="21.8980972">
        <ele>9101.2</ele>
        <time>2026-08-25T18:50:33Z</time>
        <hdop>5.1</hdop>
        <extensions>
          <osmand:speed>226.3</osmand:speed>
        </extensions>
      </trkpt>
      <trkpt lat="57.3927785" lon="21.916871">
        <ele>9033.2</ele>
        <time>2026-08-25T18:50:39Z</time>
        <hdop>6.1</hdop>
        <extensions>
          <osmand:speed>224.3</osmand:speed>
        </extensions>
      </trkpt>
      <trkpt lat="57.3862249" lon="21.9355693">
        <ele>8928.2</ele>
        <time>2026-08-25T18:50:45Z</time>
        <hdop>6.6</hdop>
        <extensions>
          <osmand:speed>223.7</osmand:speed>
        </extensions>
      </trkpt>
      <trkpt lat="57.3797024" lon="21.9543348">
        <ele>8798.2</ele>
        <time>2026-08-25T18:50:51Z</time>
        <hdop>7.1</hdop>
        <extensions>
          <osmand:speed>224.5</osmand:speed>
        </extensions>
      </trkpt>
      <trkpt lat="57.3731333" lon="21.9731924">
        <ele>8666.2</ele>
        <time>2026-08-25T18:50:57Z</time>
        <hdop>6.6</hdop>
        <extensions>
          <osmand:speed>225.5</osmand:speed>
        </extensions>
      </trkpt>
      <trkpt lat="57.3665659" lon="21.9921314">
        <ele>8527.2</ele>
        <time>2026-08-25T18:51:03Z</time>
        <hdop>23.5</hdop>
        <extensions>
          <osmand:speed>226.5</osmand:speed>
        </extensions>
      </trkpt>
      <trkpt lat="57.3599393" lon="22.0111781">
        <ele>8392.3</ele>
        <time>2026-08-25T18:51:09Z</time>
        <hdop>23</hdop>
        <extensions>
          <osmand:speed>228.2</osmand:speed>
        </extensions>
      </trkpt>
      <trkpt lat="57.3532198" lon="22.0302082">
        <ele>8269.3</ele>
        <time>2026-08-25T18:51:15Z</time>
        <hdop>24</hdop>
        <extensions>
          <osmand:speed>228.7</osmand:speed>
        </extensions>
      </trkpt>
      <trkpt lat="57.3464524" lon="22.049287">
        <ele>8165.3</ele>
        <time>2026-08-25T18:51:21Z</time>
        <hdop>20.9</hdop>
        <extensions>
          <osmand:speed>228.8</osmand:speed>
        </extensions>
      </trkpt>
      <trkpt lat="57.3397191" lon="22.0683154">
        <ele>8076.3</ele>
        <time>2026-08-25T18:51:27Z</time>
        <hdop>22.4</hdop>
        <extensions>
          <osmand:speed>227.9</osmand:speed>
        </extensions>
      </trkpt>
      <trkpt lat="57.3330436" lon="22.087277">
        <ele>7999.3</ele>
        <time>2026-08-25T18:51:33Z</time>
        <hdop>34.2</hdop>
        <extensions>
          <osmand:speed>226.4</osmand:speed>
        </extensions>
      </trkpt>
      <trkpt lat="57.3263765" lon="22.1060003">
        <ele>7949.3</ele>
        <time>2026-08-25T18:51:39Z</time>
        <hdop>25.5</hdop>
        <extensions>
          <osmand:speed>224.3</osmand:speed>
        </extensions>
      </trkpt>
      <trkpt lat="57.31986" lon="22.124614">
        <ele>7895.3</ele>
        <time>2026-08-25T18:51:45Z</time>
        <hdop>24</hdop>
        <extensions>
          <osmand:speed>222</osmand:speed>
        </extensions>
      </trkpt>
      <trkpt lat="57.3133883" lon="22.1430802">
        <ele>7808.3</ele>
        <time>2026-08-25T18:51:51Z</time>
        <hdop>21.9</hdop>
        <extensions>
          <osmand:speed>221.1</osmand:speed>
        </extensions>
      </trkpt>
      <trkpt lat="57.3069353" lon="22.1615382">
        <ele>7707.3</ele>
        <time>2026-08-25T18:51:57Z</time>
        <hdop>25</hdop>
        <extensions>
          <osmand:speed>221.1</osmand:speed>
        </extensions>
      </trkpt>
      <trkpt lat="57.3004762" lon="22.1799913">
        <ele>7615.3</ele>
        <time>2026-08-25T18:52:03Z</time>
        <hdop>8.2</hdop>
        <extensions>
          <osmand:speed>220.9</osmand:speed>
        </extensions>
      </trkpt>
      <trkpt lat="57.2940607" lon="22.1984213">
        <ele>7528.3</ele>
        <time>2026-08-25T18:52:09Z</time>
        <hdop>7.1</hdop>
        <extensions>
          <osmand:speed>220.3</osmand:speed>
        </extensions>
      </trkpt>
      <trkpt lat="57.2876424" lon="22.2167793">
        <ele>7440.3</ele>
        <time>2026-08-25T18:52:15Z</time>
        <hdop>7.1</hdop>
        <extensions>
          <osmand:speed>219.5</osmand:speed>
        </extensions>
      </trkpt>
      <trkpt lat="57.2811872" lon="22.2350723">
        <ele>7346.3</ele>
        <time>2026-08-25T18:52:21Z</time>
        <hdop>6.6</hdop>
        <extensions>
          <osmand:speed>219.1</osmand:speed>
        </extensions>
      </trkpt>
      <trkpt lat="57.2747748" lon="22.2533621">
        <ele>7255.4</ele>
        <time>2026-08-25T18:52:27Z</time>
        <hdop>6.6</hdop>
        <extensions>
          <osmand:speed>218.5</osmand:speed>
        </extensions>
      </trkpt>
      <trkpt lat="57.2683774" lon="22.2715711">
        <ele>7166.4</ele>
        <time>2026-08-25T18:52:33Z</time>
        <hdop>6.6</hdop>
        <extensions>
          <osmand:speed>218.6</osmand:speed>
        </extensions>
      </trkpt>
      <trkpt lat="57.2619878" lon="22.289741">
        <ele>7076.4</ele>
        <time>2026-08-25T18:52:39Z</time>
        <hdop>7.7</hdop>
        <extensions>
          <osmand:speed>217.8</osmand:speed>
        </extensions>
      </trkpt>
      <trkpt lat="57.255629" lon="22.3078608">
        <ele>6981.4</ele>
        <time>2026-08-25T18:52:45Z</time>
        <hdop>18.9</hdop>
        <extensions>
          <osmand:speed>217.1</osmand:speed>
        </extensions>
      </trkpt>
      <trkpt lat="57.2493405" lon="22.3259684">
        <ele>6897.9</ele>
        <time>2026-08-25T18:52:51Z</time>
        <hdop>13.8</hdop>
        <extensions>
          <osmand:speed>216.4</osmand:speed>
        </extensions>
      </trkpt>
      <trkpt lat="57.2430705" lon="22.344085">
        <ele>6812.9</ele>
        <time>2026-08-25T18:52:57Z</time>
        <hdop>26.5</hdop>
        <extensions>
          <osmand:speed>216.1</osmand:speed>
        </extensions>
      </trkpt>
      <trkpt lat="57.2367916" lon="22.3621301">
        <ele>6724.9</ele>
        <time>2026-08-25T18:53:03Z</time>
        <hdop>28.1</hdop>
        <extensions>
          <osmand:speed>215.9</osmand:speed>
        </extensions>
      </trkpt>
      <trkpt lat="57.2304711" lon="22.3800339">
        <ele>6634.9</ele>
        <time>2026-08-25T18:53:09Z</time>
        <hdop>23</hdop>
        <extensions>
          <osmand:speed>215.1</osmand:speed>
        </extensions>
      </trkpt>
      <trkpt lat="57.2241289" lon="22.3978534">
        <ele>6547.9</ele>
        <time>2026-08-25T18:53:15Z</time>
        <hdop>7.7</hdop>
        <extensions>
          <osmand:speed>214.6</osmand:speed>
        </extensions>
      </trkpt>
      <trkpt lat="57.2178511" lon="22.415694">
        <ele>6459.9</ele>
        <time>2026-08-25T18:53:21Z</time>
        <hdop>7.7</hdop>
        <extensions>
          <osmand:speed>214</osmand:speed>
        </extensions>
      </trkpt>
      <trkpt lat="57.2115987" lon="22.4334942">
        <ele>6373.9</ele>
        <time>2026-08-25T18:53:27Z</time>
        <hdop>5.6</hdop>
        <extensions>
          <osmand:speed>213.5</osmand:speed>
        </extensions>
      </trkpt>
      <trkpt lat="57.2053494" lon="22.4512291">
        <ele>6286.9</ele>
        <time>2026-08-25T18:53:33Z</time>
        <hdop>6.1</hdop>
        <extensions>
          <osmand:speed>213</osmand:speed>
        </extensions>
      </trkpt>
      <trkpt lat="57.1990936" lon="22.4689008">
        <ele>6200.9</ele>
        <time>2026-08-25T18:53:39Z</time>
        <hdop>6.1</hdop>
        <extensions>
          <osmand:speed>212.4</osmand:speed>
        </extensions>
      </trkpt>
      <trkpt lat="57.1928346" lon="22.4865078">
        <ele>6117.9</ele>
        <time>2026-08-25T18:53:45Z</time>
        <hdop>6.6</hdop>
        <extensions>
          <osmand:speed>211.9</osmand:speed>
        </extensions>
      </trkpt>
      <trkpt lat="57.1865794" lon="22.5040381">
        <ele>6034</ele>
        <time>2026-08-25T18:53:51Z</time>
        <hdop>6.1</hdop>
        <extensions>
          <osmand:speed>211.2</osmand:speed>
        </extensions>
      </trkpt>
      <trkpt lat="57.1803281" lon="22.5215004">
        <ele>5950</ele>
        <time>2026-08-25T18:53:57Z</time>
        <hdop>6.6</hdop>
        <extensions>
          <osmand:speed>210.6</osmand:speed>
        </extensions>
      </trkpt>
      <trkpt lat="57.1740822" lon="22.538885">
        <ele>5865</ele>
        <time>2026-08-25T18:54:03Z</time>
        <hdop>7.1</hdop>
        <extensions>
          <osmand:speed>210</osmand:speed>
        </extensions>
      </trkpt>
      <trkpt lat="57.1678557" lon="22.5562171">
        <ele>5778</ele>
        <time>2026-08-25T18:54:09Z</time>
        <hdop>6.6</hdop>
        <extensions>
          <osmand:speed>209.4</osmand:speed>
        </extensions>
      </trkpt>
      <trkpt lat="57.1616467" lon="22.5734898">
        <ele>5693</ele>
        <time>2026-08-25T18:54:15Z</time>
        <hdop>5.6</hdop>
        <extensions>
          <osmand:speed>208.8</osmand:speed>
        </extensions>
      </trkpt>
      <trkpt lat="57.1554497" lon="22.5907225">
        <ele>5605</ele>
        <time>2026-08-25T18:54:21Z</time>
        <hdop>5.1</hdop>
        <extensions>
          <osmand:speed>208.4</osmand:speed>
        </extensions>
      </trkpt>
      <trkpt lat="57.1492814" lon="22.6079361">
        <ele>5521</ele>
        <time>2026-08-25T18:54:27Z</time>
        <hdop>5.1</hdop>
        <extensions>
          <osmand:speed>207.8</osmand:speed>
        </extensions>
      </trkpt>
      <trkpt lat="57.1431376" lon="22.6250948">
        <ele>5439</ele>
        <time>2026-08-25T18:54:33Z</time>
        <hdop>4.6</hdop>
        <extensions>
          <osmand:speed>207.1</osmand:speed>
        </extensions>
      </trkpt>
      <trkpt lat="57.1370201" lon="22.6421831">
        <ele>5361</ele>
        <time>2026-08-25T18:54:39Z</time>
        <hdop>11.2</hdop>
        <extensions>
          <osmand:speed>206.6</osmand:speed>
        </extensions>
      </trkpt>
      <trkpt lat="57.1309105" lon="22.659232">
        <ele>5278</ele>
        <time>2026-08-25T18:54:45Z</time>
        <hdop>7.7</hdop>
        <extensions>
          <osmand:speed>206</osmand:speed>
        </extensions>
      </trkpt>
      <trkpt lat="57.1248087" lon="22.6762356">
        <ele>5196</ele>
        <time>2026-08-25T18:54:51Z</time>
        <hdop>7.7</hdop>
        <extensions>
          <osmand:speed>205.4</osmand:speed>
        </extensions>
      </trkpt>
      <trkpt lat="57.1187277" lon="22.6931861">
        <ele>5114</ele>
        <time>2026-08-25T18:54:57Z</time>
        <hdop>8.2</hdop>
        <extensions>
          <osmand:speed>204.8</osmand:speed>
        </extensions>
      </trkpt>
      <trkpt lat="57.1126613" lon="22.7100835">
        <ele>5030</ele>
        <time>2026-08-25T18:55:03Z</time>
        <hdop>9.7</hdop>
        <extensions>
          <osmand:speed>204.3</osmand:speed>
        </extensions>
      </trkpt>
      <trkpt lat="57.1066181" lon="22.7269342">
        <ele>4948</ele>
        <time>2026-08-25T18:55:09Z</time>
        <hdop>9.7</hdop>
        <extensions>
          <osmand:speed>203.6</osmand:speed>
        </extensions>
      </trkpt>
      <trkpt lat="57.1005954" lon="22.7437315">
        <ele>4866</ele>
        <time>2026-08-25T18:55:15Z</time>
        <hdop>10.7</hdop>
        <extensions>
          <osmand:speed>203</osmand:speed>
        </extensions>
      </trkpt>
      <trkpt lat="57.0945692" lon="22.7604582">
        <ele>4786.2</ele>
        <time>2026-08-25T18:55:21Z</time>
        <hdop>17.9</hdop>
        <extensions>
          <osmand:speed>202.5</osmand:speed>
        </extensions>
      </trkpt>
      <trkpt lat="57.0885724" lon="22.777126">
        <ele>4701.2</ele>
        <time>2026-08-25T18:55:27Z</time>
        <hdop>21.4</hdop>
        <extensions>
          <osmand:speed>201.8</osmand:speed>
        </extensions>
      </trkpt>
      <trkpt lat="57.0825748" lon="22.7937655">
        <ele>4616.2</ele>
        <time>2026-08-25T18:55:33Z</time>
        <hdop>19.9</hdop>
        <extensions>
          <osmand:speed>201.5</osmand:speed>
        </extensions>
      </trkpt>
      <trkpt lat="57.0766416" lon="22.8103381">
        <ele>4538.2</ele>
        <time>2026-08-25T18:55:39Z</time>
        <hdop>17.9</hdop>
        <extensions>
          <osmand:speed>200.8</osmand:speed>
        </extensions>
      </trkpt>
      <trkpt lat="57.0706735" lon="22.8268414">
        <ele>4457.2</ele>
        <time>2026-08-25T18:55:45Z</time>
        <hdop>14.3</hdop>
        <extensions>
          <osmand:speed>200.1</osmand:speed>
        </extensions>
      </trkpt>
      <trkpt lat="57.0647404" lon="22.8433166">
        <ele>4375.2</ele>
        <time>2026-08-25T18:55:51Z</time>
        <hdop>11.7</hdop>
        <extensions>
          <osmand:speed>199.5</osmand:speed>
        </extensions>
      </trkpt>
      <trkpt lat="57.058808" lon="22.8597286">
        <ele>4294.2</ele>
        <time>2026-08-25T18:55:57Z</time>
        <hdop>10.2</hdop>
        <extensions>
          <osmand:speed>198.9</osmand:speed>
        </extensions>
      </trkpt>
      <trkpt lat="57.0528903" lon="22.8760803">
        <ele>4213.2</ele>
        <time>2026-08-25T18:56:03Z</time>
        <hdop>11.2</hdop>
        <extensions>
          <osmand:speed>198.3</osmand:speed>
        </extensions>
      </trkpt>
      <trkpt lat="57.0470161" lon="22.8924065">
        <ele>4134.2</ele>
        <time>2026-08-25T18:56:09Z</time>
        <hdop>9.7</hdop>
        <extensions>
          <osmand:speed>197.7</osmand:speed>
        </extensions>
      </trkpt>
      <trkpt lat="57.0411574" lon="22.9086744">
        <ele>4054.2</ele>
        <time>2026-08-25T18:56:15Z</time>
        <hdop>8.7</hdop>
        <extensions>
          <osmand:speed>197.1</osmand:speed>
        </extensions>
      </trkpt>
      <trkpt lat="57.0353025" lon="22.9248848">
        <ele>3973.2</ele>
        <time>2026-08-25T18:56:21Z</time>
        <hdop>9.2</hdop>
        <extensions>
          <osmand:speed>196.6</osmand:speed>
        </extensions>
      </trkpt>
      <trkpt lat="57.0294669" lon="22.9410542">
        <ele>3893.2</ele>
        <time>2026-08-25T18:56:27Z</time>
        <hdop>8.7</hdop>
        <extensions>
          <osmand:speed>196</osmand:speed>
        </extensions>
      </trkpt>
      <trkpt lat="57.0236575" lon="22.9571728">
        <ele>3814.2</ele>
        <time>2026-08-25T18:56:33Z</time>
        <hdop>8.2</hdop>
        <extensions>
          <osmand:speed>195.4</osmand:speed>
        </extensions>
      </trkpt>
      <trkpt lat="57.017856" lon="22.9732195">
        <ele>3734.2</ele>
        <time>2026-08-25T18:56:39Z</time>
        <hdop>11.7</hdop>
        <extensions>
          <osmand:speed>194.6</osmand:speed>
        </extensions>
      </trkpt>
      <trkpt lat="57.0120593" lon="22.9892064">
        <ele>3655.2</ele>
        <time>2026-08-25T18:56:45Z</time>
        <hdop>10.2</hdop>
        <extensions>
          <osmand:speed>194.1</osmand:speed>
        </extensions>
      </trkpt>
      <trkpt lat="57.0062705" lon="23.0051216">
        <ele>3577.5</ele>
        <time>2026-08-25T18:56:51Z</time>
        <hdop>10.2</hdop>
        <extensions>
          <osmand:speed>193.5</osmand:speed>
        </extensions>
      </trkpt>
      <trkpt lat="57.0005089" lon="23.0209963">
        <ele>3500.5</ele>
        <time>2026-08-25T18:56:57Z</time>
        <hdop>9.7</hdop>
        <extensions>
          <osmand:speed>193</osmand:speed>
        </extensions>
      </trkpt>
      <trkpt lat="56.9947584" lon="23.0368458">
        <ele>3417.7</ele>
        <time>2026-08-25T18:57:03Z</time>
        <hdop>9.2</hdop>
        <extensions>
          <osmand:speed>192.7</osmand:speed>
        </extensions>
      </trkpt>
      <trkpt lat="56.9890174" lon="23.0526213">
        <ele>3358.7</ele>
        <time>2026-08-25T18:57:09Z</time>
        <hdop>10.2</hdop>
        <extensions>
          <osmand:speed>191.4</osmand:speed>
        </extensions>
      </trkpt>
      <trkpt lat="56.9833233" lon="23.0682078">
        <ele>3330.7</ele>
        <time>2026-08-25T18:57:15Z</time>
        <hdop>8.7</hdop>
        <extensions>
          <osmand:speed>188.6</osmand:speed>
        </extensions>
      </trkpt>
      <trkpt lat="56.9776986" lon="23.0835042">
        <ele>3316.7</ele>
        <time>2026-08-25T18:57:21Z</time>
        <hdop>16.3</hdop>
        <extensions>
          <osmand:speed>185.3</osmand:speed>
        </extensions>
      </trkpt>
      <trkpt lat="56.9722272" lon="23.0985344">
        <ele>3307.7</ele>
        <time>2026-08-25T18:57:27Z</time>
        <hdop>16.3</hdop>
        <extensions>
          <osmand:speed>182.1</osmand:speed>
        </extensions>
      </trkpt>
      <trkpt lat="56.9668281" lon="23.1133854">
        <ele>3290.7</ele>
        <time>2026-08-25T18:57:33Z</time>
        <hdop>21.9</hdop>
        <extensions>
          <osmand:speed>180</osmand:speed>
        </extensions>
      </trkpt>
      <trkpt lat="56.9615277" lon="23.1278715">
        <ele>3267.7</ele>
        <time>2026-08-25T18:57:39Z</time>
        <hdop>17.9</hdop>
        <extensions>
          <osmand:speed>175.4</osmand:speed>
        </extensions>
      </trkpt>
      <trkpt lat="56.9563069" lon="23.1420956">
        <ele>3246.7</ele>
        <time>2026-08-25T18:57:45Z</time>
        <hdop>17.3</hdop>
        <extensions>
          <osmand:speed>172.7</osmand:speed>
        </extensions>
      </trkpt>
      <trkpt lat="56.9511894" lon="23.1561255">
        <ele>3227.7</ele>
        <time>2026-08-25T18:57:51Z</time>
        <hdop>14.3</hdop>
        <extensions>
          <osmand:speed>169.9</osmand:speed>
        </extensions>
      </trkpt>
      <trkpt lat="56.9461424" lon="23.169933">
        <ele>3211.7</ele>
        <time>2026-08-25T18:57:57Z</time>
        <hdop>10.7</hdop>
        <extensions>
          <osmand:speed>167.2</osmand:speed>
        </extensions>
      </trkpt>
      <trkpt lat="56.9411735" lon="23.1835338">
        <ele>3196.7</ele>
        <time>2026-08-25T18:58:03Z</time>
        <hdop>12.8</hdop>
        <extensions>
          <osmand:speed>164.6</osmand:speed>
        </extensions>
      </trkpt>
      <trkpt lat="56.9362928" lon="23.1969101">
        <ele>3182.7</ele>
        <time>2026-08-25T18:58:09Z</time>
        <hdop>11.7</hdop>
        <extensions>
          <osmand:speed>162.2</osmand:speed>
        </extensions>
      </trkpt>
      <trkpt lat="56.9314743" lon="23.2100922">
        <ele>3167.7</ele>
        <time>2026-08-25T18:58:15Z</time>
        <hdop>11.7</hdop>
        <extensions>
          <osmand:speed>159.7</osmand:speed>
        </extensions>
      </trkpt>
      <trkpt lat="56.9267345" lon="23.2230836">
        <ele>3153.7</ele>
        <time>2026-08-25T18:58:21Z</time>
        <hdop>10.7</hdop>
        <extensions>
          <osmand:speed>157.2</osmand:speed>
        </extensions>
      </trkpt>
      <trkpt lat="56.9220717" lon="23.2358614">
        <ele>3137.7</ele>
        <time>2026-08-25T18:58:27Z</time>
        <hdop>10.2</hdop>
        <extensions>
          <osmand:speed>154.8</osmand:speed>
        </extensions>
      </trkpt>
      <trkpt lat="56.9174521" lon="23.2484323">
        <ele>3124.7</ele>
        <time>2026-08-25T18:58:33Z</time>
        <hdop>11.2</hdop>
        <extensions>
          <osmand:speed>152.5</osmand:speed>
        </extensions>
      </trkpt>
      <trkpt lat="56.912871" lon="23.2608418">
        <ele>3099</ele>
        <time>2026-08-25T18:58:39Z</time>
        <hdop>6.1</hdop>
        <extensions>
          <osmand:speed>151.4</osmand:speed>
        </extensions>
      </trkpt>
      <trkpt lat="56.9083475" lon="23.2732009">
        <ele>3057</ele>
        <time>2026-08-25T18:58:45Z</time>
        <hdop>6.6</hdop>
        <extensions>
          <osmand:speed>151</osmand:speed>
        </extensions>
      </trkpt>
      <trkpt lat="56.9038296" lon="23.2855241">
        <ele>3016</ele>
        <time>2026-08-25T18:58:51Z</time>
        <hdop>7.1</hdop>
        <extensions>
          <osmand:speed>150.7</osmand:speed>
        </extensions>
      </trkpt>
      <trkpt lat="56.8993234" lon="23.2978301">
        <ele>2974</ele>
        <time>2026-08-25T18:58:57Z</time>
        <hdop>6.6</hdop>
        <extensions>
          <osmand:speed>150.2</osmand:speed>
        </extensions>
      </trkpt>
      <trkpt lat="56.8948286" lon="23.3101004">
        <ele>2933</ele>
        <time>2026-08-25T18:59:03Z</time>
        <hdop>6.1</hdop>
        <extensions>
          <osmand:speed>149.9</osmand:speed>
        </extensions>
      </trkpt>
      <trkpt lat="56.8903497" lon="23.3223459">
        <ele>2892</ele>
        <time>2026-08-25T18:59:09Z</time>
        <hdop>6.6</hdop>
        <extensions>
          <osmand:speed>149.6</osmand:speed>
        </extensions>
      </trkpt>
      <trkpt lat="56.8858743" lon="23.3345559">
        <ele>2851</ele>
        <time>2026-08-25T18:59:15Z</time>
        <hdop>6.6</hdop>
        <extensions>
          <osmand:speed>149.2</osmand:speed>
        </extensions>
      </trkpt>
      <trkpt lat="56.8813913" lon="23.3467275">
        <ele>2808</ele>
        <time>2026-08-25T18:59:21Z</time>
        <hdop>5.1</hdop>
        <extensions>
          <osmand:speed>148.9</osmand:speed>
        </extensions>
      </trkpt>
      <trkpt lat="56.8769047" lon="23.358864">
        <ele>2765</ele>
        <time>2026-08-25T18:59:27Z</time>
        <hdop>6.1</hdop>
        <extensions>
          <osmand:speed>148.8</osmand:speed>
        </extensions>
      </trkpt>
      <trkpt lat="56.8724205" lon="23.3709718">
        <ele>2722</ele>
        <time>2026-08-25T18:59:33Z</time>
        <hdop>6.6</hdop>
        <extensions>
          <osmand:speed>148.4</osmand:speed>
        </extensions>
      </trkpt>
      <trkpt lat="56.867933" lon="23.3830369">
        <ele>2680</ele>
        <time>2026-08-25T18:59:39Z</time>
        <hdop>5.1</hdop>
        <extensions>
          <osmand:speed>148.2</osmand:speed>
        </extensions>
      </trkpt>
      <trkpt lat="56.8634622" lon="23.3950865">
        <ele>2637</ele>
        <time>2026-08-25T18:59:45Z</time>
        <hdop>5.1</hdop>
        <extensions>
          <osmand:speed>147.8</osmand:speed>
        </extensions>
      </trkpt>
      <trkpt lat="56.8589995" lon="23.407107">
        <ele>2595</ele>
        <time>2026-08-25T18:59:51Z</time>
        <hdop>4.1</hdop>
        <extensions>
          <osmand:speed>147.5</osmand:speed>
        </extensions>
      </trkpt>
      <trkpt lat="56.8545463" lon="23.4190992">
        <ele>2553</ele>
        <time>2026-08-25T18:59:57Z</time>
        <hdop>6.6</hdop>
        <extensions>
          <osmand:speed>147.2</osmand:speed>
        </extensions>
      </trkpt>
      <trkpt lat="56.8500992" lon="23.4310585">
        <ele>2513</ele>
        <time>2026-08-25T19:00:03Z</time>
        <hdop>5.1</hdop>
        <extensions>
          <osmand:speed>146.8</osmand:speed>
        </extensions>
      </trkpt>
      <trkpt lat="56.8456527" lon="23.4429844">
        <ele>2469</ele>
        <time>2026-08-25T19:00:09Z</time>
        <hdop>5.1</hdop>
        <extensions>
          <osmand:speed>146.6</osmand:speed>
        </extensions>
      </trkpt>
      <trkpt lat="56.8412256" lon="23.4548961">
        <ele>2427</ele>
        <time>2026-08-25T19:00:15Z</time>
        <hdop>4.1</hdop>
        <extensions>
          <osmand:speed>146.3</osmand:speed>
        </extensions>
      </trkpt>
      <trkpt lat="56.8367926" lon="23.4667732">
        <ele>2385</ele>
        <time>2026-08-25T19:00:21Z</time>
        <hdop>4.1</hdop>
        <extensions>
          <osmand:speed>146.1</osmand:speed>
        </extensions>
      </trkpt>
      <trkpt lat="56.8323702" lon="23.4786183">
        <ele>2343</ele>
        <time>2026-08-25T19:00:27Z</time>
        <hdop>5.1</hdop>
        <extensions>
          <osmand:speed>145.7</osmand:speed>
        </extensions>
      </trkpt>
      <trkpt lat="56.8279699" lon="23.4904512">
        <ele>2300</ele>
        <time>2026-08-25T19:00:33Z</time>
        <hdop>5.1</hdop>
        <extensions>
          <osmand:speed>145.4</osmand:speed>
        </extensions>
      </trkpt>
      <trkpt lat="56.8235994" lon="23.5022948">
        <ele>2258.2</ele>
        <time>2026-08-25T19:00:39Z</time>
        <hdop>5.1</hdop>
        <extensions>
          <osmand:speed>145.2</osmand:speed>
        </extensions>
      </trkpt>
      <trkpt lat="56.8192822" lon="23.514187">
        <ele>2216.2</ele>
        <time>2026-08-25T19:00:45Z</time>
        <hdop>5.1</hdop>
        <extensions>
          <osmand:speed>145</osmand:speed>
        </extensions>
      </trkpt>
      <trkpt lat="56.814962" lon="23.5260554">
        <ele>2174.2</ele>
        <time>2026-08-25T19:00:51Z</time>
        <hdop>5.6</hdop>
        <extensions>
          <osmand:speed>144.9</osmand:speed>
        </extensions>
      </trkpt>
      <trkpt lat="56.8105974" lon="23.5378452">
        <ele>2132.2</ele>
        <time>2026-08-25T19:00:57Z</time>
        <hdop>5.1</hdop>
        <extensions>
          <osmand:speed>144.7</osmand:speed>
        </extensions>
      </trkpt>
      <trkpt lat="56.8062119" lon="23.5495809">
        <ele>2090.2</ele>
        <time>2026-08-25T19:01:03Z</time>
        <hdop>5.1</hdop>
        <extensions>
          <osmand:speed>144.5</osmand:speed>
        </extensions>
      </trkpt>
      <trkpt lat="56.8018107" lon="23.5612662">
        <ele>2048.2</ele>
        <time>2026-08-25T19:01:09Z</time>
        <hdop>4.6</hdop>
        <extensions>
          <osmand:speed>144.2</osmand:speed>
        </extensions>
      </trkpt>
      <trkpt lat="56.7974251" lon="23.5729421">
        <ele>2006.2</ele>
        <time>2026-08-25T19:01:15Z</time>
        <hdop>4.1</hdop>
        <extensions>
          <osmand:speed>144</osmand:speed>
        </extensions>
      </trkpt>
      <trkpt lat="56.7930865" lon="23.5846384">
        <ele>1964.2</ele>
        <time>2026-08-25T19:01:21Z</time>
        <hdop>4.6</hdop>
        <extensions>
          <osmand:speed>143.5</osmand:speed>
        </extensions>
      </trkpt>
      <trkpt lat="56.7887908" lon="23.5963356">
        <ele>1922.2</ele>
        <time>2026-08-25T19:01:27Z</time>
        <hdop>5.6</hdop>
        <extensions>
          <osmand:speed>143.1</osmand:speed>
        </extensions>
      </trkpt>
      <trkpt lat="56.7844936" lon="23.6079895">
        <ele>1881.2</ele>
        <time>2026-08-25T19:01:33Z</time>
        <hdop>5.6</hdop>
        <extensions>
          <osmand:speed>142.9</osmand:speed>
        </extensions>
      </trkpt>
      <trkpt lat="56.7801675" lon="23.6195801">
        <ele>1839.2</ele>
        <time>2026-08-25T19:01:39Z</time>
        <hdop>5.1</hdop>
        <extensions>
          <osmand:speed>142.7</osmand:speed>
        </extensions>
      </trkpt>
      <trkpt lat="56.7758131" lon="23.6311129">
        <ele>1798.2</ele>
        <time>2026-08-25T19:01:45Z</time>
        <hdop>5.1</hdop>
        <extensions>
          <osmand:speed>142.5</osmand:speed>
        </extensions>
      </trkpt>
      <trkpt lat="56.7714635" lon="23.6426168">
        <ele>1758.2</ele>
        <time>2026-08-25T19:01:51Z</time>
        <hdop>5.1</hdop>
        <extensions>
          <osmand:speed>142.2</osmand:speed>
        </extensions>
      </trkpt>
      <trkpt lat="56.7671295" lon="23.654098">
        <ele>1716.2</ele>
        <time>2026-08-25T19:01:57Z</time>
        <hdop>5.1</hdop>
        <extensions>
          <osmand:speed>141.9</osmand:speed>
        </extensions>
      </trkpt>
      <trkpt lat="56.7628096" lon="23.6655711">
        <ele>1675.2</ele>
        <time>2026-08-25T19:02:03Z</time>
        <hdop>5.6</hdop>
        <extensions>
          <osmand:speed>141.7</osmand:speed>
        </extensions>
      </trkpt>
      <trkpt lat="56.7585099" lon="23.6770491">
        <ele>1634.2</ele>
        <time>2026-08-25T19:02:09Z</time>
        <hdop>5.6</hdop>
        <extensions>
          <osmand:speed>141.4</osmand:speed>
        </extensions>
      </trkpt>
      <trkpt lat="56.7542307" lon="23.688449">
        <ele>1609.2</ele>
        <time>2026-08-25T19:02:15Z</time>
        <hdop>4.6</hdop>
        <extensions>
          <osmand:speed>139.9</osmand:speed>
        </extensions>
      </trkpt>
      <trkpt lat="56.7500027" lon="23.6997041">
        <ele>1594.2</ele>
        <time>2026-08-25T19:02:21Z</time>
        <hdop>5.1</hdop>
        <extensions>
          <osmand:speed>138.1</osmand:speed>
        </extensions>
      </trkpt>
      <trkpt lat="56.7458389" lon="23.7108195">
        <ele>1576.3</ele>
        <time>2026-08-25T19:02:27Z</time>
        <hdop>5.6</hdop>
        <extensions>
          <osmand:speed>136.3</osmand:speed>
        </extensions>
      </trkpt>
      <trkpt lat="56.7417281" lon="23.7217935">
        <ele>1556.3</ele>
        <time>2026-08-25T19:02:33Z</time>
        <hdop>4.6</hdop>
        <extensions>
          <osmand:speed>134.6</osmand:speed>
        </extensions>
      </trkpt>
      <trkpt lat="56.737736" lon="23.7326843">
        <ele>1541.3</ele>
        <time>2026-08-25T19:02:39Z</time>
        <hdop>4.6</hdop>
        <extensions>
          <osmand:speed>132.6</osmand:speed>
        </extensions>
      </trkpt>
      <trkpt lat="56.7340735" lon="23.7436863">
        <ele>1527.3</ele>
        <time>2026-08-25T19:02:45Z</time>
        <hdop>5.1</hdop>
        <extensions>
          <osmand:speed>130.1</osmand:speed>
        </extensions>
      </trkpt>
      <trkpt lat="56.7311796" lon="23.755126">
        <ele>1514.5</ele>
        <time>2026-08-25T19:02:51Z</time>
        <hdop>6.1</hdop>
        <extensions>
          <osmand:speed>127.2</osmand:speed>
        </extensions>
      </trkpt>
      <trkpt lat="56.7290918" lon="23.766876">
        <ele>1496.5</ele>
        <time>2026-08-25T19:02:57Z</time>
        <hdop>4.1</hdop>
        <extensions>
          <osmand:speed>124.8</osmand:speed>
        </extensions>
      </trkpt>
      <trkpt lat="56.7277962" lon="23.7787744">
        <ele>1479.5</ele>
        <time>2026-08-25T19:03:03Z</time>
        <hdop>5.6</hdop>
        <extensions>
          <osmand:speed>122.7</osmand:speed>
        </extensions>
      </trkpt>
      <trkpt lat="56.7271966" lon="23.7906474">
        <ele>1461.5</ele>
        <time>2026-08-25T19:03:09Z</time>
        <hdop>6.1</hdop>
        <extensions>
          <osmand:speed>120.7</osmand:speed>
        </extensions>
      </trkpt>
      <trkpt lat="56.7267747" lon="23.8023794">
        <ele>1444.5</ele>
        <time>2026-08-25T19:03:15Z</time>
        <hdop>5.1</hdop>
        <extensions>
          <osmand:speed>119.2</osmand:speed>
        </extensions>
      </trkpt>
      <trkpt lat="56.7262425" lon="23.813947">
        <ele>1427.5</ele>
        <time>2026-08-25T19:03:21Z</time>
        <hdop>4.6</hdop>
        <extensions>
          <osmand:speed>117.7</osmand:speed>
        </extensions>
      </trkpt>
      <trkpt lat="56.7256699" lon="23.8253544">
        <ele>1410.5</ele>
        <time>2026-08-25T19:03:27Z</time>
        <hdop>5.1</hdop>
        <extensions>
          <osmand:speed>116.1</osmand:speed>
        </extensions>
      </trkpt>
      <trkpt lat="56.7251542" lon="23.8366128">
        <ele>1393.5</ele>
        <time>2026-08-25T19:03:33Z</time>
        <hdop>4.1</hdop>
        <extensions>
          <osmand:speed>114.7</osmand:speed>
        </extensions>
      </trkpt>
      <trkpt lat="56.7246878" lon="23.8477693">
        <ele>1368.5</ele>
        <time>2026-08-25T19:03:39Z</time>
        <hdop>3.6</hdop>
        <extensions>
          <osmand:speed>113.6</osmand:speed>
        </extensions>
      </trkpt>
      <trkpt lat="56.724186" lon="23.8588088">
        <ele>1343.5</ele>
        <time>2026-08-25T19:03:45Z</time>
        <hdop>5.1</hdop>
        <extensions>
          <osmand:speed>112.5</osmand:speed>
        </extensions>
      </trkpt>
      <trkpt lat="56.7236351" lon="23.8697594">
        <ele>1308.5</ele>
        <time>2026-08-25T19:03:51Z</time>
        <hdop>5.1</hdop>
        <extensions>
          <osmand:speed>111.9</osmand:speed>
        </extensions>
      </trkpt>
      <trkpt lat="56.7230589" lon="23.880669">
        <ele>1270.5</ele>
        <time>2026-08-25T19:03:57Z</time>
        <hdop>4.6</hdop>
        <extensions>
          <osmand:speed>111.5</osmand:speed>
        </extensions>
      </trkpt>
      <trkpt lat="56.7225007" lon="23.8914845">
        <ele>1243.5</ele>
        <time>2026-08-25T19:04:03Z</time>
        <hdop>4.6</hdop>
        <extensions>
          <osmand:speed>110</osmand:speed>
        </extensions>
      </trkpt>
      <trkpt lat="56.7221436" lon="23.9021512">
        <ele>1211.5</ele>
        <time>2026-08-25T19:04:09Z</time>
        <hdop>5.1</hdop>
        <extensions>
          <osmand:speed>108.3</osmand:speed>
        </extensions>
      </trkpt>
      <trkpt lat="56.7227662" lon="23.9125327">
        <ele>1174.5</ele>
        <time>2026-08-25T19:04:15Z</time>
        <hdop>7.1</hdop>
        <extensions>
          <osmand:speed>105.8</osmand:speed>
        </extensions>
      </trkpt>
      <trkpt lat="56.7248332" lon="23.9219926">
        <ele>1134.5</ele>
        <time>2026-08-25T19:04:21Z</time>
        <hdop>5.1</hdop>
        <extensions>
          <osmand:speed>103.2</osmand:speed>
        </extensions>
      </trkpt>
      <trkpt lat="56.7281596" lon="23.9299056">
        <ele>1096.5</ele>
        <time>2026-08-25T19:04:27Z</time>
        <hdop>6.6</hdop>
        <extensions>
          <osmand:speed>100.7</osmand:speed>
        </extensions>
      </trkpt>
      <trkpt lat="56.7323704" lon="23.9359308">
        <ele>1061.5</ele>
        <time>2026-08-25T19:04:33Z</time>
        <hdop>7.1</hdop>
        <extensions>
          <osmand:speed>98.8</osmand:speed>
        </extensions>
      </trkpt>
      <trkpt lat="56.7371721" lon="23.9398622">
        <ele>1026.5</ele>
        <time>2026-08-25T19:04:39Z</time>
        <hdop>8.7</hdop>
        <extensions>
          <osmand:speed>97.3</osmand:speed>
        </extensions>
      </trkpt>
      <trkpt lat="56.7423224" lon="23.9413398">
        <ele>995.5</ele>
        <time>2026-08-25T19:04:45Z</time>
        <hdop>8.2</hdop>
        <extensions>
          <osmand:speed>96.2</osmand:speed>
        </extensions>
      </trkpt>
      <trkpt lat="56.7474886" lon="23.9416982">
        <ele>968.5</ele>
        <time>2026-08-25T19:04:51Z</time>
        <hdop>12.8</hdop>
        <extensions>
          <osmand:speed>95.3</osmand:speed>
        </extensions>
      </trkpt>
      <trkpt lat="56.7525851" lon="23.9421727">
        <ele>943.4</ele>
        <time>2026-08-25T19:04:57Z</time>
        <hdop>9.2</hdop>
        <extensions>
          <osmand:speed>94.7</osmand:speed>
        </extensions>
      </trkpt>
      <trkpt lat="56.7576266" lon="23.9432532">
        <ele>915.4</ele>
        <time>2026-08-25T19:05:03Z</time>
        <hdop>10.2</hdop>
        <extensions>
          <osmand:speed>94.2</osmand:speed>
        </extensions>
      </trkpt>
      <trkpt lat="56.7626285" lon="23.944542">
        <ele>887.4</ele>
        <time>2026-08-25T19:05:09Z</time>
        <hdop>9.7</hdop>
        <extensions>
          <osmand:speed>93.5</osmand:speed>
        </extensions>
      </trkpt>
      <trkpt lat="56.7675992" lon="23.945632">
        <ele>857.4</ele>
        <time>2026-08-25T19:05:15Z</time>
        <hdop>12.8</hdop>
        <extensions>
          <osmand:speed>92.6</osmand:speed>
        </extensions>
      </trkpt>
      <trkpt lat="56.7725364" lon="23.9464501">
        <ele>827.4</ele>
        <time>2026-08-25T19:05:21Z</time>
        <hdop>11.2</hdop>
        <extensions>
          <osmand:speed>91.6</osmand:speed>
        </extensions>
      </trkpt>
      <trkpt lat="56.7774352" lon="23.9471661">
        <ele>796.4</ele>
        <time>2026-08-25T19:05:27Z</time>
        <hdop>9.7</hdop>
        <extensions>
          <osmand:speed>90.8</osmand:speed>
        </extensions>
      </trkpt>
      <trkpt lat="56.7823031" lon="23.9479487">
        <ele>767.4</ele>
        <time>2026-08-25T19:05:33Z</time>
        <hdop>9.7</hdop>
        <extensions>
          <osmand:speed>90.2</osmand:speed>
        </extensions>
      </trkpt>
      <trkpt lat="56.7871027" lon="23.948792">
        <ele>743.4</ele>
        <time>2026-08-25T19:05:39Z</time>
        <hdop>10.2</hdop>
        <extensions>
          <osmand:speed>89.1</osmand:speed>
        </extensions>
      </trkpt>
      <trkpt lat="56.7918663" lon="23.9495122">
        <ele>714.4</ele>
        <time>2026-08-25T19:05:45Z</time>
        <hdop>9.2</hdop>
        <extensions>
          <osmand:speed>88.6</osmand:speed>
        </extensions>
      </trkpt>
      <trkpt lat="56.7966052" lon="23.9502213">
        <ele>685.4</ele>
        <time>2026-08-25T19:05:51Z</time>
        <hdop>9.2</hdop>
        <extensions>
          <osmand:speed>87.9</osmand:speed>
        </extensions>
      </trkpt>
      <trkpt lat="56.8013176" lon="23.9509721">
        <ele>656.4</ele>
        <time>2026-08-25T19:05:57Z</time>
        <hdop>10.7</hdop>
        <extensions>
          <osmand:speed>87.4</osmand:speed>
        </extensions>
      </trkpt>
      <trkpt lat="56.8060208" lon="23.9517998">
        <ele>624.4</ele>
        <time>2026-08-25T19:06:03Z</time>
        <hdop>13.8</hdop>
        <extensions>
          <osmand:speed>86.3</osmand:speed>
        </extensions>
      </trkpt>
      <trkpt lat="56.810655" lon="23.9525324">
        <ele>596.4</ele>
        <time>2026-08-25T19:06:09Z</time>
        <hdop>13.8</hdop>
        <extensions>
          <osmand:speed>85.8</osmand:speed>
        </extensions>
      </trkpt>
      <trkpt lat="56.8152296" lon="23.9532574">
        <ele>568.4</ele>
        <time>2026-08-25T19:06:15Z</time>
        <hdop>16.3</hdop>
        <extensions>
          <osmand:speed>85.4</osmand:speed>
        </extensions>
      </trkpt>
      <trkpt lat="56.8198021" lon="23.9539937">
        <ele>538.4</ele>
        <time>2026-08-25T19:06:21Z</time>
        <hdop>12.2</hdop>
        <extensions>
          <osmand:speed>84.6</osmand:speed>
        </extensions>
      </trkpt>
      <trkpt lat="56.8243295" lon="23.9547887">
        <ele>509.4</ele>
        <time>2026-08-25T19:06:27Z</time>
        <hdop>7.7</hdop>
        <extensions>
          <osmand:speed>84.3</osmand:speed>
        </extensions>
      </trkpt>
      <trkpt lat="56.8288498" lon="23.9555256">
        <ele>483.4</ele>
        <time>2026-08-25T19:06:33Z</time>
        <hdop>7.7</hdop>
        <extensions>
          <osmand:speed>83.8</osmand:speed>
        </extensions>
      </trkpt>
      <trkpt lat="56.8333104" lon="23.9563112">
        <ele>462.4</ele>
        <time>2026-08-25T19:06:39Z</time>
        <hdop>8.2</hdop>
        <extensions>
          <osmand:speed>82.7</osmand:speed>
        </extensions>
      </trkpt>
      <trkpt lat="56.8377198" lon="23.9571073">
        <ele>436.4</ele>
        <time>2026-08-25T19:06:45Z</time>
        <hdop>6.6</hdop>
        <extensions>
          <osmand:speed>81.8</osmand:speed>
        </extensions>
      </trkpt>
      <trkpt lat="56.8420963" lon="23.9577933">
        <ele>408.4</ele>
        <time>2026-08-25T19:06:51Z</time>
        <hdop>6.6</hdop>
        <extensions>
          <osmand:speed>81</osmand:speed>
        </extensions>
      </trkpt>
      <trkpt lat="56.8463934" lon="23.9584446">
        <ele>382.4</ele>
        <time>2026-08-25T19:06:57Z</time>
        <hdop>6.6</hdop>
        <extensions>
          <osmand:speed>79.3</osmand:speed>
        </extensions>
      </trkpt>
      <trkpt lat="56.8506035" lon="23.9591401">
        <ele>356.4</ele>
        <time>2026-08-25T19:07:03Z</time>
        <hdop>7.7</hdop>
        <extensions>
          <osmand:speed>77.3</osmand:speed>
        </extensions>
      </trkpt>
      <trkpt lat="56.8546757" lon="23.9598452">
        <ele>332.4</ele>
        <time>2026-08-25T19:07:09Z</time>
        <hdop>6.1</hdop>
        <extensions>
          <osmand:speed>74.7</osmand:speed>
        </extensions>
      </trkpt>
      <trkpt lat="56.8586131" lon="23.960496">
        <ele>308.4</ele>
        <time>2026-08-25T19:07:15Z</time>
        <hdop>7.1</hdop>
        <extensions>
          <osmand:speed>72.1</osmand:speed>
        </extensions>
      </trkpt>
      <trkpt lat="56.862442" lon="23.961044">
        <ele>284.4</ele>
        <time>2026-08-25T19:07:21Z</time>
        <hdop>6.6</hdop>
        <extensions>
          <osmand:speed>70.6</osmand:speed>
        </extensions>
      </trkpt>
      <trkpt lat="56.8662049" lon="23.9616105">
        <ele>262.4</ele>
        <time>2026-08-25T19:07:27Z</time>
        <hdop>7.7</hdop>
        <extensions>
          <osmand:speed>69.7</osmand:speed>
        </extensions>
      </trkpt>
      <trkpt lat="56.8699247" lon="23.9622884">
        <ele>242.4</ele>
        <time>2026-08-25T19:07:33Z</time>
        <hdop>8.7</hdop>
        <extensions>
          <osmand:speed>69.4</osmand:speed>
        </extensions>
      </trkpt>
      <trkpt lat="56.8736457" lon="23.9629526">
        <ele>218.4</ele>
        <time>2026-08-25T19:07:39Z</time>
        <hdop>7.7</hdop>
        <extensions>
          <osmand:speed>69.5</osmand:speed>
        </extensions>
      </trkpt>
      <trkpt lat="56.8773896" lon="23.9635596">
        <ele>196.4</ele>
        <time>2026-08-25T19:07:45Z</time>
        <hdop>6.6</hdop>
        <extensions>
          <osmand:speed>70</osmand:speed>
        </extensions>
      </trkpt>
      <trkpt lat="56.8811509" lon="23.9641392">
        <ele>175.4</ele>
        <time>2026-08-25T19:07:51Z</time>
        <hdop>7.1</hdop>
        <extensions>
          <osmand:speed>70.1</osmand:speed>
        </extensions>
      </trkpt>
      <trkpt lat="56.8849322" lon="23.9647557">
        <ele>152.4</ele>
        <time>2026-08-25T19:07:57Z</time>
        <hdop>7.7</hdop>
        <extensions>
          <osmand:speed>70.8</osmand:speed>
        </extensions>
      </trkpt>
      <trkpt lat="56.8887472" lon="23.9653997">
        <ele>128.4</ele>
        <time>2026-08-25T19:08:03Z</time>
        <hdop>7.7</hdop>
        <extensions>
          <osmand:speed>71.3</osmand:speed>
        </extensions>
      </trkpt>
      <trkpt lat="56.89258" lon="23.9660387">
        <ele>107.4</ele>
        <time>2026-08-25T19:08:09Z</time>
        <hdop>9.2</hdop>
        <extensions>
          <osmand:speed>71.6</osmand:speed>
        </extensions>
      </trkpt>
      <trkpt lat="56.896455" lon="23.9666705">
        <ele>80.4</ele>
        <time>2026-08-25T19:08:15Z</time>
        <hdop>8.7</hdop>
        <extensions>
          <osmand:speed>72.7</osmand:speed>
        </extensions>
      </trkpt>
      <trkpt lat="56.9003861" lon="23.9673265">
        <ele>57.4</ele>
        <time>2026-08-25T19:08:21Z</time>
        <hdop>10.2</hdop>
        <extensions>
          <osmand:speed>74</osmand:speed>
        </extensions>
      </trkpt>
      <trkpt lat="56.9043958" lon="23.9680066">
        <ele>37.4</ele>
        <time>2026-08-25T19:08:27Z</time>
        <hdop>9.2</hdop>
        <extensions>
          <osmand:speed>75.5</osmand:speed>
        </extensions>
      </trkpt>
      <trkpt lat="56.9084957" lon="23.9686904">
        <ele>16.4</ele>
        <time>2026-08-25T19:08:33Z</time>
        <hdop>10.2</hdop>
        <extensions>
          <osmand:speed>76.9</osmand:speed>
        </extensions>
      </trkpt>
      <trkpt lat="56.9125506" lon="23.9693299">
        <ele>12.4</ele>
        <time>2026-08-25T19:08:39Z</time>
        <hdop>8.7</hdop>
        <extensions>
          <osmand:speed>73.4</osmand:speed>
        </extensions>
      </trkpt>
      <trkpt lat="56.9161942" lon="23.9698636">
        <ele>13.4</ele>
        <time>2026-08-25T19:08:45Z</time>
        <hdop>6.1</hdop>
        <extensions>
          <osmand:speed>61.2</osmand:speed>
        </extensions>
      </trkpt>
      <trkpt lat="56.9191476" lon="23.9703435">
        <ele>15.4</ele>
        <time>2026-08-25T19:08:51Z</time>
        <hdop>7.1</hdop>
        <extensions>
          <osmand:speed>48.7</osmand:speed>
        </extensions>
      </trkpt>
      <trkpt lat="56.9213556" lon="23.9707344">
        <ele>16.4</ele>
        <time>2026-08-25T19:08:57Z</time>
        <hdop>3.1</hdop>
        <extensions>
          <osmand:speed>32.2</osmand:speed>
        </extensions>
      </trkpt>
      <trkpt lat="56.9227528" lon="23.9710419">
        <ele>16.4</ele>
        <time>2026-08-25T19:09:03Z</time>
        <hdop>4.1</hdop>
        <extensions>
          <osmand:speed>21.1</osmand:speed>
        </extensions>
      </trkpt>
      <trkpt lat="56.9236896" lon="23.971575">
        <ele>14.4</ele>
        <time>2026-08-25T19:09:09Z</time>
        <hdop>4.6</hdop>
        <extensions>
          <osmand:speed>15.4</osmand:speed>
        </extensions>
      </trkpt>
      <trkpt lat="56.9243555" lon="23.9721491">
        <ele>15.4</ele>
        <time>2026-08-25T19:09:15Z</time>
        <hdop>4.6</hdop>
        <extensions>
          <osmand:speed>11.5</osmand:speed>
        </extensions>
      </trkpt>
      <trkpt lat="56.924815" lon="23.9726711">
        <ele>18.4</ele>
        <time>2026-08-25T19:09:21Z</time>
        <hdop>5.1</hdop>
        <extensions>
          <osmand:speed>7.4</osmand:speed>
        </extensions>
      </trkpt>
      <trkpt lat="56.9251893" lon="23.9731414">
        <ele>22.4</ele>
        <time>2026-08-25T19:09:27Z</time>
        <hdop>5.6</hdop>
        <extensions>
          <osmand:speed>7.6</osmand:speed>
        </extensions>
      </trkpt>
      <trkpt lat="56.9255718" lon="23.9736343">
        <ele>23.4</ele>
        <time>2026-08-25T19:09:33Z</time>
        <hdop>4.6</hdop>
        <extensions>
          <osmand:speed>7.9</osmand:speed>
        </extensions>
      </trkpt>
      <trkpt lat="56.9259316" lon="23.9741087">
        <ele>21.4</ele>
        <time>2026-08-25T19:09:39Z</time>
        <hdop>5.1</hdop>
        <extensions>
          <osmand:speed>7.4</osmand:speed>
        </extensions>
      </trkpt>
      <trkpt lat="56.9261438" lon="23.9747535">
        <ele>19.4</ele>
        <time>2026-08-25T19:09:45Z</time>
        <hdop>4.6</hdop>
        <extensions>
          <osmand:speed>7.2</osmand:speed>
        </extensions>
      </trkpt>
      <trkpt lat="56.9261442" lon="23.9754584">
        <ele>16.4</ele>
        <time>2026-08-25T19:09:51Z</time>
        <hdop>4.1</hdop>
        <extensions>
          <osmand:speed>6.4</osmand:speed>
        </extensions>
      </trkpt>
      <trkpt lat="56.9261106" lon="23.9760922">
        <ele>16.4</ele>
        <time>2026-08-25T19:09:57Z</time>
        <hdop>3.6</hdop>
        <extensions>
          <osmand:speed>6.5</osmand:speed>
        </extensions>
      </trkpt>
      <trkpt lat="56.9260766" lon="23.9767525">
        <ele>16.4</ele>
        <time>2026-08-25T19:10:03Z</time>
        <hdop>3.6</hdop>
        <extensions>
          <osmand:speed>6.9</osmand:speed>
        </extensions>
      </trkpt>
      <trkpt lat="56.9260344" lon="23.9774169">
        <ele>15.4</ele>
        <time>2026-08-25T19:10:09Z</time>
        <hdop>4.6</hdop>
        <extensions>
          <osmand:speed>6.1</osmand:speed>
        </extensions>
      </trkpt>
      <trkpt lat="56.9259879" lon="23.9778847">
        <ele>12.4</ele>
        <time>2026-08-25T19:10:15Z</time>
        <hdop>5.1</hdop>
        <extensions>
          <osmand:speed>4.2</osmand:speed>
        </extensions>
      </trkpt>
      <trkpt lat="56.9258077" lon="23.9780821">
        <ele>12.4</ele>
        <time>2026-08-25T19:10:21Z</time>
        <hdop>5.1</hdop>
        <extensions>
          <osmand:speed>4.4</osmand:speed>
        </extensions>
      </trkpt>
      <trkpt lat="56.9256207" lon="23.9780736">
        <ele>12.4</ele>
        <time>2026-08-25T19:10:27Z</time>
        <hdop>5.6</hdop>
        <extensions>
          <osmand:speed>2.7</osmand:speed>
        </extensions>
      </trkpt>
      <trkpt lat="56.9255059" lon="23.9780564">
        <ele>11.4</ele>
        <time>2026-08-25T19:10:33Z</time>
        <hdop>6.6</hdop>
        <extensions>
          <osmand:speed>1.5</osmand:speed>
        </extensions>
      </trkpt>
      <trkpt lat="56.9254539" lon="23.9780542">
        <ele>11.4</ele>
        <time>2026-08-25T19:10:39Z</time>
        <hdop>5.6</hdop>
      </trkpt>
      <trkpt lat="56.9254395" lon="23.9780525">
        <ele>11.4</ele>
        <time>2026-08-25T19:10:45Z</time>
        <hdop>6.1</hdop>
      </trkpt>
      <trkpt lat="56.9254412" lon="23.9780511">
        <ele>11.4</ele>
        <time>2026-08-25T19:10:51Z</time>
        <hdop>5.1</hdop>
      </trkpt>
      <trkpt lat="56.9254429" lon="23.9780538">
        <ele>12.4</ele>
        <time>2026-08-25T19:10:57Z</time>
        <hdop>6.1</hdop>
      </trkpt>
      <trkpt lat="56.9254451" lon="23.9780546">
        <ele>12.4</ele>
        <time>2026-08-25T19:11:03Z</time>
        <hdop>5.6</hdop>
      </trkpt>
    </trkseg>
  </trk>
  <extensions>
    <osmand:show_arrows>false</osmand:show_arrows>
    <osmand:show_start_finish>true</osmand:show_start_finish>
    <osmand:split_interval>0.0</osmand:split_interval>
    <osmand:split_type>no_split</osmand:split_type>
    <osmand:line_3d_visualization_by_type>none</osmand:line_3d_visualization_by_type>
    <osmand:line_3d_visualization_wall_color_type>none</osmand:line_3d_visualization_wall_color_type>
    <osmand:line_3d_visualization_position_type>top</osmand:line_3d_visualization_position_type>
    <osmand:vertical_exaggeration_scale>1.0</osmand:vertical_exaggeration_scale>
    <osmand:elevation_meters>1000.0</osmand:elevation_meters>
    <osmand:color>#D00D0D</osmand:color>
    <osmand:width></osmand:width>
    <osmand:coloring_type>solid</osmand:coloring_type>
  </extensions>
</gpx>
