<?xml version='1.0' encoding='UTF-8' standalone='yes' ?>
<gpx version="1.1" creator="OsmAnd~ 5.3.10" xmlns="http://www.topografix.com/GPX/1/1" xmlns:osmand="https://osmand.net/docs/technical/osmand-file-formats/osmand-gpx" xmlns:gpxtpx="https://www8.garmin.com/xmlschemas/TrackPointExtensionv1.xsd" xmlns:xsi="http://www.w3.org/2001/XMLSchema-instance" xsi:schemaLocation="http://www.topografix.com/GPX/1/1 https://www.topografix.com/GPX/1/1/gpx.xsd">
  <metadata>
    <name>KL 1825 AMS - FRA</name>
    <time>2026-09-06T19:55:23Z</time>
  </metadata>
  <trk>
    <trkseg>
      <trkpt lat="52.3033415" lon="4.7623727">
        <ele>9.2</ele>
        <time>2026-09-06T18:54:59Z</time>
        <hdop>12.8</hdop>
      </trkpt>
      <trkpt lat="52.3033777" lon="4.7621653">
        <ele>1.2</ele>
        <time>2026-09-06T18:55:05Z</time>
        <hdop>19.4</hdop>
      </trkpt>
      <trkpt lat="52.3033777" lon="4.7621653">
        <ele>1.2</ele>
        <time>2026-09-06T18:55:11Z</time>
        <hdop>19.4</hdop>
      </trkpt>
      <trkpt lat="52.3033941" lon="4.762164">
        <ele>0.2</ele>
        <time>2026-09-06T18:55:17Z</time>
        <hdop>13.8</hdop>
      </trkpt>
      <trkpt lat="52.3034006" lon="4.7621576">
        <ele>-0.8</ele>
        <time>2026-09-06T18:55:23Z</time>
        <hdop>11.7</hdop>
      </trkpt>
      <trkpt lat="52.3034009" lon="4.7621572">
        <ele>-0.8</ele>
        <time>2026-09-06T18:55:29Z</time>
        <hdop>10.7</hdop>
      </trkpt>
      <trkpt lat="52.3034009" lon="4.7621572">
        <ele>-0.8</ele>
        <time>2026-09-06T18:55:35Z</time>
        <hdop>10.2</hdop>
      </trkpt>
      <trkpt lat="52.3034016" lon="4.7621583">
        <ele>-0.8</ele>
        <time>2026-09-06T18:55:41Z</time>
        <hdop>11.7</hdop>
      </trkpt>
      <trkpt lat="52.3033979" lon="4.7621568">
        <ele>-0.8</ele>
        <time>2026-09-06T18:55:47Z</time>
        <hdop>14.8</hdop>
        <extensions>
          <osmand:speed>0.1</osmand:speed>
        </extensions>
      </trkpt>
      <trkpt lat="52.303392" lon="4.7621629">
        <ele>-0.8</ele>
        <time>2026-09-06T18:55:53Z</time>
        <hdop>10.7</hdop>
      </trkpt>
      <trkpt lat="52.3033865" lon="4.7621572">
        <ele>-0.8</ele>
        <time>2026-09-06T18:55:59Z</time>
        <hdop>11.2</hdop>
      </trkpt>
      <trkpt lat="52.3033862" lon="4.7621571">
        <ele>-0.8</ele>
        <time>2026-09-06T18:56:05Z</time>
        <hdop>9.7</hdop>
      </trkpt>
      <trkpt lat="52.3033862" lon="4.7621571">
        <ele>-0.8</ele>
        <time>2026-09-06T18:56:11Z</time>
        <hdop>11.2</hdop>
      </trkpt>
      <trkpt lat="52.3033836" lon="4.7621388">
        <ele>-1.8</ele>
        <time>2026-09-06T18:56:17Z</time>
        <hdop>13.8</hdop>
        <extensions>
          <osmand:speed>2</osmand:speed>
        </extensions>
      </trkpt>
      <trkpt lat="52.3033834" lon="4.7621221">
        <ele>-1.8</ele>
        <time>2026-09-06T18:56:23Z</time>
        <hdop>13.3</hdop>
        <extensions>
          <osmand:speed>0.4</osmand:speed>
        </extensions>
      </trkpt>
      <trkpt lat="52.3033841" lon="4.762123">
        <ele>-1.8</ele>
        <time>2026-09-06T18:56:29Z</time>
        <hdop>10.7</hdop>
      </trkpt>
      <trkpt lat="52.3033841" lon="4.762123">
        <ele>-1.8</ele>
        <time>2026-09-06T18:56:35Z</time>
        <hdop>12.2</hdop>
      </trkpt>
      <trkpt lat="52.3033841" lon="4.762123">
        <ele>-1.8</ele>
        <time>2026-09-06T18:56:41Z</time>
        <hdop>12.2</hdop>
      </trkpt>
      <trkpt lat="52.3033841" lon="4.762123">
        <ele>-1.8</ele>
        <time>2026-09-06T18:56:47Z</time>
        <hdop>10.7</hdop>
      </trkpt>
      <trkpt lat="52.3033841" lon="4.762123">
        <ele>-1.8</ele>
        <time>2026-09-06T18:56:53Z</time>
        <hdop>10.2</hdop>
      </trkpt>
      <trkpt lat="52.3033806" lon="4.7621194">
        <ele>-1.8</ele>
        <time>2026-09-06T18:56:59Z</time>
        <hdop>10.2</hdop>
      </trkpt>
      <trkpt lat="52.3033806" lon="4.7621194">
        <ele>-1.8</ele>
        <time>2026-09-06T18:57:05Z</time>
        <hdop>9.7</hdop>
      </trkpt>
      <trkpt lat="52.3033806" lon="4.7621194">
        <ele>-1.8</ele>
        <time>2026-09-06T18:57:11Z</time>
        <hdop>8.7</hdop>
      </trkpt>
      <trkpt lat="52.3033806" lon="4.7621194">
        <ele>-1.8</ele>
        <time>2026-09-06T18:57:17Z</time>
        <hdop>10.2</hdop>
      </trkpt>
      <trkpt lat="52.3033806" lon="4.7621194">
        <ele>-1.8</ele>
        <time>2026-09-06T18:57:23Z</time>
        <hdop>11.2</hdop>
      </trkpt>
      <trkpt lat="52.3033806" lon="4.7621194">
        <ele>-1.8</ele>
        <time>2026-09-06T18:57:29Z</time>
        <hdop>8.7</hdop>
      </trkpt>
      <trkpt lat="52.3033806" lon="4.7621194">
        <ele>-1.8</ele>
        <time>2026-09-06T18:57:35Z</time>
        <hdop>9.7</hdop>
      </trkpt>
      <trkpt lat="52.3033832" lon="4.7621158">
        <ele>-2.8</ele>
        <time>2026-09-06T18:57:41Z</time>
        <hdop>13.3</hdop>
        <extensions>
          <osmand:speed>0.1</osmand:speed>
        </extensions>
      </trkpt>
      <trkpt lat="52.3033833" lon="4.7621154">
        <ele>-2.8</ele>
        <time>2026-09-06T18:57:47Z</time>
        <hdop>11.7</hdop>
      </trkpt>
      <trkpt lat="52.3033833" lon="4.7621154">
        <ele>-2.8</ele>
        <time>2026-09-06T18:57:53Z</time>
        <hdop>11.2</hdop>
      </trkpt>
      <trkpt lat="52.3033833" lon="4.7621154">
        <ele>-2.8</ele>
        <time>2026-09-06T18:57:59Z</time>
        <hdop>11.7</hdop>
      </trkpt>
      <trkpt lat="52.3033833" lon="4.7621154">
        <ele>-2.8</ele>
        <time>2026-09-06T18:58:05Z</time>
        <hdop>9.7</hdop>
      </trkpt>
      <trkpt lat="52.3033833" lon="4.7621154">
        <ele>-2.8</ele>
        <time>2026-09-06T18:58:11Z</time>
        <hdop>11.2</hdop>
      </trkpt>
      <trkpt lat="52.3033833" lon="4.7621154">
        <ele>-2.8</ele>
        <time>2026-09-06T18:58:17Z</time>
        <hdop>11.2</hdop>
      </trkpt>
      <trkpt lat="52.3033833" lon="4.7621154">
        <ele>-2.8</ele>
        <time>2026-09-06T18:58:23Z</time>
        <hdop>9.7</hdop>
      </trkpt>
      <trkpt lat="52.3033833" lon="4.7621154">
        <ele>-2.8</ele>
        <time>2026-09-06T18:58:29Z</time>
        <hdop>10.7</hdop>
      </trkpt>
      <trkpt lat="52.3033833" lon="4.7621154">
        <ele>-2.8</ele>
        <time>2026-09-06T18:58:35Z</time>
        <hdop>10.7</hdop>
      </trkpt>
      <trkpt lat="52.3033833" lon="4.7621154">
        <ele>-2.8</ele>
        <time>2026-09-06T18:58:41Z</time>
        <hdop>11.2</hdop>
      </trkpt>
      <trkpt lat="52.3033833" lon="4.7621154">
        <ele>-2.8</ele>
        <time>2026-09-06T18:58:47Z</time>
        <hdop>11.2</hdop>
      </trkpt>
      <trkpt lat="52.3033833" lon="4.7621154">
        <ele>-2.8</ele>
        <time>2026-09-06T18:58:53Z</time>
        <hdop>10.7</hdop>
      </trkpt>
      <trkpt lat="52.3033829" lon="4.7621189">
        <ele>-2.8</ele>
        <time>2026-09-06T18:58:59Z</time>
        <hdop>13.8</hdop>
        <extensions>
          <osmand:speed>0.2</osmand:speed>
        </extensions>
      </trkpt>
      <trkpt lat="52.3033829" lon="4.7621188">
        <ele>-2.8</ele>
        <time>2026-09-06T18:59:05Z</time>
        <hdop>10.7</hdop>
      </trkpt>
      <trkpt lat="52.3033829" lon="4.7621188">
        <ele>-2.8</ele>
        <time>2026-09-06T18:59:11Z</time>
        <hdop>12.2</hdop>
      </trkpt>
      <trkpt lat="52.3033829" lon="4.7621188">
        <ele>-2.8</ele>
        <time>2026-09-06T18:59:17Z</time>
        <hdop>10.7</hdop>
      </trkpt>
      <trkpt lat="52.3033829" lon="4.7621188">
        <ele>-2.8</ele>
        <time>2026-09-06T18:59:23Z</time>
        <hdop>9.2</hdop>
      </trkpt>
      <trkpt lat="52.3033798" lon="4.7621153">
        <ele>-3.8</ele>
        <time>2026-09-06T18:59:29Z</time>
        <hdop>10.7</hdop>
      </trkpt>
      <trkpt lat="52.3033798" lon="4.7621153">
        <ele>-3.8</ele>
        <time>2026-09-06T18:59:35Z</time>
        <hdop>9.2</hdop>
      </trkpt>
      <trkpt lat="52.3033745" lon="4.7621218">
        <ele>-3.8</ele>
        <time>2026-09-06T18:59:41Z</time>
        <hdop>11.2</hdop>
      </trkpt>
      <trkpt lat="52.3033745" lon="4.7621219">
        <ele>-3.8</ele>
        <time>2026-09-06T18:59:47Z</time>
        <hdop>10.2</hdop>
      </trkpt>
      <trkpt lat="52.3033716" lon="4.762128">
        <ele>-3.8</ele>
        <time>2026-09-06T18:59:53Z</time>
        <hdop>10.7</hdop>
      </trkpt>
      <trkpt lat="52.3033715" lon="4.762128">
        <ele>-3.8</ele>
        <time>2026-09-06T18:59:59Z</time>
        <hdop>9.2</hdop>
      </trkpt>
      <trkpt lat="52.3033715" lon="4.762128">
        <ele>-3.8</ele>
        <time>2026-09-06T19:00:05Z</time>
        <hdop>9.2</hdop>
      </trkpt>
      <trkpt lat="52.3033715" lon="4.762128">
        <ele>-3.8</ele>
        <time>2026-09-06T19:00:11Z</time>
        <hdop>8.7</hdop>
      </trkpt>
      <trkpt lat="52.3033715" lon="4.762128">
        <ele>-3.8</ele>
        <time>2026-09-06T19:00:17Z</time>
        <hdop>9.7</hdop>
      </trkpt>
      <trkpt lat="52.3033697" lon="4.7621322">
        <ele>-4.8</ele>
        <time>2026-09-06T19:00:23Z</time>
        <hdop>9.7</hdop>
      </trkpt>
      <trkpt lat="52.3033698" lon="4.7621324">
        <ele>-4.8</ele>
        <time>2026-09-06T19:00:29Z</time>
        <hdop>10.2</hdop>
      </trkpt>
      <trkpt lat="52.3033721" lon="4.7621265">
        <ele>-4.8</ele>
        <time>2026-09-06T19:00:35Z</time>
        <hdop>8.7</hdop>
      </trkpt>
      <trkpt lat="52.3033721" lon="4.7621268">
        <ele>-4.8</ele>
        <time>2026-09-06T19:00:41Z</time>
        <hdop>9.2</hdop>
      </trkpt>
      <trkpt lat="52.3033759" lon="4.7621272">
        <ele>-4.8</ele>
        <time>2026-09-06T19:00:47Z</time>
        <hdop>13.8</hdop>
        <extensions>
          <osmand:speed>0.4</osmand:speed>
        </extensions>
      </trkpt>
      <trkpt lat="52.3034231" lon="4.7620655">
        <ele>-3.8</ele>
        <time>2026-09-06T19:00:53Z</time>
        <hdop>16.8</hdop>
        <extensions>
          <osmand:speed>0.9</osmand:speed>
        </extensions>
      </trkpt>
      <trkpt lat="52.3034274" lon="4.7620656">
        <ele>-4.8</ele>
        <time>2026-09-06T19:00:59Z</time>
        <hdop>12.2</hdop>
      </trkpt>
      <trkpt lat="52.3034225" lon="4.7620202">
        <ele>-4.8</ele>
        <time>2026-09-06T19:01:05Z</time>
        <hdop>24.5</hdop>
        <extensions>
          <osmand:speed>0.4</osmand:speed>
        </extensions>
      </trkpt>
      <trkpt lat="52.3033315" lon="4.7619067">
        <ele>-5.8</ele>
        <time>2026-09-06T19:01:11Z</time>
        <hdop>16.3</hdop>
        <extensions>
          <osmand:speed>2.4</osmand:speed>
        </extensions>
      </trkpt>
      <trkpt lat="52.3032208" lon="4.7617098">
        <ele>-5.8</ele>
        <time>2026-09-06T19:01:17Z</time>
        <hdop>14.8</hdop>
        <extensions>
          <osmand:speed>2.5</osmand:speed>
        </extensions>
      </trkpt>
      <trkpt lat="52.3031592" lon="4.7615351">
        <ele>-4.8</ele>
        <time>2026-09-06T19:01:23Z</time>
        <hdop>8.2</hdop>
        <extensions>
          <osmand:speed>2</osmand:speed>
        </extensions>
      </trkpt>
      <trkpt lat="52.3031553" lon="4.7613924">
        <ele>-5.8</ele>
        <time>2026-09-06T19:01:29Z</time>
        <hdop>12.2</hdop>
        <extensions>
          <osmand:speed>1.8</osmand:speed>
        </extensions>
      </trkpt>
      <trkpt lat="52.3032231" lon="4.7613004">
        <ele>-5.8</ele>
        <time>2026-09-06T19:01:35Z</time>
        <hdop>14.8</hdop>
        <extensions>
          <osmand:speed>1.5</osmand:speed>
        </extensions>
      </trkpt>
      <trkpt lat="52.3032998" lon="4.7612575">
        <ele>-7.8</ele>
        <time>2026-09-06T19:01:41Z</time>
        <hdop>16.3</hdop>
        <extensions>
          <osmand:speed>1.3</osmand:speed>
        </extensions>
      </trkpt>
      <trkpt lat="52.303346" lon="4.7612521">
        <ele>-7.8</ele>
        <time>2026-09-06T19:01:47Z</time>
        <hdop>8.7</hdop>
      </trkpt>
      <trkpt lat="52.3033489" lon="4.7612635">
        <ele>-8.8</ele>
        <time>2026-09-06T19:01:53Z</time>
        <hdop>15.8</hdop>
        <extensions>
          <osmand:speed>0.4</osmand:speed>
        </extensions>
      </trkpt>
      <trkpt lat="52.3033104" lon="4.761324">
        <ele>-8.8</ele>
        <time>2026-09-06T19:01:59Z</time>
        <hdop>8.7</hdop>
        <extensions>
          <osmand:speed>1.4</osmand:speed>
        </extensions>
      </trkpt>
      <trkpt lat="52.30328" lon="4.7613454">
        <ele>-8.8</ele>
        <time>2026-09-06T19:02:05Z</time>
        <hdop>8.2</hdop>
      </trkpt>
      <trkpt lat="52.30328" lon="4.7613454">
        <ele>-8.8</ele>
        <time>2026-09-06T19:02:11Z</time>
        <hdop>9.7</hdop>
      </trkpt>
      <trkpt lat="52.30328" lon="4.7613454">
        <ele>-8.8</ele>
        <time>2026-09-06T19:02:17Z</time>
        <hdop>9.7</hdop>
      </trkpt>
      <trkpt lat="52.30328" lon="4.7613454">
        <ele>-8.8</ele>
        <time>2026-09-06T19:02:23Z</time>
        <hdop>9.7</hdop>
      </trkpt>
      <trkpt lat="52.30328" lon="4.7613454">
        <ele>-8.8</ele>
        <time>2026-09-06T19:02:29Z</time>
        <hdop>9.2</hdop>
      </trkpt>
      <trkpt lat="52.30328" lon="4.7613454">
        <ele>-8.8</ele>
        <time>2026-09-06T19:02:35Z</time>
        <hdop>10.2</hdop>
      </trkpt>
      <trkpt lat="52.30328" lon="4.7613454">
        <ele>-8.8</ele>
        <time>2026-09-06T19:02:41Z</time>
        <hdop>8.2</hdop>
      </trkpt>
      <trkpt lat="52.30328" lon="4.7613454">
        <ele>-8.8</ele>
        <time>2026-09-06T19:02:47Z</time>
        <hdop>8.2</hdop>
      </trkpt>
      <trkpt lat="52.30328" lon="4.7613454">
        <ele>-8.8</ele>
        <time>2026-09-06T19:02:53Z</time>
        <hdop>7.7</hdop>
      </trkpt>
      <trkpt lat="52.30328" lon="4.7613454">
        <ele>-8.8</ele>
        <time>2026-09-06T19:02:59Z</time>
        <hdop>8.7</hdop>
      </trkpt>
      <trkpt lat="52.30328" lon="4.7613454">
        <ele>-8.8</ele>
        <time>2026-09-06T19:03:05Z</time>
        <hdop>9.7</hdop>
      </trkpt>
      <trkpt lat="52.3032785" lon="4.7613455">
        <ele>-8.8</ele>
        <time>2026-09-06T19:03:11Z</time>
        <hdop>9.7</hdop>
      </trkpt>
      <trkpt lat="52.3032785" lon="4.7613455">
        <ele>-8.8</ele>
        <time>2026-09-06T19:03:17Z</time>
        <hdop>8.2</hdop>
      </trkpt>
      <trkpt lat="52.3032785" lon="4.7613455">
        <ele>-8.8</ele>
        <time>2026-09-06T19:03:23Z</time>
        <hdop>8.2</hdop>
      </trkpt>
      <trkpt lat="52.3032789" lon="4.7613457">
        <ele>-8.8</ele>
        <time>2026-09-06T19:03:29Z</time>
        <hdop>6.6</hdop>
      </trkpt>
      <trkpt lat="52.3032788" lon="4.761345">
        <ele>-8.8</ele>
        <time>2026-09-06T19:03:35Z</time>
        <hdop>8.2</hdop>
      </trkpt>
      <trkpt lat="52.3032788" lon="4.761345">
        <ele>-8.8</ele>
        <time>2026-09-06T19:03:41Z</time>
        <hdop>6.6</hdop>
      </trkpt>
      <trkpt lat="52.3032788" lon="4.761345">
        <ele>-8.8</ele>
        <time>2026-09-06T19:03:47Z</time>
        <hdop>7.7</hdop>
      </trkpt>
      <trkpt lat="52.3032791" lon="4.7613445">
        <ele>-8.8</ele>
        <time>2026-09-06T19:03:53Z</time>
        <hdop>7.7</hdop>
      </trkpt>
      <trkpt lat="52.3032791" lon="4.7613445">
        <ele>-8.8</ele>
        <time>2026-09-06T19:03:59Z</time>
        <hdop>7.7</hdop>
      </trkpt>
      <trkpt lat="52.3032791" lon="4.7613445">
        <ele>-8.8</ele>
        <time>2026-09-06T19:04:05Z</time>
        <hdop>7.7</hdop>
      </trkpt>
      <trkpt lat="52.3032788" lon="4.7613435">
        <ele>-8.8</ele>
        <time>2026-09-06T19:04:11Z</time>
        <hdop>8.2</hdop>
      </trkpt>
      <trkpt lat="52.3032788" lon="4.7613435">
        <ele>-8.8</ele>
        <time>2026-09-06T19:04:17Z</time>
        <hdop>7.7</hdop>
      </trkpt>
      <trkpt lat="52.3032788" lon="4.7613435">
        <ele>-8.8</ele>
        <time>2026-09-06T19:04:23Z</time>
        <hdop>8.7</hdop>
      </trkpt>
      <trkpt lat="52.3032541" lon="4.761349">
        <ele>-9.8</ele>
        <time>2026-09-06T19:04:29Z</time>
        <hdop>8.7</hdop>
        <extensions>
          <osmand:speed>0.9</osmand:speed>
        </extensions>
      </trkpt>
      <trkpt lat="52.3031824" lon="4.7613998">
        <ele>-6.8</ele>
        <time>2026-09-06T19:04:35Z</time>
        <hdop>9.2</hdop>
        <extensions>
          <osmand:speed>1.6</osmand:speed>
        </extensions>
      </trkpt>
      <trkpt lat="52.3030803" lon="4.7614854">
        <ele>-4.8</ele>
        <time>2026-09-06T19:04:41Z</time>
        <hdop>9.7</hdop>
        <extensions>
          <osmand:speed>2</osmand:speed>
        </extensions>
      </trkpt>
      <trkpt lat="52.3029819" lon="4.7615698">
        <ele>-4.8</ele>
        <time>2026-09-06T19:04:47Z</time>
        <hdop>9.2</hdop>
        <extensions>
          <osmand:speed>2.4</osmand:speed>
        </extensions>
      </trkpt>
      <trkpt lat="52.3028603" lon="4.7616912">
        <ele>-5.8</ele>
        <time>2026-09-06T19:04:53Z</time>
        <hdop>0.5</hdop>
        <extensions>
          <osmand:speed>2.7</osmand:speed>
        </extensions>
      </trkpt>
      <trkpt lat="52.3027349" lon="4.7618308">
        <ele>-4.8</ele>
        <time>2026-09-06T19:04:59Z</time>
        <hdop>9.2</hdop>
        <extensions>
          <osmand:speed>3</osmand:speed>
        </extensions>
      </trkpt>
      <trkpt lat="52.3025959" lon="4.7619744">
        <ele>-4.8</ele>
        <time>2026-09-06T19:05:05Z</time>
        <hdop>10.7</hdop>
        <extensions>
          <osmand:speed>3.3</osmand:speed>
        </extensions>
      </trkpt>
      <trkpt lat="52.3024286" lon="4.7621298">
        <ele>-3.8</ele>
        <time>2026-09-06T19:05:11Z</time>
        <hdop>1</hdop>
        <extensions>
          <osmand:speed>3.7</osmand:speed>
        </extensions>
      </trkpt>
      <trkpt lat="52.3022412" lon="4.7622942">
        <ele>-0.8</ele>
        <time>2026-09-06T19:05:17Z</time>
        <hdop>8.2</hdop>
        <extensions>
          <osmand:speed>4.1</osmand:speed>
        </extensions>
      </trkpt>
      <trkpt lat="52.3020265" lon="4.7624489">
        <ele>-1.8</ele>
        <time>2026-09-06T19:05:23Z</time>
        <hdop>6.1</hdop>
        <extensions>
          <osmand:speed>4.2</osmand:speed>
        </extensions>
      </trkpt>
      <trkpt lat="52.3018075" lon="4.7625703">
        <ele>-1.8</ele>
        <time>2026-09-06T19:05:29Z</time>
        <hdop>6.1</hdop>
        <extensions>
          <osmand:speed>4.3</osmand:speed>
        </extensions>
      </trkpt>
      <trkpt lat="52.3015764" lon="4.7627466">
        <ele>-1.8</ele>
        <time>2026-09-06T19:05:35Z</time>
        <hdop>6.1</hdop>
        <extensions>
          <osmand:speed>4.9</osmand:speed>
        </extensions>
      </trkpt>
      <trkpt lat="52.3014116" lon="4.7630867">
        <ele>-1.8</ele>
        <time>2026-09-06T19:05:41Z</time>
        <hdop>5.1</hdop>
        <extensions>
          <osmand:speed>4.8</osmand:speed>
        </extensions>
      </trkpt>
      <trkpt lat="52.3013867" lon="4.7634935">
        <ele>-1.8</ele>
        <time>2026-09-06T19:05:47Z</time>
        <hdop>4.6</hdop>
        <extensions>
          <osmand:speed>4.5</osmand:speed>
        </extensions>
      </trkpt>
      <trkpt lat="52.3014634" lon="4.7638405">
        <ele>-0.8</ele>
        <time>2026-09-06T19:05:53Z</time>
        <hdop>5.1</hdop>
        <extensions>
          <osmand:speed>4.2</osmand:speed>
        </extensions>
      </trkpt>
      <trkpt lat="52.3015775" lon="4.7641663">
        <ele>0.2</ele>
        <time>2026-09-06T19:05:59Z</time>
        <hdop>4.1</hdop>
        <extensions>
          <osmand:speed>4.5</osmand:speed>
        </extensions>
      </trkpt>
      <trkpt lat="52.3017258" lon="4.7645436">
        <ele>1.2</ele>
        <time>2026-09-06T19:06:05Z</time>
        <hdop>2.6</hdop>
        <extensions>
          <osmand:speed>5.4</osmand:speed>
        </extensions>
      </trkpt>
      <trkpt lat="52.3018869" lon="4.7649752">
        <ele>2.2</ele>
        <time>2026-09-06T19:06:11Z</time>
        <hdop>3.6</hdop>
        <extensions>
          <osmand:speed>6.2</osmand:speed>
        </extensions>
      </trkpt>
      <trkpt lat="52.3020782" lon="4.7654672">
        <ele>2.2</ele>
        <time>2026-09-06T19:06:17Z</time>
        <hdop>2.6</hdop>
        <extensions>
          <osmand:speed>7</osmand:speed>
        </extensions>
      </trkpt>
      <trkpt lat="52.3022875" lon="4.7660108">
        <ele>3.2</ele>
        <time>2026-09-06T19:06:23Z</time>
        <hdop>3.6</hdop>
        <extensions>
          <osmand:speed>7.6</osmand:speed>
        </extensions>
      </trkpt>
      <trkpt lat="52.3025086" lon="4.7665946">
        <ele>4.2</ele>
        <time>2026-09-06T19:06:29Z</time>
        <hdop>3.1</hdop>
        <extensions>
          <osmand:speed>8.1</osmand:speed>
        </extensions>
      </trkpt>
      <trkpt lat="52.302754" lon="4.767212">
        <ele>3.2</ele>
        <time>2026-09-06T19:06:35Z</time>
        <hdop>3.1</hdop>
        <extensions>
          <osmand:speed>8.6</osmand:speed>
        </extensions>
      </trkpt>
      <trkpt lat="52.303012" lon="4.7678665">
        <ele>-0.8</ele>
        <time>2026-09-06T19:06:41Z</time>
        <hdop>6.6</hdop>
        <extensions>
          <osmand:speed>9.2</osmand:speed>
        </extensions>
      </trkpt>
      <trkpt lat="52.3032806" lon="4.7685779">
        <ele>-2.8</ele>
        <time>2026-09-06T19:06:47Z</time>
        <hdop>10.7</hdop>
        <extensions>
          <osmand:speed>9.6</osmand:speed>
        </extensions>
      </trkpt>
      <trkpt lat="52.303556" lon="4.7692951">
        <ele>-4.8</ele>
        <time>2026-09-06T19:06:53Z</time>
        <hdop>13.8</hdop>
        <extensions>
          <osmand:speed>10</osmand:speed>
        </extensions>
      </trkpt>
      <trkpt lat="52.3038472" lon="4.7700543">
        <ele>-5.8</ele>
        <time>2026-09-06T19:06:59Z</time>
        <hdop>11.2</hdop>
        <extensions>
          <osmand:speed>10.3</osmand:speed>
        </extensions>
      </trkpt>
      <trkpt lat="52.3041569" lon="4.7708169">
        <ele>-9.8</ele>
        <time>2026-09-06T19:07:05Z</time>
        <hdop>11.7</hdop>
        <extensions>
          <osmand:speed>10.6</osmand:speed>
        </extensions>
      </trkpt>
      <trkpt lat="52.3044733" lon="4.7716373">
        <ele>-10.8</ele>
        <time>2026-09-06T19:07:11Z</time>
        <hdop>16.3</hdop>
        <extensions>
          <osmand:speed>10.9</osmand:speed>
        </extensions>
      </trkpt>
      <trkpt lat="52.3047847" lon="4.7724326">
        <ele>-11.8</ele>
        <time>2026-09-06T19:07:17Z</time>
        <hdop>16.3</hdop>
        <extensions>
          <osmand:speed>10.8</osmand:speed>
        </extensions>
      </trkpt>
      <trkpt lat="52.3050721" lon="4.7732645">
        <ele>-12.8</ele>
        <time>2026-09-06T19:07:23Z</time>
        <hdop>11.7</hdop>
        <extensions>
          <osmand:speed>10.7</osmand:speed>
        </extensions>
      </trkpt>
      <trkpt lat="52.3053882" lon="4.774052">
        <ele>-11.8</ele>
        <time>2026-09-06T19:07:29Z</time>
        <hdop>12.8</hdop>
        <extensions>
          <osmand:speed>10.7</osmand:speed>
        </extensions>
      </trkpt>
      <trkpt lat="52.3057253" lon="4.77483">
        <ele>-12.8</ele>
        <time>2026-09-06T19:07:35Z</time>
        <hdop>10.2</hdop>
        <extensions>
          <osmand:speed>10.7</osmand:speed>
        </extensions>
      </trkpt>
      <trkpt lat="52.3061489" lon="4.7754788">
        <ele>-14.8</ele>
        <time>2026-09-06T19:07:41Z</time>
        <hdop>12.8</hdop>
        <extensions>
          <osmand:speed>10.6</osmand:speed>
        </extensions>
      </trkpt>
      <trkpt lat="52.3066509" lon="4.7758035">
        <ele>-12.8</ele>
        <time>2026-09-06T19:07:47Z</time>
        <hdop>13.3</hdop>
        <extensions>
          <osmand:speed>10.3</osmand:speed>
        </extensions>
      </trkpt>
      <trkpt lat="52.3071878" lon="4.7759368">
        <ele>-9.8</ele>
        <time>2026-09-06T19:07:53Z</time>
        <hdop>8.2</hdop>
        <extensions>
          <osmand:speed>10.5</osmand:speed>
        </extensions>
      </trkpt>
      <trkpt lat="52.3077564" lon="4.7759775">
        <ele>-6.8</ele>
        <time>2026-09-06T19:07:59Z</time>
        <hdop>7.1</hdop>
        <extensions>
          <osmand:speed>10.4</osmand:speed>
        </extensions>
      </trkpt>
      <trkpt lat="52.3083048" lon="4.7760319">
        <ele>-7.8</ele>
        <time>2026-09-06T19:08:05Z</time>
        <hdop>17.9</hdop>
        <extensions>
          <osmand:speed>10.4</osmand:speed>
        </extensions>
      </trkpt>
      <trkpt lat="52.308879" lon="4.7760353">
        <ele>-10.8</ele>
        <time>2026-09-06T19:08:11Z</time>
        <hdop>20.9</hdop>
        <extensions>
          <osmand:speed>10.9</osmand:speed>
        </extensions>
      </trkpt>
      <trkpt lat="52.3094476" lon="4.776054">
        <ele>-11.8</ele>
        <time>2026-09-06T19:08:17Z</time>
        <hdop>25</hdop>
        <extensions>
          <osmand:speed>10.8</osmand:speed>
        </extensions>
      </trkpt>
      <trkpt lat="52.3100312" lon="4.7761093">
        <ele>-12.8</ele>
        <time>2026-09-06T19:08:23Z</time>
        <hdop>21.4</hdop>
        <extensions>
          <osmand:speed>10.8</osmand:speed>
        </extensions>
      </trkpt>
      <trkpt lat="52.3106125" lon="4.7761425">
        <ele>-14.8</ele>
        <time>2026-09-06T19:08:29Z</time>
        <hdop>18.4</hdop>
        <extensions>
          <osmand:speed>11.6</osmand:speed>
        </extensions>
      </trkpt>
      <trkpt lat="52.3112156" lon="4.7761919">
        <ele>-16.8</ele>
        <time>2026-09-06T19:08:35Z</time>
        <hdop>18.9</hdop>
        <extensions>
          <osmand:speed>10.9</osmand:speed>
        </extensions>
      </trkpt>
      <trkpt lat="52.31179" lon="4.776276">
        <ele>-16.8</ele>
        <time>2026-09-06T19:08:41Z</time>
        <hdop>32.7</hdop>
        <extensions>
          <osmand:speed>11.9</osmand:speed>
        </extensions>
      </trkpt>
      <trkpt lat="52.3124329" lon="4.7763564">
        <ele>-12.8</ele>
        <time>2026-09-06T19:08:47Z</time>
        <hdop>12.2</hdop>
        <extensions>
          <osmand:speed>12.1</osmand:speed>
        </extensions>
      </trkpt>
      <trkpt lat="52.3131095" lon="4.7764792">
        <ele>-5.8</ele>
        <time>2026-09-06T19:08:53Z</time>
        <hdop>7.7</hdop>
        <extensions>
          <osmand:speed>12.3</osmand:speed>
        </extensions>
      </trkpt>
      <trkpt lat="52.3136853" lon="4.7765386">
        <ele>-4.8</ele>
        <time>2026-09-06T19:08:59Z</time>
        <hdop>6.1</hdop>
        <extensions>
          <osmand:speed>8.8</osmand:speed>
        </extensions>
      </trkpt>
      <trkpt lat="52.3141723" lon="4.7765348">
        <ele>-3.8</ele>
        <time>2026-09-06T19:09:05Z</time>
        <hdop>5.6</hdop>
        <extensions>
          <osmand:speed>9.3</osmand:speed>
        </extensions>
      </trkpt>
      <trkpt lat="52.314652" lon="4.7762585">
        <ele>-2.8</ele>
        <time>2026-09-06T19:09:11Z</time>
        <hdop>6.6</hdop>
        <extensions>
          <osmand:speed>9.8</osmand:speed>
        </extensions>
      </trkpt>
      <trkpt lat="52.3150632" lon="4.7757439">
        <ele>-3.8</ele>
        <time>2026-09-06T19:09:17Z</time>
        <hdop>7.7</hdop>
        <extensions>
          <osmand:speed>8.7</osmand:speed>
        </extensions>
      </trkpt>
      <trkpt lat="52.3153653" lon="4.7752832">
        <ele>-2.8</ele>
        <time>2026-09-06T19:09:23Z</time>
        <hdop>8.2</hdop>
        <extensions>
          <osmand:speed>6.5</osmand:speed>
        </extensions>
      </trkpt>
      <trkpt lat="52.315681" lon="4.7750115">
        <ele>-1.8</ele>
        <time>2026-09-06T19:09:29Z</time>
        <hdop>10.2</hdop>
        <extensions>
          <osmand:speed>6.8</osmand:speed>
        </extensions>
      </trkpt>
      <trkpt lat="52.3160465" lon="4.7749889">
        <ele>-1.8</ele>
        <time>2026-09-06T19:09:35Z</time>
        <hdop>7.1</hdop>
        <extensions>
          <osmand:speed>7.7</osmand:speed>
        </extensions>
      </trkpt>
      <trkpt lat="52.3164495" lon="4.7752042">
        <ele>-1.8</ele>
        <time>2026-09-06T19:09:41Z</time>
        <hdop>6.1</hdop>
        <extensions>
          <osmand:speed>8</osmand:speed>
        </extensions>
      </trkpt>
      <trkpt lat="52.3168088" lon="4.7756789">
        <ele>-2.8</ele>
        <time>2026-09-06T19:09:47Z</time>
        <hdop>6.6</hdop>
        <extensions>
          <osmand:speed>8.5</osmand:speed>
        </extensions>
      </trkpt>
      <trkpt lat="52.3171049" lon="4.7762899">
        <ele>-3.8</ele>
        <time>2026-09-06T19:09:53Z</time>
        <hdop>3.1</hdop>
        <extensions>
          <osmand:speed>9.2</osmand:speed>
        </extensions>
      </trkpt>
      <trkpt lat="52.3175153" lon="4.7767986">
        <ele>-4.8</ele>
        <time>2026-09-06T19:09:59Z</time>
        <hdop>6.6</hdop>
        <extensions>
          <osmand:speed>9.8</osmand:speed>
        </extensions>
      </trkpt>
      <trkpt lat="52.3180114" lon="4.7769598">
        <ele>-3.8</ele>
        <time>2026-09-06T19:10:05Z</time>
        <hdop>1</hdop>
        <extensions>
          <osmand:speed>9.7</osmand:speed>
        </extensions>
      </trkpt>
      <trkpt lat="52.3185368" lon="4.7769992">
        <ele>-4.8</ele>
        <time>2026-09-06T19:10:11Z</time>
        <hdop>2</hdop>
        <extensions>
          <osmand:speed>9.8</osmand:speed>
        </extensions>
      </trkpt>
      <trkpt lat="52.3190638" lon="4.7770348">
        <ele>-6.8</ele>
        <time>2026-09-06T19:10:17Z</time>
        <hdop>9.7</hdop>
        <extensions>
          <osmand:speed>10.1</osmand:speed>
        </extensions>
      </trkpt>
      <trkpt lat="52.319624" lon="4.7770942">
        <ele>-6.8</ele>
        <time>2026-09-06T19:10:23Z</time>
        <hdop>12.8</hdop>
        <extensions>
          <osmand:speed>10.3</osmand:speed>
        </extensions>
      </trkpt>
      <trkpt lat="52.3201223" lon="4.7773437">
        <ele>-7.8</ele>
        <time>2026-09-06T19:10:29Z</time>
        <hdop>8.7</hdop>
        <extensions>
          <osmand:speed>9.7</osmand:speed>
        </extensions>
      </trkpt>
      <trkpt lat="52.3205502" lon="4.7779057">
        <ele>-10.8</ele>
        <time>2026-09-06T19:10:35Z</time>
        <hdop>13.8</hdop>
        <extensions>
          <osmand:speed>10.4</osmand:speed>
        </extensions>
      </trkpt>
      <trkpt lat="52.3209439" lon="4.7784647">
        <ele>-11.8</ele>
        <time>2026-09-06T19:10:41Z</time>
        <hdop>16.3</hdop>
        <extensions>
          <osmand:speed>8.3</osmand:speed>
        </extensions>
      </trkpt>
      <trkpt lat="52.3212054" lon="4.7789351">
        <ele>-12.8</ele>
        <time>2026-09-06T19:10:47Z</time>
        <hdop>13.3</hdop>
        <extensions>
          <osmand:speed>6.5</osmand:speed>
        </extensions>
      </trkpt>
      <trkpt lat="52.3212796" lon="4.7794967">
        <ele>-12.8</ele>
        <time>2026-09-06T19:10:53Z</time>
        <hdop>14.8</hdop>
        <extensions>
          <osmand:speed>5.9</osmand:speed>
        </extensions>
      </trkpt>
      <trkpt lat="52.3212434" lon="4.7798945">
        <ele>-12.8</ele>
        <time>2026-09-06T19:10:59Z</time>
        <hdop>1</hdop>
        <extensions>
          <osmand:speed>3.1</osmand:speed>
        </extensions>
      </trkpt>
      <trkpt lat="52.3211434" lon="4.7800525">
        <ele>-9.8</ele>
        <time>2026-09-06T19:11:05Z</time>
        <hdop>1</hdop>
        <extensions>
          <osmand:speed>1.8</osmand:speed>
        </extensions>
      </trkpt>
      <trkpt lat="52.3210636" lon="4.7801139">
        <ele>-9.8</ele>
        <time>2026-09-06T19:11:11Z</time>
        <hdop>12.8</hdop>
        <extensions>
          <osmand:speed>1.7</osmand:speed>
        </extensions>
      </trkpt>
      <trkpt lat="52.3209489" lon="4.780142">
        <ele>-6.8</ele>
        <time>2026-09-06T19:11:17Z</time>
        <hdop>9.2</hdop>
        <extensions>
          <osmand:speed>1.9</osmand:speed>
        </extensions>
      </trkpt>
      <trkpt lat="52.3208191" lon="4.7801395">
        <ele>-5.8</ele>
        <time>2026-09-06T19:11:23Z</time>
        <hdop>11.2</hdop>
        <extensions>
          <osmand:speed>2.7</osmand:speed>
        </extensions>
      </trkpt>
      <trkpt lat="52.3206452" lon="4.7801508">
        <ele>-4.8</ele>
        <time>2026-09-06T19:11:29Z</time>
        <hdop>12.2</hdop>
        <extensions>
          <osmand:speed>4.1</osmand:speed>
        </extensions>
      </trkpt>
      <trkpt lat="52.3201854" lon="4.7801049">
        <ele>-4.8</ele>
        <time>2026-09-06T19:11:35Z</time>
        <hdop>12.8</hdop>
        <extensions>
          <osmand:speed>15.5</osmand:speed>
        </extensions>
      </trkpt>
      <trkpt lat="52.318903" lon="4.7799946">
        <ele>-3.8</ele>
        <time>2026-09-06T19:11:41Z</time>
        <hdop>14.8</hdop>
        <extensions>
          <osmand:speed>31.4</osmand:speed>
        </extensions>
      </trkpt>
      <trkpt lat="52.3168109" lon="4.7797846">
        <ele>-2.8</ele>
        <time>2026-09-06T19:11:47Z</time>
        <hdop>13.3</hdop>
        <extensions>
          <osmand:speed>45.4</osmand:speed>
        </extensions>
      </trkpt>
      <trkpt lat="52.3139731" lon="4.7794945">
        <ele>-0.8</ele>
        <time>2026-09-06T19:11:53Z</time>
        <hdop>15.3</hdop>
        <extensions>
          <osmand:speed>59.1</osmand:speed>
        </extensions>
      </trkpt>
      <trkpt lat="52.31046" lon="4.7791266">
        <ele>0.2</ele>
        <time>2026-09-06T19:11:59Z</time>
        <hdop>10.7</hdop>
        <extensions>
          <osmand:speed>70.6</osmand:speed>
        </extensions>
      </trkpt>
      <trkpt lat="52.3063912" lon="4.7787666">
        <ele>4.2</ele>
        <time>2026-09-06T19:12:05Z</time>
        <hdop>8.7</hdop>
        <extensions>
          <osmand:speed>79.5</osmand:speed>
        </extensions>
      </trkpt>
      <trkpt lat="52.3020876" lon="4.7783275">
        <ele>52.2</ele>
        <time>2026-09-06T19:12:11Z</time>
        <hdop>13.3</hdop>
        <extensions>
          <osmand:speed>80.5</osmand:speed>
        </extensions>
      </trkpt>
      <trkpt lat="52.2980339" lon="4.7778312">
        <ele>158.2</ele>
        <time>2026-09-06T19:12:17Z</time>
        <hdop>13.3</hdop>
        <extensions>
          <osmand:speed>74.2</osmand:speed>
        </extensions>
      </trkpt>
      <trkpt lat="52.2941238" lon="4.7773355">
        <ele>263.2</ele>
        <time>2026-09-06T19:12:23Z</time>
        <hdop>17.3</hdop>
        <extensions>
          <osmand:speed>71.7</osmand:speed>
        </extensions>
      </trkpt>
      <trkpt lat="52.2903252" lon="4.776937">
        <ele>363.2</ele>
        <time>2026-09-06T19:12:29Z</time>
        <hdop>14.3</hdop>
        <extensions>
          <osmand:speed>70.5</osmand:speed>
        </extensions>
      </trkpt>
      <trkpt lat="52.286476" lon="4.7766651">
        <ele>432.2</ele>
        <time>2026-09-06T19:12:35Z</time>
        <hdop>12.8</hdop>
        <extensions>
          <osmand:speed>73</osmand:speed>
        </extensions>
      </trkpt>
      <trkpt lat="52.2824178" lon="4.7763981">
        <ele>473.2</ele>
        <time>2026-09-06T19:12:41Z</time>
        <hdop>15.8</hdop>
        <extensions>
          <osmand:speed>78.2</osmand:speed>
        </extensions>
      </trkpt>
      <trkpt lat="52.2780701" lon="4.7760766">
        <ele>510.2</ele>
        <time>2026-09-06T19:12:47Z</time>
        <hdop>15.3</hdop>
        <extensions>
          <osmand:speed>83.6</osmand:speed>
        </extensions>
      </trkpt>
      <trkpt lat="52.2734" lon="4.7760162">
        <ele>537.2</ele>
        <time>2026-09-06T19:12:53Z</time>
        <hdop>16.3</hdop>
        <extensions>
          <osmand:speed>90.1</osmand:speed>
        </extensions>
      </trkpt>
      <trkpt lat="52.2684791" lon="4.7776026">
        <ele>558.2</ele>
        <time>2026-09-06T19:12:59Z</time>
        <hdop>19.4</hdop>
        <extensions>
          <osmand:speed>97.4</osmand:speed>
        </extensions>
      </trkpt>
      <trkpt lat="52.2637152" lon="4.7815028">
        <ele>604.2</ele>
        <time>2026-09-06T19:13:05Z</time>
        <hdop>19.4</hdop>
        <extensions>
          <osmand:speed>101.9</osmand:speed>
        </extensions>
      </trkpt>
      <trkpt lat="52.2596968" lon="4.7878218">
        <ele>670.2</ele>
        <time>2026-09-06T19:13:11Z</time>
        <hdop>20.9</hdop>
        <extensions>
          <osmand:speed>105.9</osmand:speed>
        </extensions>
      </trkpt>
      <trkpt lat="52.2568061" lon="4.7959021">
        <ele>753.2</ele>
        <time>2026-09-06T19:13:17Z</time>
        <hdop>11.7</hdop>
        <extensions>
          <osmand:speed>108.7</osmand:speed>
        </extensions>
      </trkpt>
      <trkpt lat="52.2549981" lon="4.8051648">
        <ele>846.2</ele>
        <time>2026-09-06T19:13:23Z</time>
        <hdop>14.8</hdop>
        <extensions>
          <osmand:speed>112.2</osmand:speed>
        </extensions>
      </trkpt>
      <trkpt lat="52.2537695" lon="4.8146754">
        <ele>980.2</ele>
        <time>2026-09-06T19:13:29Z</time>
        <hdop>17.3</hdop>
        <extensions>
          <osmand:speed>110.8</osmand:speed>
        </extensions>
      </trkpt>
      <trkpt lat="52.2530404" lon="4.8243506">
        <ele>1085.2</ele>
        <time>2026-09-06T19:13:35Z</time>
        <hdop>25</hdop>
        <extensions>
          <osmand:speed>113.9</osmand:speed>
        </extensions>
      </trkpt>
      <trkpt lat="52.2528978" lon="4.834571">
        <ele>1164.2</ele>
        <time>2026-09-06T19:13:41Z</time>
        <hdop>18.9</hdop>
        <extensions>
          <osmand:speed>118</osmand:speed>
        </extensions>
      </trkpt>
      <trkpt lat="52.2529834" lon="4.8451034">
        <ele>1239.2</ele>
        <time>2026-09-06T19:13:47Z</time>
        <hdop>16.3</hdop>
        <extensions>
          <osmand:speed>122</osmand:speed>
        </extensions>
      </trkpt>
      <trkpt lat="52.2531702" lon="4.8559967">
        <ele>1314.2</ele>
        <time>2026-09-06T19:13:53Z</time>
        <hdop>17.3</hdop>
        <extensions>
          <osmand:speed>125.4</osmand:speed>
        </extensions>
      </trkpt>
      <trkpt lat="52.2534113" lon="4.8670849">
        <ele>1412.2</ele>
        <time>2026-09-06T19:13:59Z</time>
        <hdop>15.8</hdop>
        <extensions>
          <osmand:speed>126.7</osmand:speed>
        </extensions>
      </trkpt>
      <trkpt lat="52.2536356" lon="4.8783236">
        <ele>1502.2</ele>
        <time>2026-09-06T19:14:05Z</time>
        <hdop>16.3</hdop>
        <extensions>
          <osmand:speed>129.6</osmand:speed>
        </extensions>
      </trkpt>
      <trkpt lat="52.2537309" lon="4.8900086">
        <ele>1554.2</ele>
        <time>2026-09-06T19:14:11Z</time>
        <hdop>15.3</hdop>
        <extensions>
          <osmand:speed>135.7</osmand:speed>
        </extensions>
      </trkpt>
      <trkpt lat="52.2537325" lon="4.9022465">
        <ele>1588.2</ele>
        <time>2026-09-06T19:14:17Z</time>
        <hdop>22.4</hdop>
        <extensions>
          <osmand:speed>142.4</osmand:speed>
        </extensions>
      </trkpt>
      <trkpt lat="52.2536999" lon="4.9149226">
        <ele>1658.2</ele>
        <time>2026-09-06T19:14:23Z</time>
        <hdop>15.3</hdop>
        <extensions>
          <osmand:speed>145.4</osmand:speed>
        </extensions>
      </trkpt>
      <trkpt lat="52.2536331" lon="4.9277911">
        <ele>1752.2</ele>
        <time>2026-09-06T19:14:29Z</time>
        <hdop>15.3</hdop>
        <extensions>
          <osmand:speed>147.6</osmand:speed>
        </extensions>
      </trkpt>
      <trkpt lat="52.2534828" lon="4.9408554">
        <ele>1855.2</ele>
        <time>2026-09-06T19:14:35Z</time>
        <hdop>21.9</hdop>
        <extensions>
          <osmand:speed>148.7</osmand:speed>
        </extensions>
      </trkpt>
      <trkpt lat="52.2532674" lon="4.9539671">
        <ele>1968.2</ele>
        <time>2026-09-06T19:14:41Z</time>
        <hdop>16.8</hdop>
        <extensions>
          <osmand:speed>149.7</osmand:speed>
        </extensions>
      </trkpt>
      <trkpt lat="52.2530014" lon="4.9671202">
        <ele>2088.2</ele>
        <time>2026-09-06T19:14:47Z</time>
        <hdop>14.3</hdop>
        <extensions>
          <osmand:speed>150.1</osmand:speed>
        </extensions>
      </trkpt>
      <trkpt lat="52.2526633" lon="4.9802985">
        <ele>2203.2</ele>
        <time>2026-09-06T19:14:53Z</time>
        <hdop>16.3</hdop>
        <extensions>
          <osmand:speed>150.4</osmand:speed>
        </extensions>
      </trkpt>
      <trkpt lat="52.2522745" lon="4.993555">
        <ele>2314.2</ele>
        <time>2026-09-06T19:14:59Z</time>
        <hdop>21.4</hdop>
        <extensions>
          <osmand:speed>151.5</osmand:speed>
        </extensions>
      </trkpt>
      <trkpt lat="52.2517819" lon="5.0068807">
        <ele>2418.2</ele>
        <time>2026-09-06T19:15:05Z</time>
        <hdop>18.4</hdop>
        <extensions>
          <osmand:speed>152.7</osmand:speed>
        </extensions>
      </trkpt>
      <trkpt lat="52.2512588" lon="5.0203369">
        <ele>2521.2</ele>
        <time>2026-09-06T19:15:11Z</time>
        <hdop>17.3</hdop>
        <extensions>
          <osmand:speed>154.3</osmand:speed>
        </extensions>
      </trkpt>
      <trkpt lat="52.2507059" lon="5.0339375">
        <ele>2618.2</ele>
        <time>2026-09-06T19:15:17Z</time>
        <hdop>15.3</hdop>
        <extensions>
          <osmand:speed>155.8</osmand:speed>
        </extensions>
      </trkpt>
      <trkpt lat="52.25021" lon="5.0476355">
        <ele>2722.2</ele>
        <time>2026-09-06T19:15:23Z</time>
        <hdop>16.3</hdop>
        <extensions>
          <osmand:speed>156.6</osmand:speed>
        </extensions>
      </trkpt>
      <trkpt lat="52.2497341" lon="5.0613724">
        <ele>2830.9</ele>
        <time>2026-09-06T19:15:29Z</time>
        <hdop>12.8</hdop>
        <extensions>
          <osmand:speed>157.2</osmand:speed>
        </extensions>
      </trkpt>
      <trkpt lat="52.2490693" lon="5.0751794">
        <ele>2936.9</ele>
        <time>2026-09-06T19:15:35Z</time>
        <hdop>16.3</hdop>
        <extensions>
          <osmand:speed>158.2</osmand:speed>
        </extensions>
      </trkpt>
      <trkpt lat="52.2478943" lon="5.0889876">
        <ele>3029.9</ele>
        <time>2026-09-06T19:15:41Z</time>
        <hdop>23</hdop>
        <extensions>
          <osmand:speed>158.3</osmand:speed>
        </extensions>
      </trkpt>
      <trkpt lat="52.2456775" lon="5.102599">
        <ele>3113.9</ele>
        <time>2026-09-06T19:15:47Z</time>
        <hdop>28.6</hdop>
        <extensions>
          <osmand:speed>160.8</osmand:speed>
        </extensions>
      </trkpt>
      <trkpt lat="52.242419" lon="5.1156474">
        <ele>3204.9</ele>
        <time>2026-09-06T19:15:53Z</time>
        <hdop>35.2</hdop>
        <extensions>
          <osmand:speed>160.3</osmand:speed>
        </extensions>
      </trkpt>
      <trkpt lat="52.2382188" lon="5.1278583">
        <ele>3313.9</ele>
        <time>2026-09-06T19:15:59Z</time>
        <hdop>32.1</hdop>
        <extensions>
          <osmand:speed>159</osmand:speed>
        </extensions>
      </trkpt>
      <trkpt lat="52.2333786" lon="5.1393572">
        <ele>3425.9</ele>
        <time>2026-09-06T19:16:05Z</time>
        <hdop>33.7</hdop>
        <extensions>
          <osmand:speed>158.5</osmand:speed>
        </extensions>
      </trkpt>
      <trkpt lat="52.2282024" lon="5.1504543">
        <ele>3548.9</ele>
        <time>2026-09-06T19:16:11Z</time>
        <hdop>24</hdop>
        <extensions>
          <osmand:speed>158.2</osmand:speed>
        </extensions>
      </trkpt>
      <trkpt lat="52.2230654" lon="5.1615046">
        <ele>3658.9</ele>
        <time>2026-09-06T19:16:17Z</time>
        <hdop>17.3</hdop>
        <extensions>
          <osmand:speed>158</osmand:speed>
        </extensions>
      </trkpt>
      <trkpt lat="52.2178843" lon="5.1725283">
        <ele>3752.9</ele>
        <time>2026-09-06T19:16:23Z</time>
        <hdop>16.3</hdop>
        <extensions>
          <osmand:speed>159.2</osmand:speed>
        </extensions>
      </trkpt>
      <trkpt lat="52.212656" lon="5.1836324">
        <ele>3834.9</ele>
        <time>2026-09-06T19:16:29Z</time>
        <hdop>15.3</hdop>
        <extensions>
          <osmand:speed>160.6</osmand:speed>
        </extensions>
      </trkpt>
      <trkpt lat="52.2073776" lon="5.1949023">
        <ele>3915.9</ele>
        <time>2026-09-06T19:16:35Z</time>
        <hdop>17.3</hdop>
        <extensions>
          <osmand:speed>162.3</osmand:speed>
        </extensions>
      </trkpt>
      <trkpt lat="52.2020612" lon="5.2062271">
        <ele>3998.9</ele>
        <time>2026-09-06T19:16:41Z</time>
        <hdop>14.8</hdop>
        <extensions>
          <osmand:speed>163.2</osmand:speed>
        </extensions>
      </trkpt>
      <trkpt lat="52.1967233" lon="5.2177057">
        <ele>4074.9</ele>
        <time>2026-09-06T19:16:47Z</time>
        <hdop>15.3</hdop>
        <extensions>
          <osmand:speed>164.9</osmand:speed>
        </extensions>
      </trkpt>
      <trkpt lat="52.1913292" lon="5.2292087">
        <ele>4157.9</ele>
        <time>2026-09-06T19:16:53Z</time>
        <hdop>13.8</hdop>
        <extensions>
          <osmand:speed>166</osmand:speed>
        </extensions>
      </trkpt>
      <trkpt lat="52.1859269" lon="5.2408158">
        <ele>4252.9</ele>
        <time>2026-09-06T19:16:59Z</time>
        <hdop>14.3</hdop>
        <extensions>
          <osmand:speed>166.4</osmand:speed>
        </extensions>
      </trkpt>
      <trkpt lat="52.1805455" lon="5.2524201">
        <ele>4360.9</ele>
        <time>2026-09-06T19:17:05Z</time>
        <hdop>14.3</hdop>
        <extensions>
          <osmand:speed>166.2</osmand:speed>
        </extensions>
      </trkpt>
      <trkpt lat="52.1751398" lon="5.2640456">
        <ele>4468.9</ele>
        <time>2026-09-06T19:17:11Z</time>
        <hdop>18.9</hdop>
        <extensions>
          <osmand:speed>166.2</osmand:speed>
        </extensions>
      </trkpt>
      <trkpt lat="52.1697296" lon="5.2757127">
        <ele>4570.9</ele>
        <time>2026-09-06T19:17:17Z</time>
        <hdop>16.8</hdop>
        <extensions>
          <osmand:speed>166.9</osmand:speed>
        </extensions>
      </trkpt>
      <trkpt lat="52.1642939" lon="5.2873733">
        <ele>4669.9</ele>
        <time>2026-09-06T19:17:23Z</time>
        <hdop>14.8</hdop>
        <extensions>
          <osmand:speed>167.3</osmand:speed>
        </extensions>
      </trkpt>
      <trkpt lat="52.1588507" lon="5.2990934">
        <ele>4765.9</ele>
        <time>2026-09-06T19:17:29Z</time>
        <hdop>14.3</hdop>
        <extensions>
          <osmand:speed>167.9</osmand:speed>
        </extensions>
      </trkpt>
      <trkpt lat="52.1533835" lon="5.3108255">
        <ele>4865.9</ele>
        <time>2026-09-06T19:17:35Z</time>
        <hdop>14.8</hdop>
        <extensions>
          <osmand:speed>167.7</osmand:speed>
        </extensions>
      </trkpt>
      <trkpt lat="52.147941" lon="5.3225717">
        <ele>4963.9</ele>
        <time>2026-09-06T19:17:41Z</time>
        <hdop>15.3</hdop>
        <extensions>
          <osmand:speed>167.8</osmand:speed>
        </extensions>
      </trkpt>
      <trkpt lat="52.142496" lon="5.3342874">
        <ele>5062.9</ele>
        <time>2026-09-06T19:17:47Z</time>
        <hdop>17.9</hdop>
        <extensions>
          <osmand:speed>167.9</osmand:speed>
        </extensions>
      </trkpt>
      <trkpt lat="52.1370233" lon="5.3460569">
        <ele>5154.9</ele>
        <time>2026-09-06T19:17:53Z</time>
        <hdop>13.8</hdop>
        <extensions>
          <osmand:speed>168.8</osmand:speed>
        </extensions>
      </trkpt>
      <trkpt lat="52.1315328" lon="5.3578778">
        <ele>5238.9</ele>
        <time>2026-09-06T19:17:59Z</time>
        <hdop>11.2</hdop>
        <extensions>
          <osmand:speed>169.8</osmand:speed>
        </extensions>
      </trkpt>
      <trkpt lat="52.1260067" lon="5.3697379">
        <ele>5318.9</ele>
        <time>2026-09-06T19:18:05Z</time>
        <hdop>14.3</hdop>
        <extensions>
          <osmand:speed>170.6</osmand:speed>
        </extensions>
      </trkpt>
      <trkpt lat="52.1204364" lon="5.3816777">
        <ele>5393.9</ele>
        <time>2026-09-06T19:18:11Z</time>
        <hdop>13.3</hdop>
        <extensions>
          <osmand:speed>171.8</osmand:speed>
        </extensions>
      </trkpt>
      <trkpt lat="52.1148526" lon="5.3937447">
        <ele>5463.9</ele>
        <time>2026-09-06T19:18:17Z</time>
        <hdop>12.8</hdop>
        <extensions>
          <osmand:speed>173.2</osmand:speed>
        </extensions>
      </trkpt>
      <trkpt lat="52.1091744" lon="5.4059086">
        <ele>5520.9</ele>
        <time>2026-09-06T19:18:23Z</time>
        <hdop>15.3</hdop>
        <extensions>
          <osmand:speed>175.6</osmand:speed>
        </extensions>
      </trkpt>
      <trkpt lat="52.1033984" lon="5.4182635">
        <ele>5573.9</ele>
        <time>2026-09-06T19:18:29Z</time>
        <hdop>14.3</hdop>
        <extensions>
          <osmand:speed>178.1</osmand:speed>
        </extensions>
      </trkpt>
      <trkpt lat="52.0975439" lon="5.4307956">
        <ele>5629.9</ele>
        <time>2026-09-06T19:18:35Z</time>
        <hdop>12.8</hdop>
        <extensions>
          <osmand:speed>180.1</osmand:speed>
        </extensions>
      </trkpt>
      <trkpt lat="52.0916417" lon="5.4434254">
        <ele>5687.9</ele>
        <time>2026-09-06T19:18:41Z</time>
        <hdop>18.4</hdop>
        <extensions>
          <osmand:speed>181.9</osmand:speed>
        </extensions>
      </trkpt>
      <trkpt lat="52.0857049" lon="5.4561575">
        <ele>5754.9</ele>
        <time>2026-09-06T19:18:47Z</time>
        <hdop>13.8</hdop>
        <extensions>
          <osmand:speed>183.5</osmand:speed>
        </extensions>
      </trkpt>
      <trkpt lat="52.0797072" lon="5.4690114">
        <ele>5825.9</ele>
        <time>2026-09-06T19:18:53Z</time>
        <hdop>13.8</hdop>
        <extensions>
          <osmand:speed>184.6</osmand:speed>
        </extensions>
      </trkpt>
      <trkpt lat="52.0736736" lon="5.4819249">
        <ele>5900.9</ele>
        <time>2026-09-06T19:18:59Z</time>
        <hdop>11.7</hdop>
        <extensions>
          <osmand:speed>185.8</osmand:speed>
        </extensions>
      </trkpt>
      <trkpt lat="52.0676026" lon="5.4949063">
        <ele>5986.9</ele>
        <time>2026-09-06T19:19:05Z</time>
        <hdop>13.3</hdop>
        <extensions>
          <osmand:speed>186.5</osmand:speed>
        </extensions>
      </trkpt>
      <trkpt lat="52.0615245" lon="5.5078947">
        <ele>6072.8</ele>
        <time>2026-09-06T19:19:11Z</time>
        <hdop>15.8</hdop>
        <extensions>
          <osmand:speed>186.8</osmand:speed>
        </extensions>
      </trkpt>
      <trkpt lat="52.0554326" lon="5.5209279">
        <ele>6157.8</ele>
        <time>2026-09-06T19:19:17Z</time>
        <hdop>17.9</hdop>
        <extensions>
          <osmand:speed>186.9</osmand:speed>
        </extensions>
      </trkpt>
      <trkpt lat="52.0493542" lon="5.5339042">
        <ele>6248.8</ele>
        <time>2026-09-06T19:19:23Z</time>
        <hdop>13.3</hdop>
        <extensions>
          <osmand:speed>187.1</osmand:speed>
        </extensions>
      </trkpt>
      <trkpt lat="52.043255" lon="5.5469561">
        <ele>6327.8</ele>
        <time>2026-09-06T19:19:29Z</time>
        <hdop>13.8</hdop>
        <extensions>
          <osmand:speed>187.7</osmand:speed>
        </extensions>
      </trkpt>
      <trkpt lat="52.0371228" lon="5.5600465">
        <ele>6404.8</ele>
        <time>2026-09-06T19:19:35Z</time>
        <hdop>14.3</hdop>
        <extensions>
          <osmand:speed>188.2</osmand:speed>
        </extensions>
      </trkpt>
      <trkpt lat="52.0309813" lon="5.5731284">
        <ele>6481.8</ele>
        <time>2026-09-06T19:19:41Z</time>
        <hdop>11.7</hdop>
        <extensions>
          <osmand:speed>189</osmand:speed>
        </extensions>
      </trkpt>
      <trkpt lat="52.0248018" lon="5.5862842">
        <ele>6562.8</ele>
        <time>2026-09-06T19:19:47Z</time>
        <hdop>12.8</hdop>
        <extensions>
          <osmand:speed>189.5</osmand:speed>
        </extensions>
      </trkpt>
      <trkpt lat="52.0186225" lon="5.599434">
        <ele>6649.8</ele>
        <time>2026-09-06T19:19:53Z</time>
        <hdop>13.3</hdop>
        <extensions>
          <osmand:speed>189.4</osmand:speed>
        </extensions>
      </trkpt>
      <trkpt lat="52.012449" lon="5.6126106">
        <ele>6732.8</ele>
        <time>2026-09-06T19:19:59Z</time>
        <hdop>11.7</hdop>
        <extensions>
          <osmand:speed>190.1</osmand:speed>
        </extensions>
      </trkpt>
      <trkpt lat="52.0062542" lon="5.6258249">
        <ele>6811.8</ele>
        <time>2026-09-06T19:20:05Z</time>
        <hdop>14.8</hdop>
        <extensions>
          <osmand:speed>190.1</osmand:speed>
        </extensions>
      </trkpt>
      <trkpt lat="52.0000525" lon="5.6390175">
        <ele>6891.8</ele>
        <time>2026-09-06T19:20:11Z</time>
        <hdop>15.3</hdop>
        <extensions>
          <osmand:speed>190.2</osmand:speed>
        </extensions>
      </trkpt>
      <trkpt lat="51.9938208" lon="5.6522105">
        <ele>6973.5</ele>
        <time>2026-09-06T19:20:17Z</time>
        <hdop>14.8</hdop>
        <extensions>
          <osmand:speed>191</osmand:speed>
        </extensions>
      </trkpt>
      <trkpt lat="51.9875693" lon="5.6654801">
        <ele>7046.5</ele>
        <time>2026-09-06T19:20:23Z</time>
        <hdop>15.8</hdop>
        <extensions>
          <osmand:speed>192</osmand:speed>
        </extensions>
      </trkpt>
      <trkpt lat="51.9812803" lon="5.678838">
        <ele>7107.5</ele>
        <time>2026-09-06T19:20:29Z</time>
        <hdop>15.3</hdop>
        <extensions>
          <osmand:speed>193.1</osmand:speed>
        </extensions>
      </trkpt>
      <trkpt lat="51.9749358" lon="5.6922837">
        <ele>7165.5</ele>
        <time>2026-09-06T19:20:35Z</time>
        <hdop>13.8</hdop>
        <extensions>
          <osmand:speed>194.7</osmand:speed>
        </extensions>
      </trkpt>
      <trkpt lat="51.9685584" lon="5.7057967">
        <ele>7226.5</ele>
        <time>2026-09-06T19:20:41Z</time>
        <hdop>18.9</hdop>
        <extensions>
          <osmand:speed>195.6</osmand:speed>
        </extensions>
      </trkpt>
      <trkpt lat="51.9621606" lon="5.7194148">
        <ele>7284.5</ele>
        <time>2026-09-06T19:20:47Z</time>
        <hdop>18.9</hdop>
        <extensions>
          <osmand:speed>196.5</osmand:speed>
        </extensions>
      </trkpt>
      <trkpt lat="51.9557363" lon="5.7330545">
        <ele>7344.5</ele>
        <time>2026-09-06T19:20:53Z</time>
        <hdop>17.3</hdop>
        <extensions>
          <osmand:speed>197.4</osmand:speed>
        </extensions>
      </trkpt>
      <trkpt lat="51.9492436" lon="5.7467533">
        <ele>7411.5</ele>
        <time>2026-09-06T19:20:59Z</time>
        <hdop>16.3</hdop>
        <extensions>
          <osmand:speed>198.3</osmand:speed>
        </extensions>
      </trkpt>
      <trkpt lat="51.9427366" lon="5.7605233">
        <ele>7477.4</ele>
        <time>2026-09-06T19:21:05Z</time>
        <hdop>13.3</hdop>
        <extensions>
          <osmand:speed>199.5</osmand:speed>
        </extensions>
      </trkpt>
      <trkpt lat="51.9362174" lon="5.7743623">
        <ele>7550.4</ele>
        <time>2026-09-06T19:21:11Z</time>
        <hdop>18.4</hdop>
        <extensions>
          <osmand:speed>200.4</osmand:speed>
        </extensions>
      </trkpt>
      <trkpt lat="51.9296396" lon="5.7882729">
        <ele>7613.4</ele>
        <time>2026-09-06T19:21:17Z</time>
        <hdop>17.9</hdop>
        <extensions>
          <osmand:speed>201.1</osmand:speed>
        </extensions>
      </trkpt>
      <trkpt lat="51.9230416" lon="5.8022135">
        <ele>7669.4</ele>
        <time>2026-09-06T19:21:23Z</time>
        <hdop>18.4</hdop>
        <extensions>
          <osmand:speed>202.1</osmand:speed>
        </extensions>
      </trkpt>
      <trkpt lat="51.9164003" lon="5.8162374">
        <ele>7727.4</ele>
        <time>2026-09-06T19:21:29Z</time>
        <hdop>16.3</hdop>
        <extensions>
          <osmand:speed>202.9</osmand:speed>
        </extensions>
      </trkpt>
      <trkpt lat="51.9097401" lon="5.8303116">
        <ele>7790.4</ele>
        <time>2026-09-06T19:21:35Z</time>
        <hdop>23</hdop>
        <extensions>
          <osmand:speed>203.9</osmand:speed>
        </extensions>
      </trkpt>
      <trkpt lat="51.9030536" lon="5.8444276">
        <ele>7852.4</ele>
        <time>2026-09-06T19:21:41Z</time>
        <hdop>21.4</hdop>
        <extensions>
          <osmand:speed>204.5</osmand:speed>
        </extensions>
      </trkpt>
      <trkpt lat="51.8963377" lon="5.8585591">
        <ele>7916.4</ele>
        <time>2026-09-06T19:21:47Z</time>
        <hdop>16.8</hdop>
        <extensions>
          <osmand:speed>205.2</osmand:speed>
        </extensions>
      </trkpt>
      <trkpt lat="51.8896019" lon="5.8727667">
        <ele>7980.4</ele>
        <time>2026-09-06T19:21:53Z</time>
        <hdop>19.9</hdop>
        <extensions>
          <osmand:speed>205.7</osmand:speed>
        </extensions>
      </trkpt>
      <trkpt lat="51.88284" lon="5.8870259">
        <ele>8039.4</ele>
        <time>2026-09-06T19:21:59Z</time>
        <hdop>20.9</hdop>
        <extensions>
          <osmand:speed>206.3</osmand:speed>
        </extensions>
      </trkpt>
      <trkpt lat="51.8760206" lon="5.9012662">
        <ele>8097.4</ele>
        <time>2026-09-06T19:22:05Z</time>
        <hdop>20.4</hdop>
        <extensions>
          <osmand:speed>207</osmand:speed>
        </extensions>
      </trkpt>
      <trkpt lat="51.8690205" lon="5.915335">
        <ele>8162.4</ele>
        <time>2026-09-06T19:22:11Z</time>
        <hdop>16.8</hdop>
        <extensions>
          <osmand:speed>207.1</osmand:speed>
        </extensions>
      </trkpt>
      <trkpt lat="51.8618647" lon="5.9292222">
        <ele>8224.4</ele>
        <time>2026-09-06T19:22:17Z</time>
        <hdop>16.8</hdop>
        <extensions>
          <osmand:speed>207.1</osmand:speed>
        </extensions>
      </trkpt>
      <trkpt lat="51.8546395" lon="5.942931">
        <ele>8287.4</ele>
        <time>2026-09-06T19:22:23Z</time>
        <hdop>16.8</hdop>
        <extensions>
          <osmand:speed>207.2</osmand:speed>
        </extensions>
      </trkpt>
      <trkpt lat="51.847317" lon="5.9565503">
        <ele>8350.4</ele>
        <time>2026-09-06T19:22:29Z</time>
        <hdop>19.9</hdop>
        <extensions>
          <osmand:speed>207.2</osmand:speed>
        </extensions>
      </trkpt>
      <trkpt lat="51.8398987" lon="5.969984">
        <ele>8419.4</ele>
        <time>2026-09-06T19:22:35Z</time>
        <hdop>16.8</hdop>
        <extensions>
          <osmand:speed>207.2</osmand:speed>
        </extensions>
      </trkpt>
      <trkpt lat="51.8323876" lon="5.9833409">
        <ele>8478.4</ele>
        <time>2026-09-06T19:22:41Z</time>
        <hdop>20.9</hdop>
        <extensions>
          <osmand:speed>207.6</osmand:speed>
        </extensions>
      </trkpt>
      <trkpt lat="51.8247824" lon="5.996591">
        <ele>8540.4</ele>
        <time>2026-09-06T19:22:47Z</time>
        <hdop>22.4</hdop>
        <extensions>
          <osmand:speed>208.3</osmand:speed>
        </extensions>
      </trkpt>
      <trkpt lat="51.8171655" lon="6.0099563">
        <ele>8592.3</ele>
        <time>2026-09-06T19:22:53Z</time>
        <hdop>17.3</hdop>
        <extensions>
          <osmand:speed>209.1</osmand:speed>
        </extensions>
      </trkpt>
      <trkpt lat="51.8095308" lon="6.0233856">
        <ele>8643.3</ele>
        <time>2026-09-06T19:22:59Z</time>
        <hdop>19.4</hdop>
        <extensions>
          <osmand:speed>209.9</osmand:speed>
        </extensions>
      </trkpt>
      <trkpt lat="51.80184" lon="6.036857">
        <ele>8691.3</ele>
        <time>2026-09-06T19:23:05Z</time>
        <hdop>19.4</hdop>
        <extensions>
          <osmand:speed>210.9</osmand:speed>
        </extensions>
      </trkpt>
      <trkpt lat="51.7941266" lon="6.0503921">
        <ele>8738.3</ele>
        <time>2026-09-06T19:23:11Z</time>
        <hdop>17.9</hdop>
        <extensions>
          <osmand:speed>212</osmand:speed>
        </extensions>
      </trkpt>
      <trkpt lat="51.7863929" lon="6.0640015">
        <ele>8783.3</ele>
        <time>2026-09-06T19:23:17Z</time>
        <hdop>20.9</hdop>
        <extensions>
          <osmand:speed>212.6</osmand:speed>
        </extensions>
      </trkpt>
      <trkpt lat="51.7786318" lon="6.0776178">
        <ele>8841.3</ele>
        <time>2026-09-06T19:23:23Z</time>
        <hdop>17.3</hdop>
        <extensions>
          <osmand:speed>213.2</osmand:speed>
        </extensions>
      </trkpt>
      <trkpt lat="51.7708725" lon="6.0912782">
        <ele>8900.3</ele>
        <time>2026-09-06T19:23:29Z</time>
        <hdop>19.9</hdop>
        <extensions>
          <osmand:speed>213.1</osmand:speed>
        </extensions>
      </trkpt>
      <trkpt lat="51.7630968" lon="6.1049268">
        <ele>8958.3</ele>
        <time>2026-09-06T19:23:35Z</time>
        <hdop>19.9</hdop>
        <extensions>
          <osmand:speed>213.4</osmand:speed>
        </extensions>
      </trkpt>
      <trkpt lat="51.7553252" lon="6.1185732">
        <ele>9014.3</ele>
        <time>2026-09-06T19:23:41Z</time>
        <hdop>17.3</hdop>
        <extensions>
          <osmand:speed>214</osmand:speed>
        </extensions>
      </trkpt>
      <trkpt lat="51.7475171" lon="6.132232">
        <ele>9070</ele>
        <time>2026-09-06T19:23:47Z</time>
        <hdop>20.9</hdop>
        <extensions>
          <osmand:speed>214.2</osmand:speed>
        </extensions>
      </trkpt>
      <trkpt lat="51.7396915" lon="6.1458911">
        <ele>9133</ele>
        <time>2026-09-06T19:23:53Z</time>
        <hdop>24.5</hdop>
        <extensions>
          <osmand:speed>214.8</osmand:speed>
        </extensions>
      </trkpt>
      <trkpt lat="51.7318732" lon="6.1595629">
        <ele>9194</ele>
        <time>2026-09-06T19:23:59Z</time>
        <hdop>19.9</hdop>
        <extensions>
          <osmand:speed>214.6</osmand:speed>
        </extensions>
      </trkpt>
      <trkpt lat="51.7240535" lon="6.173288">
        <ele>9246</ele>
        <time>2026-09-06T19:24:05Z</time>
        <hdop>18.4</hdop>
        <extensions>
          <osmand:speed>215.2</osmand:speed>
        </extensions>
      </trkpt>
      <trkpt lat="51.7162002" lon="6.1870096">
        <ele>9293</ele>
        <time>2026-09-06T19:24:11Z</time>
        <hdop>19.9</hdop>
        <extensions>
          <osmand:speed>215.6</osmand:speed>
        </extensions>
      </trkpt>
      <trkpt lat="51.7083191" lon="6.2007661">
        <ele>9337</ele>
        <time>2026-09-06T19:24:17Z</time>
        <hdop>16.8</hdop>
        <extensions>
          <osmand:speed>216.2</osmand:speed>
        </extensions>
      </trkpt>
      <trkpt lat="51.7004276" lon="6.2145623">
        <ele>9376</ele>
        <time>2026-09-06T19:24:23Z</time>
        <hdop>14.3</hdop>
        <extensions>
          <osmand:speed>216.9</osmand:speed>
        </extensions>
      </trkpt>
      <trkpt lat="51.6924784" lon="6.2284262">
        <ele>9414</ele>
        <time>2026-09-06T19:24:29Z</time>
        <hdop>16.8</hdop>
        <extensions>
          <osmand:speed>217.6</osmand:speed>
        </extensions>
      </trkpt>
      <trkpt lat="51.6844917" lon="6.2423694">
        <ele>9453</ele>
        <time>2026-09-06T19:24:35Z</time>
        <hdop>19.4</hdop>
        <extensions>
          <osmand:speed>218.6</osmand:speed>
        </extensions>
      </trkpt>
      <trkpt lat="51.6764699" lon="6.2563498">
        <ele>9491.8</ele>
        <time>2026-09-06T19:24:41Z</time>
        <hdop>23</hdop>
        <extensions>
          <osmand:speed>219.5</osmand:speed>
        </extensions>
      </trkpt>
      <trkpt lat="51.668425" lon="6.2703361">
        <ele>9536.8</ele>
        <time>2026-09-06T19:24:47Z</time>
        <hdop>24</hdop>
        <extensions>
          <osmand:speed>220</osmand:speed>
        </extensions>
      </trkpt>
      <trkpt lat="51.6603629" lon="6.2843708">
        <ele>9578.8</ele>
        <time>2026-09-06T19:24:53Z</time>
        <hdop>18.9</hdop>
        <extensions>
          <osmand:speed>220.7</osmand:speed>
        </extensions>
      </trkpt>
      <trkpt lat="51.6523135" lon="6.2983957">
        <ele>9621.8</ele>
        <time>2026-09-06T19:24:59Z</time>
        <hdop>19.4</hdop>
        <extensions>
          <osmand:speed>221.4</osmand:speed>
        </extensions>
      </trkpt>
      <trkpt lat="51.6442186" lon="6.3124694">
        <ele>9664.8</ele>
        <time>2026-09-06T19:25:05Z</time>
        <hdop>20.4</hdop>
        <extensions>
          <osmand:speed>221.8</osmand:speed>
        </extensions>
      </trkpt>
      <trkpt lat="51.6360949" lon="6.3265956">
        <ele>9704.8</ele>
        <time>2026-09-06T19:25:11Z</time>
        <hdop>20.4</hdop>
        <extensions>
          <osmand:speed>222.5</osmand:speed>
        </extensions>
      </trkpt>
      <trkpt lat="51.6279528" lon="6.3407804">
        <ele>9741.8</ele>
        <time>2026-09-06T19:25:17Z</time>
        <hdop>16.3</hdop>
        <extensions>
          <osmand:speed>223.2</osmand:speed>
        </extensions>
      </trkpt>
      <trkpt lat="51.6197776" lon="6.3549748">
        <ele>9781.8</ele>
        <time>2026-09-06T19:25:23Z</time>
        <hdop>18.9</hdop>
        <extensions>
          <osmand:speed>223.7</osmand:speed>
        </extensions>
      </trkpt>
      <trkpt lat="51.611586" lon="6.3692075">
        <ele>9821.8</ele>
        <time>2026-09-06T19:25:29Z</time>
        <hdop>16.3</hdop>
        <extensions>
          <osmand:speed>224.2</osmand:speed>
        </extensions>
      </trkpt>
      <trkpt lat="51.6033687" lon="6.3834496">
        <ele>9864.8</ele>
        <time>2026-09-06T19:25:35Z</time>
        <hdop>16.3</hdop>
        <extensions>
          <osmand:speed>224.4</osmand:speed>
        </extensions>
      </trkpt>
      <trkpt lat="51.5951706" lon="6.3977183">
        <ele>9902.8</ele>
        <time>2026-09-06T19:25:41Z</time>
        <hdop>15.8</hdop>
        <extensions>
          <osmand:speed>224.7</osmand:speed>
        </extensions>
      </trkpt>
      <trkpt lat="51.5869218" lon="6.4119688">
        <ele>9945.8</ele>
        <time>2026-09-06T19:25:47Z</time>
        <hdop>19.4</hdop>
        <extensions>
          <osmand:speed>225.4</osmand:speed>
        </extensions>
      </trkpt>
      <trkpt lat="51.5786429" lon="6.4262825">
        <ele>9981.8</ele>
        <time>2026-09-06T19:25:53Z</time>
        <hdop>19.9</hdop>
        <extensions>
          <osmand:speed>226</osmand:speed>
        </extensions>
      </trkpt>
      <trkpt lat="51.570357" lon="6.4406458">
        <ele>10011.8</ele>
        <time>2026-09-06T19:25:59Z</time>
        <hdop>18.4</hdop>
        <extensions>
          <osmand:speed>226.6</osmand:speed>
        </extensions>
      </trkpt>
      <trkpt lat="51.5620329" lon="6.455025">
        <ele>10046.8</ele>
        <time>2026-09-06T19:26:05Z</time>
        <hdop>19.9</hdop>
        <extensions>
          <osmand:speed>227.9</osmand:speed>
        </extensions>
      </trkpt>
      <trkpt lat="51.553662" lon="6.4694684">
        <ele>10082.8</ele>
        <time>2026-09-06T19:26:11Z</time>
        <hdop>17.9</hdop>
        <extensions>
          <osmand:speed>228.3</osmand:speed>
        </extensions>
      </trkpt>
      <trkpt lat="51.5452986" lon="6.4839453">
        <ele>10119.8</ele>
        <time>2026-09-06T19:26:17Z</time>
        <hdop>17.3</hdop>
        <extensions>
          <osmand:speed>228.8</osmand:speed>
        </extensions>
      </trkpt>
      <trkpt lat="51.5369031" lon="6.4984509">
        <ele>10156.8</ele>
        <time>2026-09-06T19:26:23Z</time>
        <hdop>19.9</hdop>
        <extensions>
          <osmand:speed>229.3</osmand:speed>
        </extensions>
      </trkpt>
      <trkpt lat="51.5285126" lon="6.512959">
        <ele>10197.6</ele>
        <time>2026-09-06T19:26:29Z</time>
        <hdop>19.9</hdop>
        <extensions>
          <osmand:speed>230</osmand:speed>
        </extensions>
      </trkpt>
      <trkpt lat="51.520091" lon="6.5274481">
        <ele>10240.6</ele>
        <time>2026-09-06T19:26:35Z</time>
        <hdop>22.4</hdop>
        <extensions>
          <osmand:speed>230.1</osmand:speed>
        </extensions>
      </trkpt>
      <trkpt lat="51.5116619" lon="6.5419872">
        <ele>10278.6</ele>
        <time>2026-09-06T19:26:41Z</time>
        <hdop>24.5</hdop>
        <extensions>
          <osmand:speed>230.2</osmand:speed>
        </extensions>
      </trkpt>
      <trkpt lat="51.5032414" lon="6.5565588">
        <ele>10313.6</ele>
        <time>2026-09-06T19:26:47Z</time>
        <hdop>25.5</hdop>
        <extensions>
          <osmand:speed>230.9</osmand:speed>
        </extensions>
      </trkpt>
      <trkpt lat="51.4947799" lon="6.5711465">
        <ele>10348.1</ele>
        <time>2026-09-06T19:26:53Z</time>
        <hdop>25.5</hdop>
        <extensions>
          <osmand:speed>231.5</osmand:speed>
        </extensions>
      </trkpt>
      <trkpt lat="51.4862631" lon="6.5856791">
        <ele>10388.1</ele>
        <time>2026-09-06T19:26:59Z</time>
        <hdop>17.9</hdop>
        <extensions>
          <osmand:speed>231.6</osmand:speed>
        </extensions>
      </trkpt>
      <trkpt lat="51.4777594" lon="6.6003208">
        <ele>10423.1</ele>
        <time>2026-09-06T19:27:05Z</time>
        <hdop>18.9</hdop>
        <extensions>
          <osmand:speed>232.3</osmand:speed>
        </extensions>
      </trkpt>
      <trkpt lat="51.4692164" lon="6.6150075">
        <ele>10455.1</ele>
        <time>2026-09-06T19:27:11Z</time>
        <hdop>21.4</hdop>
        <extensions>
          <osmand:speed>232.7</osmand:speed>
        </extensions>
      </trkpt>
      <trkpt lat="51.4606423" lon="6.6297193">
        <ele>10487.1</ele>
        <time>2026-09-06T19:27:17Z</time>
        <hdop>18.9</hdop>
        <extensions>
          <osmand:speed>233.3</osmand:speed>
        </extensions>
      </trkpt>
      <trkpt lat="51.4520719" lon="6.6444502">
        <ele>10509.1</ele>
        <time>2026-09-06T19:27:23Z</time>
        <hdop>20.9</hdop>
        <extensions>
          <osmand:speed>234.3</osmand:speed>
        </extensions>
      </trkpt>
      <trkpt lat="51.4434162" lon="6.6592665">
        <ele>10515.1</ele>
        <time>2026-09-06T19:27:29Z</time>
        <hdop>22.4</hdop>
        <extensions>
          <osmand:speed>235.9</osmand:speed>
        </extensions>
      </trkpt>
      <trkpt lat="51.4347241" lon="6.6741387">
        <ele>10517.1</ele>
        <time>2026-09-06T19:27:35Z</time>
        <hdop>20.9</hdop>
        <extensions>
          <osmand:speed>236.6</osmand:speed>
        </extensions>
      </trkpt>
      <trkpt lat="51.4260222" lon="6.6890403">
        <ele>10516.1</ele>
        <time>2026-09-06T19:27:41Z</time>
        <hdop>17.9</hdop>
        <extensions>
          <osmand:speed>236.8</osmand:speed>
        </extensions>
      </trkpt>
      <trkpt lat="51.4173198" lon="6.7039533">
        <ele>10515.1</ele>
        <time>2026-09-06T19:27:47Z</time>
        <hdop>18.4</hdop>
        <extensions>
          <osmand:speed>236.7</osmand:speed>
        </extensions>
      </trkpt>
      <trkpt lat="51.4086369" lon="6.7188548">
        <ele>10517.1</ele>
        <time>2026-09-06T19:27:53Z</time>
        <hdop>14.8</hdop>
        <extensions>
          <osmand:speed>236.4</osmand:speed>
        </extensions>
      </trkpt>
      <trkpt lat="51.3999534" lon="6.7337011">
        <ele>10524.1</ele>
        <time>2026-09-06T19:27:59Z</time>
        <hdop>18.4</hdop>
        <extensions>
          <osmand:speed>236.5</osmand:speed>
        </extensions>
      </trkpt>
      <trkpt lat="51.3912798" lon="6.7485859">
        <ele>10518.1</ele>
        <time>2026-09-06T19:28:05Z</time>
        <hdop>28.1</hdop>
        <extensions>
          <osmand:speed>236.4</osmand:speed>
        </extensions>
      </trkpt>
      <trkpt lat="51.3826119" lon="6.7634952">
        <ele>10511.7</ele>
        <time>2026-09-06T19:28:11Z</time>
        <hdop>21.4</hdop>
        <extensions>
          <osmand:speed>236</osmand:speed>
        </extensions>
      </trkpt>
      <trkpt lat="51.3739207" lon="6.7783299">
        <ele>10513.7</ele>
        <time>2026-09-06T19:28:17Z</time>
        <hdop>20.9</hdop>
        <extensions>
          <osmand:speed>236.2</osmand:speed>
        </extensions>
      </trkpt>
      <trkpt lat="51.3652272" lon="6.7931903">
        <ele>10512.7</ele>
        <time>2026-09-06T19:28:23Z</time>
        <hdop>20.4</hdop>
        <extensions>
          <osmand:speed>236.2</osmand:speed>
        </extensions>
      </trkpt>
      <trkpt lat="51.3565368" lon="6.808057">
        <ele>10510.7</ele>
        <time>2026-09-06T19:28:29Z</time>
        <hdop>19.4</hdop>
        <extensions>
          <osmand:speed>236.3</osmand:speed>
        </extensions>
      </trkpt>
      <trkpt lat="51.3478574" lon="6.8228729">
        <ele>10509.7</ele>
        <time>2026-09-06T19:28:35Z</time>
        <hdop>17.3</hdop>
        <extensions>
          <osmand:speed>236.2</osmand:speed>
        </extensions>
      </trkpt>
      <trkpt lat="51.339157" lon="6.8376238">
        <ele>10514.7</ele>
        <time>2026-09-06T19:28:41Z</time>
        <hdop>18.9</hdop>
        <extensions>
          <osmand:speed>235.8</osmand:speed>
        </extensions>
      </trkpt>
      <trkpt lat="51.3304397" lon="6.8524151">
        <ele>10517.7</ele>
        <time>2026-09-06T19:28:47Z</time>
        <hdop>16.8</hdop>
        <extensions>
          <osmand:speed>236.3</osmand:speed>
        </extensions>
      </trkpt>
      <trkpt lat="51.3217333" lon="6.8672095">
        <ele>10520.7</ele>
        <time>2026-09-06T19:28:53Z</time>
        <hdop>20.9</hdop>
        <extensions>
          <osmand:speed>236.1</osmand:speed>
        </extensions>
      </trkpt>
      <trkpt lat="51.3130064" lon="6.8819608">
        <ele>10529.7</ele>
        <time>2026-09-06T19:28:59Z</time>
        <hdop>2</hdop>
        <extensions>
          <osmand:speed>236.3</osmand:speed>
        </extensions>
      </trkpt>
      <trkpt lat="51.3042618" lon="6.8967647">
        <ele>10509.7</ele>
        <time>2026-09-06T19:29:05Z</time>
        <hdop>1</hdop>
        <extensions>
          <osmand:speed>236.8</osmand:speed>
        </extensions>
      </trkpt>
      <trkpt lat="51.2954933" lon="6.9116198">
        <ele>10462.7</ele>
        <time>2026-09-06T19:29:11Z</time>
        <hdop>2.6</hdop>
        <extensions>
          <osmand:speed>237.2</osmand:speed>
        </extensions>
      </trkpt>
      <trkpt lat="51.2867502" lon="6.9264881">
        <ele>10391.7</ele>
        <time>2026-09-06T19:29:17Z</time>
        <hdop>5.1</hdop>
        <extensions>
          <osmand:speed>237.5</osmand:speed>
        </extensions>
      </trkpt>
      <trkpt lat="51.2779521" lon="6.9413978">
        <ele>10306.7</ele>
        <time>2026-09-06T19:29:23Z</time>
        <hdop>4.1</hdop>
        <extensions>
          <osmand:speed>238.1</osmand:speed>
        </extensions>
      </trkpt>
      <trkpt lat="51.2691543" lon="6.9563414">
        <ele>10205.7</ele>
        <time>2026-09-06T19:29:29Z</time>
        <hdop>5.1</hdop>
        <extensions>
          <osmand:speed>239.2</osmand:speed>
        </extensions>
      </trkpt>
      <trkpt lat="51.2603281" lon="6.9712599">
        <ele>10107.7</ele>
        <time>2026-09-06T19:29:35Z</time>
        <hdop>4.6</hdop>
        <extensions>
          <osmand:speed>239.3</osmand:speed>
        </extensions>
      </trkpt>
      <trkpt lat="51.2515014" lon="6.9861958">
        <ele>10012.7</ele>
        <time>2026-09-06T19:29:41Z</time>
        <hdop>6.1</hdop>
        <extensions>
          <osmand:speed>239</osmand:speed>
        </extensions>
      </trkpt>
      <trkpt lat="51.2426931" lon="7.0011206">
        <ele>9910.6</ele>
        <time>2026-09-06T19:29:47Z</time>
        <hdop>4.6</hdop>
        <extensions>
          <osmand:speed>238.8</osmand:speed>
        </extensions>
      </trkpt>
      <trkpt lat="51.2339215" lon="7.0160768">
        <ele>9810.6</ele>
        <time>2026-09-06T19:29:53Z</time>
        <hdop>4.1</hdop>
        <extensions>
          <osmand:speed>239.2</osmand:speed>
        </extensions>
      </trkpt>
      <trkpt lat="51.2250712" lon="7.0310082">
        <ele>9715.6</ele>
        <time>2026-09-06T19:29:59Z</time>
        <hdop>3.1</hdop>
        <extensions>
          <osmand:speed>239.3</osmand:speed>
        </extensions>
      </trkpt>
      <trkpt lat="51.216247" lon="7.0459313">
        <ele>9627.6</ele>
        <time>2026-09-06T19:30:05Z</time>
        <hdop>1</hdop>
        <extensions>
          <osmand:speed>238.9</osmand:speed>
        </extensions>
      </trkpt>
      <trkpt lat="51.2074692" lon="7.0607912">
        <ele>9549.6</ele>
        <time>2026-09-06T19:30:11Z</time>
        <hdop>0.5</hdop>
        <extensions>
          <osmand:speed>237.5</osmand:speed>
        </extensions>
      </trkpt>
      <trkpt lat="51.1987349" lon="7.0755965">
        <ele>9474.6</ele>
        <time>2026-09-06T19:30:17Z</time>
        <hdop>2</hdop>
        <extensions>
          <osmand:speed>236.5</osmand:speed>
        </extensions>
      </trkpt>
      <trkpt lat="51.1898016" lon="7.0899066">
        <ele>9416.6</ele>
        <time>2026-09-06T19:30:23Z</time>
        <hdop>4.1</hdop>
        <extensions>
          <osmand:speed>234.1</osmand:speed>
        </extensions>
      </trkpt>
      <trkpt lat="51.1806228" lon="7.103423">
        <ele>9379.6</ele>
        <time>2026-09-06T19:30:29Z</time>
        <hdop>2.6</hdop>
        <extensions>
          <osmand:speed>230.8</osmand:speed>
        </extensions>
      </trkpt>
      <trkpt lat="51.1712408" lon="7.1161916">
        <ele>9344.6</ele>
        <time>2026-09-06T19:30:35Z</time>
        <hdop>3.1</hdop>
        <extensions>
          <osmand:speed>227.5</osmand:speed>
        </extensions>
      </trkpt>
      <trkpt lat="51.1616278" lon="7.1281806">
        <ele>9310.6</ele>
        <time>2026-09-06T19:30:41Z</time>
        <hdop>4.1</hdop>
        <extensions>
          <osmand:speed>225.3</osmand:speed>
        </extensions>
      </trkpt>
      <trkpt lat="51.151788" lon="7.1393852">
        <ele>9281.6</ele>
        <time>2026-09-06T19:30:47Z</time>
        <hdop>1.5</hdop>
        <extensions>
          <osmand:speed>223.5</osmand:speed>
        </extensions>
      </trkpt>
      <trkpt lat="51.1417563" lon="7.1498714">
        <ele>9251.6</ele>
        <time>2026-09-06T19:30:53Z</time>
        <hdop>3.1</hdop>
        <extensions>
          <osmand:speed>222.2</osmand:speed>
        </extensions>
      </trkpt>
      <trkpt lat="51.1315" lon="7.1596111">
        <ele>9221.6</ele>
        <time>2026-09-06T19:30:59Z</time>
        <hdop>2</hdop>
        <extensions>
          <osmand:speed>221</osmand:speed>
        </extensions>
      </trkpt>
      <trkpt lat="51.1210942" lon="7.1686644">
        <ele>9191.6</ele>
        <time>2026-09-06T19:31:05Z</time>
        <hdop>1</hdop>
        <extensions>
          <osmand:speed>219.6</osmand:speed>
        </extensions>
      </trkpt>
      <trkpt lat="51.1105321" lon="7.1771032">
        <ele>9139.6</ele>
        <time>2026-09-06T19:31:11Z</time>
        <hdop>1</hdop>
        <extensions>
          <osmand:speed>219.1</osmand:speed>
        </extensions>
      </trkpt>
      <trkpt lat="51.0998649" lon="7.1852712">
        <ele>9078.6</ele>
        <time>2026-09-06T19:31:17Z</time>
        <hdop>1</hdop>
        <extensions>
          <osmand:speed>219.2</osmand:speed>
        </extensions>
      </trkpt>
      <trkpt lat="51.0892385" lon="7.1933862">
        <ele>9014.6</ele>
        <time>2026-09-06T19:31:23Z</time>
        <hdop>2</hdop>
        <extensions>
          <osmand:speed>218.6</osmand:speed>
        </extensions>
      </trkpt>
      <trkpt lat="51.0785928" lon="7.2014324">
        <ele>8954.6</ele>
        <time>2026-09-06T19:31:29Z</time>
        <hdop>1</hdop>
        <extensions>
          <osmand:speed>218.3</osmand:speed>
        </extensions>
      </trkpt>
      <trkpt lat="51.0679929" lon="7.2094564">
        <ele>8895.6</ele>
        <time>2026-09-06T19:31:35Z</time>
        <hdop>1</hdop>
        <extensions>
          <osmand:speed>217.6</osmand:speed>
        </extensions>
      </trkpt>
      <trkpt lat="51.0574285" lon="7.2174449">
        <ele>8834.6</ele>
        <time>2026-09-06T19:31:41Z</time>
        <hdop>1</hdop>
        <extensions>
          <osmand:speed>216.6</osmand:speed>
        </extensions>
      </trkpt>
      <trkpt lat="51.0469032" lon="7.2254435">
        <ele>8773.6</ele>
        <time>2026-09-06T19:31:47Z</time>
        <hdop>1</hdop>
        <extensions>
          <osmand:speed>215.8</osmand:speed>
        </extensions>
      </trkpt>
      <trkpt lat="51.03645" lon="7.233417">
        <ele>8705.6</ele>
        <time>2026-09-06T19:31:53Z</time>
        <hdop>1.5</hdop>
        <extensions>
          <osmand:speed>214.5</osmand:speed>
        </extensions>
      </trkpt>
      <trkpt lat="51.0260394" lon="7.2413194">
        <ele>8640.6</ele>
        <time>2026-09-06T19:31:59Z</time>
        <hdop>1.5</hdop>
        <extensions>
          <osmand:speed>213.6</osmand:speed>
        </extensions>
      </trkpt>
      <trkpt lat="51.0156721" lon="7.2491662">
        <ele>8578.6</ele>
        <time>2026-09-06T19:32:05Z</time>
        <hdop>2</hdop>
        <extensions>
          <osmand:speed>212.7</osmand:speed>
        </extensions>
      </trkpt>
      <trkpt lat="51.0053444" lon="7.256961">
        <ele>8517.2</ele>
        <time>2026-09-06T19:32:11Z</time>
        <hdop>2</hdop>
        <extensions>
          <osmand:speed>211.9</osmand:speed>
        </extensions>
      </trkpt>
      <trkpt lat="50.9950634" lon="7.2647077">
        <ele>8457.8</ele>
        <time>2026-09-06T19:32:17Z</time>
        <hdop>1</hdop>
        <extensions>
          <osmand:speed>211.1</osmand:speed>
        </extensions>
      </trkpt>
      <trkpt lat="50.9848323" lon="7.2724488">
        <ele>8398.8</ele>
        <time>2026-09-06T19:32:23Z</time>
        <hdop>1.5</hdop>
        <extensions>
          <osmand:speed>210.6</osmand:speed>
        </extensions>
      </trkpt>
      <trkpt lat="50.9746112" lon="7.2801717">
        <ele>8337.8</ele>
        <time>2026-09-06T19:32:29Z</time>
        <hdop>1</hdop>
        <extensions>
          <osmand:speed>210.2</osmand:speed>
        </extensions>
      </trkpt>
      <trkpt lat="50.964382" lon="7.2878353">
        <ele>8280.8</ele>
        <time>2026-09-06T19:32:35Z</time>
        <hdop>2.6</hdop>
        <extensions>
          <osmand:speed>209.8</osmand:speed>
        </extensions>
      </trkpt>
      <trkpt lat="50.9542114" lon="7.2955366">
        <ele>8221.8</ele>
        <time>2026-09-06T19:32:41Z</time>
        <hdop>1.5</hdop>
        <extensions>
          <osmand:speed>209.1</osmand:speed>
        </extensions>
      </trkpt>
      <trkpt lat="50.9441085" lon="7.3033516">
        <ele>8130.8</ele>
        <time>2026-09-06T19:32:47Z</time>
        <hdop>19.4</hdop>
        <extensions>
          <osmand:speed>208.9</osmand:speed>
        </extensions>
      </trkpt>
      <trkpt lat="50.9339835" lon="7.3110259">
        <ele>8062.8</ele>
        <time>2026-09-06T19:32:53Z</time>
        <hdop>21.4</hdop>
        <extensions>
          <osmand:speed>208.3</osmand:speed>
        </extensions>
      </trkpt>
      <trkpt lat="50.923893" lon="7.3186419">
        <ele>7998.8</ele>
        <time>2026-09-06T19:32:59Z</time>
        <hdop>14.3</hdop>
        <extensions>
          <osmand:speed>207.6</osmand:speed>
        </extensions>
      </trkpt>
      <trkpt lat="50.9137985" lon="7.3262787">
        <ele>7933.8</ele>
        <time>2026-09-06T19:33:05Z</time>
        <hdop>12.8</hdop>
        <extensions>
          <osmand:speed>207.1</osmand:speed>
        </extensions>
      </trkpt>
      <trkpt lat="50.9037585" lon="7.333847">
        <ele>7873.8</ele>
        <time>2026-09-06T19:33:11Z</time>
        <hdop>11.2</hdop>
        <extensions>
          <osmand:speed>206.2</osmand:speed>
        </extensions>
      </trkpt>
      <trkpt lat="50.893742" lon="7.3413327">
        <ele>7820.8</ele>
        <time>2026-09-06T19:33:17Z</time>
        <hdop>2</hdop>
        <extensions>
          <osmand:speed>205.6</osmand:speed>
        </extensions>
      </trkpt>
      <trkpt lat="50.8837664" lon="7.348849">
        <ele>7759.8</ele>
        <time>2026-09-06T19:33:23Z</time>
        <hdop>2</hdop>
        <extensions>
          <osmand:speed>205</osmand:speed>
        </extensions>
      </trkpt>
      <trkpt lat="50.8738243" lon="7.3563748">
        <ele>7693.8</ele>
        <time>2026-09-06T19:33:29Z</time>
        <hdop>2</hdop>
        <extensions>
          <osmand:speed>204.4</osmand:speed>
        </extensions>
      </trkpt>
      <trkpt lat="50.8638923" lon="7.3638541">
        <ele>7630.8</ele>
        <time>2026-09-06T19:33:35Z</time>
        <hdop>3.1</hdop>
        <extensions>
          <osmand:speed>203.9</osmand:speed>
        </extensions>
      </trkpt>
      <trkpt lat="50.8540081" lon="7.3713008">
        <ele>7569.8</ele>
        <time>2026-09-06T19:33:41Z</time>
        <hdop>2.6</hdop>
        <extensions>
          <osmand:speed>203.2</osmand:speed>
        </extensions>
      </trkpt>
      <trkpt lat="50.8441388" lon="7.3787163">
        <ele>7508.8</ele>
        <time>2026-09-06T19:33:47Z</time>
        <hdop>2.6</hdop>
        <extensions>
          <osmand:speed>202.7</osmand:speed>
        </extensions>
      </trkpt>
      <trkpt lat="50.8342738" lon="7.3861413">
        <ele>7443.8</ele>
        <time>2026-09-06T19:33:53Z</time>
        <hdop>2</hdop>
        <extensions>
          <osmand:speed>202.2</osmand:speed>
        </extensions>
      </trkpt>
      <trkpt lat="50.8244385" lon="7.3935161">
        <ele>7383.8</ele>
        <time>2026-09-06T19:33:59Z</time>
        <hdop>2</hdop>
        <extensions>
          <osmand:speed>201.7</osmand:speed>
        </extensions>
      </trkpt>
      <trkpt lat="50.8146345" lon="7.4008637">
        <ele>7323.8</ele>
        <time>2026-09-06T19:34:05Z</time>
        <hdop>1.5</hdop>
        <extensions>
          <osmand:speed>201.1</osmand:speed>
        </extensions>
      </trkpt>
      <trkpt lat="50.8048431" lon="7.408207">
        <ele>7258.8</ele>
        <time>2026-09-06T19:34:11Z</time>
        <hdop>8.7</hdop>
        <extensions>
          <osmand:speed>200.6</osmand:speed>
        </extensions>
      </trkpt>
      <trkpt lat="50.7951159" lon="7.4154991">
        <ele>7196.8</ele>
        <time>2026-09-06T19:34:17Z</time>
        <hdop>7.7</hdop>
        <extensions>
          <osmand:speed>200</osmand:speed>
        </extensions>
      </trkpt>
      <trkpt lat="50.7853984" lon="7.4227766">
        <ele>7134.8</ele>
        <time>2026-09-06T19:34:23Z</time>
        <hdop>8.2</hdop>
        <extensions>
          <osmand:speed>199.3</osmand:speed>
        </extensions>
      </trkpt>
      <trkpt lat="50.7757103" lon="7.4300563">
        <ele>7071.8</ele>
        <time>2026-09-06T19:34:29Z</time>
        <hdop>7.7</hdop>
        <extensions>
          <osmand:speed>198.6</osmand:speed>
        </extensions>
      </trkpt>
      <trkpt lat="50.7660821" lon="7.4372908">
        <ele>7008.8</ele>
        <time>2026-09-06T19:34:35Z</time>
        <hdop>2.6</hdop>
        <extensions>
          <osmand:speed>197.7</osmand:speed>
        </extensions>
      </trkpt>
      <trkpt lat="50.7564795" lon="7.4445035">
        <ele>6945.8</ele>
        <time>2026-09-06T19:34:41Z</time>
        <hdop>3.1</hdop>
        <extensions>
          <osmand:speed>197.2</osmand:speed>
        </extensions>
      </trkpt>
      <trkpt lat="50.7468932" lon="7.4517109">
        <ele>6881.5</ele>
        <time>2026-09-06T19:34:47Z</time>
        <hdop>3.1</hdop>
        <extensions>
          <osmand:speed>196.9</osmand:speed>
        </extensions>
      </trkpt>
      <trkpt lat="50.737313" lon="7.4588812">
        <ele>6818.5</ele>
        <time>2026-09-06T19:34:53Z</time>
        <hdop>3.1</hdop>
        <extensions>
          <osmand:speed>196.6</osmand:speed>
        </extensions>
      </trkpt>
      <trkpt lat="50.7277619" lon="7.4660388">
        <ele>6753.5</ele>
        <time>2026-09-06T19:34:59Z</time>
        <hdop>3.6</hdop>
        <extensions>
          <osmand:speed>196.2</osmand:speed>
        </extensions>
      </trkpt>
      <trkpt lat="50.7182319" lon="7.473187">
        <ele>6689.5</ele>
        <time>2026-09-06T19:35:05Z</time>
        <hdop>3.1</hdop>
        <extensions>
          <osmand:speed>195.7</osmand:speed>
        </extensions>
      </trkpt>
      <trkpt lat="50.7087211" lon="7.4803081">
        <ele>6625.5</ele>
        <time>2026-09-06T19:35:11Z</time>
        <hdop>3.1</hdop>
        <extensions>
          <osmand:speed>195.3</osmand:speed>
        </extensions>
      </trkpt>
      <trkpt lat="50.6992262" lon="7.487412">
        <ele>6561.5</ele>
        <time>2026-09-06T19:35:17Z</time>
        <hdop>3.1</hdop>
        <extensions>
          <osmand:speed>194.9</osmand:speed>
        </extensions>
      </trkpt>
      <trkpt lat="50.6897438" lon="7.4945092">
        <ele>6497.5</ele>
        <time>2026-09-06T19:35:23Z</time>
        <hdop>3.1</hdop>
        <extensions>
          <osmand:speed>194.6</osmand:speed>
        </extensions>
      </trkpt>
      <trkpt lat="50.6802776" lon="7.5015946">
        <ele>6432.1</ele>
        <time>2026-09-06T19:35:29Z</time>
        <hdop>3.1</hdop>
        <extensions>
          <osmand:speed>194.4</osmand:speed>
        </extensions>
      </trkpt>
      <trkpt lat="50.6708239" lon="7.5086603">
        <ele>6368.1</ele>
        <time>2026-09-06T19:35:35Z</time>
        <hdop>4.6</hdop>
        <extensions>
          <osmand:speed>194.3</osmand:speed>
        </extensions>
      </trkpt>
      <trkpt lat="50.6613734" lon="7.5156932">
        <ele>6307.1</ele>
        <time>2026-09-06T19:35:41Z</time>
        <hdop>3.6</hdop>
        <extensions>
          <osmand:speed>194</osmand:speed>
        </extensions>
      </trkpt>
      <trkpt lat="50.6519289" lon="7.5227229">
        <ele>6243.1</ele>
        <time>2026-09-06T19:35:47Z</time>
        <hdop>4.6</hdop>
        <extensions>
          <osmand:speed>193.8</osmand:speed>
        </extensions>
      </trkpt>
      <trkpt lat="50.6424937" lon="7.5297553">
        <ele>6181.1</ele>
        <time>2026-09-06T19:35:53Z</time>
        <hdop>4.1</hdop>
        <extensions>
          <osmand:speed>193.6</osmand:speed>
        </extensions>
      </trkpt>
      <trkpt lat="50.6330724" lon="7.5367736">
        <ele>6117.1</ele>
        <time>2026-09-06T19:35:59Z</time>
        <hdop>4.6</hdop>
        <extensions>
          <osmand:speed>193.4</osmand:speed>
        </extensions>
      </trkpt>
      <trkpt lat="50.6236527" lon="7.5437771">
        <ele>6054.1</ele>
        <time>2026-09-06T19:36:05Z</time>
        <hdop>4.1</hdop>
        <extensions>
          <osmand:speed>193.2</osmand:speed>
        </extensions>
      </trkpt>
      <trkpt lat="50.6142538" lon="7.5507771">
        <ele>5991.1</ele>
        <time>2026-09-06T19:36:11Z</time>
        <hdop>5.1</hdop>
        <extensions>
          <osmand:speed>192.8</osmand:speed>
        </extensions>
      </trkpt>
      <trkpt lat="50.6048725" lon="7.5577301">
        <ele>5930.1</ele>
        <time>2026-09-06T19:36:17Z</time>
        <hdop>5.1</hdop>
        <extensions>
          <osmand:speed>192.2</osmand:speed>
        </extensions>
      </trkpt>
      <trkpt lat="50.5955244" lon="7.5646765">
        <ele>5867.1</ele>
        <time>2026-09-06T19:36:23Z</time>
        <hdop>4.6</hdop>
        <extensions>
          <osmand:speed>191.7</osmand:speed>
        </extensions>
      </trkpt>
      <trkpt lat="50.5861946" lon="7.5716066">
        <ele>5798.1</ele>
        <time>2026-09-06T19:36:29Z</time>
        <hdop>8.7</hdop>
        <extensions>
          <osmand:speed>190.7</osmand:speed>
        </extensions>
      </trkpt>
      <trkpt lat="50.5769304" lon="7.57851">
        <ele>5733.1</ele>
        <time>2026-09-06T19:36:35Z</time>
        <hdop>9.2</hdop>
        <extensions>
          <osmand:speed>189.7</osmand:speed>
        </extensions>
      </trkpt>
      <trkpt lat="50.5677086" lon="7.5853828">
        <ele>5669.1</ele>
        <time>2026-09-06T19:36:41Z</time>
        <hdop>8.2</hdop>
        <extensions>
          <osmand:speed>188.9</osmand:speed>
        </extensions>
      </trkpt>
      <trkpt lat="50.5585216" lon="7.5922204">
        <ele>5603.1</ele>
        <time>2026-09-06T19:36:47Z</time>
        <hdop>9.2</hdop>
        <extensions>
          <osmand:speed>188.2</osmand:speed>
        </extensions>
      </trkpt>
      <trkpt lat="50.5493765" lon="7.5990366">
        <ele>5539.1</ele>
        <time>2026-09-06T19:36:53Z</time>
        <hdop>8.7</hdop>
        <extensions>
          <osmand:speed>187.5</osmand:speed>
        </extensions>
      </trkpt>
      <trkpt lat="50.5402616" lon="7.605823">
        <ele>5474.1</ele>
        <time>2026-09-06T19:36:59Z</time>
        <hdop>9.2</hdop>
        <extensions>
          <osmand:speed>186.8</osmand:speed>
        </extensions>
      </trkpt>
      <trkpt lat="50.531179" lon="7.6125677">
        <ele>5412.1</ele>
        <time>2026-09-06T19:37:05Z</time>
        <hdop>9.2</hdop>
        <extensions>
          <osmand:speed>186.3</osmand:speed>
        </extensions>
      </trkpt>
      <trkpt lat="50.5221106" lon="7.6192863">
        <ele>5349.1</ele>
        <time>2026-09-06T19:37:11Z</time>
        <hdop>9.2</hdop>
        <extensions>
          <osmand:speed>186.1</osmand:speed>
        </extensions>
      </trkpt>
      <trkpt lat="50.5130655" lon="7.6259903">
        <ele>5286.1</ele>
        <time>2026-09-06T19:37:17Z</time>
        <hdop>8.2</hdop>
        <extensions>
          <osmand:speed>185.6</osmand:speed>
        </extensions>
      </trkpt>
      <trkpt lat="50.5040308" lon="7.6326562">
        <ele>5223.1</ele>
        <time>2026-09-06T19:37:23Z</time>
        <hdop>8.2</hdop>
        <extensions>
          <osmand:speed>185</osmand:speed>
        </extensions>
      </trkpt>
      <trkpt lat="50.4950372" lon="7.6392982">
        <ele>5160.9</ele>
        <time>2026-09-06T19:37:29Z</time>
        <hdop>4.6</hdop>
        <extensions>
          <osmand:speed>184.3</osmand:speed>
        </extensions>
      </trkpt>
      <trkpt lat="50.4860723" lon="7.6459489">
        <ele>5098.9</ele>
        <time>2026-09-06T19:37:35Z</time>
        <hdop>4.1</hdop>
        <extensions>
          <osmand:speed>183.6</osmand:speed>
        </extensions>
      </trkpt>
      <trkpt lat="50.4771315" lon="7.6525513">
        <ele>5035.9</ele>
        <time>2026-09-06T19:37:41Z</time>
        <hdop>4.1</hdop>
        <extensions>
          <osmand:speed>182.9</osmand:speed>
        </extensions>
      </trkpt>
      <trkpt lat="50.468233" lon="7.6591302">
        <ele>4969.9</ele>
        <time>2026-09-06T19:37:47Z</time>
        <hdop>6.1</hdop>
        <extensions>
          <osmand:speed>182.2</osmand:speed>
        </extensions>
      </trkpt>
      <trkpt lat="50.4593735" lon="7.6657167">
        <ele>4904.9</ele>
        <time>2026-09-06T19:37:53Z</time>
        <hdop>6.6</hdop>
        <extensions>
          <osmand:speed>181.5</osmand:speed>
        </extensions>
      </trkpt>
      <trkpt lat="50.4505441" lon="7.67228">
        <ele>4843.9</ele>
        <time>2026-09-06T19:37:59Z</time>
        <hdop>7.1</hdop>
        <extensions>
          <osmand:speed>180.7</osmand:speed>
        </extensions>
      </trkpt>
      <trkpt lat="50.4417513" lon="7.678773">
        <ele>4779.9</ele>
        <time>2026-09-06T19:38:05Z</time>
        <hdop>5.6</hdop>
        <extensions>
          <osmand:speed>180</osmand:speed>
        </extensions>
      </trkpt>
      <trkpt lat="50.4329779" lon="7.6852043">
        <ele>4718.9</ele>
        <time>2026-09-06T19:38:11Z</time>
        <hdop>6.1</hdop>
        <extensions>
          <osmand:speed>179.3</osmand:speed>
        </extensions>
      </trkpt>
      <trkpt lat="50.4242522" lon="7.6916066">
        <ele>4656.9</ele>
        <time>2026-09-06T19:38:17Z</time>
        <hdop>4.6</hdop>
        <extensions>
          <osmand:speed>178.7</osmand:speed>
        </extensions>
      </trkpt>
      <trkpt lat="50.4155553" lon="7.6980322">
        <ele>4592.9</ele>
        <time>2026-09-06T19:38:23Z</time>
        <hdop>4.1</hdop>
        <extensions>
          <osmand:speed>178.1</osmand:speed>
        </extensions>
      </trkpt>
      <trkpt lat="50.4068919" lon="7.7044305">
        <ele>4527.9</ele>
        <time>2026-09-06T19:38:29Z</time>
        <hdop>4.1</hdop>
        <extensions>
          <osmand:speed>177.4</osmand:speed>
        </extensions>
      </trkpt>
      <trkpt lat="50.3982545" lon="7.7107991">
        <ele>4464.9</ele>
        <time>2026-09-06T19:38:35Z</time>
        <hdop>3.6</hdop>
        <extensions>
          <osmand:speed>176.8</osmand:speed>
        </extensions>
      </trkpt>
      <trkpt lat="50.389643" lon="7.7171299">
        <ele>4399.9</ele>
        <time>2026-09-06T19:38:41Z</time>
        <hdop>7.1</hdop>
        <extensions>
          <osmand:speed>176.2</osmand:speed>
        </extensions>
      </trkpt>
      <trkpt lat="50.3810621" lon="7.7234408">
        <ele>4335.9</ele>
        <time>2026-09-06T19:38:47Z</time>
        <hdop>7.1</hdop>
        <extensions>
          <osmand:speed>175.5</osmand:speed>
        </extensions>
      </trkpt>
      <trkpt lat="50.3725217" lon="7.7297201">
        <ele>4272.9</ele>
        <time>2026-09-06T19:38:53Z</time>
        <hdop>6.6</hdop>
        <extensions>
          <osmand:speed>175.1</osmand:speed>
        </extensions>
      </trkpt>
      <trkpt lat="50.363974" lon="7.7360069">
        <ele>4209.9</ele>
        <time>2026-09-06T19:38:59Z</time>
        <hdop>6.6</hdop>
        <extensions>
          <osmand:speed>175</osmand:speed>
        </extensions>
      </trkpt>
      <trkpt lat="50.3554281" lon="7.7422933">
        <ele>4145.9</ele>
        <time>2026-09-06T19:39:05Z</time>
        <hdop>7.7</hdop>
        <extensions>
          <osmand:speed>175.1</osmand:speed>
        </extensions>
      </trkpt>
      <trkpt lat="50.3469051" lon="7.7485677">
        <ele>4083.9</ele>
        <time>2026-09-06T19:39:11Z</time>
        <hdop>4.6</hdop>
        <extensions>
          <osmand:speed>175.3</osmand:speed>
        </extensions>
      </trkpt>
      <trkpt lat="50.3383444" lon="7.7548486">
        <ele>4021.7</ele>
        <time>2026-09-06T19:39:17Z</time>
        <hdop>3.1</hdop>
        <extensions>
          <osmand:speed>175.4</osmand:speed>
        </extensions>
      </trkpt>
      <trkpt lat="50.329786" lon="7.7611436">
        <ele>3957.7</ele>
        <time>2026-09-06T19:39:23Z</time>
        <hdop>5.1</hdop>
        <extensions>
          <osmand:speed>175.5</osmand:speed>
        </extensions>
      </trkpt>
      <trkpt lat="50.3212265" lon="7.767419">
        <ele>3895.7</ele>
        <time>2026-09-06T19:39:29Z</time>
        <hdop>4.6</hdop>
        <extensions>
          <osmand:speed>175.3</osmand:speed>
        </extensions>
      </trkpt>
      <trkpt lat="50.3126966" lon="7.7737014">
        <ele>3830.7</ele>
        <time>2026-09-06T19:39:35Z</time>
        <hdop>5.1</hdop>
        <extensions>
          <osmand:speed>174.8</osmand:speed>
        </extensions>
      </trkpt>
      <trkpt lat="50.3042605" lon="7.7802945">
        <ele>3767.7</ele>
        <time>2026-09-06T19:39:41Z</time>
        <hdop>4.1</hdop>
        <extensions>
          <osmand:speed>174.5</osmand:speed>
        </extensions>
      </trkpt>
      <trkpt lat="50.2959735" lon="7.7872104">
        <ele>3703.7</ele>
        <time>2026-09-06T19:39:47Z</time>
        <hdop>4.1</hdop>
        <extensions>
          <osmand:speed>174</osmand:speed>
        </extensions>
      </trkpt>
      <trkpt lat="50.2878078" lon="7.7943554">
        <ele>3639.7</ele>
        <time>2026-09-06T19:39:53Z</time>
        <hdop>4.1</hdop>
        <extensions>
          <osmand:speed>173.3</osmand:speed>
        </extensions>
      </trkpt>
      <trkpt lat="50.2797062" lon="7.8015541">
        <ele>3575.7</ele>
        <time>2026-09-06T19:39:59Z</time>
        <hdop>5.1</hdop>
        <extensions>
          <osmand:speed>172.6</osmand:speed>
        </extensions>
      </trkpt>
      <trkpt lat="50.2716377" lon="7.8087402">
        <ele>3511.7</ele>
        <time>2026-09-06T19:40:05Z</time>
        <hdop>4.1</hdop>
        <extensions>
          <osmand:speed>171.9</osmand:speed>
        </extensions>
      </trkpt>
      <trkpt lat="50.2636014" lon="7.8158952">
        <ele>3447.7</ele>
        <time>2026-09-06T19:40:11Z</time>
        <hdop>4.1</hdop>
        <extensions>
          <osmand:speed>171.4</osmand:speed>
        </extensions>
      </trkpt>
      <trkpt lat="50.2555914" lon="7.8230413">
        <ele>3383.7</ele>
        <time>2026-09-06T19:40:17Z</time>
        <hdop>4.6</hdop>
        <extensions>
          <osmand:speed>170.8</osmand:speed>
        </extensions>
      </trkpt>
      <trkpt lat="50.2476095" lon="7.8301665">
        <ele>3319.5</ele>
        <time>2026-09-06T19:40:23Z</time>
        <hdop>4.6</hdop>
        <extensions>
          <osmand:speed>170.2</osmand:speed>
        </extensions>
      </trkpt>
      <trkpt lat="50.2396493" lon="7.8372487">
        <ele>3257.5</ele>
        <time>2026-09-06T19:40:29Z</time>
        <hdop>5.1</hdop>
        <extensions>
          <osmand:speed>169.7</osmand:speed>
        </extensions>
      </trkpt>
      <trkpt lat="50.2317144" lon="7.8442959">
        <ele>3193.5</ele>
        <time>2026-09-06T19:40:35Z</time>
        <hdop>4.6</hdop>
        <extensions>
          <osmand:speed>169.1</osmand:speed>
        </extensions>
      </trkpt>
      <trkpt lat="50.2237899" lon="7.8512874">
        <ele>3129.5</ele>
        <time>2026-09-06T19:40:41Z</time>
        <hdop>5.1</hdop>
        <extensions>
          <osmand:speed>168.6</osmand:speed>
        </extensions>
      </trkpt>
      <trkpt lat="50.2158742" lon="7.8582187">
        <ele>3066.5</ele>
        <time>2026-09-06T19:40:47Z</time>
        <hdop>4.6</hdop>
        <extensions>
          <osmand:speed>168.1</osmand:speed>
        </extensions>
      </trkpt>
      <trkpt lat="50.2079743" lon="7.8651076">
        <ele>3003.5</ele>
        <time>2026-09-06T19:40:53Z</time>
        <hdop>5.6</hdop>
        <extensions>
          <osmand:speed>167.6</osmand:speed>
        </extensions>
      </trkpt>
      <trkpt lat="50.2000937" lon="7.871956">
        <ele>2940.5</ele>
        <time>2026-09-06T19:40:59Z</time>
        <hdop>5.1</hdop>
        <extensions>
          <osmand:speed>167.2</osmand:speed>
        </extensions>
      </trkpt>
      <trkpt lat="50.1922302" lon="7.8787893">
        <ele>2875.5</ele>
        <time>2026-09-06T19:41:05Z</time>
        <hdop>4.1</hdop>
        <extensions>
          <osmand:speed>166.9</osmand:speed>
        </extensions>
      </trkpt>
      <trkpt lat="50.1843973" lon="7.8856427">
        <ele>2811.5</ele>
        <time>2026-09-06T19:41:11Z</time>
        <hdop>4.1</hdop>
        <extensions>
          <osmand:speed>166.4</osmand:speed>
        </extensions>
      </trkpt>
      <trkpt lat="50.1766038" lon="7.8925257">
        <ele>2746.5</ele>
        <time>2026-09-06T19:41:17Z</time>
        <hdop>4.1</hdop>
        <extensions>
          <osmand:speed>166</osmand:speed>
        </extensions>
      </trkpt>
      <trkpt lat="50.1688269" lon="7.8994417">
        <ele>2681.5</ele>
        <time>2026-09-06T19:41:23Z</time>
        <hdop>4.1</hdop>
        <extensions>
          <osmand:speed>165.7</osmand:speed>
        </extensions>
      </trkpt>
      <trkpt lat="50.1610932" lon="7.9063584">
        <ele>2619.5</ele>
        <time>2026-09-06T19:41:29Z</time>
        <hdop>4.6</hdop>
        <extensions>
          <osmand:speed>165.1</osmand:speed>
        </extensions>
      </trkpt>
      <trkpt lat="50.1533791" lon="7.9132526">
        <ele>2565.5</ele>
        <time>2026-09-06T19:41:35Z</time>
        <hdop>4.1</hdop>
        <extensions>
          <osmand:speed>164.3</osmand:speed>
        </extensions>
      </trkpt>
      <trkpt lat="50.1457451" lon="7.9200643">
        <ele>2535.5</ele>
        <time>2026-09-06T19:41:41Z</time>
        <hdop>5.1</hdop>
        <extensions>
          <osmand:speed>161.9</osmand:speed>
        </extensions>
      </trkpt>
      <trkpt lat="50.1382452" lon="7.9267239">
        <ele>2520.5</ele>
        <time>2026-09-06T19:41:47Z</time>
        <hdop>5.1</hdop>
        <extensions>
          <osmand:speed>158.8</osmand:speed>
        </extensions>
      </trkpt>
      <trkpt lat="50.1309431" lon="7.9334201">
        <ele>2512.5</ele>
        <time>2026-09-06T19:41:53Z</time>
        <hdop>5.1</hdop>
        <extensions>
          <osmand:speed>155.7</osmand:speed>
        </extensions>
      </trkpt>
      <trkpt lat="50.1238527" lon="7.9401737">
        <ele>2501.5</ele>
        <time>2026-09-06T19:41:59Z</time>
        <hdop>4.6</hdop>
        <extensions>
          <osmand:speed>152.6</osmand:speed>
        </extensions>
      </trkpt>
      <trkpt lat="50.1169001" lon="7.9468121">
        <ele>2483.5</ele>
        <time>2026-09-06T19:42:05Z</time>
        <hdop>5.1</hdop>
        <extensions>
          <osmand:speed>150.1</osmand:speed>
        </extensions>
      </trkpt>
      <trkpt lat="50.1100432" lon="7.953347">
        <ele>2458.5</ele>
        <time>2026-09-06T19:42:11Z</time>
        <hdop>5.1</hdop>
        <extensions>
          <osmand:speed>148.1</osmand:speed>
        </extensions>
      </trkpt>
      <trkpt lat="50.1032439" lon="7.9598091">
        <ele>2418.5</ele>
        <time>2026-09-06T19:42:17Z</time>
        <hdop>5.1</hdop>
        <extensions>
          <osmand:speed>147.1</osmand:speed>
        </extensions>
      </trkpt>
      <trkpt lat="50.0964567" lon="7.9662148">
        <ele>2367.5</ele>
        <time>2026-09-06T19:42:23Z</time>
        <hdop>6.1</hdop>
        <extensions>
          <osmand:speed>146.8</osmand:speed>
        </extensions>
      </trkpt>
      <trkpt lat="50.0897079" lon="7.972655">
        <ele>2317.5</ele>
        <time>2026-09-06T19:42:29Z</time>
        <hdop>5.1</hdop>
        <extensions>
          <osmand:speed>146.6</osmand:speed>
        </extensions>
      </trkpt>
      <trkpt lat="50.0829825" lon="7.9791161">
        <ele>2267.5</ele>
        <time>2026-09-06T19:42:35Z</time>
        <hdop>5.6</hdop>
        <extensions>
          <osmand:speed>146.5</osmand:speed>
        </extensions>
      </trkpt>
      <trkpt lat="50.0762703" lon="7.9855659">
        <ele>2220.5</ele>
        <time>2026-09-06T19:42:41Z</time>
        <hdop>5.6</hdop>
        <extensions>
          <osmand:speed>146.3</osmand:speed>
        </extensions>
      </trkpt>
      <trkpt lat="50.0695636" lon="7.9919916">
        <ele>2169.5</ele>
        <time>2026-09-06T19:42:47Z</time>
        <hdop>5.6</hdop>
        <extensions>
          <osmand:speed>146.1</osmand:speed>
        </extensions>
      </trkpt>
      <trkpt lat="50.06288" lon="7.9984292">
        <ele>2121.5</ele>
        <time>2026-09-06T19:42:53Z</time>
        <hdop>3.6</hdop>
        <extensions>
          <osmand:speed>145.7</osmand:speed>
        </extensions>
      </trkpt>
      <trkpt lat="50.056221" lon="8.0048512">
        <ele>2078.5</ele>
        <time>2026-09-06T19:42:59Z</time>
        <hdop>4.1</hdop>
        <extensions>
          <osmand:speed>145.1</osmand:speed>
        </extensions>
      </trkpt>
      <trkpt lat="50.0496025" lon="8.0112589">
        <ele>2035.5</ele>
        <time>2026-09-06T19:43:05Z</time>
        <hdop>4.6</hdop>
        <extensions>
          <osmand:speed>144.1</osmand:speed>
        </extensions>
      </trkpt>
      <trkpt lat="50.0430155" lon="8.0176364">
        <ele>1993.5</ele>
        <time>2026-09-06T19:43:11Z</time>
        <hdop>4.1</hdop>
        <extensions>
          <osmand:speed>143.4</osmand:speed>
        </extensions>
      </trkpt>
      <trkpt lat="50.0364797" lon="8.0239908">
        <ele>1952.5</ele>
        <time>2026-09-06T19:43:17Z</time>
        <hdop>3.6</hdop>
        <extensions>
          <osmand:speed>142.8</osmand:speed>
        </extensions>
      </trkpt>
      <trkpt lat="50.0299783" lon="8.0303267">
        <ele>1908.5</ele>
        <time>2026-09-06T19:43:23Z</time>
        <hdop>5.6</hdop>
        <extensions>
          <osmand:speed>142.1</osmand:speed>
        </extensions>
      </trkpt>
      <trkpt lat="50.0235059" lon="8.0366564">
        <ele>1863.5</ele>
        <time>2026-09-06T19:43:29Z</time>
        <hdop>6.1</hdop>
        <extensions>
          <osmand:speed>141.5</osmand:speed>
        </extensions>
      </trkpt>
      <trkpt lat="50.0170599" lon="8.0429789">
        <ele>1820.5</ele>
        <time>2026-09-06T19:43:35Z</time>
        <hdop>5.6</hdop>
        <extensions>
          <osmand:speed>140.9</osmand:speed>
        </extensions>
      </trkpt>
      <trkpt lat="50.010661" lon="8.0492544">
        <ele>1780.5</ele>
        <time>2026-09-06T19:43:41Z</time>
        <hdop>6.6</hdop>
        <extensions>
          <osmand:speed>140.1</osmand:speed>
        </extensions>
      </trkpt>
      <trkpt lat="50.0042901" lon="8.055492">
        <ele>1739.5</ele>
        <time>2026-09-06T19:43:47Z</time>
        <hdop>5.6</hdop>
        <extensions>
          <osmand:speed>139.3</osmand:speed>
        </extensions>
      </trkpt>
      <trkpt lat="49.9979941" lon="8.061708">
        <ele>1690.5</ele>
        <time>2026-09-06T19:43:53Z</time>
        <hdop>5.1</hdop>
        <extensions>
          <osmand:speed>138.8</osmand:speed>
        </extensions>
      </trkpt>
      <trkpt lat="49.9916728" lon="8.0679272">
        <ele>1643.5</ele>
        <time>2026-09-06T19:43:59Z</time>
        <hdop>3.6</hdop>
        <extensions>
          <osmand:speed>138.5</osmand:speed>
        </extensions>
      </trkpt>
      <trkpt lat="49.985376" lon="8.0741145">
        <ele>1599.5</ele>
        <time>2026-09-06T19:44:05Z</time>
        <hdop>3.1</hdop>
        <extensions>
          <osmand:speed>138.1</osmand:speed>
        </extensions>
      </trkpt>
      <trkpt lat="49.9791151" lon="8.0802843">
        <ele>1563.5</ele>
        <time>2026-09-06T19:44:11Z</time>
        <hdop>4.1</hdop>
        <extensions>
          <osmand:speed>136.8</osmand:speed>
        </extensions>
      </trkpt>
      <trkpt lat="49.9730386" lon="8.0866959">
        <ele>1541.5</ele>
        <time>2026-09-06T19:44:17Z</time>
        <hdop>8.7</hdop>
        <extensions>
          <osmand:speed>135.3</osmand:speed>
        </extensions>
      </trkpt>
      <trkpt lat="49.9678173" lon="8.0945487">
        <ele>1522.5</ele>
        <time>2026-09-06T19:44:23Z</time>
        <hdop>12.2</hdop>
        <extensions>
          <osmand:speed>135.4</osmand:speed>
        </extensions>
      </trkpt>
      <trkpt lat="49.9638864" lon="8.1038901">
        <ele>1512.5</ele>
        <time>2026-09-06T19:44:29Z</time>
        <hdop>12.2</hdop>
        <extensions>
          <osmand:speed>133.3</osmand:speed>
        </extensions>
      </trkpt>
      <trkpt lat="49.9613237" lon="8.1142091">
        <ele>1502.5</ele>
        <time>2026-09-06T19:44:35Z</time>
        <hdop>8.2</hdop>
        <extensions>
          <osmand:speed>131.8</osmand:speed>
        </extensions>
      </trkpt>
      <trkpt lat="49.9598684" lon="8.1248874">
        <ele>1497.5</ele>
        <time>2026-09-06T19:44:41Z</time>
        <hdop>7.1</hdop>
        <extensions>
          <osmand:speed>129.3</osmand:speed>
        </extensions>
      </trkpt>
      <trkpt lat="49.9587911" lon="8.1354726">
        <ele>1491.5</ele>
        <time>2026-09-06T19:44:47Z</time>
        <hdop>3.6</hdop>
        <extensions>
          <osmand:speed>126.8</osmand:speed>
        </extensions>
      </trkpt>
      <trkpt lat="49.9578557" lon="8.1458819">
        <ele>1482.5</ele>
        <time>2026-09-06T19:44:53Z</time>
        <hdop>4.1</hdop>
        <extensions>
          <osmand:speed>124.5</osmand:speed>
        </extensions>
      </trkpt>
      <trkpt lat="49.9569654" lon="8.1561197">
        <ele>1468.5</ele>
        <time>2026-09-06T19:44:59Z</time>
        <hdop>5.6</hdop>
        <extensions>
          <osmand:speed>122.5</osmand:speed>
        </extensions>
      </trkpt>
      <trkpt lat="49.9561262" lon="8.1662146">
        <ele>1449.5</ele>
        <time>2026-09-06T19:45:05Z</time>
        <hdop>5.1</hdop>
        <extensions>
          <osmand:speed>121.2</osmand:speed>
        </extensions>
      </trkpt>
      <trkpt lat="49.9552771" lon="8.1761912">
        <ele>1425.5</ele>
        <time>2026-09-06T19:45:11Z</time>
        <hdop>3.6</hdop>
        <extensions>
          <osmand:speed>119.9</osmand:speed>
        </extensions>
      </trkpt>
      <trkpt lat="49.9544357" lon="8.1861226">
        <ele>1403.5</ele>
        <time>2026-09-06T19:45:17Z</time>
        <hdop>4.6</hdop>
        <extensions>
          <osmand:speed>119.7</osmand:speed>
        </extensions>
      </trkpt>
      <trkpt lat="49.9535972" lon="8.1960291">
        <ele>1381.5</ele>
        <time>2026-09-06T19:45:23Z</time>
        <hdop>5.6</hdop>
        <extensions>
          <osmand:speed>119.5</osmand:speed>
        </extensions>
      </trkpt>
      <trkpt lat="49.9527484" lon="8.2059261">
        <ele>1359.5</ele>
        <time>2026-09-06T19:45:29Z</time>
        <hdop>5.1</hdop>
        <extensions>
          <osmand:speed>119.3</osmand:speed>
        </extensions>
      </trkpt>
      <trkpt lat="49.9522441" lon="8.2158749">
        <ele>1336.5</ele>
        <time>2026-09-06T19:45:35Z</time>
        <hdop>5.6</hdop>
        <extensions>
          <osmand:speed>120</osmand:speed>
        </extensions>
      </trkpt>
      <trkpt lat="49.953148" lon="8.2258082">
        <ele>1317.5</ele>
        <time>2026-09-06T19:45:41Z</time>
        <hdop>5.6</hdop>
        <extensions>
          <osmand:speed>120.3</osmand:speed>
        </extensions>
      </trkpt>
      <trkpt lat="49.9552788" lon="8.2352803">
        <ele>1296.5</ele>
        <time>2026-09-06T19:45:47Z</time>
        <hdop>6.6</hdop>
        <extensions>
          <osmand:speed>119.4</osmand:speed>
        </extensions>
      </trkpt>
      <trkpt lat="49.9579379" lon="8.244309">
        <ele>1278.5</ele>
        <time>2026-09-06T19:45:53Z</time>
        <hdop>9.2</hdop>
        <extensions>
          <osmand:speed>117.8</osmand:speed>
        </extensions>
      </trkpt>
      <trkpt lat="49.9605916" lon="8.2531923">
        <ele>1255.7</ele>
        <time>2026-09-06T19:45:59Z</time>
        <hdop>6.6</hdop>
        <extensions>
          <osmand:speed>116.9</osmand:speed>
        </extensions>
      </trkpt>
      <trkpt lat="49.9630377" lon="8.2621316">
        <ele>1227.7</ele>
        <time>2026-09-06T19:46:05Z</time>
        <hdop>5.6</hdop>
        <extensions>
          <osmand:speed>116.1</osmand:speed>
        </extensions>
      </trkpt>
      <trkpt lat="49.9652674" lon="8.2711818">
        <ele>1194.7</ele>
        <time>2026-09-06T19:46:11Z</time>
        <hdop>6.1</hdop>
        <extensions>
          <osmand:speed>115.5</osmand:speed>
        </extensions>
      </trkpt>
      <trkpt lat="49.9673341" lon="8.2802741">
        <ele>1161.7</ele>
        <time>2026-09-06T19:46:17Z</time>
        <hdop>6.6</hdop>
        <extensions>
          <osmand:speed>115</osmand:speed>
        </extensions>
      </trkpt>
      <trkpt lat="49.9693711" lon="8.2893758">
        <ele>1122.7</ele>
        <time>2026-09-06T19:46:23Z</time>
        <hdop>6.6</hdop>
        <extensions>
          <osmand:speed>114.6</osmand:speed>
        </extensions>
      </trkpt>
      <trkpt lat="49.9713924" lon="8.2983879">
        <ele>1089.7</ele>
        <time>2026-09-06T19:46:29Z</time>
        <hdop>5.6</hdop>
        <extensions>
          <osmand:speed>113.7</osmand:speed>
        </extensions>
      </trkpt>
      <trkpt lat="49.9734157" lon="8.3072441">
        <ele>1056.7</ele>
        <time>2026-09-06T19:46:35Z</time>
        <hdop>6.6</hdop>
        <extensions>
          <osmand:speed>110.1</osmand:speed>
        </extensions>
      </trkpt>
      <trkpt lat="49.9753816" lon="8.3157653">
        <ele>1021.7</ele>
        <time>2026-09-06T19:46:41Z</time>
        <hdop>5.6</hdop>
        <extensions>
          <osmand:speed>106.1</osmand:speed>
        </extensions>
      </trkpt>
      <trkpt lat="49.9772847" lon="8.3239714">
        <ele>986.7</ele>
        <time>2026-09-06T19:46:47Z</time>
        <hdop>5.6</hdop>
        <extensions>
          <osmand:speed>102.4</osmand:speed>
        </extensions>
      </trkpt>
      <trkpt lat="49.9791387" lon="8.3318826">
        <ele>952.7</ele>
        <time>2026-09-06T19:46:53Z</time>
        <hdop>7.1</hdop>
        <extensions>
          <osmand:speed>99.1</osmand:speed>
        </extensions>
      </trkpt>
      <trkpt lat="49.9809493" lon="8.3395626">
        <ele>917.7</ele>
        <time>2026-09-06T19:46:59Z</time>
        <hdop>6.6</hdop>
        <extensions>
          <osmand:speed>96.7</osmand:speed>
        </extensions>
      </trkpt>
      <trkpt lat="49.9827504" lon="8.3471262">
        <ele>883.7</ele>
        <time>2026-09-06T19:47:05Z</time>
        <hdop>6.6</hdop>
        <extensions>
          <osmand:speed>96.5</osmand:speed>
        </extensions>
      </trkpt>
      <trkpt lat="49.9845256" lon="8.3547143">
        <ele>853.7</ele>
        <time>2026-09-06T19:47:11Z</time>
        <hdop>5.6</hdop>
        <extensions>
          <osmand:speed>96.7</osmand:speed>
        </extensions>
      </trkpt>
      <trkpt lat="49.9863918" lon="8.3622204">
        <ele>861.7</ele>
        <time>2026-09-06T19:47:17Z</time>
        <hdop>6.6</hdop>
        <extensions>
          <osmand:speed>96.6</osmand:speed>
        </extensions>
      </trkpt>
      <trkpt lat="49.9881785" lon="8.3698629">
        <ele>789.7</ele>
        <time>2026-09-06T19:47:23Z</time>
        <hdop>5.1</hdop>
        <extensions>
          <osmand:speed>96.4</osmand:speed>
        </extensions>
      </trkpt>
      <trkpt lat="49.9899841" lon="8.3774115">
        <ele>758.7</ele>
        <time>2026-09-06T19:47:29Z</time>
        <hdop>6.6</hdop>
        <extensions>
          <osmand:speed>95.5</osmand:speed>
        </extensions>
      </trkpt>
      <trkpt lat="49.9917532" lon="8.3847865">
        <ele>723.7</ele>
        <time>2026-09-06T19:47:35Z</time>
        <hdop>6.6</hdop>
        <extensions>
          <osmand:speed>92.6</osmand:speed>
        </extensions>
      </trkpt>
      <trkpt lat="49.9934583" lon="8.3918916">
        <ele>693.7</ele>
        <time>2026-09-06T19:47:41Z</time>
        <hdop>5.6</hdop>
        <extensions>
          <osmand:speed>89.1</osmand:speed>
        </extensions>
      </trkpt>
      <trkpt lat="49.9950951" lon="8.3987334">
        <ele>669.7</ele>
        <time>2026-09-06T19:47:47Z</time>
        <hdop>6.1</hdop>
        <extensions>
          <osmand:speed>85.2</osmand:speed>
        </extensions>
      </trkpt>
      <trkpt lat="49.9967095" lon="8.4053307">
        <ele>645.7</ele>
        <time>2026-09-06T19:47:53Z</time>
        <hdop>5.6</hdop>
        <extensions>
          <osmand:speed>83.2</osmand:speed>
        </extensions>
      </trkpt>
      <trkpt lat="49.9982967" lon="8.4118055">
        <ele>618.7</ele>
        <time>2026-09-06T19:47:59Z</time>
        <hdop>5.6</hdop>
        <extensions>
          <osmand:speed>82.3</osmand:speed>
        </extensions>
      </trkpt>
      <trkpt lat="49.9999038" lon="8.4182201">
        <ele>595.7</ele>
        <time>2026-09-06T19:48:05Z</time>
        <hdop>5.6</hdop>
        <extensions>
          <osmand:speed>81.9</osmand:speed>
        </extensions>
      </trkpt>
      <trkpt lat="50.0014796" lon="8.4245819">
        <ele>573.6</ele>
        <time>2026-09-06T19:48:11Z</time>
        <hdop>5.6</hdop>
        <extensions>
          <osmand:speed>81.2</osmand:speed>
        </extensions>
      </trkpt>
      <trkpt lat="50.0029847" lon="8.430848">
        <ele>545.6</ele>
        <time>2026-09-06T19:48:17Z</time>
        <hdop>4.1</hdop>
        <extensions>
          <osmand:speed>78.5</osmand:speed>
        </extensions>
      </trkpt>
      <trkpt lat="50.0043911" lon="8.4369206">
        <ele>517.6</ele>
        <time>2026-09-06T19:48:23Z</time>
        <hdop>3.6</hdop>
        <extensions>
          <osmand:speed>75.8</osmand:speed>
        </extensions>
      </trkpt>
      <trkpt lat="50.0057865" lon="8.4427645">
        <ele>491.6</ele>
        <time>2026-09-06T19:48:29Z</time>
        <hdop>3.1</hdop>
        <extensions>
          <osmand:speed>73</osmand:speed>
        </extensions>
      </trkpt>
      <trkpt lat="50.0071834" lon="8.4483551">
        <ele>467.6</ele>
        <time>2026-09-06T19:48:35Z</time>
        <hdop>3.1</hdop>
        <extensions>
          <osmand:speed>70.4</osmand:speed>
        </extensions>
      </trkpt>
      <trkpt lat="50.0085334" lon="8.4537159">
        <ele>445.6</ele>
        <time>2026-09-06T19:48:41Z</time>
        <hdop>6.1</hdop>
        <extensions>
          <osmand:speed>67.3</osmand:speed>
        </extensions>
      </trkpt>
      <trkpt lat="50.0098072" lon="8.4588542">
        <ele>423.6</ele>
        <time>2026-09-06T19:48:47Z</time>
        <hdop>6.1</hdop>
        <extensions>
          <osmand:speed>64.2</osmand:speed>
        </extensions>
      </trkpt>
      <trkpt lat="50.0110272" lon="8.4638131">
        <ele>398.6</ele>
        <time>2026-09-06T19:48:53Z</time>
        <hdop>6.1</hdop>
        <extensions>
          <osmand:speed>62.4</osmand:speed>
        </extensions>
      </trkpt>
      <trkpt lat="50.0121874" lon="8.4686979">
        <ele>377.6</ele>
        <time>2026-09-06T19:48:59Z</time>
        <hdop>5.1</hdop>
        <extensions>
          <osmand:speed>61.5</osmand:speed>
        </extensions>
      </trkpt>
      <trkpt lat="50.013253" lon="8.4735505">
        <ele>360.6</ele>
        <time>2026-09-06T19:49:05Z</time>
        <hdop>4.1</hdop>
        <extensions>
          <osmand:speed>61.3</osmand:speed>
        </extensions>
      </trkpt>
      <trkpt lat="50.0143195" lon="8.4784166">
        <ele>341.6</ele>
        <time>2026-09-06T19:49:11Z</time>
        <hdop>5.1</hdop>
        <extensions>
          <osmand:speed>61.5</osmand:speed>
        </extensions>
      </trkpt>
      <trkpt lat="50.0153959" lon="8.483288">
        <ele>324.6</ele>
        <time>2026-09-06T19:49:17Z</time>
        <hdop>5.6</hdop>
        <extensions>
          <osmand:speed>61.8</osmand:speed>
        </extensions>
      </trkpt>
      <trkpt lat="50.0165064" lon="8.4881694">
        <ele>304.6</ele>
        <time>2026-09-06T19:49:23Z</time>
        <hdop>6.6</hdop>
        <extensions>
          <osmand:speed>61.7</osmand:speed>
        </extensions>
      </trkpt>
      <trkpt lat="50.0176412" lon="8.493025">
        <ele>282.6</ele>
        <time>2026-09-06T19:49:29Z</time>
        <hdop>6.1</hdop>
        <extensions>
          <osmand:speed>61.6</osmand:speed>
        </extensions>
      </trkpt>
      <trkpt lat="50.0188042" lon="8.4978583">
        <ele>262.6</ele>
        <time>2026-09-06T19:49:35Z</time>
        <hdop>6.1</hdop>
        <extensions>
          <osmand:speed>61.5</osmand:speed>
        </extensions>
      </trkpt>
      <trkpt lat="50.0199836" lon="8.5026809">
        <ele>244.7</ele>
        <time>2026-09-06T19:49:41Z</time>
        <hdop>5.1</hdop>
        <extensions>
          <osmand:speed>61.7</osmand:speed>
        </extensions>
      </trkpt>
      <trkpt lat="50.0211558" lon="8.5075117">
        <ele>227.7</ele>
        <time>2026-09-06T19:49:47Z</time>
        <hdop>4.6</hdop>
        <extensions>
          <osmand:speed>61.8</osmand:speed>
        </extensions>
      </trkpt>
      <trkpt lat="50.0222892" lon="8.5123745">
        <ele>210.7</ele>
        <time>2026-09-06T19:49:53Z</time>
        <hdop>5.1</hdop>
        <extensions>
          <osmand:speed>61.6</osmand:speed>
        </extensions>
      </trkpt>
      <trkpt lat="50.0234314" lon="8.517207">
        <ele>188.7</ele>
        <time>2026-09-06T19:49:59Z</time>
        <hdop>5.6</hdop>
        <extensions>
          <osmand:speed>61.3</osmand:speed>
        </extensions>
      </trkpt>
      <trkpt lat="50.0245843" lon="8.52202">
        <ele>167.7</ele>
        <time>2026-09-06T19:50:05Z</time>
        <hdop>5.6</hdop>
        <extensions>
          <osmand:speed>61.6</osmand:speed>
        </extensions>
      </trkpt>
      <trkpt lat="50.0257482" lon="8.5268774">
        <ele>151.7</ele>
        <time>2026-09-06T19:50:11Z</time>
        <hdop>6.6</hdop>
        <extensions>
          <osmand:speed>62.4</osmand:speed>
        </extensions>
      </trkpt>
      <trkpt lat="50.0269088" lon="8.5318084">
        <ele>131.7</ele>
        <time>2026-09-06T19:50:17Z</time>
        <hdop>5.6</hdop>
        <extensions>
          <osmand:speed>63</osmand:speed>
        </extensions>
      </trkpt>
      <trkpt lat="50.0281364" lon="8.5367849">
        <ele>111.7</ele>
        <time>2026-09-06T19:50:23Z</time>
        <hdop>6.1</hdop>
        <extensions>
          <osmand:speed>64</osmand:speed>
        </extensions>
      </trkpt>
      <trkpt lat="50.0293396" lon="8.5416988">
        <ele>106.7</ele>
        <time>2026-09-06T19:50:29Z</time>
        <hdop>5.6</hdop>
        <extensions>
          <osmand:speed>60.8</osmand:speed>
        </extensions>
      </trkpt>
      <trkpt lat="50.0304363" lon="8.5462244">
        <ele>104.7</ele>
        <time>2026-09-06T19:50:35Z</time>
        <hdop>6.6</hdop>
        <extensions>
          <osmand:speed>55.2</osmand:speed>
        </extensions>
      </trkpt>
      <trkpt lat="50.0314253" lon="8.5503135">
        <ele>104.7</ele>
        <time>2026-09-06T19:50:41Z</time>
        <hdop>6.6</hdop>
        <extensions>
          <osmand:speed>49</osmand:speed>
        </extensions>
      </trkpt>
      <trkpt lat="50.0322562" lon="8.553894">
        <ele>105.7</ele>
        <time>2026-09-06T19:50:47Z</time>
        <hdop>6.6</hdop>
        <extensions>
          <osmand:speed>41.4</osmand:speed>
        </extensions>
      </trkpt>
      <trkpt lat="50.0329856" lon="8.5568719">
        <ele>106.7</ele>
        <time>2026-09-06T19:50:53Z</time>
        <hdop>7.1</hdop>
        <extensions>
          <osmand:speed>35.9</osmand:speed>
        </extensions>
      </trkpt>
      <trkpt lat="50.0336178" lon="8.5595424">
        <ele>106.7</ele>
        <time>2026-09-06T19:50:59Z</time>
        <hdop>10.7</hdop>
        <extensions>
          <osmand:speed>32.9</osmand:speed>
        </extensions>
      </trkpt>
      <trkpt lat="50.0341944" lon="8.5620604">
        <ele>107.7</ele>
        <time>2026-09-06T19:51:05Z</time>
        <hdop>11.2</hdop>
        <extensions>
          <osmand:speed>31.1</osmand:speed>
        </extensions>
      </trkpt>
      <trkpt lat="50.0347642" lon="8.564421">
        <ele>109.7</ele>
        <time>2026-09-06T19:51:11Z</time>
        <hdop>11.2</hdop>
        <extensions>
          <osmand:speed>29.5</osmand:speed>
        </extensions>
      </trkpt>
      <trkpt lat="50.0353267" lon="8.5666756">
        <ele>108.7</ele>
        <time>2026-09-06T19:51:17Z</time>
        <hdop>8.7</hdop>
        <extensions>
          <osmand:speed>27.9</osmand:speed>
        </extensions>
      </trkpt>
      <trkpt lat="50.0357939" lon="8.5685952">
        <ele>108.7</ele>
        <time>2026-09-06T19:51:23Z</time>
        <hdop>9.7</hdop>
        <extensions>
          <osmand:speed>22.9</osmand:speed>
        </extensions>
      </trkpt>
      <trkpt lat="50.0360676" lon="8.5700434">
        <ele>108.7</ele>
        <time>2026-09-06T19:51:29Z</time>
        <hdop>7.7</hdop>
        <extensions>
          <osmand:speed>14.4</osmand:speed>
        </extensions>
      </trkpt>
      <trkpt lat="50.0360049" lon="8.5712102">
        <ele>104.7</ele>
        <time>2026-09-06T19:51:35Z</time>
        <hdop>7.7</hdop>
        <extensions>
          <osmand:speed>13.7</osmand:speed>
        </extensions>
      </trkpt>
      <trkpt lat="50.0357285" lon="8.5721839">
        <ele>105.7</ele>
        <time>2026-09-06T19:51:41Z</time>
        <hdop>5.6</hdop>
        <extensions>
          <osmand:speed>11.1</osmand:speed>
        </extensions>
      </trkpt>
      <trkpt lat="50.0354844" lon="8.5729759">
        <ele>107.7</ele>
        <time>2026-09-06T19:51:47Z</time>
        <hdop>5.1</hdop>
        <extensions>
          <osmand:speed>9</osmand:speed>
        </extensions>
      </trkpt>
      <trkpt lat="50.0353317" lon="8.5735202">
        <ele>107.7</ele>
        <time>2026-09-06T19:51:53Z</time>
        <hdop>4.6</hdop>
        <extensions>
          <osmand:speed>5</osmand:speed>
        </extensions>
      </trkpt>
      <trkpt lat="50.0352384" lon="8.573871">
        <ele>106.7</ele>
        <time>2026-09-06T19:51:59Z</time>
        <hdop>6.1</hdop>
        <extensions>
          <osmand:speed>4.4</osmand:speed>
        </extensions>
      </trkpt>
      <trkpt lat="50.0352239" lon="8.5742195">
        <ele>106.7</ele>
        <time>2026-09-06T19:52:05Z</time>
        <hdop>6.1</hdop>
        <extensions>
          <osmand:speed>4.3</osmand:speed>
        </extensions>
      </trkpt>
      <trkpt lat="50.0352839" lon="8.5745639">
        <ele>106.7</ele>
        <time>2026-09-06T19:52:11Z</time>
        <hdop>6.1</hdop>
        <extensions>
          <osmand:speed>4.2</osmand:speed>
        </extensions>
      </trkpt>
      <trkpt lat="50.0353575" lon="8.5748172">
        <ele>105.7</ele>
        <time>2026-09-06T19:52:17Z</time>
        <hdop>6.1</hdop>
        <extensions>
          <osmand:speed>2.1</osmand:speed>
        </extensions>
      </trkpt>
      <trkpt lat="50.035381" lon="8.574916">
        <ele>107.7</ele>
        <time>2026-09-06T19:52:23Z</time>
        <hdop>8.2</hdop>
        <extensions>
          <osmand:speed>1</osmand:speed>
        </extensions>
      </trkpt>
      <trkpt lat="50.0354078" lon="8.5749975">
        <ele>106.7</ele>
        <time>2026-09-06T19:52:29Z</time>
        <hdop>8.2</hdop>
        <extensions>
          <osmand:speed>1.2</osmand:speed>
        </extensions>
      </trkpt>
      <trkpt lat="50.0354456" lon="8.575121">
        <ele>106.7</ele>
        <time>2026-09-06T19:52:35Z</time>
        <hdop>7.7</hdop>
        <extensions>
          <osmand:speed>1.8</osmand:speed>
        </extensions>
      </trkpt>
      <trkpt lat="50.0354911" lon="8.5753524">
        <ele>106.7</ele>
        <time>2026-09-06T19:52:41Z</time>
        <hdop>7.7</hdop>
        <extensions>
          <osmand:speed>3.8</osmand:speed>
        </extensions>
      </trkpt>
      <trkpt lat="50.0355652" lon="8.5757279">
        <ele>107.7</ele>
        <time>2026-09-06T19:52:47Z</time>
        <hdop>6.1</hdop>
        <extensions>
          <osmand:speed>5.5</osmand:speed>
        </extensions>
      </trkpt>
      <trkpt lat="50.0356737" lon="8.576168">
        <ele>108.7</ele>
        <time>2026-09-06T19:52:53Z</time>
        <hdop>6.1</hdop>
        <extensions>
          <osmand:speed>5.8</osmand:speed>
        </extensions>
      </trkpt>
      <trkpt lat="50.0357993" lon="8.576623">
        <ele>108.7</ele>
        <time>2026-09-06T19:52:59Z</time>
        <hdop>1</hdop>
        <extensions>
          <osmand:speed>6.2</osmand:speed>
        </extensions>
      </trkpt>
      <trkpt lat="50.0359347" lon="8.5771791">
        <ele>106.7</ele>
        <time>2026-09-06T19:53:05Z</time>
        <hdop>4.1</hdop>
        <extensions>
          <osmand:speed>7.2</osmand:speed>
        </extensions>
      </trkpt>
      <trkpt lat="50.0360752" lon="8.5777688">
        <ele>107.7</ele>
        <time>2026-09-06T19:53:11Z</time>
        <hdop>4.1</hdop>
        <extensions>
          <osmand:speed>7.9</osmand:speed>
        </extensions>
      </trkpt>
      <trkpt lat="50.0362356" lon="8.5783942">
        <ele>107.7</ele>
        <time>2026-09-06T19:53:17Z</time>
        <hdop>5.1</hdop>
        <extensions>
          <osmand:speed>8.1</osmand:speed>
        </extensions>
      </trkpt>
      <trkpt lat="50.036381" lon="8.5790371">
        <ele>109.7</ele>
        <time>2026-09-06T19:53:23Z</time>
        <hdop>4.6</hdop>
        <extensions>
          <osmand:speed>8.2</osmand:speed>
        </extensions>
      </trkpt>
      <trkpt lat="50.0365268" lon="8.5796445">
        <ele>109.7</ele>
        <time>2026-09-06T19:53:29Z</time>
        <hdop>4.1</hdop>
        <extensions>
          <osmand:speed>7.5</osmand:speed>
        </extensions>
      </trkpt>
      <trkpt lat="50.0366111" lon="8.580212">
        <ele>110.7</ele>
        <time>2026-09-06T19:53:35Z</time>
        <hdop>6.1</hdop>
        <extensions>
          <osmand:speed>7</osmand:speed>
        </extensions>
      </trkpt>
      <trkpt lat="50.03645" lon="8.5807564">
        <ele>110.7</ele>
        <time>2026-09-06T19:53:41Z</time>
        <hdop>6.1</hdop>
        <extensions>
          <osmand:speed>7.4</osmand:speed>
        </extensions>
      </trkpt>
      <trkpt lat="50.0360576" lon="8.5809087">
        <ele>110.7</ele>
        <time>2026-09-06T19:53:47Z</time>
        <hdop>4.6</hdop>
        <extensions>
          <osmand:speed>8.1</osmand:speed>
        </extensions>
      </trkpt>
      <trkpt lat="50.0356118" lon="8.5808418">
        <ele>111.7</ele>
        <time>2026-09-06T19:53:53Z</time>
        <hdop>5.1</hdop>
        <extensions>
          <osmand:speed>7.2</osmand:speed>
        </extensions>
      </trkpt>
      <trkpt lat="50.0352499" lon="8.5809255">
        <ele>110.7</ele>
        <time>2026-09-06T19:53:59Z</time>
        <hdop>4.6</hdop>
        <extensions>
          <osmand:speed>6.8</osmand:speed>
        </extensions>
      </trkpt>
      <trkpt lat="50.0348962" lon="8.5811223">
        <ele>110.7</ele>
        <time>2026-09-06T19:54:05Z</time>
        <hdop>3.1</hdop>
        <extensions>
          <osmand:speed>7.2</osmand:speed>
        </extensions>
      </trkpt>
      <trkpt lat="50.034523" lon="8.5813324">
        <ele>109.7</ele>
        <time>2026-09-06T19:54:11Z</time>
        <hdop>3.6</hdop>
        <extensions>
          <osmand:speed>7.4</osmand:speed>
        </extensions>
      </trkpt>
      <trkpt lat="50.0341412" lon="8.5815485">
        <ele>109.7</ele>
        <time>2026-09-06T19:54:17Z</time>
        <hdop>4.1</hdop>
        <extensions>
          <osmand:speed>7.5</osmand:speed>
        </extensions>
      </trkpt>
      <trkpt lat="50.0337595" lon="8.5817728">
        <ele>109.7</ele>
        <time>2026-09-06T19:54:23Z</time>
        <hdop>3.1</hdop>
        <extensions>
          <osmand:speed>7.4</osmand:speed>
        </extensions>
      </trkpt>
      <trkpt lat="50.0334252" lon="8.5820043">
        <ele>108.7</ele>
        <time>2026-09-06T19:54:29Z</time>
        <hdop>7.1</hdop>
        <extensions>
          <osmand:speed>6.8</osmand:speed>
        </extensions>
      </trkpt>
      <trkpt lat="50.0331057" lon="8.582212">
        <ele>109.7</ele>
        <time>2026-09-06T19:54:35Z</time>
        <hdop>8.2</hdop>
        <extensions>
          <osmand:speed>6.2</osmand:speed>
        </extensions>
      </trkpt>
      <trkpt lat="50.0328588" lon="8.5823545">
        <ele>107.7</ele>
        <time>2026-09-06T19:54:41Z</time>
        <hdop>9.2</hdop>
        <extensions>
          <osmand:speed>3.4</osmand:speed>
        </extensions>
      </trkpt>
      <trkpt lat="50.032684" lon="8.5822775">
        <ele>107.7</ele>
        <time>2026-09-06T19:54:47Z</time>
        <hdop>8.2</hdop>
        <extensions>
          <osmand:speed>3.5</osmand:speed>
        </extensions>
      </trkpt>
      <trkpt lat="50.0325774" lon="8.5819713">
        <ele>109.7</ele>
        <time>2026-09-06T19:54:53Z</time>
        <hdop>7.1</hdop>
        <extensions>
          <osmand:speed>4.5</osmand:speed>
        </extensions>
      </trkpt>
      <trkpt lat="50.032471" lon="8.5815953">
        <ele>108.7</ele>
        <time>2026-09-06T19:54:59Z</time>
        <hdop>5.6</hdop>
        <extensions>
          <osmand:speed>4.8</osmand:speed>
        </extensions>
      </trkpt>
      <trkpt lat="50.0323984" lon="8.5812619">
        <ele>109.7</ele>
        <time>2026-09-06T19:55:05Z</time>
        <hdop>6.6</hdop>
        <extensions>
          <osmand:speed>3</osmand:speed>
        </extensions>
      </trkpt>
      <trkpt lat="50.0323638" lon="8.5811019">
        <ele>109.7</ele>
        <time>2026-09-06T19:55:11Z</time>
        <hdop>7.1</hdop>
        <extensions>
          <osmand:speed>1.4</osmand:speed>
        </extensions>
      </trkpt>
      <trkpt lat="50.0323486" lon="8.5810074">
        <ele>109.7</ele>
        <time>2026-09-06T19:55:17Z</time>
        <hdop>7.7</hdop>
      </trkpt>
      <trkpt lat="50.0323486" lon="8.5810074">
        <ele>109.7</ele>
        <time>2026-09-06T19:55:23Z</time>
        <hdop>8.2</hdop>
      </trkpt>
    </trkseg>
  </trk>
  <extensions>
    <osmand:show_arrows>false</osmand:show_arrows>
    <osmand:show_start_finish>true</osmand:show_start_finish>
    <osmand:split_interval>0.0</osmand:split_interval>
    <osmand:split_type>no_split</osmand:split_type>
    <osmand:line_3d_visualization_by_type>none</osmand:line_3d_visualization_by_type>
    <osmand:line_3d_visualization_wall_color_type>none</osmand:line_3d_visualization_wall_color_type>
    <osmand:line_3d_visualization_position_type>top</osmand:line_3d_visualization_position_type>
    <osmand:vertical_exaggeration_scale>1.0</osmand:vertical_exaggeration_scale>
    <osmand:elevation_meters>1000.0</osmand:elevation_meters>
    <osmand:color>#D00D0D</osmand:color>
    <osmand:width></osmand:width>
    <osmand:coloring_type>solid</osmand:coloring_type>
  </extensions>
</gpx>
