<?xml version='1.0' encoding='UTF-8' standalone='yes' ?>
<gpx version="1.1" creator="OsmAnd~ 5.3.10" xmlns="http://www.topografix.com/GPX/1/1" xmlns:osmand="https://osmand.net/docs/technical/osmand-file-formats/osmand-gpx" xmlns:gpxtpx="https://www8.garmin.com/xmlschemas/TrackPointExtensionv1.xsd" xmlns:xsi="http://www.w3.org/2001/XMLSchema-instance" xsi:schemaLocation="http://www.topografix.com/GPX/1/1 https://www.topografix.com/GPX/1/1/gpx.xsd">
  <metadata>
    <name>KL 1254 HEL - AMS 2</name>
  </metadata>
  <trk>
    <trkseg>
      <trkpt lat="60.3181763" lon="24.970592">
        <ele>46.6</ele>
        <time>2026-09-06T15:15:35Z</time>
        <hdop>7.1</hdop>
      </trkpt>
      <trkpt lat="60.3181801" lon="24.9704632">
        <ele>54.6</ele>
        <time>2026-09-06T15:15:41Z</time>
        <hdop>9.2</hdop>
      </trkpt>
      <trkpt lat="60.3182152" lon="24.9704744">
        <ele>47.6</ele>
        <time>2026-09-06T15:15:47Z</time>
        <hdop>4.6</hdop>
        <extensions>
          <osmand:speed>0.3</osmand:speed>
        </extensions>
      </trkpt>
      <trkpt lat="60.3182126" lon="24.9704963">
        <ele>47.6</ele>
        <time>2026-09-06T15:15:53Z</time>
        <hdop>1</hdop>
      </trkpt>
      <trkpt lat="60.3182126" lon="24.9704963">
        <ele>47.6</ele>
        <time>2026-09-06T15:15:59Z</time>
        <hdop>1</hdop>
      </trkpt>
      <trkpt lat="60.3182126" lon="24.9704963">
        <ele>47.6</ele>
        <time>2026-09-06T15:16:05Z</time>
        <hdop>1</hdop>
      </trkpt>
      <trkpt lat="60.3182126" lon="24.9704963">
        <ele>47.6</ele>
        <time>2026-09-06T15:16:11Z</time>
        <hdop>1</hdop>
      </trkpt>
      <trkpt lat="60.3182126" lon="24.9704963">
        <ele>47.6</ele>
        <time>2026-09-06T15:16:17Z</time>
        <hdop>2</hdop>
      </trkpt>
      <trkpt lat="60.3182126" lon="24.9704963">
        <ele>47.6</ele>
        <time>2026-09-06T15:16:23Z</time>
        <hdop>1</hdop>
      </trkpt>
      <trkpt lat="60.3182126" lon="24.9704963">
        <ele>47.6</ele>
        <time>2026-09-06T15:16:29Z</time>
        <hdop>1</hdop>
      </trkpt>
      <trkpt lat="60.3182126" lon="24.9704963">
        <ele>47.6</ele>
        <time>2026-09-06T15:16:35Z</time>
        <hdop>1</hdop>
      </trkpt>
      <trkpt lat="60.3182197" lon="24.9704909">
        <ele>48.6</ele>
        <time>2026-09-06T15:16:41Z</time>
        <hdop>3.1</hdop>
        <extensions>
          <osmand:speed>0</osmand:speed>
        </extensions>
      </trkpt>
      <trkpt lat="60.3182168" lon="24.9704934">
        <ele>48.6</ele>
        <time>2026-09-06T15:16:47Z</time>
        <hdop>0.5</hdop>
      </trkpt>
      <trkpt lat="60.3182168" lon="24.9704934">
        <ele>48.6</ele>
        <time>2026-09-06T15:16:53Z</time>
        <hdop>0.5</hdop>
      </trkpt>
      <trkpt lat="60.3182168" lon="24.9704934">
        <ele>48.6</ele>
        <time>2026-09-06T15:16:59Z</time>
        <hdop>0.5</hdop>
      </trkpt>
      <trkpt lat="60.3182168" lon="24.9704934">
        <ele>48.6</ele>
        <time>2026-09-06T15:17:05Z</time>
        <hdop>0.5</hdop>
      </trkpt>
      <trkpt lat="60.3182168" lon="24.9704934">
        <ele>48.6</ele>
        <time>2026-09-06T15:17:11Z</time>
        <hdop>0.5</hdop>
      </trkpt>
      <trkpt lat="60.3182168" lon="24.9704934">
        <ele>48.6</ele>
        <time>2026-09-06T15:17:17Z</time>
        <hdop>0.5</hdop>
      </trkpt>
      <trkpt lat="60.3182162" lon="24.9704978">
        <ele>48.6</ele>
        <time>2026-09-06T15:17:23Z</time>
        <hdop>0.5</hdop>
      </trkpt>
      <trkpt lat="60.3182162" lon="24.9704978">
        <ele>48.6</ele>
        <time>2026-09-06T15:17:29Z</time>
        <hdop>1</hdop>
      </trkpt>
      <trkpt lat="60.3182162" lon="24.9704978">
        <ele>48.6</ele>
        <time>2026-09-06T15:17:35Z</time>
        <hdop>0.5</hdop>
      </trkpt>
      <trkpt lat="60.3182162" lon="24.9704978">
        <ele>48.6</ele>
        <time>2026-09-06T15:17:41Z</time>
        <hdop>1</hdop>
      </trkpt>
      <trkpt lat="60.3182153" lon="24.9704971">
        <ele>48.6</ele>
        <time>2026-09-06T15:17:47Z</time>
        <hdop>2.6</hdop>
      </trkpt>
      <trkpt lat="60.3182153" lon="24.9704971">
        <ele>48.6</ele>
        <time>2026-09-06T15:17:53Z</time>
        <hdop>2</hdop>
      </trkpt>
      <trkpt lat="60.3182153" lon="24.9704971">
        <ele>48.6</ele>
        <time>2026-09-06T15:17:59Z</time>
        <hdop>2</hdop>
      </trkpt>
      <trkpt lat="60.3182153" lon="24.9704971">
        <ele>48.6</ele>
        <time>2026-09-06T15:18:05Z</time>
        <hdop>2</hdop>
      </trkpt>
      <trkpt lat="60.3182153" lon="24.9704971">
        <ele>48.6</ele>
        <time>2026-09-06T15:18:11Z</time>
        <hdop>2</hdop>
      </trkpt>
      <trkpt lat="60.3182111" lon="24.9704976">
        <ele>48.6</ele>
        <time>2026-09-06T15:18:17Z</time>
        <hdop>1.5</hdop>
        <extensions>
          <osmand:speed>0.2</osmand:speed>
        </extensions>
      </trkpt>
      <trkpt lat="60.318212" lon="24.9704972">
        <ele>48.6</ele>
        <time>2026-09-06T15:18:23Z</time>
        <hdop>0.5</hdop>
      </trkpt>
      <trkpt lat="60.318212" lon="24.9704972">
        <ele>48.6</ele>
        <time>2026-09-06T15:18:29Z</time>
        <hdop>0.5</hdop>
      </trkpt>
      <trkpt lat="60.318212" lon="24.9704972">
        <ele>48.6</ele>
        <time>2026-09-06T15:18:35Z</time>
        <hdop>0.5</hdop>
      </trkpt>
      <trkpt lat="60.318212" lon="24.9704972">
        <ele>48.6</ele>
        <time>2026-09-06T15:18:41Z</time>
        <hdop>0.5</hdop>
      </trkpt>
      <trkpt lat="60.318212" lon="24.9704972">
        <ele>48.6</ele>
        <time>2026-09-06T15:18:47Z</time>
        <hdop>1</hdop>
      </trkpt>
      <trkpt lat="60.318212" lon="24.9704972">
        <ele>48.6</ele>
        <time>2026-09-06T15:18:53Z</time>
        <hdop>1</hdop>
      </trkpt>
      <trkpt lat="60.318212" lon="24.9704972">
        <ele>48.6</ele>
        <time>2026-09-06T15:18:59Z</time>
        <hdop>1</hdop>
      </trkpt>
      <trkpt lat="60.318212" lon="24.9704972">
        <ele>48.6</ele>
        <time>2026-09-06T15:19:05Z</time>
        <hdop>1</hdop>
      </trkpt>
      <trkpt lat="60.318212" lon="24.9704972">
        <ele>48.6</ele>
        <time>2026-09-06T15:19:11Z</time>
        <hdop>1</hdop>
      </trkpt>
      <trkpt lat="60.318212" lon="24.9704972">
        <ele>48.6</ele>
        <time>2026-09-06T15:19:17Z</time>
        <hdop>1.5</hdop>
      </trkpt>
      <trkpt lat="60.318212" lon="24.9704972">
        <ele>48.6</ele>
        <time>2026-09-06T15:19:23Z</time>
        <hdop>1.5</hdop>
      </trkpt>
      <trkpt lat="60.318212" lon="24.9704972">
        <ele>48.6</ele>
        <time>2026-09-06T15:19:29Z</time>
        <hdop>1.5</hdop>
      </trkpt>
      <trkpt lat="60.318212" lon="24.9704972">
        <ele>48.6</ele>
        <time>2026-09-06T15:19:35Z</time>
        <hdop>1.5</hdop>
      </trkpt>
      <trkpt lat="60.318212" lon="24.9704972">
        <ele>48.6</ele>
        <time>2026-09-06T15:19:41Z</time>
        <hdop>1.5</hdop>
      </trkpt>
      <trkpt lat="60.318212" lon="24.9704972">
        <ele>48.6</ele>
        <time>2026-09-06T15:19:47Z</time>
        <hdop>2</hdop>
      </trkpt>
      <trkpt lat="60.318212" lon="24.9704972">
        <ele>48.6</ele>
        <time>2026-09-06T15:19:53Z</time>
        <hdop>1.5</hdop>
      </trkpt>
      <trkpt lat="60.318212" lon="24.9704972">
        <ele>48.6</ele>
        <time>2026-09-06T15:19:59Z</time>
        <hdop>0.5</hdop>
      </trkpt>
      <trkpt lat="60.3182136" lon="24.9704963">
        <ele>48.6</ele>
        <time>2026-09-06T15:20:05Z</time>
        <hdop>4.1</hdop>
        <extensions>
          <osmand:speed>0.4</osmand:speed>
        </extensions>
      </trkpt>
      <trkpt lat="60.3182155" lon="24.9704965">
        <ele>48.6</ele>
        <time>2026-09-06T15:20:11Z</time>
        <hdop>1.5</hdop>
      </trkpt>
      <trkpt lat="60.3182134" lon="24.9704977">
        <ele>48.6</ele>
        <time>2026-09-06T15:20:17Z</time>
        <hdop>0.5</hdop>
      </trkpt>
      <trkpt lat="60.3182131" lon="24.9704978">
        <ele>48.6</ele>
        <time>2026-09-06T15:20:23Z</time>
        <hdop>0.5</hdop>
      </trkpt>
      <trkpt lat="60.3182131" lon="24.9704978">
        <ele>48.6</ele>
        <time>2026-09-06T15:20:29Z</time>
        <hdop>0.5</hdop>
      </trkpt>
      <trkpt lat="60.3182131" lon="24.9704978">
        <ele>48.6</ele>
        <time>2026-09-06T15:20:35Z</time>
        <hdop>0.5</hdop>
      </trkpt>
      <trkpt lat="60.3182131" lon="24.9704978">
        <ele>48.6</ele>
        <time>2026-09-06T15:20:41Z</time>
        <hdop>0.5</hdop>
      </trkpt>
      <trkpt lat="60.3182131" lon="24.9704978">
        <ele>48.6</ele>
        <time>2026-09-06T15:20:47Z</time>
        <hdop>0.5</hdop>
      </trkpt>
      <trkpt lat="60.3182131" lon="24.9704978">
        <ele>48.6</ele>
        <time>2026-09-06T15:20:53Z</time>
        <hdop>0.5</hdop>
      </trkpt>
      <trkpt lat="60.3182131" lon="24.9704978">
        <ele>48.6</ele>
        <time>2026-09-06T15:20:59Z</time>
        <hdop>0.5</hdop>
      </trkpt>
      <trkpt lat="60.3182131" lon="24.9704978">
        <ele>48.6</ele>
        <time>2026-09-06T15:21:05Z</time>
        <hdop>0.5</hdop>
      </trkpt>
      <trkpt lat="60.3182131" lon="24.9704978">
        <ele>48.6</ele>
        <time>2026-09-06T15:21:11Z</time>
        <hdop>0.5</hdop>
      </trkpt>
      <trkpt lat="60.3182131" lon="24.9704978">
        <ele>48.6</ele>
        <time>2026-09-06T15:21:17Z</time>
        <hdop>1</hdop>
      </trkpt>
      <trkpt lat="60.3182131" lon="24.9704978">
        <ele>48.6</ele>
        <time>2026-09-06T15:21:23Z</time>
        <hdop>1</hdop>
      </trkpt>
      <trkpt lat="60.3182131" lon="24.9704978">
        <ele>48.6</ele>
        <time>2026-09-06T15:21:29Z</time>
        <hdop>1</hdop>
      </trkpt>
      <trkpt lat="60.3182131" lon="24.9704978">
        <ele>48.6</ele>
        <time>2026-09-06T15:21:35Z</time>
        <hdop>1</hdop>
      </trkpt>
      <trkpt lat="60.3182131" lon="24.9704978">
        <ele>48.6</ele>
        <time>2026-09-06T15:21:41Z</time>
        <hdop>1</hdop>
      </trkpt>
      <trkpt lat="60.3182131" lon="24.9704978">
        <ele>48.6</ele>
        <time>2026-09-06T15:21:47Z</time>
        <hdop>1.5</hdop>
      </trkpt>
      <trkpt lat="60.3182131" lon="24.9704978">
        <ele>48.6</ele>
        <time>2026-09-06T15:21:53Z</time>
        <hdop>1.5</hdop>
      </trkpt>
      <trkpt lat="60.3182131" lon="24.9704978">
        <ele>48.6</ele>
        <time>2026-09-06T15:21:59Z</time>
        <hdop>1.5</hdop>
      </trkpt>
      <trkpt lat="60.3182131" lon="24.9704978">
        <ele>48.6</ele>
        <time>2026-09-06T15:22:05Z</time>
        <hdop>1.5</hdop>
      </trkpt>
      <trkpt lat="60.3182131" lon="24.9704978">
        <ele>48.6</ele>
        <time>2026-09-06T15:22:11Z</time>
        <hdop>1.5</hdop>
      </trkpt>
      <trkpt lat="60.3182131" lon="24.9704978">
        <ele>48.6</ele>
        <time>2026-09-06T15:22:17Z</time>
        <hdop>1.5</hdop>
      </trkpt>
      <trkpt lat="60.3182131" lon="24.9704978">
        <ele>48.6</ele>
        <time>2026-09-06T15:22:23Z</time>
        <hdop>1.5</hdop>
      </trkpt>
      <trkpt lat="60.3182131" lon="24.9704978">
        <ele>48.6</ele>
        <time>2026-09-06T15:22:29Z</time>
        <hdop>2</hdop>
      </trkpt>
      <trkpt lat="60.3182131" lon="24.9704978">
        <ele>48.6</ele>
        <time>2026-09-06T15:22:35Z</time>
        <hdop>1.5</hdop>
      </trkpt>
      <trkpt lat="60.3182131" lon="24.9704978">
        <ele>48.6</ele>
        <time>2026-09-06T15:22:41Z</time>
        <hdop>2</hdop>
      </trkpt>
      <trkpt lat="60.3182131" lon="24.9704978">
        <ele>48.6</ele>
        <time>2026-09-06T15:22:47Z</time>
        <hdop>2</hdop>
      </trkpt>
      <trkpt lat="60.3182131" lon="24.9704978">
        <ele>48.6</ele>
        <time>2026-09-06T15:22:53Z</time>
        <hdop>2</hdop>
      </trkpt>
      <trkpt lat="60.3182131" lon="24.9704978">
        <ele>48.6</ele>
        <time>2026-09-06T15:22:59Z</time>
        <hdop>2.6</hdop>
      </trkpt>
      <trkpt lat="60.3182131" lon="24.9704978">
        <ele>48.6</ele>
        <time>2026-09-06T15:23:05Z</time>
        <hdop>2</hdop>
      </trkpt>
      <trkpt lat="60.3182131" lon="24.9704978">
        <ele>48.6</ele>
        <time>2026-09-06T15:23:11Z</time>
        <hdop>2.6</hdop>
      </trkpt>
      <trkpt lat="60.3182131" lon="24.9704978">
        <ele>48.6</ele>
        <time>2026-09-06T15:23:17Z</time>
        <hdop>2</hdop>
      </trkpt>
      <trkpt lat="60.3182131" lon="24.9704978">
        <ele>48.6</ele>
        <time>2026-09-06T15:23:23Z</time>
        <hdop>2.6</hdop>
      </trkpt>
      <trkpt lat="60.3182131" lon="24.9704978">
        <ele>48.6</ele>
        <time>2026-09-06T15:23:29Z</time>
        <hdop>2</hdop>
      </trkpt>
      <trkpt lat="60.3182131" lon="24.9704978">
        <ele>48.6</ele>
        <time>2026-09-06T15:23:35Z</time>
        <hdop>0.5</hdop>
      </trkpt>
      <trkpt lat="60.3182131" lon="24.9704978">
        <ele>48.6</ele>
        <time>2026-09-06T15:23:41Z</time>
        <hdop>0.5</hdop>
      </trkpt>
      <trkpt lat="60.3182139" lon="24.9704971">
        <ele>48.6</ele>
        <time>2026-09-06T15:23:47Z</time>
        <hdop>1.5</hdop>
        <extensions>
          <osmand:speed>0.5</osmand:speed>
        </extensions>
      </trkpt>
      <trkpt lat="60.3182157" lon="24.9704965">
        <ele>48.6</ele>
        <time>2026-09-06T15:23:53Z</time>
        <hdop>1.5</hdop>
        <extensions>
          <osmand:speed>0.2</osmand:speed>
        </extensions>
      </trkpt>
      <trkpt lat="60.3182138" lon="24.9704973">
        <ele>47.6</ele>
        <time>2026-09-06T15:23:59Z</time>
        <hdop>2</hdop>
      </trkpt>
      <trkpt lat="60.3182111" lon="24.9704967">
        <ele>47.6</ele>
        <time>2026-09-06T15:24:05Z</time>
        <hdop>0.5</hdop>
      </trkpt>
      <trkpt lat="60.3182117" lon="24.9704969">
        <ele>47.6</ele>
        <time>2026-09-06T15:24:11Z</time>
        <hdop>1.5</hdop>
      </trkpt>
      <trkpt lat="60.3182147" lon="24.9704958">
        <ele>48.6</ele>
        <time>2026-09-06T15:24:17Z</time>
        <hdop>0.5</hdop>
      </trkpt>
      <trkpt lat="60.3182147" lon="24.9704958">
        <ele>48.6</ele>
        <time>2026-09-06T15:24:23Z</time>
        <hdop>0.5</hdop>
      </trkpt>
      <trkpt lat="60.3182147" lon="24.9704958">
        <ele>48.6</ele>
        <time>2026-09-06T15:24:29Z</time>
        <hdop>0.5</hdop>
      </trkpt>
      <trkpt lat="60.3182164" lon="24.9704971">
        <ele>49.6</ele>
        <time>2026-09-06T15:24:35Z</time>
        <hdop>1.5</hdop>
        <extensions>
          <osmand:speed>0.3</osmand:speed>
        </extensions>
      </trkpt>
      <trkpt lat="60.3182155" lon="24.9704974">
        <ele>49.6</ele>
        <time>2026-09-06T15:24:41Z</time>
        <hdop>0.5</hdop>
      </trkpt>
      <trkpt lat="60.3182155" lon="24.9704974">
        <ele>49.6</ele>
        <time>2026-09-06T15:24:47Z</time>
        <hdop>0.5</hdop>
      </trkpt>
      <trkpt lat="60.3182155" lon="24.9704974">
        <ele>49.6</ele>
        <time>2026-09-06T15:24:53Z</time>
        <hdop>0.5</hdop>
      </trkpt>
      <trkpt lat="60.3182155" lon="24.9704974">
        <ele>49.6</ele>
        <time>2026-09-06T15:24:59Z</time>
        <hdop>0.5</hdop>
      </trkpt>
      <trkpt lat="60.3182155" lon="24.9704974">
        <ele>49.6</ele>
        <time>2026-09-06T15:25:05Z</time>
        <hdop>0.5</hdop>
      </trkpt>
      <trkpt lat="60.3182155" lon="24.9704974">
        <ele>49.6</ele>
        <time>2026-09-06T15:25:11Z</time>
        <hdop>0.5</hdop>
      </trkpt>
      <trkpt lat="60.3182155" lon="24.9704974">
        <ele>49.6</ele>
        <time>2026-09-06T15:25:17Z</time>
        <hdop>1</hdop>
      </trkpt>
      <trkpt lat="60.3182155" lon="24.9704974">
        <ele>49.6</ele>
        <time>2026-09-06T15:25:23Z</time>
        <hdop>1</hdop>
      </trkpt>
      <trkpt lat="60.3182155" lon="24.9704974">
        <ele>49.6</ele>
        <time>2026-09-06T15:25:29Z</time>
        <hdop>1</hdop>
      </trkpt>
      <trkpt lat="60.3182155" lon="24.9704974">
        <ele>49.6</ele>
        <time>2026-09-06T15:25:35Z</time>
        <hdop>1</hdop>
      </trkpt>
      <trkpt lat="60.3182155" lon="24.9704974">
        <ele>49.6</ele>
        <time>2026-09-06T15:25:41Z</time>
        <hdop>1</hdop>
      </trkpt>
      <trkpt lat="60.3182155" lon="24.9704974">
        <ele>49.6</ele>
        <time>2026-09-06T15:25:47Z</time>
        <hdop>1</hdop>
      </trkpt>
      <trkpt lat="60.3182155" lon="24.9704974">
        <ele>49.6</ele>
        <time>2026-09-06T15:25:53Z</time>
        <hdop>1</hdop>
      </trkpt>
      <trkpt lat="60.3182155" lon="24.9704974">
        <ele>49.6</ele>
        <time>2026-09-06T15:25:59Z</time>
        <hdop>1</hdop>
      </trkpt>
      <trkpt lat="60.3182155" lon="24.9704974">
        <ele>49.6</ele>
        <time>2026-09-06T15:26:05Z</time>
        <hdop>1.5</hdop>
      </trkpt>
      <trkpt lat="60.3182155" lon="24.9704974">
        <ele>49.6</ele>
        <time>2026-09-06T15:26:11Z</time>
        <hdop>1.5</hdop>
      </trkpt>
      <trkpt lat="60.3182155" lon="24.9704974">
        <ele>49.6</ele>
        <time>2026-09-06T15:26:17Z</time>
        <hdop>2</hdop>
      </trkpt>
      <trkpt lat="60.3182155" lon="24.9704974">
        <ele>49.6</ele>
        <time>2026-09-06T15:26:23Z</time>
        <hdop>1.5</hdop>
      </trkpt>
      <trkpt lat="60.3182155" lon="24.9704974">
        <ele>49.6</ele>
        <time>2026-09-06T15:26:29Z</time>
        <hdop>1.5</hdop>
      </trkpt>
      <trkpt lat="60.3182155" lon="24.9704974">
        <ele>49.6</ele>
        <time>2026-09-06T15:26:35Z</time>
        <hdop>1.5</hdop>
      </trkpt>
      <trkpt lat="60.3182155" lon="24.9704974">
        <ele>49.6</ele>
        <time>2026-09-06T15:26:41Z</time>
        <hdop>1.5</hdop>
      </trkpt>
      <trkpt lat="60.3182155" lon="24.9704974">
        <ele>49.6</ele>
        <time>2026-09-06T15:26:47Z</time>
        <hdop>1.5</hdop>
      </trkpt>
      <trkpt lat="60.3182155" lon="24.9704974">
        <ele>49.6</ele>
        <time>2026-09-06T15:26:53Z</time>
        <hdop>1.5</hdop>
      </trkpt>
      <trkpt lat="60.3182155" lon="24.9704974">
        <ele>49.6</ele>
        <time>2026-09-06T15:26:59Z</time>
        <hdop>2</hdop>
      </trkpt>
      <trkpt lat="60.3182155" lon="24.9704974">
        <ele>49.6</ele>
        <time>2026-09-06T15:27:05Z</time>
        <hdop>1.5</hdop>
      </trkpt>
      <trkpt lat="60.3182155" lon="24.9704974">
        <ele>49.6</ele>
        <time>2026-09-06T15:27:11Z</time>
        <hdop>2</hdop>
      </trkpt>
      <trkpt lat="60.3182155" lon="24.9704974">
        <ele>49.6</ele>
        <time>2026-09-06T15:27:17Z</time>
        <hdop>2</hdop>
      </trkpt>
      <trkpt lat="60.3182155" lon="24.9704974">
        <ele>49.6</ele>
        <time>2026-09-06T15:27:23Z</time>
        <hdop>1.5</hdop>
      </trkpt>
      <trkpt lat="60.3182155" lon="24.9704974">
        <ele>49.6</ele>
        <time>2026-09-06T15:27:29Z</time>
        <hdop>2</hdop>
      </trkpt>
      <trkpt lat="60.3182155" lon="24.9704974">
        <ele>49.6</ele>
        <time>2026-09-06T15:27:35Z</time>
        <hdop>2</hdop>
      </trkpt>
      <trkpt lat="60.3182155" lon="24.9704974">
        <ele>49.6</ele>
        <time>2026-09-06T15:27:41Z</time>
        <hdop>2</hdop>
      </trkpt>
      <trkpt lat="60.3182155" lon="24.9704974">
        <ele>49.6</ele>
        <time>2026-09-06T15:27:47Z</time>
        <hdop>2</hdop>
      </trkpt>
      <trkpt lat="60.3182155" lon="24.9704974">
        <ele>49.6</ele>
        <time>2026-09-06T15:27:53Z</time>
        <hdop>2</hdop>
      </trkpt>
      <trkpt lat="60.3182155" lon="24.9704974">
        <ele>49.6</ele>
        <time>2026-09-06T15:27:59Z</time>
        <hdop>2</hdop>
      </trkpt>
      <trkpt lat="60.3182155" lon="24.9704974">
        <ele>49.6</ele>
        <time>2026-09-06T15:28:05Z</time>
        <hdop>2.6</hdop>
      </trkpt>
      <trkpt lat="60.3182155" lon="24.9704974">
        <ele>49.6</ele>
        <time>2026-09-06T15:28:11Z</time>
        <hdop>2.6</hdop>
      </trkpt>
      <trkpt lat="60.3182155" lon="24.9704974">
        <ele>49.6</ele>
        <time>2026-09-06T15:28:17Z</time>
        <hdop>2.6</hdop>
      </trkpt>
      <trkpt lat="60.3182155" lon="24.9704974">
        <ele>49.6</ele>
        <time>2026-09-06T15:28:23Z</time>
        <hdop>2</hdop>
      </trkpt>
      <trkpt lat="60.3182155" lon="24.9704974">
        <ele>49.6</ele>
        <time>2026-09-06T15:28:29Z</time>
        <hdop>2</hdop>
      </trkpt>
      <trkpt lat="60.3182168" lon="24.9705037">
        <ele>48.6</ele>
        <time>2026-09-06T15:28:35Z</time>
        <hdop>1.5</hdop>
        <extensions>
          <osmand:speed>0.6</osmand:speed>
        </extensions>
      </trkpt>
      <trkpt lat="60.3182322" lon="24.9706096">
        <ele>49.6</ele>
        <time>2026-09-06T15:28:41Z</time>
        <hdop>6.1</hdop>
        <extensions>
          <osmand:speed>1.3</osmand:speed>
        </extensions>
      </trkpt>
      <trkpt lat="60.3182729" lon="24.970723">
        <ele>48.6</ele>
        <time>2026-09-06T15:28:47Z</time>
        <hdop>7.7</hdop>
        <extensions>
          <osmand:speed>1.4</osmand:speed>
        </extensions>
      </trkpt>
      <trkpt lat="60.318324" lon="24.970883">
        <ele>46.6</ele>
        <time>2026-09-06T15:28:54Z</time>
        <hdop>7.1</hdop>
        <extensions>
          <osmand:speed>1.6</osmand:speed>
        </extensions>
      </trkpt>
      <trkpt lat="60.3183775" lon="24.9710324">
        <ele>46.6</ele>
        <time>2026-09-06T15:29:00Z</time>
        <hdop>9.7</hdop>
        <extensions>
          <osmand:speed>1.4</osmand:speed>
        </extensions>
      </trkpt>
      <trkpt lat="60.3184314" lon="24.9711628">
        <ele>46.6</ele>
        <time>2026-09-06T15:29:06Z</time>
        <hdop>10.2</hdop>
        <extensions>
          <osmand:speed>1.5</osmand:speed>
        </extensions>
      </trkpt>
      <trkpt lat="60.3184757" lon="24.9712977">
        <ele>44.6</ele>
        <time>2026-09-06T15:29:12Z</time>
        <hdop>9.7</hdop>
        <extensions>
          <osmand:speed>1.4</osmand:speed>
        </extensions>
      </trkpt>
      <trkpt lat="60.318494" lon="24.9714105">
        <ele>43.6</ele>
        <time>2026-09-06T15:29:18Z</time>
        <hdop>10.7</hdop>
        <extensions>
          <osmand:speed>1</osmand:speed>
        </extensions>
      </trkpt>
      <trkpt lat="60.3184931" lon="24.9715278">
        <ele>43.6</ele>
        <time>2026-09-06T15:29:24Z</time>
        <hdop>10.7</hdop>
        <extensions>
          <osmand:speed>1.3</osmand:speed>
        </extensions>
      </trkpt>
      <trkpt lat="60.3184697" lon="24.9716385">
        <ele>42.6</ele>
        <time>2026-09-06T15:29:30Z</time>
        <hdop>7.7</hdop>
        <extensions>
          <osmand:speed>0.9</osmand:speed>
        </extensions>
      </trkpt>
      <trkpt lat="60.3184432" lon="24.971699">
        <ele>41.6</ele>
        <time>2026-09-06T15:29:36Z</time>
        <hdop>7.1</hdop>
        <extensions>
          <osmand:speed>0.7</osmand:speed>
        </extensions>
      </trkpt>
      <trkpt lat="60.3184195" lon="24.9717228">
        <ele>42.6</ele>
        <time>2026-09-06T15:29:42Z</time>
        <hdop>6.6</hdop>
      </trkpt>
      <trkpt lat="60.3184195" lon="24.9717228">
        <ele>42.6</ele>
        <time>2026-09-06T15:29:48Z</time>
        <hdop>5.1</hdop>
      </trkpt>
      <trkpt lat="60.3184195" lon="24.9717228">
        <ele>42.6</ele>
        <time>2026-09-06T15:29:54Z</time>
        <hdop>6.6</hdop>
      </trkpt>
      <trkpt lat="60.3184195" lon="24.9717228">
        <ele>42.6</ele>
        <time>2026-09-06T15:30:00Z</time>
        <hdop>6.6</hdop>
      </trkpt>
      <trkpt lat="60.3184195" lon="24.9717228">
        <ele>42.6</ele>
        <time>2026-09-06T15:30:06Z</time>
        <hdop>6.1</hdop>
      </trkpt>
      <trkpt lat="60.3184195" lon="24.9717228">
        <ele>42.6</ele>
        <time>2026-09-06T15:30:12Z</time>
        <hdop>7.7</hdop>
      </trkpt>
      <trkpt lat="60.3184195" lon="24.9717228">
        <ele>42.6</ele>
        <time>2026-09-06T15:30:18Z</time>
        <hdop>5.1</hdop>
      </trkpt>
      <trkpt lat="60.3184195" lon="24.9717228">
        <ele>42.6</ele>
        <time>2026-09-06T15:30:24Z</time>
        <hdop>6.1</hdop>
      </trkpt>
      <trkpt lat="60.3184195" lon="24.9717228">
        <ele>42.6</ele>
        <time>2026-09-06T15:30:30Z</time>
        <hdop>7.7</hdop>
      </trkpt>
      <trkpt lat="60.3184195" lon="24.9717228">
        <ele>42.6</ele>
        <time>2026-09-06T15:30:36Z</time>
        <hdop>8.2</hdop>
      </trkpt>
      <trkpt lat="60.3184195" lon="24.9717228">
        <ele>42.6</ele>
        <time>2026-09-06T15:30:42Z</time>
        <hdop>5.1</hdop>
      </trkpt>
      <trkpt lat="60.3184195" lon="24.9717228">
        <ele>42.6</ele>
        <time>2026-09-06T15:30:48Z</time>
        <hdop>6.6</hdop>
      </trkpt>
      <trkpt lat="60.3184195" lon="24.9717228">
        <ele>42.6</ele>
        <time>2026-09-06T15:30:54Z</time>
        <hdop>6.1</hdop>
      </trkpt>
      <trkpt lat="60.3184195" lon="24.9717228">
        <ele>42.6</ele>
        <time>2026-09-06T15:31:00Z</time>
        <hdop>6.1</hdop>
      </trkpt>
      <trkpt lat="60.3184195" lon="24.9717228">
        <ele>42.6</ele>
        <time>2026-09-06T15:31:06Z</time>
        <hdop>9.2</hdop>
      </trkpt>
      <trkpt lat="60.3184195" lon="24.9717228">
        <ele>42.6</ele>
        <time>2026-09-06T15:31:12Z</time>
        <hdop>6.6</hdop>
      </trkpt>
      <trkpt lat="60.3184195" lon="24.9717228">
        <ele>42.6</ele>
        <time>2026-09-06T15:31:18Z</time>
        <hdop>6.1</hdop>
      </trkpt>
      <trkpt lat="60.3184195" lon="24.9717228">
        <ele>42.6</ele>
        <time>2026-09-06T15:31:24Z</time>
        <hdop>6.1</hdop>
      </trkpt>
      <trkpt lat="60.3184195" lon="24.9717228">
        <ele>42.6</ele>
        <time>2026-09-06T15:31:30Z</time>
        <hdop>5.6</hdop>
      </trkpt>
      <trkpt lat="60.3184195" lon="24.9717228">
        <ele>42.6</ele>
        <time>2026-09-06T15:31:36Z</time>
        <hdop>8.7</hdop>
      </trkpt>
      <trkpt lat="60.3184195" lon="24.9717228">
        <ele>42.6</ele>
        <time>2026-09-06T15:31:42Z</time>
        <hdop>10.2</hdop>
      </trkpt>
      <trkpt lat="60.3184195" lon="24.9717228">
        <ele>42.6</ele>
        <time>2026-09-06T15:31:48Z</time>
        <hdop>6.1</hdop>
      </trkpt>
      <trkpt lat="60.3184195" lon="24.9717228">
        <ele>42.6</ele>
        <time>2026-09-06T15:31:54Z</time>
        <hdop>9.7</hdop>
      </trkpt>
      <trkpt lat="60.3184195" lon="24.9717228">
        <ele>42.6</ele>
        <time>2026-09-06T15:32:00Z</time>
        <hdop>8.7</hdop>
      </trkpt>
      <trkpt lat="60.3184195" lon="24.9717228">
        <ele>42.6</ele>
        <time>2026-09-06T15:32:06Z</time>
        <hdop>9.2</hdop>
      </trkpt>
      <trkpt lat="60.3184195" lon="24.9717228">
        <ele>42.6</ele>
        <time>2026-09-06T15:32:12Z</time>
        <hdop>6.1</hdop>
      </trkpt>
      <trkpt lat="60.3184195" lon="24.9717228">
        <ele>42.6</ele>
        <time>2026-09-06T15:32:18Z</time>
        <hdop>6.1</hdop>
      </trkpt>
      <trkpt lat="60.3184195" lon="24.9717228">
        <ele>42.6</ele>
        <time>2026-09-06T15:32:24Z</time>
        <hdop>11.7</hdop>
      </trkpt>
      <trkpt lat="60.3184634" lon="24.9716819">
        <ele>42.6</ele>
        <time>2026-09-06T15:32:30Z</time>
        <hdop>14.3</hdop>
        <extensions>
          <osmand:speed>1.5</osmand:speed>
        </extensions>
      </trkpt>
      <trkpt lat="60.3185752" lon="24.9715959">
        <ele>42.6</ele>
        <time>2026-09-06T15:32:36Z</time>
        <hdop>14.8</hdop>
        <extensions>
          <osmand:speed>2.9</osmand:speed>
        </extensions>
      </trkpt>
      <trkpt lat="60.318744" lon="24.9714207">
        <ele>45.6</ele>
        <time>2026-09-06T15:32:42Z</time>
        <hdop>17.9</hdop>
        <extensions>
          <osmand:speed>4.2</osmand:speed>
        </extensions>
      </trkpt>
      <trkpt lat="60.3189472" lon="24.9711722">
        <ele>47.6</ele>
        <time>2026-09-06T15:32:48Z</time>
        <hdop>11.2</hdop>
        <extensions>
          <osmand:speed>4.8</osmand:speed>
        </extensions>
      </trkpt>
      <trkpt lat="60.319163" lon="24.9709135">
        <ele>48.6</ele>
        <time>2026-09-06T15:32:54Z</time>
        <hdop>9.7</hdop>
        <extensions>
          <osmand:speed>5.3</osmand:speed>
        </extensions>
      </trkpt>
      <trkpt lat="60.3194418" lon="24.9706421">
        <ele>47.6</ele>
        <time>2026-09-06T15:33:00Z</time>
        <hdop>10.2</hdop>
        <extensions>
          <osmand:speed>5.8</osmand:speed>
        </extensions>
      </trkpt>
      <trkpt lat="60.3197322" lon="24.9703282">
        <ele>49.6</ele>
        <time>2026-09-06T15:33:06Z</time>
        <hdop>10.7</hdop>
        <extensions>
          <osmand:speed>6.7</osmand:speed>
        </extensions>
      </trkpt>
      <trkpt lat="60.3200521" lon="24.9699879">
        <ele>53.6</ele>
        <time>2026-09-06T15:33:12Z</time>
        <hdop>5.6</hdop>
        <extensions>
          <osmand:speed>7.3</osmand:speed>
        </extensions>
      </trkpt>
      <trkpt lat="60.320409" lon="24.96963">
        <ele>53.6</ele>
        <time>2026-09-06T15:33:18Z</time>
        <hdop>5.1</hdop>
        <extensions>
          <osmand:speed>7.5</osmand:speed>
        </extensions>
      </trkpt>
      <trkpt lat="60.3207558" lon="24.9692325">
        <ele>53.6</ele>
        <time>2026-09-06T15:33:24Z</time>
        <hdop>5.6</hdop>
        <extensions>
          <osmand:speed>7.2</osmand:speed>
        </extensions>
      </trkpt>
      <trkpt lat="60.3210895" lon="24.9688343">
        <ele>54.6</ele>
        <time>2026-09-06T15:33:30Z</time>
        <hdop>5.1</hdop>
        <extensions>
          <osmand:speed>7.1</osmand:speed>
        </extensions>
      </trkpt>
      <trkpt lat="60.3214232" lon="24.9684358">
        <ele>54.6</ele>
        <time>2026-09-06T15:33:36Z</time>
        <hdop>5.1</hdop>
        <extensions>
          <osmand:speed>7.2</osmand:speed>
        </extensions>
      </trkpt>
      <trkpt lat="60.3217648" lon="24.9680441">
        <ele>53.6</ele>
        <time>2026-09-06T15:33:42Z</time>
        <hdop>5.1</hdop>
        <extensions>
          <osmand:speed>7.5</osmand:speed>
        </extensions>
      </trkpt>
      <trkpt lat="60.3221108" lon="24.9676396">
        <ele>52.6</ele>
        <time>2026-09-06T15:33:48Z</time>
        <hdop>6.1</hdop>
        <extensions>
          <osmand:speed>7.3</osmand:speed>
        </extensions>
      </trkpt>
      <trkpt lat="60.3223783" lon="24.967162">
        <ele>51.6</ele>
        <time>2026-09-06T15:33:54Z</time>
        <hdop>6.1</hdop>
        <extensions>
          <osmand:speed>5.9</osmand:speed>
        </extensions>
      </trkpt>
      <trkpt lat="60.3224035" lon="24.9666093">
        <ele>49.6</ele>
        <time>2026-09-06T15:34:00Z</time>
        <hdop>5.1</hdop>
        <extensions>
          <osmand:speed>5.2</osmand:speed>
        </extensions>
      </trkpt>
      <trkpt lat="60.3222396" lon="24.966107">
        <ele>48.6</ele>
        <time>2026-09-06T15:34:06Z</time>
        <hdop>4.6</hdop>
        <extensions>
          <osmand:speed>6.3</osmand:speed>
        </extensions>
      </trkpt>
      <trkpt lat="60.3219724" lon="24.9655268">
        <ele>47.6</ele>
        <time>2026-09-06T15:34:12Z</time>
        <hdop>7.1</hdop>
        <extensions>
          <osmand:speed>7.9</osmand:speed>
        </extensions>
      </trkpt>
      <trkpt lat="60.3216803" lon="24.9648126">
        <ele>47.6</ele>
        <time>2026-09-06T15:34:18Z</time>
        <hdop>5.1</hdop>
        <extensions>
          <osmand:speed>9.5</osmand:speed>
        </extensions>
      </trkpt>
      <trkpt lat="60.3213018" lon="24.9639697">
        <ele>45.6</ele>
        <time>2026-09-06T15:34:24Z</time>
        <hdop>5.1</hdop>
        <extensions>
          <osmand:speed>11.5</osmand:speed>
        </extensions>
      </trkpt>
      <trkpt lat="60.320865" lon="24.9629932">
        <ele>44.6</ele>
        <time>2026-09-06T15:34:30Z</time>
        <hdop>5.6</hdop>
        <extensions>
          <osmand:speed>12.5</osmand:speed>
        </extensions>
      </trkpt>
      <trkpt lat="60.320413" lon="24.9620034">
        <ele>45.6</ele>
        <time>2026-09-06T15:34:36Z</time>
        <hdop>5.1</hdop>
        <extensions>
          <osmand:speed>12.1</osmand:speed>
        </extensions>
      </trkpt>
      <trkpt lat="60.3199816" lon="24.9610419">
        <ele>45.6</ele>
        <time>2026-09-06T15:34:42Z</time>
        <hdop>4.6</hdop>
        <extensions>
          <osmand:speed>11.6</osmand:speed>
        </extensions>
      </trkpt>
      <trkpt lat="60.3195647" lon="24.9601502">
        <ele>46.6</ele>
        <time>2026-09-06T15:34:48Z</time>
        <hdop>5.6</hdop>
        <extensions>
          <osmand:speed>11</osmand:speed>
        </extensions>
      </trkpt>
      <trkpt lat="60.3191645" lon="24.9592644">
        <ele>46.6</ele>
        <time>2026-09-06T15:34:54Z</time>
        <hdop>5.1</hdop>
        <extensions>
          <osmand:speed>11.1</osmand:speed>
        </extensions>
      </trkpt>
      <trkpt lat="60.318759" lon="24.9583676">
        <ele>45.6</ele>
        <time>2026-09-06T15:35:00Z</time>
        <hdop>6.1</hdop>
        <extensions>
          <osmand:speed>11.3</osmand:speed>
        </extensions>
      </trkpt>
      <trkpt lat="60.3183445" lon="24.957456">
        <ele>45.6</ele>
        <time>2026-09-06T15:35:06Z</time>
        <hdop>5.6</hdop>
        <extensions>
          <osmand:speed>11.2</osmand:speed>
        </extensions>
      </trkpt>
      <trkpt lat="60.3179484" lon="24.9565699">
        <ele>46.6</ele>
        <time>2026-09-06T15:35:12Z</time>
        <hdop>5.1</hdop>
        <extensions>
          <osmand:speed>10.8</osmand:speed>
        </extensions>
      </trkpt>
      <trkpt lat="60.3175613" lon="24.9557059">
        <ele>46.6</ele>
        <time>2026-09-06T15:35:18Z</time>
        <hdop>5.6</hdop>
        <extensions>
          <osmand:speed>10.6</osmand:speed>
        </extensions>
      </trkpt>
      <trkpt lat="60.3171736" lon="24.954863">
        <ele>46.6</ele>
        <time>2026-09-06T15:35:24Z</time>
        <hdop>5.1</hdop>
        <extensions>
          <osmand:speed>10.6</osmand:speed>
        </extensions>
      </trkpt>
      <trkpt lat="60.3167874" lon="24.9540013">
        <ele>46.6</ele>
        <time>2026-09-06T15:35:30Z</time>
        <hdop>5.1</hdop>
        <extensions>
          <osmand:speed>10.9</osmand:speed>
        </extensions>
      </trkpt>
      <trkpt lat="60.3163982" lon="24.9531192">
        <ele>45.6</ele>
        <time>2026-09-06T15:35:36Z</time>
        <hdop>4.6</hdop>
        <extensions>
          <osmand:speed>11.1</osmand:speed>
        </extensions>
      </trkpt>
      <trkpt lat="60.3159941" lon="24.9522326">
        <ele>45.6</ele>
        <time>2026-09-06T15:35:42Z</time>
        <hdop>4.6</hdop>
        <extensions>
          <osmand:speed>11.1</osmand:speed>
        </extensions>
      </trkpt>
      <trkpt lat="60.3155916" lon="24.9513453">
        <ele>45.6</ele>
        <time>2026-09-06T15:35:48Z</time>
        <hdop>5.1</hdop>
        <extensions>
          <osmand:speed>10.9</osmand:speed>
        </extensions>
      </trkpt>
      <trkpt lat="60.3151915" lon="24.9504719">
        <ele>45.6</ele>
        <time>2026-09-06T15:35:54Z</time>
        <hdop>5.1</hdop>
        <extensions>
          <osmand:speed>11</osmand:speed>
        </extensions>
      </trkpt>
      <trkpt lat="60.3147873" lon="24.9495912">
        <ele>45.6</ele>
        <time>2026-09-06T15:36:00Z</time>
        <hdop>5.6</hdop>
        <extensions>
          <osmand:speed>11.2</osmand:speed>
        </extensions>
      </trkpt>
      <trkpt lat="60.3143688" lon="24.948696">
        <ele>44.6</ele>
        <time>2026-09-06T15:36:06Z</time>
        <hdop>4.6</hdop>
        <extensions>
          <osmand:speed>11.5</osmand:speed>
        </extensions>
      </trkpt>
      <trkpt lat="60.3139418" lon="24.9477716">
        <ele>44.6</ele>
        <time>2026-09-06T15:36:12Z</time>
        <hdop>5.1</hdop>
        <extensions>
          <osmand:speed>12</osmand:speed>
        </extensions>
      </trkpt>
      <trkpt lat="60.3134935" lon="24.9467878">
        <ele>44.6</ele>
        <time>2026-09-06T15:36:18Z</time>
        <hdop>4.6</hdop>
        <extensions>
          <osmand:speed>12.5</osmand:speed>
        </extensions>
      </trkpt>
      <trkpt lat="60.3130311" lon="24.9457727">
        <ele>43.6</ele>
        <time>2026-09-06T15:36:24Z</time>
        <hdop>5.1</hdop>
        <extensions>
          <osmand:speed>12.9</osmand:speed>
        </extensions>
      </trkpt>
      <trkpt lat="60.3125573" lon="24.9447324">
        <ele>43.6</ele>
        <time>2026-09-06T15:36:30Z</time>
        <hdop>5.6</hdop>
        <extensions>
          <osmand:speed>13</osmand:speed>
        </extensions>
      </trkpt>
      <trkpt lat="60.3120909" lon="24.9436949">
        <ele>43.6</ele>
        <time>2026-09-06T15:36:36Z</time>
        <hdop>4.6</hdop>
        <extensions>
          <osmand:speed>12.8</osmand:speed>
        </extensions>
      </trkpt>
      <trkpt lat="60.3116324" lon="24.942673">
        <ele>42.6</ele>
        <time>2026-09-06T15:36:42Z</time>
        <hdop>5.1</hdop>
        <extensions>
          <osmand:speed>12.9</osmand:speed>
        </extensions>
      </trkpt>
      <trkpt lat="60.3111608" lon="24.9416295">
        <ele>43.6</ele>
        <time>2026-09-06T15:36:48Z</time>
        <hdop>5.1</hdop>
        <extensions>
          <osmand:speed>13</osmand:speed>
        </extensions>
      </trkpt>
      <trkpt lat="60.3107197" lon="24.940652">
        <ele>42.6</ele>
        <time>2026-09-06T15:36:54Z</time>
        <hdop>5.6</hdop>
        <extensions>
          <osmand:speed>10.7</osmand:speed>
        </extensions>
      </trkpt>
      <trkpt lat="60.3104306" lon="24.9397714">
        <ele>43.6</ele>
        <time>2026-09-06T15:37:00Z</time>
        <hdop>5.6</hdop>
        <extensions>
          <osmand:speed>9.6</osmand:speed>
        </extensions>
      </trkpt>
      <trkpt lat="60.3104104" lon="24.9387492">
        <ele>43.6</ele>
        <time>2026-09-06T15:37:06Z</time>
        <hdop>5.1</hdop>
        <extensions>
          <osmand:speed>9.1</osmand:speed>
        </extensions>
      </trkpt>
      <trkpt lat="60.3106093" lon="24.937918">
        <ele>44.6</ele>
        <time>2026-09-06T15:37:12Z</time>
        <hdop>6.1</hdop>
        <extensions>
          <osmand:speed>8.8</osmand:speed>
        </extensions>
      </trkpt>
      <trkpt lat="60.3109193" lon="24.9373446">
        <ele>46.6</ele>
        <time>2026-09-06T15:37:18Z</time>
        <hdop>6.1</hdop>
        <extensions>
          <osmand:speed>7.4</osmand:speed>
        </extensions>
      </trkpt>
      <trkpt lat="60.3111706" lon="24.9369098">
        <ele>47.6</ele>
        <time>2026-09-06T15:37:24Z</time>
        <hdop>6.1</hdop>
        <extensions>
          <osmand:speed>4.6</osmand:speed>
        </extensions>
      </trkpt>
      <trkpt lat="60.3113195" lon="24.9367022">
        <ele>47.6</ele>
        <time>2026-09-06T15:37:30Z</time>
        <hdop>5.6</hdop>
        <extensions>
          <osmand:speed>2.3</osmand:speed>
        </extensions>
      </trkpt>
      <trkpt lat="60.3114296" lon="24.936691">
        <ele>48.6</ele>
        <time>2026-09-06T15:37:36Z</time>
        <hdop>5.6</hdop>
        <extensions>
          <osmand:speed>2</osmand:speed>
        </extensions>
      </trkpt>
      <trkpt lat="60.311549" lon="24.9368422">
        <ele>49.6</ele>
        <time>2026-09-06T15:37:42Z</time>
        <hdop>6.6</hdop>
        <extensions>
          <osmand:speed>3.5</osmand:speed>
        </extensions>
      </trkpt>
      <trkpt lat="60.3117221" lon="24.9372829">
        <ele>50.6</ele>
        <time>2026-09-06T15:37:48Z</time>
        <hdop>6.1</hdop>
        <extensions>
          <osmand:speed>8.5</osmand:speed>
        </extensions>
      </trkpt>
      <trkpt lat="60.3122997" lon="24.9385639">
        <ele>51.6</ele>
        <time>2026-09-06T15:37:54Z</time>
        <hdop>6.6</hdop>
        <extensions>
          <osmand:speed>23.1</osmand:speed>
        </extensions>
      </trkpt>
      <trkpt lat="60.3133981" lon="24.9409721">
        <ele>51.6</ele>
        <time>2026-09-06T15:38:00Z</time>
        <hdop>6.1</hdop>
        <extensions>
          <osmand:speed>36.8</osmand:speed>
        </extensions>
      </trkpt>
      <trkpt lat="60.3149624" lon="24.9444223">
        <ele>52.6</ele>
        <time>2026-09-06T15:38:06Z</time>
        <hdop>6.1</hdop>
        <extensions>
          <osmand:speed>49.2</osmand:speed>
        </extensions>
      </trkpt>
      <trkpt lat="60.3169641" lon="24.9488219">
        <ele>55.6</ele>
        <time>2026-09-06T15:38:12Z</time>
        <hdop>6.1</hdop>
        <extensions>
          <osmand:speed>60.6</osmand:speed>
        </extensions>
      </trkpt>
      <trkpt lat="60.3193656" lon="24.9540987">
        <ele>57.6</ele>
        <time>2026-09-06T15:38:18Z</time>
        <hdop>6.1</hdop>
        <extensions>
          <osmand:speed>71.3</osmand:speed>
        </extensions>
      </trkpt>
      <trkpt lat="60.3221542" lon="24.9602018">
        <ele>57.6</ele>
        <time>2026-09-06T15:38:24Z</time>
        <hdop>6.1</hdop>
        <extensions>
          <osmand:speed>81.2</osmand:speed>
        </extensions>
      </trkpt>
      <trkpt lat="60.3252348" lon="24.9670425">
        <ele>69.6</ele>
        <time>2026-09-06T15:38:30Z</time>
        <hdop>5.6</hdop>
        <extensions>
          <osmand:speed>87.4</osmand:speed>
        </extensions>
      </trkpt>
      <trkpt lat="60.3284385" lon="24.9740067">
        <ele>127.6</ele>
        <time>2026-09-06T15:38:36Z</time>
        <hdop>6.6</hdop>
        <extensions>
          <osmand:speed>88.2</osmand:speed>
        </extensions>
      </trkpt>
      <trkpt lat="60.3316987" lon="24.9810856">
        <ele>189.6</ele>
        <time>2026-09-06T15:38:42Z</time>
        <hdop>6.6</hdop>
        <extensions>
          <osmand:speed>89.4</osmand:speed>
        </extensions>
      </trkpt>
      <trkpt lat="60.3349446" lon="24.9881664">
        <ele>267.6</ele>
        <time>2026-09-06T15:38:48Z</time>
        <hdop>7.1</hdop>
        <extensions>
          <osmand:speed>89.2</osmand:speed>
        </extensions>
      </trkpt>
      <trkpt lat="60.3381787" lon="24.9953525">
        <ele>342.6</ele>
        <time>2026-09-06T15:38:54Z</time>
        <hdop>6.1</hdop>
        <extensions>
          <osmand:speed>89.4</osmand:speed>
        </extensions>
      </trkpt>
      <trkpt lat="60.3414715" lon="25.0025806">
        <ele>410</ele>
        <time>2026-09-06T15:39:00Z</time>
        <hdop>7.7</hdop>
        <extensions>
          <osmand:speed>91.3</osmand:speed>
        </extensions>
      </trkpt>
      <trkpt lat="60.3449057" lon="25.0099327">
        <ele>460</ele>
        <time>2026-09-06T15:39:06Z</time>
        <hdop>6.1</hdop>
        <extensions>
          <osmand:speed>95.1</osmand:speed>
        </extensions>
      </trkpt>
      <trkpt lat="60.3485435" lon="25.0176469">
        <ele>495</ele>
        <time>2026-09-06T15:39:12Z</time>
        <hdop>5.6</hdop>
        <extensions>
          <osmand:speed>100.9</osmand:speed>
        </extensions>
      </trkpt>
      <trkpt lat="60.3524026" lon="25.02573">
        <ele>539</ele>
        <time>2026-09-06T15:39:18Z</time>
        <hdop>5.1</hdop>
        <extensions>
          <osmand:speed>105.3</osmand:speed>
        </extensions>
      </trkpt>
      <trkpt lat="60.3563761" lon="25.034183">
        <ele>591</ele>
        <time>2026-09-06T15:39:24Z</time>
        <hdop>6.1</hdop>
        <extensions>
          <osmand:speed>109.6</osmand:speed>
        </extensions>
      </trkpt>
      <trkpt lat="60.3604903" lon="25.0431484">
        <ele>631</ele>
        <time>2026-09-06T15:39:30Z</time>
        <hdop>6.1</hdop>
        <extensions>
          <osmand:speed>115.1</osmand:speed>
        </extensions>
      </trkpt>
      <trkpt lat="60.3647734" lon="25.0526113">
        <ele>674</ele>
        <time>2026-09-06T15:39:36Z</time>
        <hdop>6.6</hdop>
        <extensions>
          <osmand:speed>120.3</osmand:speed>
        </extensions>
      </trkpt>
      <trkpt lat="60.3691805" lon="25.0624474">
        <ele>737</ele>
        <time>2026-09-06T15:39:42Z</time>
        <hdop>6.6</hdop>
        <extensions>
          <osmand:speed>123.9</osmand:speed>
        </extensions>
      </trkpt>
      <trkpt lat="60.3737365" lon="25.0725425">
        <ele>807</ele>
        <time>2026-09-06T15:39:48Z</time>
        <hdop>7.1</hdop>
        <extensions>
          <osmand:speed>127.1</osmand:speed>
        </extensions>
      </trkpt>
      <trkpt lat="60.3783184" lon="25.0828185">
        <ele>908</ele>
        <time>2026-09-06T15:39:54Z</time>
        <hdop>7.1</hdop>
        <extensions>
          <osmand:speed>126.8</osmand:speed>
        </extensions>
      </trkpt>
      <trkpt lat="60.3828197" lon="25.0929801">
        <ele>1045</ele>
        <time>2026-09-06T15:40:00Z</time>
        <hdop>6.6</hdop>
        <extensions>
          <osmand:speed>124.2</osmand:speed>
        </extensions>
      </trkpt>
      <trkpt lat="60.3872521" lon="25.1028518">
        <ele>1193</ele>
        <time>2026-09-06T15:40:06Z</time>
        <hdop>6.6</hdop>
        <extensions>
          <osmand:speed>121.1</osmand:speed>
        </extensions>
      </trkpt>
      <trkpt lat="60.3919524" lon="25.1116627">
        <ele>1334</ele>
        <time>2026-09-06T15:40:12Z</time>
        <hdop>9.2</hdop>
        <extensions>
          <osmand:speed>117.4</osmand:speed>
        </extensions>
      </trkpt>
      <trkpt lat="60.3970587" lon="25.1185601">
        <ele>1474</ele>
        <time>2026-09-06T15:40:18Z</time>
        <hdop>9.2</hdop>
        <extensions>
          <osmand:speed>111.9</osmand:speed>
        </extensions>
      </trkpt>
      <trkpt lat="60.4024167" lon="25.1235361">
        <ele>1611</ele>
        <time>2026-09-06T15:40:24Z</time>
        <hdop>11.7</hdop>
        <extensions>
          <osmand:speed>106.9</osmand:speed>
        </extensions>
      </trkpt>
      <trkpt lat="60.4078517" lon="25.1260608">
        <ele>1742</ele>
        <time>2026-09-06T15:40:30Z</time>
        <hdop>11.2</hdop>
        <extensions>
          <osmand:speed>102.8</osmand:speed>
        </extensions>
      </trkpt>
      <trkpt lat="60.4133654" lon="25.1259799">
        <ele>1834</ele>
        <time>2026-09-06T15:40:36Z</time>
        <hdop>16.8</hdop>
        <extensions>
          <osmand:speed>102.7</osmand:speed>
        </extensions>
      </trkpt>
      <trkpt lat="60.4187085" lon="25.1230627">
        <ele>1910</ele>
        <time>2026-09-06T15:40:42Z</time>
        <hdop>12.2</hdop>
        <extensions>
          <osmand:speed>103.4</osmand:speed>
        </extensions>
      </trkpt>
      <trkpt lat="60.4235439" lon="25.1174222">
        <ele>1992</ele>
        <time>2026-09-06T15:40:48Z</time>
        <hdop>12.8</hdop>
        <extensions>
          <osmand:speed>104.7</osmand:speed>
        </extensions>
      </trkpt>
      <trkpt lat="60.4277269" lon="25.1095921">
        <ele>2062</ele>
        <time>2026-09-06T15:40:54Z</time>
        <hdop>10.7</hdop>
        <extensions>
          <osmand:speed>107.8</osmand:speed>
        </extensions>
      </trkpt>
      <trkpt lat="60.4312633" lon="25.0999253">
        <ele>2100</ele>
        <time>2026-09-06T15:41:00Z</time>
        <hdop>10.7</hdop>
        <extensions>
          <osmand:speed>113.7</osmand:speed>
        </extensions>
      </trkpt>
      <trkpt lat="60.4338732" lon="25.088277">
        <ele>2129</ele>
        <time>2026-09-06T15:41:06Z</time>
        <hdop>14.8</hdop>
        <extensions>
          <osmand:speed>121.1</osmand:speed>
        </extensions>
      </trkpt>
      <trkpt lat="60.435153" lon="25.0750225">
        <ele>2159</ele>
        <time>2026-09-06T15:41:12Z</time>
        <hdop>14.3</hdop>
        <extensions>
          <osmand:speed>128.4</osmand:speed>
        </extensions>
      </trkpt>
      <trkpt lat="60.4349198" lon="25.0606103">
        <ele>2190</ele>
        <time>2026-09-06T15:41:18Z</time>
        <hdop>14.3</hdop>
        <extensions>
          <osmand:speed>137.6</osmand:speed>
        </extensions>
      </trkpt>
      <trkpt lat="60.4331012" lon="25.0458851">
        <ele>2230</ele>
        <time>2026-09-06T15:41:24Z</time>
        <hdop>16.8</hdop>
        <extensions>
          <osmand:speed>140.7</osmand:speed>
        </extensions>
      </trkpt>
      <trkpt lat="60.429371" lon="25.0321035">
        <ele>2336</ele>
        <time>2026-09-06T15:41:30Z</time>
        <hdop>18.9</hdop>
        <extensions>
          <osmand:speed>143.8</osmand:speed>
        </extensions>
      </trkpt>
      <trkpt lat="60.4254691" lon="25.0185764">
        <ele>2461</ele>
        <time>2026-09-06T15:41:36Z</time>
        <hdop>10.7</hdop>
        <extensions>
          <osmand:speed>143.4</osmand:speed>
        </extensions>
      </trkpt>
      <trkpt lat="60.4217068" lon="25.0050282">
        <ele>2582</ele>
        <time>2026-09-06T15:41:42Z</time>
        <hdop>9.2</hdop>
        <extensions>
          <osmand:speed>142.6</osmand:speed>
        </extensions>
      </trkpt>
      <trkpt lat="60.4179708" lon="24.991461">
        <ele>2692.6</ele>
        <time>2026-09-06T15:41:48Z</time>
        <hdop>8.2</hdop>
        <extensions>
          <osmand:speed>142.8</osmand:speed>
        </extensions>
      </trkpt>
      <trkpt lat="60.41426" lon="24.9777767">
        <ele>2789.6</ele>
        <time>2026-09-06T15:41:54Z</time>
        <hdop>7.1</hdop>
        <extensions>
          <osmand:speed>143.4</osmand:speed>
        </extensions>
      </trkpt>
      <trkpt lat="60.4105595" lon="24.9640545">
        <ele>2885.6</ele>
        <time>2026-09-06T15:42:00Z</time>
        <hdop>7.7</hdop>
        <extensions>
          <osmand:speed>143.9</osmand:speed>
        </extensions>
      </trkpt>
      <trkpt lat="60.4068241" lon="24.9502269">
        <ele>2972.6</ele>
        <time>2026-09-06T15:42:06Z</time>
        <hdop>6.6</hdop>
        <extensions>
          <osmand:speed>145.4</osmand:speed>
        </extensions>
      </trkpt>
      <trkpt lat="60.4031076" lon="24.936235">
        <ele>3057.6</ele>
        <time>2026-09-06T15:42:12Z</time>
        <hdop>7.1</hdop>
        <extensions>
          <osmand:speed>146.3</osmand:speed>
        </extensions>
      </trkpt>
      <trkpt lat="60.3993892" lon="24.922127">
        <ele>3142.6</ele>
        <time>2026-09-06T15:42:18Z</time>
        <hdop>6.6</hdop>
        <extensions>
          <osmand:speed>147.9</osmand:speed>
        </extensions>
      </trkpt>
      <trkpt lat="60.3956414" lon="24.9077034">
        <ele>3191.6</ele>
        <time>2026-09-06T15:42:24Z</time>
        <hdop>6.6</hdop>
        <extensions>
          <osmand:speed>151.7</osmand:speed>
        </extensions>
      </trkpt>
      <trkpt lat="60.3918093" lon="24.8928321">
        <ele>3218.6</ele>
        <time>2026-09-06T15:42:30Z</time>
        <hdop>7.1</hdop>
        <extensions>
          <osmand:speed>156.3</osmand:speed>
        </extensions>
      </trkpt>
      <trkpt lat="60.3878664" lon="24.8775273">
        <ele>3251.6</ele>
        <time>2026-09-06T15:42:36Z</time>
        <hdop>7.1</hdop>
        <extensions>
          <osmand:speed>160.8</osmand:speed>
        </extensions>
      </trkpt>
      <trkpt lat="60.3838307" lon="24.8618369">
        <ele>3282.6</ele>
        <time>2026-09-06T15:42:42Z</time>
        <hdop>8.7</hdop>
        <extensions>
          <osmand:speed>165</osmand:speed>
        </extensions>
      </trkpt>
      <trkpt lat="60.3796703" lon="24.8457333">
        <ele>3312.6</ele>
        <time>2026-09-06T15:42:48Z</time>
        <hdop>8.7</hdop>
        <extensions>
          <osmand:speed>169.3</osmand:speed>
        </extensions>
      </trkpt>
      <trkpt lat="60.3753997" lon="24.8292248">
        <ele>3344.6</ele>
        <time>2026-09-06T15:42:54Z</time>
        <hdop>8.7</hdop>
        <extensions>
          <osmand:speed>173.5</osmand:speed>
        </extensions>
      </trkpt>
      <trkpt lat="60.3710065" lon="24.8123445">
        <ele>3372.6</ele>
        <time>2026-09-06T15:43:00Z</time>
        <hdop>8.7</hdop>
        <extensions>
          <osmand:speed>177.6</osmand:speed>
        </extensions>
      </trkpt>
      <trkpt lat="60.3665175" lon="24.7950743">
        <ele>3403.6</ele>
        <time>2026-09-06T15:43:06Z</time>
        <hdop>8.2</hdop>
        <extensions>
          <osmand:speed>181.3</osmand:speed>
        </extensions>
      </trkpt>
      <trkpt lat="60.3619181" lon="24.7774813">
        <ele>3435.6</ele>
        <time>2026-09-06T15:43:12Z</time>
        <hdop>9.7</hdop>
        <extensions>
          <osmand:speed>185</osmand:speed>
        </extensions>
      </trkpt>
      <trkpt lat="60.3572378" lon="24.7594806">
        <ele>3463.6</ele>
        <time>2026-09-06T15:43:18Z</time>
        <hdop>8.7</hdop>
        <extensions>
          <osmand:speed>188.9</osmand:speed>
        </extensions>
      </trkpt>
      <trkpt lat="60.3524542" lon="24.7411539">
        <ele>3496.2</ele>
        <time>2026-09-06T15:43:24Z</time>
        <hdop>9.7</hdop>
        <extensions>
          <osmand:speed>192.1</osmand:speed>
        </extensions>
      </trkpt>
      <trkpt lat="60.3475874" lon="24.7226465">
        <ele>3560.2</ele>
        <time>2026-09-06T15:43:30Z</time>
        <hdop>8.7</hdop>
        <extensions>
          <osmand:speed>193.4</osmand:speed>
        </extensions>
      </trkpt>
      <trkpt lat="60.3426898" lon="24.7040898">
        <ele>3648.2</ele>
        <time>2026-09-06T15:43:36Z</time>
        <hdop>9.2</hdop>
        <extensions>
          <osmand:speed>193.8</osmand:speed>
        </extensions>
      </trkpt>
      <trkpt lat="60.3377628" lon="24.68551">
        <ele>3742.2</ele>
        <time>2026-09-06T15:43:42Z</time>
        <hdop>9.2</hdop>
        <extensions>
          <osmand:speed>194</osmand:speed>
        </extensions>
      </trkpt>
      <trkpt lat="60.3328352" lon="24.6669767">
        <ele>3843.2</ele>
        <time>2026-09-06T15:43:48Z</time>
        <hdop>8.7</hdop>
        <extensions>
          <osmand:speed>193.9</osmand:speed>
        </extensions>
      </trkpt>
      <trkpt lat="60.3279076" lon="24.6483795">
        <ele>3931.2</ele>
        <time>2026-09-06T15:43:54Z</time>
        <hdop>10.7</hdop>
        <extensions>
          <osmand:speed>194.7</osmand:speed>
        </extensions>
      </trkpt>
      <trkpt lat="60.3229563" lon="24.6297029">
        <ele>4008.2</ele>
        <time>2026-09-06T15:44:00Z</time>
        <hdop>11.2</hdop>
        <extensions>
          <osmand:speed>195.7</osmand:speed>
        </extensions>
      </trkpt>
      <trkpt lat="60.3179865" lon="24.6109288">
        <ele>4086.2</ele>
        <time>2026-09-06T15:44:06Z</time>
        <hdop>15.3</hdop>
        <extensions>
          <osmand:speed>196.9</osmand:speed>
        </extensions>
      </trkpt>
      <trkpt lat="60.3130072" lon="24.592022">
        <ele>4162.2</ele>
        <time>2026-09-06T15:44:12Z</time>
        <hdop>18.4</hdop>
        <extensions>
          <osmand:speed>197.6</osmand:speed>
        </extensions>
      </trkpt>
      <trkpt lat="60.3079929" lon="24.5730674">
        <ele>4237.2</ele>
        <time>2026-09-06T15:44:18Z</time>
        <hdop>19.4</hdop>
        <extensions>
          <osmand:speed>198.3</osmand:speed>
        </extensions>
      </trkpt>
      <trkpt lat="60.3029447" lon="24.5540567">
        <ele>4315.2</ele>
        <time>2026-09-06T15:44:24Z</time>
        <hdop>19.4</hdop>
        <extensions>
          <osmand:speed>199.3</osmand:speed>
        </extensions>
      </trkpt>
      <trkpt lat="60.2978723" lon="24.5349621">
        <ele>4390.2</ele>
        <time>2026-09-06T15:44:30Z</time>
        <hdop>16.3</hdop>
        <extensions>
          <osmand:speed>200.2</osmand:speed>
        </extensions>
      </trkpt>
      <trkpt lat="60.2927677" lon="24.5157586">
        <ele>4457.2</ele>
        <time>2026-09-06T15:44:36Z</time>
        <hdop>25.5</hdop>
        <extensions>
          <osmand:speed>201.4</osmand:speed>
        </extensions>
      </trkpt>
      <trkpt lat="60.2876503" lon="24.4964141">
        <ele>4522.9</ele>
        <time>2026-09-06T15:44:42Z</time>
        <hdop>19.4</hdop>
        <extensions>
          <osmand:speed>202.7</osmand:speed>
        </extensions>
      </trkpt>
      <trkpt lat="60.2825154" lon="24.4770081">
        <ele>4601.9</ele>
        <time>2026-09-06T15:44:48Z</time>
        <hdop>19.4</hdop>
        <extensions>
          <osmand:speed>203.3</osmand:speed>
        </extensions>
      </trkpt>
      <trkpt lat="60.2773477" lon="24.4576152">
        <ele>4682.9</ele>
        <time>2026-09-06T15:44:54Z</time>
        <hdop>23</hdop>
        <extensions>
          <osmand:speed>203.8</osmand:speed>
        </extensions>
      </trkpt>
      <trkpt lat="60.2721593" lon="24.4381123">
        <ele>4753.9</ele>
        <time>2026-09-06T15:45:00Z</time>
        <hdop>19.9</hdop>
        <extensions>
          <osmand:speed>204.7</osmand:speed>
        </extensions>
      </trkpt>
      <trkpt lat="60.2669438" lon="24.4185551">
        <ele>4829.9</ele>
        <time>2026-09-06T15:45:06Z</time>
        <hdop>18.9</hdop>
        <extensions>
          <osmand:speed>205.2</osmand:speed>
        </extensions>
      </trkpt>
      <trkpt lat="60.26171" lon="24.3989653">
        <ele>4907.9</ele>
        <time>2026-09-06T15:45:12Z</time>
        <hdop>18.9</hdop>
        <extensions>
          <osmand:speed>205.7</osmand:speed>
        </extensions>
      </trkpt>
      <trkpt lat="60.2564799" lon="24.3793153">
        <ele>4976.9</ele>
        <time>2026-09-06T15:45:18Z</time>
        <hdop>18.4</hdop>
        <extensions>
          <osmand:speed>206.6</osmand:speed>
        </extensions>
      </trkpt>
      <trkpt lat="60.251221" lon="24.3595639">
        <ele>5049.9</ele>
        <time>2026-09-06T15:45:24Z</time>
        <hdop>19.9</hdop>
        <extensions>
          <osmand:speed>207.3</osmand:speed>
        </extensions>
      </trkpt>
      <trkpt lat="60.2459478" lon="24.3397843">
        <ele>5127</ele>
        <time>2026-09-06T15:45:30Z</time>
        <hdop>18.4</hdop>
        <extensions>
          <osmand:speed>207.3</osmand:speed>
        </extensions>
      </trkpt>
      <trkpt lat="60.2406633" lon="24.31996">
        <ele>5200</ele>
        <time>2026-09-06T15:45:36Z</time>
        <hdop>19.4</hdop>
        <extensions>
          <osmand:speed>208</osmand:speed>
        </extensions>
      </trkpt>
      <trkpt lat="60.2353419" lon="24.3001113">
        <ele>5271</ele>
        <time>2026-09-06T15:45:42Z</time>
        <hdop>18.9</hdop>
        <extensions>
          <osmand:speed>208.8</osmand:speed>
        </extensions>
      </trkpt>
      <trkpt lat="60.230017" lon="24.2802324">
        <ele>5343</ele>
        <time>2026-09-06T15:45:48Z</time>
        <hdop>19.4</hdop>
        <extensions>
          <osmand:speed>209.1</osmand:speed>
        </extensions>
      </trkpt>
      <trkpt lat="60.224649" lon="24.2603267">
        <ele>5415</ele>
        <time>2026-09-06T15:45:54Z</time>
        <hdop>18.9</hdop>
        <extensions>
          <osmand:speed>209.6</osmand:speed>
        </extensions>
      </trkpt>
      <trkpt lat="60.2192692" lon="24.2403881">
        <ele>5490.8</ele>
        <time>2026-09-06T15:46:00Z</time>
        <hdop>17.3</hdop>
        <extensions>
          <osmand:speed>209.9</osmand:speed>
        </extensions>
      </trkpt>
      <trkpt lat="60.2139026" lon="24.2203782">
        <ele>5565.8</ele>
        <time>2026-09-06T15:46:06Z</time>
        <hdop>20.4</hdop>
        <extensions>
          <osmand:speed>210.4</osmand:speed>
        </extensions>
      </trkpt>
      <trkpt lat="60.2085448" lon="24.200313">
        <ele>5637.8</ele>
        <time>2026-09-06T15:46:12Z</time>
        <hdop>20.4</hdop>
        <extensions>
          <osmand:speed>210.5</osmand:speed>
        </extensions>
      </trkpt>
      <trkpt lat="60.2031729" lon="24.1802228">
        <ele>5705.8</ele>
        <time>2026-09-06T15:46:18Z</time>
        <hdop>17.3</hdop>
        <extensions>
          <osmand:speed>211.2</osmand:speed>
        </extensions>
      </trkpt>
      <trkpt lat="60.1977288" lon="24.1601952">
        <ele>5774.8</ele>
        <time>2026-09-06T15:46:24Z</time>
        <hdop>15.8</hdop>
        <extensions>
          <osmand:speed>211.3</osmand:speed>
        </extensions>
      </trkpt>
      <trkpt lat="60.1923341" lon="24.1400652">
        <ele>5843.8</ele>
        <time>2026-09-06T15:46:30Z</time>
        <hdop>26</hdop>
        <extensions>
          <osmand:speed>212.1</osmand:speed>
        </extensions>
      </trkpt>
      <trkpt lat="60.1869007" lon="24.1199574">
        <ele>5917.8</ele>
        <time>2026-09-06T15:46:36Z</time>
        <hdop>16.8</hdop>
        <extensions>
          <osmand:speed>211.9</osmand:speed>
        </extensions>
      </trkpt>
      <trkpt lat="60.1814639" lon="24.0998201">
        <ele>5990.8</ele>
        <time>2026-09-06T15:46:42Z</time>
        <hdop>12.8</hdop>
        <extensions>
          <osmand:speed>212.2</osmand:speed>
        </extensions>
      </trkpt>
      <trkpt lat="60.1760294" lon="24.0796404">
        <ele>6059.8</ele>
        <time>2026-09-06T15:46:48Z</time>
        <hdop>9.7</hdop>
        <extensions>
          <osmand:speed>212.6</osmand:speed>
        </extensions>
      </trkpt>
      <trkpt lat="60.1706014" lon="24.0594243">
        <ele>6123.8</ele>
        <time>2026-09-06T15:46:54Z</time>
        <hdop>16.3</hdop>
        <extensions>
          <osmand:speed>212.6</osmand:speed>
        </extensions>
      </trkpt>
      <trkpt lat="60.1651377" lon="24.0391865">
        <ele>6186.8</ele>
        <time>2026-09-06T15:47:00Z</time>
        <hdop>15.8</hdop>
        <extensions>
          <osmand:speed>213.6</osmand:speed>
        </extensions>
      </trkpt>
      <trkpt lat="60.1596299" lon="24.018842">
        <ele>6242.8</ele>
        <time>2026-09-06T15:47:06Z</time>
        <hdop>25</hdop>
        <extensions>
          <osmand:speed>214.3</osmand:speed>
        </extensions>
      </trkpt>
      <trkpt lat="60.1541201" lon="23.9983886">
        <ele>6298.6</ele>
        <time>2026-09-06T15:47:12Z</time>
        <hdop>26</hdop>
        <extensions>
          <osmand:speed>215.3</osmand:speed>
        </extensions>
      </trkpt>
      <trkpt lat="60.1485405" lon="23.9779538">
        <ele>6356.6</ele>
        <time>2026-09-06T15:47:18Z</time>
        <hdop>39.3</hdop>
        <extensions>
          <osmand:speed>216</osmand:speed>
        </extensions>
      </trkpt>
      <trkpt lat="60.1429607" lon="23.9574501">
        <ele>6410.6</ele>
        <time>2026-09-06T15:47:24Z</time>
        <hdop>25.5</hdop>
        <extensions>
          <osmand:speed>216.7</osmand:speed>
        </extensions>
      </trkpt>
      <trkpt lat="60.1373691" lon="23.9368794">
        <ele>6465.6</ele>
        <time>2026-09-06T15:47:30Z</time>
        <hdop>15.3</hdop>
        <extensions>
          <osmand:speed>217.3</osmand:speed>
        </extensions>
      </trkpt>
      <trkpt lat="60.1317505" lon="23.9162762">
        <ele>6517.6</ele>
        <time>2026-09-06T15:47:36Z</time>
        <hdop>15.3</hdop>
        <extensions>
          <osmand:speed>218.1</osmand:speed>
        </extensions>
      </trkpt>
      <trkpt lat="60.1261199" lon="23.8955982">
        <ele>6569.6</ele>
        <time>2026-09-06T15:47:42Z</time>
        <hdop>16.8</hdop>
        <extensions>
          <osmand:speed>218.6</osmand:speed>
        </extensions>
      </trkpt>
      <trkpt lat="60.1204605" lon="23.8749061">
        <ele>6622.6</ele>
        <time>2026-09-06T15:47:48Z</time>
        <hdop>13.8</hdop>
        <extensions>
          <osmand:speed>219.3</osmand:speed>
        </extensions>
      </trkpt>
      <trkpt lat="60.1147861" lon="23.8541198">
        <ele>6676.6</ele>
        <time>2026-09-06T15:47:54Z</time>
        <hdop>15.3</hdop>
        <extensions>
          <osmand:speed>220</osmand:speed>
        </extensions>
      </trkpt>
      <trkpt lat="60.1090736" lon="23.833326">
        <ele>6733.6</ele>
        <time>2026-09-06T15:48:00Z</time>
        <hdop>17.3</hdop>
        <extensions>
          <osmand:speed>220.5</osmand:speed>
        </extensions>
      </trkpt>
      <trkpt lat="60.1033286" lon="23.8124926">
        <ele>6785.6</ele>
        <time>2026-09-06T15:48:06Z</time>
        <hdop>21.9</hdop>
        <extensions>
          <osmand:speed>221.1</osmand:speed>
        </extensions>
      </trkpt>
      <trkpt lat="60.0975713" lon="23.7915878">
        <ele>6836.6</ele>
        <time>2026-09-06T15:48:12Z</time>
        <hdop>15.3</hdop>
        <extensions>
          <osmand:speed>221.7</osmand:speed>
        </extensions>
      </trkpt>
      <trkpt lat="60.091784" lon="23.7706226">
        <ele>6883.6</ele>
        <time>2026-09-06T15:48:18Z</time>
        <hdop>16.3</hdop>
        <extensions>
          <osmand:speed>222.5</osmand:speed>
        </extensions>
      </trkpt>
      <trkpt lat="60.0859976" lon="23.7495968">
        <ele>6931.6</ele>
        <time>2026-09-06T15:48:24Z</time>
        <hdop>25</hdop>
        <extensions>
          <osmand:speed>222.9</osmand:speed>
        </extensions>
      </trkpt>
      <trkpt lat="60.0801941" lon="23.7285976">
        <ele>6990.6</ele>
        <time>2026-09-06T15:48:30Z</time>
        <hdop>17.3</hdop>
        <extensions>
          <osmand:speed>223.3</osmand:speed>
        </extensions>
      </trkpt>
      <trkpt lat="60.0743691" lon="23.707522">
        <ele>7036.6</ele>
        <time>2026-09-06T15:48:36Z</time>
        <hdop>16.8</hdop>
        <extensions>
          <osmand:speed>224.1</osmand:speed>
        </extensions>
      </trkpt>
      <trkpt lat="60.0685138" lon="23.6863981">
        <ele>7083.6</ele>
        <time>2026-09-06T15:48:42Z</time>
        <hdop>15.8</hdop>
        <extensions>
          <osmand:speed>224.6</osmand:speed>
        </extensions>
      </trkpt>
      <trkpt lat="60.0627139" lon="23.6650941">
        <ele>7125.6</ele>
        <time>2026-09-06T15:48:48Z</time>
        <hdop>39.3</hdop>
        <extensions>
          <osmand:speed>226.5</osmand:speed>
        </extensions>
      </trkpt>
      <trkpt lat="60.0568432" lon="23.6438795">
        <ele>7171.6</ele>
        <time>2026-09-06T15:48:54Z</time>
        <hdop>28.1</hdop>
        <extensions>
          <osmand:speed>225.6</osmand:speed>
        </extensions>
      </trkpt>
      <trkpt lat="60.0509418" lon="23.6226537">
        <ele>7216.6</ele>
        <time>2026-09-06T15:49:00Z</time>
        <hdop>24.5</hdop>
        <extensions>
          <osmand:speed>226.4</osmand:speed>
        </extensions>
      </trkpt>
      <trkpt lat="60.0450175" lon="23.6013543">
        <ele>7263.6</ele>
        <time>2026-09-06T15:49:06Z</time>
        <hdop>23.5</hdop>
        <extensions>
          <osmand:speed>226.9</osmand:speed>
        </extensions>
      </trkpt>
      <trkpt lat="60.0390823" lon="23.5800365">
        <ele>7310.6</ele>
        <time>2026-09-06T15:49:12Z</time>
        <hdop>20.9</hdop>
        <extensions>
          <osmand:speed>227.6</osmand:speed>
        </extensions>
      </trkpt>
      <trkpt lat="60.033151" lon="23.55856">
        <ele>7348.6</ele>
        <time>2026-09-06T15:49:18Z</time>
        <hdop>23</hdop>
        <extensions>
          <osmand:speed>228.3</osmand:speed>
        </extensions>
      </trkpt>
      <trkpt lat="60.0271785" lon="23.5370986">
        <ele>7392.6</ele>
        <time>2026-09-06T15:49:24Z</time>
        <hdop>24.5</hdop>
        <extensions>
          <osmand:speed>228.8</osmand:speed>
        </extensions>
      </trkpt>
      <trkpt lat="60.0212106" lon="23.5155815">
        <ele>7439.6</ele>
        <time>2026-09-06T15:49:30Z</time>
        <hdop>24</hdop>
        <extensions>
          <osmand:speed>229</osmand:speed>
        </extensions>
      </trkpt>
      <trkpt lat="60.0152111" lon="23.4940455">
        <ele>7479.5</ele>
        <time>2026-09-06T15:49:36Z</time>
        <hdop>21.4</hdop>
        <extensions>
          <osmand:speed>229.6</osmand:speed>
        </extensions>
      </trkpt>
      <trkpt lat="60.0092079" lon="23.4724454">
        <ele>7515.5</ele>
        <time>2026-09-06T15:49:42Z</time>
        <hdop>23.5</hdop>
        <extensions>
          <osmand:speed>230.3</osmand:speed>
        </extensions>
      </trkpt>
      <trkpt lat="60.0031991" lon="23.4508327">
        <ele>7560.5</ele>
        <time>2026-09-06T15:49:48Z</time>
        <hdop>23.5</hdop>
        <extensions>
          <osmand:speed>230.8</osmand:speed>
        </extensions>
      </trkpt>
      <trkpt lat="59.9971779" lon="23.4292092">
        <ele>7612.5</ele>
        <time>2026-09-06T15:49:54Z</time>
        <hdop>22.4</hdop>
        <extensions>
          <osmand:speed>230.9</osmand:speed>
        </extensions>
      </trkpt>
      <trkpt lat="59.9911658" lon="23.4075475">
        <ele>7657.5</ele>
        <time>2026-09-06T15:50:00Z</time>
        <hdop>19.9</hdop>
        <extensions>
          <osmand:speed>231.3</osmand:speed>
        </extensions>
      </trkpt>
      <trkpt lat="59.9851103" lon="23.385847">
        <ele>7697.5</ele>
        <time>2026-09-06T15:50:06Z</time>
        <hdop>19.9</hdop>
        <extensions>
          <osmand:speed>231.8</osmand:speed>
        </extensions>
      </trkpt>
      <trkpt lat="59.9790487" lon="23.3641352">
        <ele>7747.5</ele>
        <time>2026-09-06T15:50:12Z</time>
        <hdop>21.9</hdop>
        <extensions>
          <osmand:speed>232</osmand:speed>
        </extensions>
      </trkpt>
      <trkpt lat="59.9729853" lon="23.3423408">
        <ele>7789.5</ele>
        <time>2026-09-06T15:50:18Z</time>
        <hdop>16.3</hdop>
        <extensions>
          <osmand:speed>232.4</osmand:speed>
        </extensions>
      </trkpt>
      <trkpt lat="59.9668997" lon="23.3205053">
        <ele>7829.5</ele>
        <time>2026-09-06T15:50:24Z</time>
        <hdop>14.8</hdop>
        <extensions>
          <osmand:speed>232.8</osmand:speed>
        </extensions>
      </trkpt>
      <trkpt lat="59.9608029" lon="23.2986739">
        <ele>7866.5</ele>
        <time>2026-09-06T15:50:30Z</time>
        <hdop>16.8</hdop>
        <extensions>
          <osmand:speed>233.5</osmand:speed>
        </extensions>
      </trkpt>
      <trkpt lat="59.9546631" lon="23.276763">
        <ele>7904.5</ele>
        <time>2026-09-06T15:50:36Z</time>
        <hdop>13.3</hdop>
        <extensions>
          <osmand:speed>233.8</osmand:speed>
        </extensions>
      </trkpt>
      <trkpt lat="59.9485255" lon="23.2548614">
        <ele>7947.5</ele>
        <time>2026-09-06T15:50:42Z</time>
        <hdop>13.3</hdop>
        <extensions>
          <osmand:speed>233.9</osmand:speed>
        </extensions>
      </trkpt>
      <trkpt lat="59.942384" lon="23.2329748">
        <ele>7992.5</ele>
        <time>2026-09-06T15:50:48Z</time>
        <hdop>11.2</hdop>
        <extensions>
          <osmand:speed>233.9</osmand:speed>
        </extensions>
      </trkpt>
      <trkpt lat="59.936227" lon="23.2111003">
        <ele>8039.5</ele>
        <time>2026-09-06T15:50:54Z</time>
        <hdop>12.8</hdop>
        <extensions>
          <osmand:speed>233.8</osmand:speed>
        </extensions>
      </trkpt>
      <trkpt lat="59.9300591" lon="23.1893476">
        <ele>8106.5</ele>
        <time>2026-09-06T15:51:00Z</time>
        <hdop>13.3</hdop>
        <extensions>
          <osmand:speed>232.7</osmand:speed>
        </extensions>
      </trkpt>
      <trkpt lat="59.9239527" lon="23.1676155">
        <ele>8169.5</ele>
        <time>2026-09-06T15:51:06Z</time>
        <hdop>11.7</hdop>
        <extensions>
          <osmand:speed>232.1</osmand:speed>
        </extensions>
      </trkpt>
      <trkpt lat="59.9178503" lon="23.1459686">
        <ele>8231.5</ele>
        <time>2026-09-06T15:51:12Z</time>
        <hdop>12.2</hdop>
        <extensions>
          <osmand:speed>231.5</osmand:speed>
        </extensions>
      </trkpt>
      <trkpt lat="59.9117692" lon="23.1243881">
        <ele>8295.5</ele>
        <time>2026-09-06T15:51:18Z</time>
        <hdop>13.3</hdop>
        <extensions>
          <osmand:speed>230.8</osmand:speed>
        </extensions>
      </trkpt>
      <trkpt lat="59.9057191" lon="23.1028174">
        <ele>8352.5</ele>
        <time>2026-09-06T15:51:24Z</time>
        <hdop>12.8</hdop>
        <extensions>
          <osmand:speed>230.6</osmand:speed>
        </extensions>
      </trkpt>
      <trkpt lat="59.8996715" lon="23.081297">
        <ele>8408.5</ele>
        <time>2026-09-06T15:51:30Z</time>
        <hdop>11.2</hdop>
        <extensions>
          <osmand:speed>230</osmand:speed>
        </extensions>
      </trkpt>
      <trkpt lat="59.8936307" lon="23.0597607">
        <ele>8459.5</ele>
        <time>2026-09-06T15:51:36Z</time>
        <hdop>13.8</hdop>
        <extensions>
          <osmand:speed>230.2</osmand:speed>
        </extensions>
      </trkpt>
      <trkpt lat="59.8875752" lon="23.0382455">
        <ele>8506.5</ele>
        <time>2026-09-06T15:51:42Z</time>
        <hdop>12.8</hdop>
        <extensions>
          <osmand:speed>230.1</osmand:speed>
        </extensions>
      </trkpt>
      <trkpt lat="59.8814898" lon="23.0168121">
        <ele>8555.5</ele>
        <time>2026-09-06T15:51:48Z</time>
        <hdop>13.3</hdop>
        <extensions>
          <osmand:speed>230.2</osmand:speed>
        </extensions>
      </trkpt>
      <trkpt lat="59.8754052" lon="22.9953827">
        <ele>8601.5</ele>
        <time>2026-09-06T15:51:54Z</time>
        <hdop>12.8</hdop>
        <extensions>
          <osmand:speed>230.1</osmand:speed>
        </extensions>
      </trkpt>
      <trkpt lat="59.869343" lon="22.9739525">
        <ele>8646.5</ele>
        <time>2026-09-06T15:52:00Z</time>
        <hdop>11.7</hdop>
        <extensions>
          <osmand:speed>230.1</osmand:speed>
        </extensions>
      </trkpt>
      <trkpt lat="59.8632547" lon="22.9525356">
        <ele>8692.5</ele>
        <time>2026-09-06T15:52:06Z</time>
        <hdop>10.7</hdop>
        <extensions>
          <osmand:speed>230.1</osmand:speed>
        </extensions>
      </trkpt>
      <trkpt lat="59.8571582" lon="22.9310928">
        <ele>8731.5</ele>
        <time>2026-09-06T15:52:12Z</time>
        <hdop>11.7</hdop>
        <extensions>
          <osmand:speed>230.3</osmand:speed>
        </extensions>
      </trkpt>
      <trkpt lat="59.8510578" lon="22.9096317">
        <ele>8766.5</ele>
        <time>2026-09-06T15:52:18Z</time>
        <hdop>11.2</hdop>
        <extensions>
          <osmand:speed>230.6</osmand:speed>
        </extensions>
      </trkpt>
      <trkpt lat="59.8449546" lon="22.8881809">
        <ele>8807.5</ele>
        <time>2026-09-06T15:52:24Z</time>
        <hdop>11.2</hdop>
        <extensions>
          <osmand:speed>230.6</osmand:speed>
        </extensions>
      </trkpt>
      <trkpt lat="59.838848" lon="22.8666954">
        <ele>8844.5</ele>
        <time>2026-09-06T15:52:30Z</time>
        <hdop>10.2</hdop>
        <extensions>
          <osmand:speed>230.8</osmand:speed>
        </extensions>
      </trkpt>
      <trkpt lat="59.8327256" lon="22.8452317">
        <ele>8887.5</ele>
        <time>2026-09-06T15:52:36Z</time>
        <hdop>11.7</hdop>
        <extensions>
          <osmand:speed>230.8</osmand:speed>
        </extensions>
      </trkpt>
      <trkpt lat="59.8265818" lon="22.8238049">
        <ele>8924.5</ele>
        <time>2026-09-06T15:52:42Z</time>
        <hdop>16.8</hdop>
        <extensions>
          <osmand:speed>231.1</osmand:speed>
        </extensions>
      </trkpt>
      <trkpt lat="59.8204182" lon="22.8023284">
        <ele>8961.5</ele>
        <time>2026-09-06T15:52:48Z</time>
        <hdop>12.2</hdop>
        <extensions>
          <osmand:speed>231.5</osmand:speed>
        </extensions>
      </trkpt>
      <trkpt lat="59.8142473" lon="22.7808602">
        <ele>8999.5</ele>
        <time>2026-09-06T15:52:54Z</time>
        <hdop>11.7</hdop>
        <extensions>
          <osmand:speed>231.8</osmand:speed>
        </extensions>
      </trkpt>
      <trkpt lat="59.8080556" lon="22.7593616">
        <ele>9034.5</ele>
        <time>2026-09-06T15:53:00Z</time>
        <hdop>19.4</hdop>
        <extensions>
          <osmand:speed>232.1</osmand:speed>
        </extensions>
      </trkpt>
      <trkpt lat="59.8018586" lon="22.7378754">
        <ele>9072.5</ele>
        <time>2026-09-06T15:53:06Z</time>
        <hdop>14.8</hdop>
        <extensions>
          <osmand:speed>232</osmand:speed>
        </extensions>
      </trkpt>
      <trkpt lat="59.7956766" lon="22.7163477">
        <ele>9112.5</ele>
        <time>2026-09-06T15:53:12Z</time>
        <hdop>10.7</hdop>
        <extensions>
          <osmand:speed>232</osmand:speed>
        </extensions>
      </trkpt>
      <trkpt lat="59.7894745" lon="22.694855">
        <ele>9154.5</ele>
        <time>2026-09-06T15:53:18Z</time>
        <hdop>10.2</hdop>
        <extensions>
          <osmand:speed>231.8</osmand:speed>
        </extensions>
      </trkpt>
      <trkpt lat="59.7833005" lon="22.6733949">
        <ele>9200.5</ele>
        <time>2026-09-06T15:53:24Z</time>
        <hdop>10.7</hdop>
        <extensions>
          <osmand:speed>231.5</osmand:speed>
        </extensions>
      </trkpt>
      <trkpt lat="59.7771112" lon="22.6520035">
        <ele>9249.5</ele>
        <time>2026-09-06T15:53:30Z</time>
        <hdop>10.7</hdop>
        <extensions>
          <osmand:speed>231.3</osmand:speed>
        </extensions>
      </trkpt>
      <trkpt lat="59.7709392" lon="22.6305615">
        <ele>9287.5</ele>
        <time>2026-09-06T15:53:36Z</time>
        <hdop>9.7</hdop>
        <extensions>
          <osmand:speed>231.1</osmand:speed>
        </extensions>
      </trkpt>
      <trkpt lat="59.7647375" lon="22.6092173">
        <ele>9332.5</ele>
        <time>2026-09-06T15:53:42Z</time>
        <hdop>9.2</hdop>
        <extensions>
          <osmand:speed>230.8</osmand:speed>
        </extensions>
      </trkpt>
      <trkpt lat="59.7585728" lon="22.58791">
        <ele>9383.5</ele>
        <time>2026-09-06T15:53:48Z</time>
        <hdop>8.2</hdop>
        <extensions>
          <osmand:speed>230.3</osmand:speed>
        </extensions>
      </trkpt>
      <trkpt lat="59.7523969" lon="22.5666848">
        <ele>9442.5</ele>
        <time>2026-09-06T15:53:54Z</time>
        <hdop>7.1</hdop>
        <extensions>
          <osmand:speed>229.4</osmand:speed>
        </extensions>
      </trkpt>
      <trkpt lat="59.7462501" lon="22.5455311">
        <ele>9499.6</ele>
        <time>2026-09-06T15:54:00Z</time>
        <hdop>7.7</hdop>
        <extensions>
          <osmand:speed>228.7</osmand:speed>
        </extensions>
      </trkpt>
      <trkpt lat="59.7401098" lon="22.5244544">
        <ele>9555.6</ele>
        <time>2026-09-06T15:54:06Z</time>
        <hdop>7.7</hdop>
        <extensions>
          <osmand:speed>227.8</osmand:speed>
        </extensions>
      </trkpt>
      <trkpt lat="59.734011" lon="22.5034721">
        <ele>9619.6</ele>
        <time>2026-09-06T15:54:12Z</time>
        <hdop>8.2</hdop>
        <extensions>
          <osmand:speed>226.8</osmand:speed>
        </extensions>
      </trkpt>
      <trkpt lat="59.7279541" lon="22.4825615">
        <ele>9672.7</ele>
        <time>2026-09-06T15:54:18Z</time>
        <hdop>7.7</hdop>
        <extensions>
          <osmand:speed>226.2</osmand:speed>
        </extensions>
      </trkpt>
      <trkpt lat="59.7219123" lon="22.46171">
        <ele>9719.7</ele>
        <time>2026-09-06T15:54:24Z</time>
        <hdop>8.2</hdop>
        <extensions>
          <osmand:speed>225.5</osmand:speed>
        </extensions>
      </trkpt>
      <trkpt lat="59.7158857" lon="22.4409081">
        <ele>9768.7</ele>
        <time>2026-09-06T15:54:30Z</time>
        <hdop>8.7</hdop>
        <extensions>
          <osmand:speed>225</osmand:speed>
        </extensions>
      </trkpt>
      <trkpt lat="59.70989" lon="22.420106">
        <ele>9811.7</ele>
        <time>2026-09-06T15:54:36Z</time>
        <hdop>7.1</hdop>
        <extensions>
          <osmand:speed>224.7</osmand:speed>
        </extensions>
      </trkpt>
      <trkpt lat="59.7038969" lon="22.3993408">
        <ele>9852.7</ele>
        <time>2026-09-06T15:54:42Z</time>
        <hdop>7.1</hdop>
        <extensions>
          <osmand:speed>224.5</osmand:speed>
        </extensions>
      </trkpt>
      <trkpt lat="59.6979268" lon="22.3785914">
        <ele>9887.7</ele>
        <time>2026-09-06T15:54:48Z</time>
        <hdop>7.7</hdop>
        <extensions>
          <osmand:speed>224.5</osmand:speed>
        </extensions>
      </trkpt>
      <trkpt lat="59.6919688" lon="22.357828">
        <ele>9926.7</ele>
        <time>2026-09-06T15:54:54Z</time>
        <hdop>7.7</hdop>
        <extensions>
          <osmand:speed>224.4</osmand:speed>
        </extensions>
      </trkpt>
      <trkpt lat="59.6859678" lon="22.3370886">
        <ele>9964.7</ele>
        <time>2026-09-06T15:55:00Z</time>
        <hdop>7.7</hdop>
        <extensions>
          <osmand:speed>224.5</osmand:speed>
        </extensions>
      </trkpt>
      <trkpt lat="59.6799578" lon="22.3163647">
        <ele>9995.7</ele>
        <time>2026-09-06T15:55:06Z</time>
        <hdop>8.2</hdop>
        <extensions>
          <osmand:speed>224.8</osmand:speed>
        </extensions>
      </trkpt>
      <trkpt lat="59.6739282" lon="22.2956183">
        <ele>10022.7</ele>
        <time>2026-09-06T15:55:12Z</time>
        <hdop>8.7</hdop>
        <extensions>
          <osmand:speed>225.2</osmand:speed>
        </extensions>
      </trkpt>
      <trkpt lat="59.6679008" lon="22.2748234">
        <ele>10047.7</ele>
        <time>2026-09-06T15:55:18Z</time>
        <hdop>7.7</hdop>
        <extensions>
          <osmand:speed>225.7</osmand:speed>
        </extensions>
      </trkpt>
      <trkpt lat="59.6618334" lon="22.2540275">
        <ele>10070.7</ele>
        <time>2026-09-06T15:55:24Z</time>
        <hdop>8.7</hdop>
        <extensions>
          <osmand:speed>226.1</osmand:speed>
        </extensions>
      </trkpt>
      <trkpt lat="59.6557252" lon="22.2332334">
        <ele>10097.9</ele>
        <time>2026-09-06T15:55:30Z</time>
        <hdop>8.7</hdop>
        <extensions>
          <osmand:speed>226.6</osmand:speed>
        </extensions>
      </trkpt>
      <trkpt lat="59.6496026" lon="22.2123711">
        <ele>10121.9</ele>
        <time>2026-09-06T15:55:36Z</time>
        <hdop>9.7</hdop>
        <extensions>
          <osmand:speed>227</osmand:speed>
        </extensions>
      </trkpt>
      <trkpt lat="59.6434557" lon="22.1915154">
        <ele>10149.9</ele>
        <time>2026-09-06T15:55:42Z</time>
        <hdop>9.7</hdop>
        <extensions>
          <osmand:speed>227.4</osmand:speed>
        </extensions>
      </trkpt>
      <trkpt lat="59.6372898" lon="22.1706502">
        <ele>10177.9</ele>
        <time>2026-09-06T15:55:48Z</time>
        <hdop>8.7</hdop>
        <extensions>
          <osmand:speed>227.6</osmand:speed>
        </extensions>
      </trkpt>
      <trkpt lat="59.631126" lon="22.149781">
        <ele>10211.9</ele>
        <time>2026-09-06T15:55:54Z</time>
        <hdop>11.7</hdop>
        <extensions>
          <osmand:speed>227.5</osmand:speed>
        </extensions>
      </trkpt>
      <trkpt lat="59.624965" lon="22.1289353">
        <ele>10253.9</ele>
        <time>2026-09-06T15:56:00Z</time>
        <hdop>10.7</hdop>
        <extensions>
          <osmand:speed>227.1</osmand:speed>
        </extensions>
      </trkpt>
      <trkpt lat="59.6188109" lon="22.1081475">
        <ele>10298.9</ele>
        <time>2026-09-06T15:56:06Z</time>
        <hdop>10.7</hdop>
        <extensions>
          <osmand:speed>226.5</osmand:speed>
        </extensions>
      </trkpt>
      <trkpt lat="59.6126651" lon="22.0873837">
        <ele>10335.9</ele>
        <time>2026-09-06T15:56:12Z</time>
        <hdop>12.2</hdop>
        <extensions>
          <osmand:speed>226.4</osmand:speed>
        </extensions>
      </trkpt>
      <trkpt lat="59.6064942" lon="22.0666697">
        <ele>10371.9</ele>
        <time>2026-09-06T15:56:18Z</time>
        <hdop>12.2</hdop>
        <extensions>
          <osmand:speed>226.1</osmand:speed>
        </extensions>
      </trkpt>
      <trkpt lat="59.6003639" lon="22.0460024">
        <ele>10410.9</ele>
        <time>2026-09-06T15:56:24Z</time>
        <hdop>12.2</hdop>
        <extensions>
          <osmand:speed>225.9</osmand:speed>
        </extensions>
      </trkpt>
      <trkpt lat="59.5942095" lon="22.0253649">
        <ele>10444.9</ele>
        <time>2026-09-06T15:56:30Z</time>
        <hdop>9.7</hdop>
        <extensions>
          <osmand:speed>225.8</osmand:speed>
        </extensions>
      </trkpt>
      <trkpt lat="59.5880602" lon="22.0047085">
        <ele>10474.9</ele>
        <time>2026-09-06T15:56:36Z</time>
        <hdop>10.2</hdop>
        <extensions>
          <osmand:speed>225.8</osmand:speed>
        </extensions>
      </trkpt>
      <trkpt lat="59.5819185" lon="21.9840527">
        <ele>10508.1</ele>
        <time>2026-09-06T15:56:42Z</time>
        <hdop>9.2</hdop>
        <extensions>
          <osmand:speed>225.7</osmand:speed>
        </extensions>
      </trkpt>
      <trkpt lat="59.5757863" lon="21.963432">
        <ele>10540.1</ele>
        <time>2026-09-06T15:56:48Z</time>
        <hdop>12.8</hdop>
        <extensions>
          <osmand:speed>225.5</osmand:speed>
        </extensions>
      </trkpt>
      <trkpt lat="59.5696621" lon="21.9428026">
        <ele>10571.1</ele>
        <time>2026-09-06T15:56:54Z</time>
        <hdop>12.2</hdop>
        <extensions>
          <osmand:speed>225.5</osmand:speed>
        </extensions>
      </trkpt>
      <trkpt lat="59.5635563" lon="21.9221492">
        <ele>10594.1</ele>
        <time>2026-09-06T15:57:00Z</time>
        <hdop>17.9</hdop>
        <extensions>
          <osmand:speed>225.8</osmand:speed>
        </extensions>
      </trkpt>
      <trkpt lat="59.5574311" lon="21.901477">
        <ele>10624.1</ele>
        <time>2026-09-06T15:57:06Z</time>
        <hdop>18.4</hdop>
        <extensions>
          <osmand:speed>226.1</osmand:speed>
        </extensions>
      </trkpt>
      <trkpt lat="59.5513266" lon="21.8808402">
        <ele>10655.1</ele>
        <time>2026-09-06T15:57:12Z</time>
        <hdop>20.9</hdop>
        <extensions>
          <osmand:speed>225.8</osmand:speed>
        </extensions>
      </trkpt>
      <trkpt lat="59.5451998" lon="21.8602086">
        <ele>10686.1</ele>
        <time>2026-09-06T15:57:18Z</time>
        <hdop>17.9</hdop>
        <extensions>
          <osmand:speed>225.6</osmand:speed>
        </extensions>
      </trkpt>
      <trkpt lat="59.5390379" lon="21.8395997">
        <ele>10720.1</ele>
        <time>2026-09-06T15:57:24Z</time>
        <hdop>17.9</hdop>
        <extensions>
          <osmand:speed>225.3</osmand:speed>
        </extensions>
      </trkpt>
      <trkpt lat="59.5329043" lon="21.819067">
        <ele>10751.1</ele>
        <time>2026-09-06T15:57:30Z</time>
        <hdop>19.4</hdop>
        <extensions>
          <osmand:speed>225.4</osmand:speed>
        </extensions>
      </trkpt>
      <trkpt lat="59.5267674" lon="21.7985359">
        <ele>10778.1</ele>
        <time>2026-09-06T15:57:36Z</time>
        <hdop>16.8</hdop>
        <extensions>
          <osmand:speed>225.6</osmand:speed>
        </extensions>
      </trkpt>
      <trkpt lat="59.5206234" lon="21.7779442">
        <ele>10807.1</ele>
        <time>2026-09-06T15:57:42Z</time>
        <hdop>15.3</hdop>
        <extensions>
          <osmand:speed>225.4</osmand:speed>
        </extensions>
      </trkpt>
      <trkpt lat="59.514497" lon="21.7574564">
        <ele>10849.1</ele>
        <time>2026-09-06T15:57:48Z</time>
        <hdop>19.4</hdop>
        <extensions>
          <osmand:speed>224.5</osmand:speed>
        </extensions>
      </trkpt>
      <trkpt lat="59.5084153" lon="21.7370006">
        <ele>10887.3</ele>
        <time>2026-09-06T15:57:54Z</time>
        <hdop>21.9</hdop>
        <extensions>
          <osmand:speed>223.8</osmand:speed>
        </extensions>
      </trkpt>
      <trkpt lat="59.5022923" lon="21.7166293">
        <ele>10929.3</ele>
        <time>2026-09-06T15:58:00Z</time>
        <hdop>21.4</hdop>
        <extensions>
          <osmand:speed>223.1</osmand:speed>
        </extensions>
      </trkpt>
      <trkpt lat="59.4962161" lon="21.6962832">
        <ele>10965.8</ele>
        <time>2026-09-06T15:58:06Z</time>
        <hdop>25</hdop>
        <extensions>
          <osmand:speed>223.2</osmand:speed>
        </extensions>
      </trkpt>
      <trkpt lat="59.490085" lon="21.676012">
        <ele>10991.8</ele>
        <time>2026-09-06T15:58:12Z</time>
        <hdop>18.9</hdop>
        <extensions>
          <osmand:speed>223.1</osmand:speed>
        </extensions>
      </trkpt>
      <trkpt lat="59.4839644" lon="21.6557371">
        <ele>10995.8</ele>
        <time>2026-09-06T15:58:18Z</time>
        <hdop>17.9</hdop>
        <extensions>
          <osmand:speed>223.5</osmand:speed>
        </extensions>
      </trkpt>
      <trkpt lat="59.4778744" lon="21.6354061">
        <ele>10994.8</ele>
        <time>2026-09-06T15:58:24Z</time>
        <hdop>15.3</hdop>
        <extensions>
          <osmand:speed>223.5</osmand:speed>
        </extensions>
      </trkpt>
      <trkpt lat="59.4717608" lon="21.6151122">
        <ele>10999.8</ele>
        <time>2026-09-06T15:58:30Z</time>
        <hdop>15.8</hdop>
        <extensions>
          <osmand:speed>223.5</osmand:speed>
        </extensions>
      </trkpt>
      <trkpt lat="59.4656027" lon="21.5948039">
        <ele>11000.8</ele>
        <time>2026-09-06T15:58:36Z</time>
        <hdop>13.8</hdop>
        <extensions>
          <osmand:speed>223.4</osmand:speed>
        </extensions>
      </trkpt>
      <trkpt lat="59.4594946" lon="21.5744747">
        <ele>11002.8</ele>
        <time>2026-09-06T15:58:42Z</time>
        <hdop>14.8</hdop>
        <extensions>
          <osmand:speed>223.5</osmand:speed>
        </extensions>
      </trkpt>
      <trkpt lat="59.4533655" lon="21.5541395">
        <ele>11003.8</ele>
        <time>2026-09-06T15:58:48Z</time>
        <hdop>14.8</hdop>
        <extensions>
          <osmand:speed>223.5</osmand:speed>
        </extensions>
      </trkpt>
      <trkpt lat="59.4472283" lon="21.5338252">
        <ele>11003.8</ele>
        <time>2026-09-06T15:58:54Z</time>
        <hdop>13.8</hdop>
        <extensions>
          <osmand:speed>223.6</osmand:speed>
        </extensions>
      </trkpt>
      <trkpt lat="59.4410631" lon="21.5135915">
        <ele>11005.8</ele>
        <time>2026-09-06T15:59:00Z</time>
        <hdop>13.8</hdop>
        <extensions>
          <osmand:speed>223.7</osmand:speed>
        </extensions>
      </trkpt>
      <trkpt lat="59.4349142" lon="21.4933012">
        <ele>11007.9</ele>
        <time>2026-09-06T15:59:06Z</time>
        <hdop>14.3</hdop>
        <extensions>
          <osmand:speed>223.7</osmand:speed>
        </extensions>
      </trkpt>
      <trkpt lat="59.4287485" lon="21.4730413">
        <ele>11008.9</ele>
        <time>2026-09-06T15:59:12Z</time>
        <hdop>11.7</hdop>
        <extensions>
          <osmand:speed>223.8</osmand:speed>
        </extensions>
      </trkpt>
      <trkpt lat="59.4225779" lon="21.4527243">
        <ele>11007.9</ele>
        <time>2026-09-06T15:59:18Z</time>
        <hdop>13.3</hdop>
        <extensions>
          <osmand:speed>223.9</osmand:speed>
        </extensions>
      </trkpt>
      <trkpt lat="59.4163848" lon="21.4324525">
        <ele>11006.9</ele>
        <time>2026-09-06T15:59:24Z</time>
        <hdop>12.8</hdop>
        <extensions>
          <osmand:speed>224</osmand:speed>
        </extensions>
      </trkpt>
      <trkpt lat="59.4101807" lon="21.4121958">
        <ele>11008.9</ele>
        <time>2026-09-06T15:59:30Z</time>
        <hdop>11.7</hdop>
        <extensions>
          <osmand:speed>224.1</osmand:speed>
        </extensions>
      </trkpt>
      <trkpt lat="59.40401" lon="21.391921">
        <ele>11010.9</ele>
        <time>2026-09-06T15:59:36Z</time>
        <hdop>12.8</hdop>
        <extensions>
          <osmand:speed>224</osmand:speed>
        </extensions>
      </trkpt>
      <trkpt lat="59.3978083" lon="21.3716051">
        <ele>11007.9</ele>
        <time>2026-09-06T15:59:42Z</time>
        <hdop>12.8</hdop>
        <extensions>
          <osmand:speed>224.2</osmand:speed>
        </extensions>
      </trkpt>
      <trkpt lat="59.3915827" lon="21.3513366">
        <ele>11006.9</ele>
        <time>2026-09-06T15:59:48Z</time>
        <hdop>14.8</hdop>
        <extensions>
          <osmand:speed>224.2</osmand:speed>
        </extensions>
      </trkpt>
      <trkpt lat="59.3853643" lon="21.3310457">
        <ele>11004.9</ele>
        <time>2026-09-06T15:59:54Z</time>
        <hdop>12.2</hdop>
        <extensions>
          <osmand:speed>224.3</osmand:speed>
        </extensions>
      </trkpt>
      <trkpt lat="59.3791391" lon="21.310798">
        <ele>11003.9</ele>
        <time>2026-09-06T16:00:00Z</time>
        <hdop>12.2</hdop>
        <extensions>
          <osmand:speed>224.3</osmand:speed>
        </extensions>
      </trkpt>
      <trkpt lat="59.3729139" lon="21.2905583">
        <ele>11004.9</ele>
        <time>2026-09-06T16:00:06Z</time>
        <hdop>12.8</hdop>
        <extensions>
          <osmand:speed>224.3</osmand:speed>
        </extensions>
      </trkpt>
      <trkpt lat="59.3666986" lon="21.2703172">
        <ele>11004.9</ele>
        <time>2026-09-06T16:00:12Z</time>
        <hdop>10.2</hdop>
        <extensions>
          <osmand:speed>224.2</osmand:speed>
        </extensions>
      </trkpt>
      <trkpt lat="59.3604701" lon="21.2500892">
        <ele>11002.9</ele>
        <time>2026-09-06T16:00:18Z</time>
        <hdop>11.2</hdop>
        <extensions>
          <osmand:speed>224.2</osmand:speed>
        </extensions>
      </trkpt>
      <trkpt lat="59.3542427" lon="21.229861">
        <ele>11001.9</ele>
        <time>2026-09-06T16:00:24Z</time>
        <hdop>9.7</hdop>
        <extensions>
          <osmand:speed>224.2</osmand:speed>
        </extensions>
      </trkpt>
      <trkpt lat="59.3480297" lon="21.209622">
        <ele>11002.9</ele>
        <time>2026-09-06T16:00:30Z</time>
        <hdop>11.2</hdop>
        <extensions>
          <osmand:speed>224.2</osmand:speed>
        </extensions>
      </trkpt>
      <trkpt lat="59.3418086" lon="21.1893946">
        <ele>11002.9</ele>
        <time>2026-09-06T16:00:36Z</time>
        <hdop>12.2</hdop>
        <extensions>
          <osmand:speed>224.2</osmand:speed>
        </extensions>
      </trkpt>
      <trkpt lat="59.3355921" lon="21.1691792">
        <ele>11002.9</ele>
        <time>2026-09-06T16:00:42Z</time>
        <hdop>11.2</hdop>
        <extensions>
          <osmand:speed>224.2</osmand:speed>
        </extensions>
      </trkpt>
      <trkpt lat="59.3294235" lon="21.1489211">
        <ele>11001.9</ele>
        <time>2026-09-06T16:00:48Z</time>
        <hdop>3.6</hdop>
        <extensions>
          <osmand:speed>224.2</osmand:speed>
        </extensions>
      </trkpt>
      <trkpt lat="59.3231943" lon="21.1287211">
        <ele>11002.9</ele>
        <time>2026-09-06T16:00:54Z</time>
        <hdop>3.1</hdop>
        <extensions>
          <osmand:speed>224.1</osmand:speed>
        </extensions>
      </trkpt>
      <trkpt lat="59.3169594" lon="21.1085255">
        <ele>11004.9</ele>
        <time>2026-09-06T16:01:00Z</time>
        <hdop>3.1</hdop>
        <extensions>
          <osmand:speed>224.2</osmand:speed>
        </extensions>
      </trkpt>
      <trkpt lat="59.3107258" lon="21.0883422">
        <ele>11004.9</ele>
        <time>2026-09-06T16:01:06Z</time>
        <hdop>2.6</hdop>
        <extensions>
          <osmand:speed>224.2</osmand:speed>
        </extensions>
      </trkpt>
      <trkpt lat="59.3045051" lon="21.0681325">
        <ele>11004.9</ele>
        <time>2026-09-06T16:01:12Z</time>
        <hdop>2.6</hdop>
        <extensions>
          <osmand:speed>224.3</osmand:speed>
        </extensions>
      </trkpt>
      <trkpt lat="59.2983032" lon="21.0479162">
        <ele>11006.9</ele>
        <time>2026-09-06T16:01:18Z</time>
        <hdop>2.6</hdop>
        <extensions>
          <osmand:speed>224.2</osmand:speed>
        </extensions>
      </trkpt>
      <trkpt lat="59.2921127" lon="21.0276992">
        <ele>11008.9</ele>
        <time>2026-09-06T16:01:24Z</time>
        <hdop>2.6</hdop>
        <extensions>
          <osmand:speed>224.1</osmand:speed>
        </extensions>
      </trkpt>
      <trkpt lat="59.2859216" lon="21.0074907">
        <ele>11009.9</ele>
        <time>2026-09-06T16:01:30Z</time>
        <hdop>2</hdop>
        <extensions>
          <osmand:speed>224.2</osmand:speed>
        </extensions>
      </trkpt>
      <trkpt lat="59.2797191" lon="20.9872756">
        <ele>11008.8</ele>
        <time>2026-09-06T16:01:36Z</time>
        <hdop>2</hdop>
        <extensions>
          <osmand:speed>224.4</osmand:speed>
        </extensions>
      </trkpt>
      <trkpt lat="59.2734832" lon="20.967074">
        <ele>11008.8</ele>
        <time>2026-09-06T16:01:42Z</time>
        <hdop>2</hdop>
        <extensions>
          <osmand:speed>224.5</osmand:speed>
        </extensions>
      </trkpt>
      <trkpt lat="59.2672321" lon="20.9468835">
        <ele>11009.8</ele>
        <time>2026-09-06T16:01:48Z</time>
        <hdop>2</hdop>
        <extensions>
          <osmand:speed>224.7</osmand:speed>
        </extensions>
      </trkpt>
      <trkpt lat="59.2609852" lon="20.9266789">
        <ele>11008.8</ele>
        <time>2026-09-06T16:01:54Z</time>
        <hdop>2.6</hdop>
        <extensions>
          <osmand:speed>224.8</osmand:speed>
        </extensions>
      </trkpt>
      <trkpt lat="59.2547522" lon="20.9064519">
        <ele>11008.8</ele>
        <time>2026-09-06T16:02:00Z</time>
        <hdop>2.6</hdop>
        <extensions>
          <osmand:speed>224.8</osmand:speed>
        </extensions>
      </trkpt>
      <trkpt lat="59.24847" lon="20.8862827">
        <ele>11010.9</ele>
        <time>2026-09-06T16:02:06Z</time>
        <hdop>12.8</hdop>
        <extensions>
          <osmand:speed>224.8</osmand:speed>
        </extensions>
      </trkpt>
      <trkpt lat="59.242193" lon="20.8662036">
        <ele>11016.9</ele>
        <time>2026-09-06T16:02:12Z</time>
        <hdop>15.8</hdop>
        <extensions>
          <osmand:speed>224.1</osmand:speed>
        </extensions>
      </trkpt>
      <trkpt lat="59.2359211" lon="20.8459127">
        <ele>11010.9</ele>
        <time>2026-09-06T16:02:18Z</time>
        <hdop>11.7</hdop>
        <extensions>
          <osmand:speed>224.5</osmand:speed>
        </extensions>
      </trkpt>
      <trkpt lat="59.2296287" lon="20.8257745">
        <ele>11010.9</ele>
        <time>2026-09-06T16:02:24Z</time>
        <hdop>10.2</hdop>
        <extensions>
          <osmand:speed>225</osmand:speed>
        </extensions>
      </trkpt>
      <trkpt lat="59.2233121" lon="20.8056019">
        <ele>11012.9</ele>
        <time>2026-09-06T16:02:30Z</time>
        <hdop>12.2</hdop>
        <extensions>
          <osmand:speed>226.2</osmand:speed>
        </extensions>
      </trkpt>
      <trkpt lat="59.2170392" lon="20.785396">
        <ele>11011.9</ele>
        <time>2026-09-06T16:02:36Z</time>
        <hdop>12.2</hdop>
        <extensions>
          <osmand:speed>225.1</osmand:speed>
        </extensions>
      </trkpt>
      <trkpt lat="59.2107252" lon="20.7652637">
        <ele>11012.9</ele>
        <time>2026-09-06T16:02:42Z</time>
        <hdop>10.7</hdop>
        <extensions>
          <osmand:speed>225.2</osmand:speed>
        </extensions>
      </trkpt>
      <trkpt lat="59.2044073" lon="20.7451123">
        <ele>11011.5</ele>
        <time>2026-09-06T16:02:48Z</time>
        <hdop>10.2</hdop>
        <extensions>
          <osmand:speed>225.3</osmand:speed>
        </extensions>
      </trkpt>
      <trkpt lat="59.1980844" lon="20.7249736">
        <ele>11012.5</ele>
        <time>2026-09-06T16:02:54Z</time>
        <hdop>6.1</hdop>
        <extensions>
          <osmand:speed>225.4</osmand:speed>
        </extensions>
      </trkpt>
      <trkpt lat="59.1917382" lon="20.7048573">
        <ele>11014.5</ele>
        <time>2026-09-06T16:03:00Z</time>
        <hdop>7.7</hdop>
        <extensions>
          <osmand:speed>225.5</osmand:speed>
        </extensions>
      </trkpt>
      <trkpt lat="59.185403" lon="20.6846959">
        <ele>11016.5</ele>
        <time>2026-09-06T16:03:06Z</time>
        <hdop>6.1</hdop>
        <extensions>
          <osmand:speed>225.5</osmand:speed>
        </extensions>
      </trkpt>
      <trkpt lat="59.1790555" lon="20.664567">
        <ele>11018.5</ele>
        <time>2026-09-06T16:03:12Z</time>
        <hdop>6.1</hdop>
        <extensions>
          <osmand:speed>225.6</osmand:speed>
        </extensions>
      </trkpt>
      <trkpt lat="59.1727046" lon="20.6444188">
        <ele>11018.5</ele>
        <time>2026-09-06T16:03:18Z</time>
        <hdop>7.7</hdop>
        <extensions>
          <osmand:speed>225.7</osmand:speed>
        </extensions>
      </trkpt>
      <trkpt lat="59.1663672" lon="20.6242608">
        <ele>11017.5</ele>
        <time>2026-09-06T16:03:24Z</time>
        <hdop>8.2</hdop>
        <extensions>
          <osmand:speed>225.8</osmand:speed>
        </extensions>
      </trkpt>
      <trkpt lat="59.1600319" lon="20.6040997">
        <ele>11018.5</ele>
        <time>2026-09-06T16:03:30Z</time>
        <hdop>7.1</hdop>
        <extensions>
          <osmand:speed>225.9</osmand:speed>
        </extensions>
      </trkpt>
      <trkpt lat="59.1536431" lon="20.5839994">
        <ele>11021.5</ele>
        <time>2026-09-06T16:03:36Z</time>
        <hdop>3.6</hdop>
        <extensions>
          <osmand:speed>226.1</osmand:speed>
        </extensions>
      </trkpt>
      <trkpt lat="59.1471798" lon="20.5639415">
        <ele>11024.5</ele>
        <time>2026-09-06T16:03:42Z</time>
        <hdop>2.6</hdop>
        <extensions>
          <osmand:speed>226.3</osmand:speed>
        </extensions>
      </trkpt>
      <trkpt lat="59.1406769" lon="20.5439127">
        <ele>11026.5</ele>
        <time>2026-09-06T16:03:48Z</time>
        <hdop>3.1</hdop>
        <extensions>
          <osmand:speed>226.4</osmand:speed>
        </extensions>
      </trkpt>
      <trkpt lat="59.1341532" lon="20.5239102">
        <ele>11026.5</ele>
        <time>2026-09-06T16:03:54Z</time>
        <hdop>2.6</hdop>
        <extensions>
          <osmand:speed>226.5</osmand:speed>
        </extensions>
      </trkpt>
      <trkpt lat="59.1276123" lon="20.5039259">
        <ele>11027.5</ele>
        <time>2026-09-06T16:04:00Z</time>
        <hdop>7.1</hdop>
        <extensions>
          <osmand:speed>226.6</osmand:speed>
        </extensions>
      </trkpt>
      <trkpt lat="59.1210478" lon="20.4839457">
        <ele>11029.1</ele>
        <time>2026-09-06T16:04:06Z</time>
        <hdop>6.1</hdop>
        <extensions>
          <osmand:speed>226.5</osmand:speed>
        </extensions>
      </trkpt>
      <trkpt lat="59.1144774" lon="20.4640095">
        <ele>11032.1</ele>
        <time>2026-09-06T16:04:12Z</time>
        <hdop>2.6</hdop>
        <extensions>
          <osmand:speed>226.4</osmand:speed>
        </extensions>
      </trkpt>
      <trkpt lat="59.1078993" lon="20.4440846">
        <ele>11034.1</ele>
        <time>2026-09-06T16:04:18Z</time>
        <hdop>5.1</hdop>
        <extensions>
          <osmand:speed>226.4</osmand:speed>
        </extensions>
      </trkpt>
      <trkpt lat="59.1013358" lon="20.424174">
        <ele>11033.1</ele>
        <time>2026-09-06T16:04:24Z</time>
        <hdop>5.6</hdop>
        <extensions>
          <osmand:speed>226.3</osmand:speed>
        </extensions>
      </trkpt>
      <trkpt lat="59.0947626" lon="20.4042671">
        <ele>11034.1</ele>
        <time>2026-09-06T16:04:30Z</time>
        <hdop>6.6</hdop>
        <extensions>
          <osmand:speed>226.2</osmand:speed>
        </extensions>
      </trkpt>
      <trkpt lat="59.0882092" lon="20.3843568">
        <ele>11034.1</ele>
        <time>2026-09-06T16:04:36Z</time>
        <hdop>5.1</hdop>
        <extensions>
          <osmand:speed>226.1</osmand:speed>
        </extensions>
      </trkpt>
      <trkpt lat="59.0816655" lon="20.3644658">
        <ele>11035.1</ele>
        <time>2026-09-06T16:04:42Z</time>
        <hdop>5.1</hdop>
        <extensions>
          <osmand:speed>226.1</osmand:speed>
        </extensions>
      </trkpt>
      <trkpt lat="59.0751194" lon="20.3445666">
        <ele>11036.1</ele>
        <time>2026-09-06T16:04:48Z</time>
        <hdop>5.1</hdop>
        <extensions>
          <osmand:speed>226</osmand:speed>
        </extensions>
      </trkpt>
      <trkpt lat="59.0685726" lon="20.3246799">
        <ele>11038.1</ele>
        <time>2026-09-06T16:04:54Z</time>
        <hdop>5.1</hdop>
        <extensions>
          <osmand:speed>226</osmand:speed>
        </extensions>
      </trkpt>
      <trkpt lat="59.0620335" lon="20.3048002">
        <ele>11038.1</ele>
        <time>2026-09-06T16:05:00Z</time>
        <hdop>3.6</hdop>
        <extensions>
          <osmand:speed>225.9</osmand:speed>
        </extensions>
      </trkpt>
      <trkpt lat="59.0554934" lon="20.2849296">
        <ele>11038.1</ele>
        <time>2026-09-06T16:05:06Z</time>
        <hdop>3.1</hdop>
        <extensions>
          <osmand:speed>225.9</osmand:speed>
        </extensions>
      </trkpt>
      <trkpt lat="59.0489327" lon="20.2650747">
        <ele>11038.1</ele>
        <time>2026-09-06T16:05:12Z</time>
        <hdop>6.1</hdop>
        <extensions>
          <osmand:speed>225.9</osmand:speed>
        </extensions>
      </trkpt>
      <trkpt lat="59.04237" lon="20.2452392">
        <ele>11038.6</ele>
        <time>2026-09-06T16:05:18Z</time>
        <hdop>6.1</hdop>
        <extensions>
          <osmand:speed>225.9</osmand:speed>
        </extensions>
      </trkpt>
      <trkpt lat="59.035828" lon="20.2253893">
        <ele>11037.6</ele>
        <time>2026-09-06T16:05:24Z</time>
        <hdop>3.1</hdop>
        <extensions>
          <osmand:speed>225.8</osmand:speed>
        </extensions>
      </trkpt>
      <trkpt lat="59.0292777" lon="20.2055544">
        <ele>11037.6</ele>
        <time>2026-09-06T16:05:30Z</time>
        <hdop>5.6</hdop>
        <extensions>
          <osmand:speed>225.8</osmand:speed>
        </extensions>
      </trkpt>
      <trkpt lat="59.0227321" lon="20.1857189">
        <ele>11038.6</ele>
        <time>2026-09-06T16:05:36Z</time>
        <hdop>3.1</hdop>
        <extensions>
          <osmand:speed>225.7</osmand:speed>
        </extensions>
      </trkpt>
      <trkpt lat="59.0162031" lon="20.165886">
        <ele>11039.6</ele>
        <time>2026-09-06T16:05:42Z</time>
        <hdop>3.1</hdop>
        <extensions>
          <osmand:speed>225.6</osmand:speed>
        </extensions>
      </trkpt>
      <trkpt lat="59.0096715" lon="20.1460591">
        <ele>11041.6</ele>
        <time>2026-09-06T16:05:48Z</time>
        <hdop>2.6</hdop>
        <extensions>
          <osmand:speed>225.6</osmand:speed>
        </extensions>
      </trkpt>
      <trkpt lat="59.0031469" lon="20.1262279">
        <ele>11043.6</ele>
        <time>2026-09-06T16:05:54Z</time>
        <hdop>2</hdop>
        <extensions>
          <osmand:speed>225.6</osmand:speed>
        </extensions>
      </trkpt>
      <trkpt lat="58.9966006" lon="20.1064165">
        <ele>11045.5</ele>
        <time>2026-09-06T16:06:00Z</time>
        <hdop>5.1</hdop>
        <extensions>
          <osmand:speed>225.8</osmand:speed>
        </extensions>
      </trkpt>
      <trkpt lat="58.9900633" lon="20.0865911">
        <ele>11045.5</ele>
        <time>2026-09-06T16:06:06Z</time>
        <hdop>2.6</hdop>
        <extensions>
          <osmand:speed>225.8</osmand:speed>
        </extensions>
      </trkpt>
      <trkpt lat="58.9835222" lon="20.0667565">
        <ele>11045.5</ele>
        <time>2026-09-06T16:06:12Z</time>
        <hdop>2.6</hdop>
        <extensions>
          <osmand:speed>225.9</osmand:speed>
        </extensions>
      </trkpt>
      <trkpt lat="58.9769916" lon="20.0469132">
        <ele>11045.5</ele>
        <time>2026-09-06T16:06:18Z</time>
        <hdop>2.6</hdop>
        <extensions>
          <osmand:speed>225.9</osmand:speed>
        </extensions>
      </trkpt>
      <trkpt lat="58.9704773" lon="20.0270528">
        <ele>11046.5</ele>
        <time>2026-09-06T16:06:24Z</time>
        <hdop>2.6</hdop>
        <extensions>
          <osmand:speed>226</osmand:speed>
        </extensions>
      </trkpt>
      <trkpt lat="58.9639559" lon="20.0071914">
        <ele>11046.5</ele>
        <time>2026-09-06T16:06:30Z</time>
        <hdop>2.6</hdop>
        <extensions>
          <osmand:speed>226.1</osmand:speed>
        </extensions>
      </trkpt>
      <trkpt lat="58.9574193" lon="19.9873419">
        <ele>11047.1</ele>
        <time>2026-09-06T16:06:36Z</time>
        <hdop>5.6</hdop>
        <extensions>
          <osmand:speed>226.3</osmand:speed>
        </extensions>
      </trkpt>
      <trkpt lat="58.950864" lon="19.9675038">
        <ele>11049.1</ele>
        <time>2026-09-06T16:06:42Z</time>
        <hdop>4.6</hdop>
        <extensions>
          <osmand:speed>226.4</osmand:speed>
        </extensions>
      </trkpt>
      <trkpt lat="58.9442983" lon="19.9476772">
        <ele>11049.1</ele>
        <time>2026-09-06T16:06:48Z</time>
        <hdop>4.1</hdop>
        <extensions>
          <osmand:speed>226.2</osmand:speed>
        </extensions>
      </trkpt>
      <trkpt lat="58.9377212" lon="19.9278627">
        <ele>11049.1</ele>
        <time>2026-09-06T16:06:54Z</time>
        <hdop>4.1</hdop>
        <extensions>
          <osmand:speed>226.2</osmand:speed>
        </extensions>
      </trkpt>
      <trkpt lat="58.9311353" lon="19.9080749">
        <ele>11049.1</ele>
        <time>2026-09-06T16:07:00Z</time>
        <hdop>4.1</hdop>
        <extensions>
          <osmand:speed>226.3</osmand:speed>
        </extensions>
      </trkpt>
      <trkpt lat="58.9245443" lon="19.8882914">
        <ele>11048.1</ele>
        <time>2026-09-06T16:07:06Z</time>
        <hdop>4.1</hdop>
        <extensions>
          <osmand:speed>226.3</osmand:speed>
        </extensions>
      </trkpt>
      <trkpt lat="58.9179452" lon="19.8685291">
        <ele>11048.1</ele>
        <time>2026-09-06T16:07:12Z</time>
        <hdop>2.6</hdop>
        <extensions>
          <osmand:speed>226.3</osmand:speed>
        </extensions>
      </trkpt>
      <trkpt lat="58.9113369" lon="19.8487765">
        <ele>11049.1</ele>
        <time>2026-09-06T16:07:18Z</time>
        <hdop>2.6</hdop>
        <extensions>
          <osmand:speed>226.3</osmand:speed>
        </extensions>
      </trkpt>
      <trkpt lat="58.9047446" lon="19.8290081">
        <ele>11048.1</ele>
        <time>2026-09-06T16:07:24Z</time>
        <hdop>2.6</hdop>
        <extensions>
          <osmand:speed>226.2</osmand:speed>
        </extensions>
      </trkpt>
      <trkpt lat="58.8981512" lon="19.8092485">
        <ele>11049.1</ele>
        <time>2026-09-06T16:07:30Z</time>
        <hdop>2.6</hdop>
        <extensions>
          <osmand:speed>226.2</osmand:speed>
        </extensions>
      </trkpt>
      <trkpt lat="58.8915543" lon="19.7895027">
        <ele>11051.1</ele>
        <time>2026-09-06T16:07:36Z</time>
        <hdop>3.6</hdop>
        <extensions>
          <osmand:speed>226.1</osmand:speed>
        </extensions>
      </trkpt>
      <trkpt lat="58.8849426" lon="19.7697899">
        <ele>11053.1</ele>
        <time>2026-09-06T16:07:42Z</time>
        <hdop>4.1</hdop>
        <extensions>
          <osmand:speed>226.1</osmand:speed>
        </extensions>
      </trkpt>
      <trkpt lat="58.8783286" lon="19.750085">
        <ele>11054.1</ele>
        <time>2026-09-06T16:07:48Z</time>
        <hdop>3.6</hdop>
        <extensions>
          <osmand:speed>226.2</osmand:speed>
        </extensions>
      </trkpt>
      <trkpt lat="58.8717088" lon="19.7303723">
        <ele>11054.6</ele>
        <time>2026-09-06T16:07:54Z</time>
        <hdop>4.1</hdop>
        <extensions>
          <osmand:speed>226.3</osmand:speed>
        </extensions>
      </trkpt>
      <trkpt lat="58.8650822" lon="19.7106615">
        <ele>11055.6</ele>
        <time>2026-09-06T16:08:00Z</time>
        <hdop>4.1</hdop>
        <extensions>
          <osmand:speed>226.4</osmand:speed>
        </extensions>
      </trkpt>
      <trkpt lat="58.8584367" lon="19.690951">
        <ele>11056.6</ele>
        <time>2026-09-06T16:08:06Z</time>
        <hdop>4.1</hdop>
        <extensions>
          <osmand:speed>226.7</osmand:speed>
        </extensions>
      </trkpt>
      <trkpt lat="58.851772" lon="19.6712443">
        <ele>11057.6</ele>
        <time>2026-09-06T16:08:12Z</time>
        <hdop>3.6</hdop>
        <extensions>
          <osmand:speed>226.8</osmand:speed>
        </extensions>
      </trkpt>
      <trkpt lat="58.8451077" lon="19.6515352">
        <ele>11057.6</ele>
        <time>2026-09-06T16:08:18Z</time>
        <hdop>4.1</hdop>
        <extensions>
          <osmand:speed>226.9</osmand:speed>
        </extensions>
      </trkpt>
      <trkpt lat="58.8384307" lon="19.631827">
        <ele>11058.6</ele>
        <time>2026-09-06T16:08:24Z</time>
        <hdop>3.6</hdop>
        <extensions>
          <osmand:speed>227</osmand:speed>
        </extensions>
      </trkpt>
      <trkpt lat="58.8317527" lon="19.6121215">
        <ele>11060.6</ele>
        <time>2026-09-06T16:08:30Z</time>
        <hdop>4.6</hdop>
        <extensions>
          <osmand:speed>227</osmand:speed>
        </extensions>
      </trkpt>
      <trkpt lat="58.8250652" lon="19.5924228">
        <ele>11062.6</ele>
        <time>2026-09-06T16:08:36Z</time>
        <hdop>4.6</hdop>
        <extensions>
          <osmand:speed>227.1</osmand:speed>
        </extensions>
      </trkpt>
      <trkpt lat="58.8183667" lon="19.5727248">
        <ele>11063.6</ele>
        <time>2026-09-06T16:08:42Z</time>
        <hdop>4.6</hdop>
        <extensions>
          <osmand:speed>227.2</osmand:speed>
        </extensions>
      </trkpt>
      <trkpt lat="58.8116622" lon="19.553029">
        <ele>11063.6</ele>
        <time>2026-09-06T16:08:48Z</time>
        <hdop>4.6</hdop>
        <extensions>
          <osmand:speed>227.3</osmand:speed>
        </extensions>
      </trkpt>
      <trkpt lat="58.8049578" lon="19.5333326">
        <ele>11063.6</ele>
        <time>2026-09-06T16:08:54Z</time>
        <hdop>4.1</hdop>
        <extensions>
          <osmand:speed>227.3</osmand:speed>
        </extensions>
      </trkpt>
      <trkpt lat="58.7982483" lon="19.5136164">
        <ele>11061.6</ele>
        <time>2026-09-06T16:09:00Z</time>
        <hdop>5.1</hdop>
        <extensions>
          <osmand:speed>227.6</osmand:speed>
        </extensions>
      </trkpt>
      <trkpt lat="58.7915388" lon="19.4938983">
        <ele>11061.2</ele>
        <time>2026-09-06T16:09:06Z</time>
        <hdop>5.6</hdop>
        <extensions>
          <osmand:speed>227.6</osmand:speed>
        </extensions>
      </trkpt>
      <trkpt lat="58.7848338" lon="19.4741793">
        <ele>11062.2</ele>
        <time>2026-09-06T16:09:12Z</time>
        <hdop>5.6</hdop>
        <extensions>
          <osmand:speed>227.6</osmand:speed>
        </extensions>
      </trkpt>
      <trkpt lat="58.778119" lon="19.4544712">
        <ele>11063.2</ele>
        <time>2026-09-06T16:09:18Z</time>
        <hdop>4.6</hdop>
        <extensions>
          <osmand:speed>227.6</osmand:speed>
        </extensions>
      </trkpt>
      <trkpt lat="58.7714058" lon="19.4347501">
        <ele>11063.2</ele>
        <time>2026-09-06T16:09:24Z</time>
        <hdop>4.6</hdop>
        <extensions>
          <osmand:speed>227.8</osmand:speed>
        </extensions>
      </trkpt>
      <trkpt lat="58.7646884" lon="19.4150314">
        <ele>11062.2</ele>
        <time>2026-09-06T16:09:30Z</time>
        <hdop>4.1</hdop>
        <extensions>
          <osmand:speed>227.7</osmand:speed>
        </extensions>
      </trkpt>
      <trkpt lat="58.7579747" lon="19.3953157">
        <ele>11062.2</ele>
        <time>2026-09-06T16:09:36Z</time>
        <hdop>5.1</hdop>
        <extensions>
          <osmand:speed>227.8</osmand:speed>
        </extensions>
      </trkpt>
      <trkpt lat="58.7512573" lon="19.3755826">
        <ele>11062.2</ele>
        <time>2026-09-06T16:09:42Z</time>
        <hdop>4.6</hdop>
        <extensions>
          <osmand:speed>227.9</osmand:speed>
        </extensions>
      </trkpt>
      <trkpt lat="58.7445339" lon="19.3558622">
        <ele>11064.2</ele>
        <time>2026-09-06T16:09:48Z</time>
        <hdop>5.6</hdop>
        <extensions>
          <osmand:speed>227.9</osmand:speed>
        </extensions>
      </trkpt>
      <trkpt lat="58.7378062" lon="19.3361621">
        <ele>11066.2</ele>
        <time>2026-09-06T16:09:54Z</time>
        <hdop>4.6</hdop>
        <extensions>
          <osmand:speed>228</osmand:speed>
        </extensions>
      </trkpt>
      <trkpt lat="58.7310685" lon="19.3164493">
        <ele>11067.2</ele>
        <time>2026-09-06T16:10:00Z</time>
        <hdop>4.6</hdop>
        <extensions>
          <osmand:speed>228.1</osmand:speed>
        </extensions>
      </trkpt>
      <trkpt lat="58.7243304" lon="19.2967374">
        <ele>11069.2</ele>
        <time>2026-09-06T16:10:06Z</time>
        <hdop>6.1</hdop>
        <extensions>
          <osmand:speed>228.2</osmand:speed>
        </extensions>
      </trkpt>
      <trkpt lat="58.7175826" lon="19.2770206">
        <ele>11070.2</ele>
        <time>2026-09-06T16:10:12Z</time>
        <hdop>6.1</hdop>
        <extensions>
          <osmand:speed>228.4</osmand:speed>
        </extensions>
      </trkpt>
      <trkpt lat="58.7108204" lon="19.2573031">
        <ele>11071.2</ele>
        <time>2026-09-06T16:10:18Z</time>
        <hdop>6.1</hdop>
        <extensions>
          <osmand:speed>228.5</osmand:speed>
        </extensions>
      </trkpt>
      <trkpt lat="58.7040492" lon="19.2375862">
        <ele>11071.7</ele>
        <time>2026-09-06T16:10:24Z</time>
        <hdop>6.1</hdop>
        <extensions>
          <osmand:speed>228.7</osmand:speed>
        </extensions>
      </trkpt>
      <trkpt lat="58.6972731" lon="19.2178619">
        <ele>11071.7</ele>
        <time>2026-09-06T16:10:30Z</time>
        <hdop>5.6</hdop>
        <extensions>
          <osmand:speed>228.7</osmand:speed>
        </extensions>
      </trkpt>
      <trkpt lat="58.6904877" lon="19.1981513">
        <ele>11072.7</ele>
        <time>2026-09-06T16:10:36Z</time>
        <hdop>6.1</hdop>
        <extensions>
          <osmand:speed>228.8</osmand:speed>
        </extensions>
      </trkpt>
      <trkpt lat="58.6836933" lon="19.1784413">
        <ele>11073.7</ele>
        <time>2026-09-06T16:10:42Z</time>
        <hdop>5.6</hdop>
        <extensions>
          <osmand:speed>228.8</osmand:speed>
        </extensions>
      </trkpt>
      <trkpt lat="58.6769027" lon="19.1587462">
        <ele>11074.7</ele>
        <time>2026-09-06T16:10:48Z</time>
        <hdop>5.6</hdop>
        <extensions>
          <osmand:speed>228.8</osmand:speed>
        </extensions>
      </trkpt>
      <trkpt lat="58.6700999" lon="19.1390693">
        <ele>11076.7</ele>
        <time>2026-09-06T16:10:54Z</time>
        <hdop>6.1</hdop>
        <extensions>
          <osmand:speed>228.7</osmand:speed>
        </extensions>
      </trkpt>
      <trkpt lat="58.6632958" lon="19.1193999">
        <ele>11078.7</ele>
        <time>2026-09-06T16:11:00Z</time>
        <hdop>6.1</hdop>
        <extensions>
          <osmand:speed>228.8</osmand:speed>
        </extensions>
      </trkpt>
      <trkpt lat="58.6564842" lon="19.0997286">
        <ele>11077.7</ele>
        <time>2026-09-06T16:11:06Z</time>
        <hdop>6.1</hdop>
        <extensions>
          <osmand:speed>228.8</osmand:speed>
        </extensions>
      </trkpt>
      <trkpt lat="58.6496555" lon="19.0800769">
        <ele>11077.7</ele>
        <time>2026-09-06T16:11:12Z</time>
        <hdop>5.6</hdop>
        <extensions>
          <osmand:speed>228.9</osmand:speed>
        </extensions>
      </trkpt>
      <trkpt lat="58.6428101" lon="19.0604459">
        <ele>11077.7</ele>
        <time>2026-09-06T16:11:18Z</time>
        <hdop>6.6</hdop>
        <extensions>
          <osmand:speed>228.9</osmand:speed>
        </extensions>
      </trkpt>
      <trkpt lat="58.6359748" lon="19.040807">
        <ele>11078.7</ele>
        <time>2026-09-06T16:11:24Z</time>
        <hdop>6.6</hdop>
        <extensions>
          <osmand:speed>228.9</osmand:speed>
        </extensions>
      </trkpt>
      <trkpt lat="58.6291442" lon="19.0211697">
        <ele>11080.7</ele>
        <time>2026-09-06T16:11:30Z</time>
        <hdop>6.6</hdop>
        <extensions>
          <osmand:speed>228.9</osmand:speed>
        </extensions>
      </trkpt>
      <trkpt lat="58.6223148" lon="19.0015336">
        <ele>11080.7</ele>
        <time>2026-09-06T16:11:36Z</time>
        <hdop>5.6</hdop>
        <extensions>
          <osmand:speed>228.8</osmand:speed>
        </extensions>
      </trkpt>
      <trkpt lat="58.6154801" lon="18.9819047">
        <ele>11080.1</ele>
        <time>2026-09-06T16:11:42Z</time>
        <hdop>6.1</hdop>
        <extensions>
          <osmand:speed>228.9</osmand:speed>
        </extensions>
      </trkpt>
      <trkpt lat="58.6086495" lon="18.9622736">
        <ele>11081.1</ele>
        <time>2026-09-06T16:11:48Z</time>
        <hdop>4.1</hdop>
        <extensions>
          <osmand:speed>228.9</osmand:speed>
        </extensions>
      </trkpt>
      <trkpt lat="58.6018302" lon="18.9426222">
        <ele>11082.1</ele>
        <time>2026-09-06T16:11:54Z</time>
        <hdop>5.6</hdop>
        <extensions>
          <osmand:speed>228.9</osmand:speed>
        </extensions>
      </trkpt>
      <trkpt lat="58.5950079" lon="18.9229682">
        <ele>11085.1</ele>
        <time>2026-09-06T16:12:00Z</time>
        <hdop>5.6</hdop>
        <extensions>
          <osmand:speed>229.2</osmand:speed>
        </extensions>
      </trkpt>
      <trkpt lat="58.5881852" lon="18.9033071">
        <ele>11086.1</ele>
        <time>2026-09-06T16:12:06Z</time>
        <hdop>5.6</hdop>
        <extensions>
          <osmand:speed>229.4</osmand:speed>
        </extensions>
      </trkpt>
      <trkpt lat="58.5813538" lon="18.8836182">
        <ele>11085.1</ele>
        <time>2026-09-06T16:12:12Z</time>
        <hdop>4.1</hdop>
        <extensions>
          <osmand:speed>229.6</osmand:speed>
        </extensions>
      </trkpt>
      <trkpt lat="58.5744986" lon="18.8639329">
        <ele>11086.1</ele>
        <time>2026-09-06T16:12:18Z</time>
        <hdop>6.6</hdop>
        <extensions>
          <osmand:speed>229.8</osmand:speed>
        </extensions>
      </trkpt>
      <trkpt lat="58.5676409" lon="18.8442352">
        <ele>11087.1</ele>
        <time>2026-09-06T16:12:24Z</time>
        <hdop>4.6</hdop>
        <extensions>
          <osmand:speed>230</osmand:speed>
        </extensions>
      </trkpt>
      <trkpt lat="58.5607654" lon="18.8245337">
        <ele>11089.1</ele>
        <time>2026-09-06T16:12:30Z</time>
        <hdop>4.1</hdop>
        <extensions>
          <osmand:speed>230.3</osmand:speed>
        </extensions>
      </trkpt>
      <trkpt lat="58.5538849" lon="18.804809">
        <ele>11089.1</ele>
        <time>2026-09-06T16:12:36Z</time>
        <hdop>4.6</hdop>
        <extensions>
          <osmand:speed>230.5</osmand:speed>
        </extensions>
      </trkpt>
      <trkpt lat="58.5469963" lon="18.7850776">
        <ele>11090.1</ele>
        <time>2026-09-06T16:12:42Z</time>
        <hdop>4.6</hdop>
        <extensions>
          <osmand:speed>230.7</osmand:speed>
        </extensions>
      </trkpt>
      <trkpt lat="58.5401063" lon="18.7653458">
        <ele>11090.1</ele>
        <time>2026-09-06T16:12:48Z</time>
        <hdop>5.1</hdop>
        <extensions>
          <osmand:speed>230.8</osmand:speed>
        </extensions>
      </trkpt>
      <trkpt lat="58.53321" lon="18.7456167">
        <ele>11090.5</ele>
        <time>2026-09-06T16:12:54Z</time>
        <hdop>5.1</hdop>
        <extensions>
          <osmand:speed>230.8</osmand:speed>
        </extensions>
      </trkpt>
      <trkpt lat="58.5263021" lon="18.7258807">
        <ele>11091.5</ele>
        <time>2026-09-06T16:13:00Z</time>
        <hdop>6.1</hdop>
        <extensions>
          <osmand:speed>230.8</osmand:speed>
        </extensions>
      </trkpt>
      <trkpt lat="58.5193898" lon="18.7061711">
        <ele>11092.5</ele>
        <time>2026-09-06T16:13:06Z</time>
        <hdop>6.1</hdop>
        <extensions>
          <osmand:speed>230.8</osmand:speed>
        </extensions>
      </trkpt>
      <trkpt lat="58.5124798" lon="18.6864545">
        <ele>11093.5</ele>
        <time>2026-09-06T16:13:12Z</time>
        <hdop>7.1</hdop>
        <extensions>
          <osmand:speed>230.8</osmand:speed>
        </extensions>
      </trkpt>
      <trkpt lat="58.5055767" lon="18.6667529">
        <ele>11095.5</ele>
        <time>2026-09-06T16:13:18Z</time>
        <hdop>6.1</hdop>
        <extensions>
          <osmand:speed>230.8</osmand:speed>
        </extensions>
      </trkpt>
      <trkpt lat="58.4986654" lon="18.6470709">
        <ele>11097.3</ele>
        <time>2026-09-06T16:13:24Z</time>
        <hdop>5.6</hdop>
        <extensions>
          <osmand:speed>230.8</osmand:speed>
        </extensions>
      </trkpt>
      <trkpt lat="58.4917531" lon="18.6273822">
        <ele>11096.3</ele>
        <time>2026-09-06T16:13:30Z</time>
        <hdop>6.1</hdop>
        <extensions>
          <osmand:speed>230.7</osmand:speed>
        </extensions>
      </trkpt>
      <trkpt lat="58.4848533" lon="18.6076756">
        <ele>11095.3</ele>
        <time>2026-09-06T16:13:36Z</time>
        <hdop>6.6</hdop>
        <extensions>
          <osmand:speed>230.7</osmand:speed>
        </extensions>
      </trkpt>
      <trkpt lat="58.4779371" lon="18.5880079">
        <ele>11096.3</ele>
        <time>2026-09-06T16:13:42Z</time>
        <hdop>7.7</hdop>
        <extensions>
          <osmand:speed>230.6</osmand:speed>
        </extensions>
      </trkpt>
      <trkpt lat="58.4710196" lon="18.5683655">
        <ele>11100.3</ele>
        <time>2026-09-06T16:13:48Z</time>
        <hdop>7.1</hdop>
        <extensions>
          <osmand:speed>230.7</osmand:speed>
        </extensions>
      </trkpt>
      <trkpt lat="58.4640982" lon="18.5487169">
        <ele>11101.3</ele>
        <time>2026-09-06T16:13:54Z</time>
        <hdop>8.7</hdop>
        <extensions>
          <osmand:speed>230.7</osmand:speed>
        </extensions>
      </trkpt>
      <trkpt lat="58.4571625" lon="18.529076">
        <ele>11103.3</ele>
        <time>2026-09-06T16:14:00Z</time>
        <hdop>7.1</hdop>
        <extensions>
          <osmand:speed>230.8</osmand:speed>
        </extensions>
      </trkpt>
      <trkpt lat="58.4502106" lon="18.5094409">
        <ele>11103.3</ele>
        <time>2026-09-06T16:14:06Z</time>
        <hdop>7.1</hdop>
        <extensions>
          <osmand:speed>230.9</osmand:speed>
        </extensions>
      </trkpt>
      <trkpt lat="58.4432528" lon="18.4897988">
        <ele>11102.6</ele>
        <time>2026-09-06T16:14:12Z</time>
        <hdop>12.8</hdop>
        <extensions>
          <osmand:speed>231</osmand:speed>
        </extensions>
      </trkpt>
      <trkpt lat="58.4362888" lon="18.4701778">
        <ele>11104.6</ele>
        <time>2026-09-06T16:14:18Z</time>
        <hdop>10.7</hdop>
        <extensions>
          <osmand:speed>231.1</osmand:speed>
        </extensions>
      </trkpt>
      <trkpt lat="58.4293238" lon="18.4505604">
        <ele>11105.6</ele>
        <time>2026-09-06T16:14:24Z</time>
        <hdop>9.2</hdop>
        <extensions>
          <osmand:speed>231</osmand:speed>
        </extensions>
      </trkpt>
      <trkpt lat="58.4223647" lon="18.4309342">
        <ele>11105.6</ele>
        <time>2026-09-06T16:14:30Z</time>
        <hdop>11.7</hdop>
        <extensions>
          <osmand:speed>230.9</osmand:speed>
        </extensions>
      </trkpt>
      <trkpt lat="58.4154175" lon="18.4113565">
        <ele>11106.6</ele>
        <time>2026-09-06T16:14:36Z</time>
        <hdop>14.3</hdop>
        <extensions>
          <osmand:speed>230.8</osmand:speed>
        </extensions>
      </trkpt>
      <trkpt lat="58.4084259" lon="18.3918432">
        <ele>11110.6</ele>
        <time>2026-09-06T16:14:42Z</time>
        <hdop>7.1</hdop>
        <extensions>
          <osmand:speed>231</osmand:speed>
        </extensions>
      </trkpt>
      <trkpt lat="58.4014721" lon="18.3723122">
        <ele>11109.6</ele>
        <time>2026-09-06T16:14:48Z</time>
        <hdop>4.6</hdop>
        <extensions>
          <osmand:speed>230.1</osmand:speed>
        </extensions>
      </trkpt>
      <trkpt lat="58.3945291" lon="18.3528332">
        <ele>11111.6</ele>
        <time>2026-09-06T16:14:54Z</time>
        <hdop>5.1</hdop>
        <extensions>
          <osmand:speed>229.7</osmand:speed>
        </extensions>
      </trkpt>
      <trkpt lat="58.3876195" lon="18.3333129">
        <ele>11109.6</ele>
        <time>2026-09-06T16:15:00Z</time>
        <hdop>14.3</hdop>
        <extensions>
          <osmand:speed>229.7</osmand:speed>
        </extensions>
      </trkpt>
      <trkpt lat="58.3806759" lon="18.3139137">
        <ele>11113.6</ele>
        <time>2026-09-06T16:15:06Z</time>
        <hdop>11.2</hdop>
        <extensions>
          <osmand:speed>229.2</osmand:speed>
        </extensions>
      </trkpt>
      <trkpt lat="58.3737755" lon="18.2944973">
        <ele>11111.6</ele>
        <time>2026-09-06T16:15:12Z</time>
        <hdop>20.9</hdop>
        <extensions>
          <osmand:speed>229.1</osmand:speed>
        </extensions>
      </trkpt>
      <trkpt lat="58.366827" lon="18.2752369">
        <ele>11114.6</ele>
        <time>2026-09-06T16:15:18Z</time>
        <hdop>25</hdop>
        <extensions>
          <osmand:speed>227.8</osmand:speed>
        </extensions>
      </trkpt>
      <trkpt lat="58.359945" lon="18.2558496">
        <ele>11109.6</ele>
        <time>2026-09-06T16:15:24Z</time>
        <hdop>15.8</hdop>
        <extensions>
          <osmand:speed>228.1</osmand:speed>
        </extensions>
      </trkpt>
      <trkpt lat="58.3530582" lon="18.2365828">
        <ele>11108.8</ele>
        <time>2026-09-06T16:15:30Z</time>
        <hdop>19.4</hdop>
        <extensions>
          <osmand:speed>227.9</osmand:speed>
        </extensions>
      </trkpt>
      <trkpt lat="58.3460981" lon="18.2175233">
        <ele>11106.8</ele>
        <time>2026-09-06T16:15:36Z</time>
        <hdop>31.1</hdop>
        <extensions>
          <osmand:speed>226.1</osmand:speed>
        </extensions>
      </trkpt>
      <trkpt lat="58.3381011" lon="18.1951084">
        <ele>11107.8</ele>
        <time>2026-09-06T16:15:43Z</time>
        <hdop>48.5</hdop>
        <extensions>
          <osmand:speed>228</osmand:speed>
        </extensions>
      </trkpt>
      <trkpt lat="58.3301375" lon="18.172586">
        <ele>11107.8</ele>
        <time>2026-09-06T16:15:50Z</time>
        <hdop>46.4</hdop>
        <extensions>
          <osmand:speed>227.6</osmand:speed>
        </extensions>
      </trkpt>
      <trkpt lat="58.3232797" lon="18.1533766">
        <ele>11105.8</ele>
        <time>2026-09-06T16:15:56Z</time>
        <hdop>45.9</hdop>
        <extensions>
          <osmand:speed>227.4</osmand:speed>
        </extensions>
      </trkpt>
      <trkpt lat="58.3129696" lon="18.1246827">
        <ele>11110.8</ele>
        <time>2026-09-06T16:16:05Z</time>
        <hdop>50</hdop>
        <extensions>
          <osmand:speed>226.3</osmand:speed>
        </extensions>
      </trkpt>
      <trkpt lat="58.301516" lon="18.0928077">
        <ele>11116.8</ele>
        <time>2026-09-06T16:16:15Z</time>
        <hdop>44.4</hdop>
        <extensions>
          <osmand:speed>226.7</osmand:speed>
        </extensions>
      </trkpt>
      <trkpt lat="58.2566" lon="17.9689709">
        <ele>11114.1</ele>
        <time>2026-09-06T16:16:54Z</time>
        <hdop>1</hdop>
        <extensions>
          <osmand:speed>226.3</osmand:speed>
        </extensions>
      </trkpt>
      <trkpt lat="58.2498027" lon="17.9495243">
        <ele>11105.7</ele>
        <time>2026-09-06T16:17:00Z</time>
        <hdop>1</hdop>
        <extensions>
          <osmand:speed>227.3</osmand:speed>
        </extensions>
      </trkpt>
      <trkpt lat="58.2428608" lon="17.930564">
        <ele>11109.7</ele>
        <time>2026-09-06T16:17:06Z</time>
        <hdop>1</hdop>
        <extensions>
          <osmand:speed>227.1</osmand:speed>
        </extensions>
      </trkpt>
      <trkpt lat="58.2360031" lon="17.9112985">
        <ele>11108.7</ele>
        <time>2026-09-06T16:17:12Z</time>
        <hdop>1</hdop>
        <extensions>
          <osmand:speed>227.4</osmand:speed>
        </extensions>
      </trkpt>
      <trkpt lat="58.2290542" lon="17.8924994">
        <ele>11110.7</ele>
        <time>2026-09-06T16:17:18Z</time>
        <hdop>1</hdop>
        <extensions>
          <osmand:speed>226.4</osmand:speed>
        </extensions>
      </trkpt>
      <trkpt lat="58.2221334" lon="17.873574">
        <ele>11109.7</ele>
        <time>2026-09-06T16:17:24Z</time>
        <hdop>1</hdop>
        <extensions>
          <osmand:speed>226.8</osmand:speed>
        </extensions>
      </trkpt>
      <trkpt lat="58.2152058" lon="17.8545274">
        <ele>11115.7</ele>
        <time>2026-09-06T16:17:30Z</time>
        <hdop>24.5</hdop>
        <extensions>
          <osmand:speed>226.9</osmand:speed>
        </extensions>
      </trkpt>
      <trkpt lat="58.2082313" lon="17.8356618">
        <ele>11123.7</ele>
        <time>2026-09-06T16:17:36Z</time>
        <hdop>23.5</hdop>
        <extensions>
          <osmand:speed>226.6</osmand:speed>
        </extensions>
      </trkpt>
      <trkpt lat="58.2013345" lon="17.8166279">
        <ele>11121.7</ele>
        <time>2026-09-06T16:17:42Z</time>
        <hdop>1</hdop>
        <extensions>
          <osmand:speed>226.7</osmand:speed>
        </extensions>
      </trkpt>
      <trkpt lat="58.1944476" lon="17.7975919">
        <ele>11118.7</ele>
        <time>2026-09-06T16:17:48Z</time>
        <hdop>0.5</hdop>
        <extensions>
          <osmand:speed>226.6</osmand:speed>
        </extensions>
      </trkpt>
      <trkpt lat="58.1875288" lon="17.7785799">
        <ele>11120.7</ele>
        <time>2026-09-06T16:17:54Z</time>
        <hdop>1</hdop>
        <extensions>
          <osmand:speed>226.6</osmand:speed>
        </extensions>
      </trkpt>
      <trkpt lat="58.1805663" lon="17.759905">
        <ele>11126.7</ele>
        <time>2026-09-06T16:18:00Z</time>
        <hdop>21.9</hdop>
        <extensions>
          <osmand:speed>225.8</osmand:speed>
        </extensions>
      </trkpt>
      <trkpt lat="58.1736277" lon="17.7411564">
        <ele>11131</ele>
        <time>2026-09-06T16:18:06Z</time>
        <hdop>20.9</hdop>
        <extensions>
          <osmand:speed>225.8</osmand:speed>
        </extensions>
      </trkpt>
      <trkpt lat="58.1667295" lon="17.7221849">
        <ele>11134</ele>
        <time>2026-09-06T16:18:12Z</time>
        <hdop>20.9</hdop>
        <extensions>
          <osmand:speed>226.2</osmand:speed>
        </extensions>
      </trkpt>
      <trkpt lat="58.1598353" lon="17.7032418">
        <ele>11136</ele>
        <time>2026-09-06T16:18:18Z</time>
        <hdop>20.4</hdop>
        <extensions>
          <osmand:speed>225.9</osmand:speed>
        </extensions>
      </trkpt>
      <trkpt lat="58.152916" lon="17.684344">
        <ele>11137</ele>
        <time>2026-09-06T16:18:24Z</time>
        <hdop>20.9</hdop>
        <extensions>
          <osmand:speed>225.9</osmand:speed>
        </extensions>
      </trkpt>
      <trkpt lat="58.1460024" lon="17.6654189">
        <ele>11137</ele>
        <time>2026-09-06T16:18:30Z</time>
        <hdop>20.9</hdop>
        <extensions>
          <osmand:speed>225.9</osmand:speed>
        </extensions>
      </trkpt>
      <trkpt lat="58.1390969" lon="17.646494">
        <ele>11136</ele>
        <time>2026-09-06T16:18:36Z</time>
        <hdop>21.4</hdop>
        <extensions>
          <osmand:speed>225.8</osmand:speed>
        </extensions>
      </trkpt>
      <trkpt lat="58.1321927" lon="17.6276385">
        <ele>11137</ele>
        <time>2026-09-06T16:18:42Z</time>
        <hdop>1</hdop>
        <extensions>
          <osmand:speed>225.5</osmand:speed>
        </extensions>
      </trkpt>
      <trkpt lat="58.1252687" lon="17.6089064">
        <ele>11138</ele>
        <time>2026-09-06T16:18:48Z</time>
        <hdop>1</hdop>
        <extensions>
          <osmand:speed>225.1</osmand:speed>
        </extensions>
      </trkpt>
      <trkpt lat="58.118359" lon="17.5901459">
        <ele>11139</ele>
        <time>2026-09-06T16:18:54Z</time>
        <hdop>1</hdop>
        <extensions>
          <osmand:speed>225</osmand:speed>
        </extensions>
      </trkpt>
      <trkpt lat="58.1114781" lon="17.5712315">
        <ele>11138</ele>
        <time>2026-09-06T16:19:00Z</time>
        <hdop>1</hdop>
        <extensions>
          <osmand:speed>225.3</osmand:speed>
        </extensions>
      </trkpt>
      <trkpt lat="58.1046107" lon="17.5524339">
        <ele>11141</ele>
        <time>2026-09-06T16:19:06Z</time>
        <hdop>0.5</hdop>
        <extensions>
          <osmand:speed>225.1</osmand:speed>
        </extensions>
      </trkpt>
      <trkpt lat="58.0977407" lon="17.5335984">
        <ele>11141</ele>
        <time>2026-09-06T16:19:12Z</time>
        <hdop>1</hdop>
        <extensions>
          <osmand:speed>225.1</osmand:speed>
        </extensions>
      </trkpt>
      <trkpt lat="58.0908768" lon="17.5147616">
        <ele>11140</ele>
        <time>2026-09-06T16:19:18Z</time>
        <hdop>11.7</hdop>
        <extensions>
          <osmand:speed>224.7</osmand:speed>
        </extensions>
      </trkpt>
      <trkpt lat="58.0839327" lon="17.496253">
        <ele>11144.4</ele>
        <time>2026-09-06T16:19:24Z</time>
        <hdop>10.2</hdop>
        <extensions>
          <osmand:speed>224.1</osmand:speed>
        </extensions>
      </trkpt>
      <trkpt lat="58.0770186" lon="17.4776278">
        <ele>11145.4</ele>
        <time>2026-09-06T16:19:30Z</time>
        <hdop>10.2</hdop>
        <extensions>
          <osmand:speed>224.2</osmand:speed>
        </extensions>
      </trkpt>
      <trkpt lat="58.0701128" lon="17.4589508">
        <ele>11146.4</ele>
        <time>2026-09-06T16:19:36Z</time>
        <hdop>1</hdop>
        <extensions>
          <osmand:speed>224.2</osmand:speed>
        </extensions>
      </trkpt>
      <trkpt lat="58.063274" lon="17.4400489">
        <ele>11138.4</ele>
        <time>2026-09-06T16:19:42Z</time>
        <hdop>1</hdop>
        <extensions>
          <osmand:speed>224.3</osmand:speed>
        </extensions>
      </trkpt>
      <trkpt lat="58.0563672" lon="17.4214101">
        <ele>11141.4</ele>
        <time>2026-09-06T16:19:48Z</time>
        <hdop>1</hdop>
        <extensions>
          <osmand:speed>224.2</osmand:speed>
        </extensions>
      </trkpt>
      <trkpt lat="58.0494381" lon="17.4028862">
        <ele>11145.4</ele>
        <time>2026-09-06T16:19:54Z</time>
        <hdop>0.5</hdop>
        <extensions>
          <osmand:speed>223.8</osmand:speed>
        </extensions>
      </trkpt>
      <trkpt lat="58.0425339" lon="17.3842716">
        <ele>11142.4</ele>
        <time>2026-09-06T16:20:00Z</time>
        <hdop>1</hdop>
        <extensions>
          <osmand:speed>223.8</osmand:speed>
        </extensions>
      </trkpt>
      <trkpt lat="58.0356205" lon="17.3657304">
        <ele>11142.4</ele>
        <time>2026-09-06T16:20:06Z</time>
        <hdop>0.5</hdop>
        <extensions>
          <osmand:speed>223.6</osmand:speed>
        </extensions>
      </trkpt>
      <trkpt lat="58.0286895" lon="17.3472954">
        <ele>11144.4</ele>
        <time>2026-09-06T16:20:12Z</time>
        <hdop>1</hdop>
        <extensions>
          <osmand:speed>223.2</osmand:speed>
        </extensions>
      </trkpt>
      <trkpt lat="58.0217845" lon="17.3288336">
        <ele>11145.4</ele>
        <time>2026-09-06T16:20:18Z</time>
        <hdop>1</hdop>
        <extensions>
          <osmand:speed>222.9</osmand:speed>
        </extensions>
      </trkpt>
      <trkpt lat="58.0149005" lon="17.3102462">
        <ele>11142.4</ele>
        <time>2026-09-06T16:20:24Z</time>
        <hdop>19.4</hdop>
        <extensions>
          <osmand:speed>222.9</osmand:speed>
        </extensions>
      </trkpt>
      <trkpt lat="58.0080225" lon="17.2917771">
        <ele>11144.4</ele>
        <time>2026-09-06T16:20:30Z</time>
        <hdop>1</hdop>
        <extensions>
          <osmand:speed>222.5</osmand:speed>
        </extensions>
      </trkpt>
      <trkpt lat="58.0011134" lon="17.2733993">
        <ele>11148.4</ele>
        <time>2026-09-06T16:20:36Z</time>
        <hdop>1</hdop>
        <extensions>
          <osmand:speed>222.1</osmand:speed>
        </extensions>
      </trkpt>
      <trkpt lat="57.9942504" lon="17.2550025">
        <ele>11152.2</ele>
        <time>2026-09-06T16:20:42Z</time>
        <hdop>1</hdop>
        <extensions>
          <osmand:speed>222.2</osmand:speed>
        </extensions>
      </trkpt>
      <trkpt lat="57.9873891" lon="17.2366329">
        <ele>11151.8</ele>
        <time>2026-09-06T16:20:48Z</time>
        <hdop>1</hdop>
        <extensions>
          <osmand:speed>221.7</osmand:speed>
        </extensions>
      </trkpt>
      <trkpt lat="57.9805422" lon="17.2182207">
        <ele>11151.8</ele>
        <time>2026-09-06T16:20:54Z</time>
        <hdop>1</hdop>
        <extensions>
          <osmand:speed>221.7</osmand:speed>
        </extensions>
      </trkpt>
      <trkpt lat="57.9737094" lon="17.1998117">
        <ele>11148.8</ele>
        <time>2026-09-06T16:21:00Z</time>
        <hdop>1</hdop>
        <extensions>
          <osmand:speed>221.5</osmand:speed>
        </extensions>
      </trkpt>
      <trkpt lat="57.9668515" lon="17.1814402">
        <ele>11148.8</ele>
        <time>2026-09-06T16:21:06Z</time>
        <hdop>1</hdop>
        <extensions>
          <osmand:speed>221.4</osmand:speed>
        </extensions>
      </trkpt>
      <trkpt lat="57.9599724" lon="17.1632047">
        <ele>11152.8</ele>
        <time>2026-09-06T16:21:12Z</time>
        <hdop>1</hdop>
        <extensions>
          <osmand:speed>221.2</osmand:speed>
        </extensions>
      </trkpt>
      <trkpt lat="57.9531135" lon="17.1449347">
        <ele>11153.8</ele>
        <time>2026-09-06T16:21:18Z</time>
        <hdop>15.3</hdop>
        <extensions>
          <osmand:speed>221</osmand:speed>
        </extensions>
      </trkpt>
      <trkpt lat="57.9462245" lon="17.1267301">
        <ele>11156.8</ele>
        <time>2026-09-06T16:21:24Z</time>
        <hdop>1</hdop>
        <extensions>
          <osmand:speed>221</osmand:speed>
        </extensions>
      </trkpt>
      <trkpt lat="57.9393521" lon="17.1085378">
        <ele>11158.8</ele>
        <time>2026-09-06T16:21:30Z</time>
        <hdop>15.3</hdop>
        <extensions>
          <osmand:speed>220.9</osmand:speed>
        </extensions>
      </trkpt>
      <trkpt lat="57.9324706" lon="17.0903206">
        <ele>11158.8</ele>
        <time>2026-09-06T16:21:36Z</time>
        <hdop>1</hdop>
        <extensions>
          <osmand:speed>220.8</osmand:speed>
        </extensions>
      </trkpt>
      <trkpt lat="57.9256049" lon="17.0721134">
        <ele>11158.8</ele>
        <time>2026-09-06T16:21:42Z</time>
        <hdop>15.8</hdop>
        <extensions>
          <osmand:speed>220.6</osmand:speed>
        </extensions>
      </trkpt>
      <trkpt lat="57.9187388" lon="17.0538848">
        <ele>11159.8</ele>
        <time>2026-09-06T16:21:48Z</time>
        <hdop>1</hdop>
        <extensions>
          <osmand:speed>220.6</osmand:speed>
        </extensions>
      </trkpt>
      <trkpt lat="57.9118913" lon="17.0357132">
        <ele>11161.8</ele>
        <time>2026-09-06T16:21:54Z</time>
        <hdop>1</hdop>
        <extensions>
          <osmand:speed>220.3</osmand:speed>
        </extensions>
      </trkpt>
      <trkpt lat="57.9050299" lon="17.0175429">
        <ele>11163.8</ele>
        <time>2026-09-06T16:22:00Z</time>
        <hdop>1</hdop>
        <extensions>
          <osmand:speed>220.3</osmand:speed>
        </extensions>
      </trkpt>
      <trkpt lat="57.8981765" lon="16.9993516">
        <ele>11161.3</ele>
        <time>2026-09-06T16:22:06Z</time>
        <hdop>1</hdop>
        <extensions>
          <osmand:speed>220.4</osmand:speed>
        </extensions>
      </trkpt>
      <trkpt lat="57.8913304" lon="16.9811458">
        <ele>11158.3</ele>
        <time>2026-09-06T16:22:12Z</time>
        <hdop>1</hdop>
        <extensions>
          <osmand:speed>220.4</osmand:speed>
        </extensions>
      </trkpt>
      <trkpt lat="57.8845023" lon="16.9629309">
        <ele>11158.3</ele>
        <time>2026-09-06T16:22:18Z</time>
        <hdop>1</hdop>
        <extensions>
          <osmand:speed>220.2</osmand:speed>
        </extensions>
      </trkpt>
      <trkpt lat="57.8776603" lon="16.9447565">
        <ele>11160.3</ele>
        <time>2026-09-06T16:22:24Z</time>
        <hdop>1</hdop>
        <extensions>
          <osmand:speed>220.2</osmand:speed>
        </extensions>
      </trkpt>
      <trkpt lat="57.8708135" lon="16.9266224">
        <ele>11163.3</ele>
        <time>2026-09-06T16:22:30Z</time>
        <hdop>1</hdop>
        <extensions>
          <osmand:speed>220.3</osmand:speed>
        </extensions>
      </trkpt>
      <trkpt lat="57.8639537" lon="16.9085063">
        <ele>11163.3</ele>
        <time>2026-09-06T16:22:36Z</time>
        <hdop>0.5</hdop>
        <extensions>
          <osmand:speed>220.2</osmand:speed>
        </extensions>
      </trkpt>
      <trkpt lat="57.8570914" lon="16.8904046">
        <ele>11161.3</ele>
        <time>2026-09-06T16:22:42Z</time>
        <hdop>16.8</hdop>
        <extensions>
          <osmand:speed>220.2</osmand:speed>
        </extensions>
      </trkpt>
      <trkpt lat="57.8502242" lon="16.8722498">
        <ele>11159.3</ele>
        <time>2026-09-06T16:22:48Z</time>
        <hdop>1</hdop>
        <extensions>
          <osmand:speed>220.4</osmand:speed>
        </extensions>
      </trkpt>
      <trkpt lat="57.8433493" lon="16.8541678">
        <ele>11163.3</ele>
        <time>2026-09-06T16:22:54Z</time>
        <hdop>16.3</hdop>
        <extensions>
          <osmand:speed>220.3</osmand:speed>
        </extensions>
      </trkpt>
      <trkpt lat="57.8364815" lon="16.8361177">
        <ele>11169.3</ele>
        <time>2026-09-06T16:23:00Z</time>
        <hdop>16.3</hdop>
        <extensions>
          <osmand:speed>220</osmand:speed>
        </extensions>
      </trkpt>
      <trkpt lat="57.8296151" lon="16.8180506">
        <ele>11171.3</ele>
        <time>2026-09-06T16:23:06Z</time>
        <hdop>15.3</hdop>
        <extensions>
          <osmand:speed>220</osmand:speed>
        </extensions>
      </trkpt>
      <trkpt lat="57.8227555" lon="16.7999974">
        <ele>11169.3</ele>
        <time>2026-09-06T16:23:12Z</time>
        <hdop>1</hdop>
        <extensions>
          <osmand:speed>219.9</osmand:speed>
        </extensions>
      </trkpt>
      <trkpt lat="57.8158938" lon="16.7819664">
        <ele>11171.3</ele>
        <time>2026-09-06T16:23:18Z</time>
        <hdop>0.5</hdop>
        <extensions>
          <osmand:speed>219.8</osmand:speed>
        </extensions>
      </trkpt>
      <trkpt lat="57.8090324" lon="16.7639137">
        <ele>11172.3</ele>
        <time>2026-09-06T16:23:24Z</time>
        <hdop>1</hdop>
        <extensions>
          <osmand:speed>219.7</osmand:speed>
        </extensions>
      </trkpt>
      <trkpt lat="57.8021533" lon="16.745911">
        <ele>11174.8</ele>
        <time>2026-09-06T16:23:30Z</time>
        <hdop>1</hdop>
        <extensions>
          <osmand:speed>219.7</osmand:speed>
        </extensions>
      </trkpt>
      <trkpt lat="57.7952629" lon="16.7279326">
        <ele>11174.8</ele>
        <time>2026-09-06T16:23:36Z</time>
        <hdop>16.3</hdop>
        <extensions>
          <osmand:speed>219.7</osmand:speed>
        </extensions>
      </trkpt>
      <trkpt lat="57.7883556" lon="16.7099992">
        <ele>11177.8</ele>
        <time>2026-09-06T16:23:42Z</time>
        <hdop>16.3</hdop>
        <extensions>
          <osmand:speed>219.8</osmand:speed>
        </extensions>
      </trkpt>
      <trkpt lat="57.7814649" lon="16.6919833">
        <ele>11174.8</ele>
        <time>2026-09-06T16:23:48Z</time>
        <hdop>12.2</hdop>
        <extensions>
          <osmand:speed>219.7</osmand:speed>
        </extensions>
      </trkpt>
      <trkpt lat="57.7745806" lon="16.6740101">
        <ele>11172.8</ele>
        <time>2026-09-06T16:23:54Z</time>
        <hdop>11.2</hdop>
        <extensions>
          <osmand:speed>219.7</osmand:speed>
        </extensions>
      </trkpt>
      <trkpt lat="57.7677008" lon="16.6560327">
        <ele>11172.8</ele>
        <time>2026-09-06T16:24:00Z</time>
        <hdop>1</hdop>
        <extensions>
          <osmand:speed>219.6</osmand:speed>
        </extensions>
      </trkpt>
      <trkpt lat="57.7608128" lon="16.6381015">
        <ele>11173.8</ele>
        <time>2026-09-06T16:24:06Z</time>
        <hdop>0.5</hdop>
        <extensions>
          <osmand:speed>219.5</osmand:speed>
        </extensions>
      </trkpt>
      <trkpt lat="57.7539359" lon="16.6201557">
        <ele>11173.8</ele>
        <time>2026-09-06T16:24:12Z</time>
        <hdop>1</hdop>
        <extensions>
          <osmand:speed>219.3</osmand:speed>
        </extensions>
      </trkpt>
      <trkpt lat="57.747066" lon="16.6022234">
        <ele>11173.7</ele>
        <time>2026-09-06T16:24:18Z</time>
        <hdop>0.5</hdop>
        <extensions>
          <osmand:speed>219.3</osmand:speed>
        </extensions>
      </trkpt>
      <trkpt lat="57.7401712" lon="16.5842946">
        <ele>11173.7</ele>
        <time>2026-09-06T16:24:24Z</time>
        <hdop>1</hdop>
        <extensions>
          <osmand:speed>219.2</osmand:speed>
        </extensions>
      </trkpt>
      <trkpt lat="57.7332905" lon="16.5664003">
        <ele>11174.7</ele>
        <time>2026-09-06T16:24:30Z</time>
        <hdop>1</hdop>
        <extensions>
          <osmand:speed>219.1</osmand:speed>
        </extensions>
      </trkpt>
      <trkpt lat="57.726438" lon="16.5484541">
        <ele>11172.7</ele>
        <time>2026-09-06T16:24:36Z</time>
        <hdop>1</hdop>
        <extensions>
          <osmand:speed>219.2</osmand:speed>
        </extensions>
      </trkpt>
      <trkpt lat="57.7195702" lon="16.5305795">
        <ele>11175.7</ele>
        <time>2026-09-06T16:24:42Z</time>
        <hdop>1</hdop>
        <extensions>
          <osmand:speed>219.1</osmand:speed>
        </extensions>
      </trkpt>
      <trkpt lat="57.7127103" lon="16.512649">
        <ele>11174.7</ele>
        <time>2026-09-06T16:24:48Z</time>
        <hdop>1</hdop>
        <extensions>
          <osmand:speed>219.2</osmand:speed>
        </extensions>
      </trkpt>
      <trkpt lat="57.70585" lon="16.4947539">
        <ele>11175</ele>
        <time>2026-09-06T16:24:54Z</time>
        <hdop>1</hdop>
        <extensions>
          <osmand:speed>219.1</osmand:speed>
        </extensions>
      </trkpt>
      <trkpt lat="57.6990013" lon="16.4768791">
        <ele>11177</ele>
        <time>2026-09-06T16:25:00Z</time>
        <hdop>1</hdop>
        <extensions>
          <osmand:speed>219.1</osmand:speed>
        </extensions>
      </trkpt>
      <trkpt lat="57.6921413" lon="16.4589838">
        <ele>11178</ele>
        <time>2026-09-06T16:25:06Z</time>
        <hdop>1</hdop>
        <extensions>
          <osmand:speed>219</osmand:speed>
        </extensions>
      </trkpt>
      <trkpt lat="57.6852672" lon="16.4411091">
        <ele>11179</ele>
        <time>2026-09-06T16:25:12Z</time>
        <hdop>0.5</hdop>
        <extensions>
          <osmand:speed>219.2</osmand:speed>
        </extensions>
      </trkpt>
      <trkpt lat="57.6783865" lon="16.4232431">
        <ele>11180</ele>
        <time>2026-09-06T16:25:18Z</time>
        <hdop>11.7</hdop>
        <extensions>
          <osmand:speed>219.2</osmand:speed>
        </extensions>
      </trkpt>
      <trkpt lat="57.6714833" lon="16.4054205">
        <ele>11183</ele>
        <time>2026-09-06T16:25:24Z</time>
        <hdop>10.7</hdop>
        <extensions>
          <osmand:speed>219.1</osmand:speed>
        </extensions>
      </trkpt>
      <trkpt lat="57.6645776" lon="16.3875737">
        <ele>11183</ele>
        <time>2026-09-06T16:25:30Z</time>
        <hdop>10.7</hdop>
        <extensions>
          <osmand:speed>219.1</osmand:speed>
        </extensions>
      </trkpt>
      <trkpt lat="57.6576765" lon="16.36974">
        <ele>11185</ele>
        <time>2026-09-06T16:25:36Z</time>
        <hdop>0.5</hdop>
        <extensions>
          <osmand:speed>219.2</osmand:speed>
        </extensions>
      </trkpt>
      <trkpt lat="57.6507648" lon="16.3519003">
        <ele>11186</ele>
        <time>2026-09-06T16:25:42Z</time>
        <hdop>15.8</hdop>
        <extensions>
          <osmand:speed>219.3</osmand:speed>
        </extensions>
      </trkpt>
      <trkpt lat="57.6438512" lon="16.3340929">
        <ele>11187</ele>
        <time>2026-09-06T16:25:48Z</time>
        <hdop>15.8</hdop>
        <extensions>
          <osmand:speed>219.2</osmand:speed>
        </extensions>
      </trkpt>
      <trkpt lat="57.6369388" lon="16.3162545">
        <ele>11186</ele>
        <time>2026-09-06T16:25:54Z</time>
        <hdop>16.3</hdop>
        <extensions>
          <osmand:speed>219.4</osmand:speed>
        </extensions>
      </trkpt>
      <trkpt lat="57.6300244" lon="16.298423">
        <ele>11185</ele>
        <time>2026-09-06T16:26:00Z</time>
        <hdop>16.3</hdop>
        <extensions>
          <osmand:speed>219.3</osmand:speed>
        </extensions>
      </trkpt>
      <trkpt lat="57.6230937" lon="16.2806103">
        <ele>11187</ele>
        <time>2026-09-06T16:26:06Z</time>
        <hdop>11.7</hdop>
        <extensions>
          <osmand:speed>219.3</osmand:speed>
        </extensions>
      </trkpt>
      <trkpt lat="57.6161614" lon="16.26285">
        <ele>11188</ele>
        <time>2026-09-06T16:26:12Z</time>
        <hdop>16.3</hdop>
        <extensions>
          <osmand:speed>219.2</osmand:speed>
        </extensions>
      </trkpt>
      <trkpt lat="57.6092095" lon="16.2451085">
        <ele>11191.4</ele>
        <time>2026-09-06T16:26:18Z</time>
        <hdop>13.3</hdop>
        <extensions>
          <osmand:speed>219.4</osmand:speed>
        </extensions>
      </trkpt>
      <trkpt lat="57.6022539" lon="16.2274053">
        <ele>11196.4</ele>
        <time>2026-09-06T16:26:24Z</time>
        <hdop>11.7</hdop>
        <extensions>
          <osmand:speed>219.4</osmand:speed>
        </extensions>
      </trkpt>
      <trkpt lat="57.5953219" lon="16.2096228">
        <ele>11196.4</ele>
        <time>2026-09-06T16:26:30Z</time>
        <hdop>12.2</hdop>
        <extensions>
          <osmand:speed>219.4</osmand:speed>
        </extensions>
      </trkpt>
      <trkpt lat="57.588383" lon="16.1918462">
        <ele>11197.4</ele>
        <time>2026-09-06T16:26:36Z</time>
        <hdop>11.2</hdop>
        <extensions>
          <osmand:speed>219.4</osmand:speed>
        </extensions>
      </trkpt>
      <trkpt lat="57.5814365" lon="16.174066">
        <ele>11198.4</ele>
        <time>2026-09-06T16:26:42Z</time>
        <hdop>10.2</hdop>
        <extensions>
          <osmand:speed>219.4</osmand:speed>
        </extensions>
      </trkpt>
      <trkpt lat="57.5744959" lon="16.1562996">
        <ele>11198.4</ele>
        <time>2026-09-06T16:26:48Z</time>
        <hdop>10.2</hdop>
        <extensions>
          <osmand:speed>219.5</osmand:speed>
        </extensions>
      </trkpt>
      <trkpt lat="57.5675403" lon="16.1385525">
        <ele>11199.4</ele>
        <time>2026-09-06T16:26:54Z</time>
        <hdop>11.2</hdop>
        <extensions>
          <osmand:speed>219.4</osmand:speed>
        </extensions>
      </trkpt>
      <trkpt lat="57.5605794" lon="16.1208143">
        <ele>11199.4</ele>
        <time>2026-09-06T16:27:00Z</time>
        <hdop>10.2</hdop>
        <extensions>
          <osmand:speed>219.5</osmand:speed>
        </extensions>
      </trkpt>
      <trkpt lat="57.5536208" lon="16.1030675">
        <ele>11200.4</ele>
        <time>2026-09-06T16:27:06Z</time>
        <hdop>10.7</hdop>
        <extensions>
          <osmand:speed>219.5</osmand:speed>
        </extensions>
      </trkpt>
      <trkpt lat="57.5466595" lon="16.0853236">
        <ele>11200.4</ele>
        <time>2026-09-06T16:27:12Z</time>
        <hdop>12.2</hdop>
        <extensions>
          <osmand:speed>219.5</osmand:speed>
        </extensions>
      </trkpt>
      <trkpt lat="57.5397103" lon="16.0675741">
        <ele>11200.4</ele>
        <time>2026-09-06T16:27:18Z</time>
        <hdop>11.7</hdop>
        <extensions>
          <osmand:speed>219.4</osmand:speed>
        </extensions>
      </trkpt>
      <trkpt lat="57.5327691" lon="16.0498174">
        <ele>11200.4</ele>
        <time>2026-09-06T16:27:24Z</time>
        <hdop>12.2</hdop>
        <extensions>
          <osmand:speed>219.6</osmand:speed>
        </extensions>
      </trkpt>
      <trkpt lat="57.5258172" lon="16.0320833">
        <ele>11201.4</ele>
        <time>2026-09-06T16:27:30Z</time>
        <hdop>11.7</hdop>
        <extensions>
          <osmand:speed>219.5</osmand:speed>
        </extensions>
      </trkpt>
      <trkpt lat="57.5188596" lon="16.014357">
        <ele>11201.4</ele>
        <time>2026-09-06T16:27:36Z</time>
        <hdop>11.2</hdop>
        <extensions>
          <osmand:speed>219.4</osmand:speed>
        </extensions>
      </trkpt>
      <trkpt lat="57.5119029" lon="15.9966277">
        <ele>11203.8</ele>
        <time>2026-09-06T16:27:42Z</time>
        <hdop>10.7</hdop>
        <extensions>
          <osmand:speed>219.4</osmand:speed>
        </extensions>
      </trkpt>
      <trkpt lat="57.5049318" lon="15.9789069">
        <ele>11204.8</ele>
        <time>2026-09-06T16:27:48Z</time>
        <hdop>12.2</hdop>
        <extensions>
          <osmand:speed>219.6</osmand:speed>
        </extensions>
      </trkpt>
      <trkpt lat="57.4979682" lon="15.9612024">
        <ele>11204.4</ele>
        <time>2026-09-06T16:27:54Z</time>
        <hdop>12.2</hdop>
        <extensions>
          <osmand:speed>219.5</osmand:speed>
        </extensions>
      </trkpt>
      <trkpt lat="57.4909973" lon="15.9435032">
        <ele>11205.4</ele>
        <time>2026-09-06T16:28:00Z</time>
        <hdop>11.2</hdop>
        <extensions>
          <osmand:speed>219.5</osmand:speed>
        </extensions>
      </trkpt>
      <trkpt lat="57.4840168" lon="15.925813">
        <ele>11205.4</ele>
        <time>2026-09-06T16:28:06Z</time>
        <hdop>11.2</hdop>
        <extensions>
          <osmand:speed>219.5</osmand:speed>
        </extensions>
      </trkpt>
      <trkpt lat="57.477029" lon="15.9081325">
        <ele>11206.4</ele>
        <time>2026-09-06T16:28:12Z</time>
        <hdop>11.2</hdop>
        <extensions>
          <osmand:speed>219.5</osmand:speed>
        </extensions>
      </trkpt>
      <trkpt lat="57.4700429" lon="15.8904594">
        <ele>11207.4</ele>
        <time>2026-09-06T16:28:18Z</time>
        <hdop>11.2</hdop>
        <extensions>
          <osmand:speed>219.5</osmand:speed>
        </extensions>
      </trkpt>
      <trkpt lat="57.4630561" lon="15.8727947">
        <ele>11209.4</ele>
        <time>2026-09-06T16:28:24Z</time>
        <hdop>10.7</hdop>
        <extensions>
          <osmand:speed>219.4</osmand:speed>
        </extensions>
      </trkpt>
      <trkpt lat="57.4560627" lon="15.8551439">
        <ele>11211.4</ele>
        <time>2026-09-06T16:28:30Z</time>
        <hdop>11.2</hdop>
        <extensions>
          <osmand:speed>219.5</osmand:speed>
        </extensions>
      </trkpt>
      <trkpt lat="57.449068" lon="15.8374948">
        <ele>11212.4</ele>
        <time>2026-09-06T16:28:36Z</time>
        <hdop>11.7</hdop>
        <extensions>
          <osmand:speed>219.5</osmand:speed>
        </extensions>
      </trkpt>
      <trkpt lat="57.4420823" lon="15.8198463">
        <ele>11212.4</ele>
        <time>2026-09-06T16:28:42Z</time>
        <hdop>11.2</hdop>
        <extensions>
          <osmand:speed>219.5</osmand:speed>
        </extensions>
      </trkpt>
      <trkpt lat="57.4350811" lon="15.8022046">
        <ele>11213.4</ele>
        <time>2026-09-06T16:28:48Z</time>
        <hdop>10.7</hdop>
        <extensions>
          <osmand:speed>219.6</osmand:speed>
        </extensions>
      </trkpt>
      <trkpt lat="57.4280787" lon="15.7845644">
        <ele>11214.4</ele>
        <time>2026-09-06T16:28:54Z</time>
        <hdop>11.2</hdop>
        <extensions>
          <osmand:speed>219.6</osmand:speed>
        </extensions>
      </trkpt>
      <trkpt lat="57.4210829" lon="15.7669144">
        <ele>11213.4</ele>
        <time>2026-09-06T16:29:00Z</time>
        <hdop>12.2</hdop>
        <extensions>
          <osmand:speed>219.7</osmand:speed>
        </extensions>
      </trkpt>
      <trkpt lat="57.414091" lon="15.7492792">
        <ele>11213.8</ele>
        <time>2026-09-06T16:29:06Z</time>
        <hdop>11.2</hdop>
        <extensions>
          <osmand:speed>219.6</osmand:speed>
        </extensions>
      </trkpt>
      <trkpt lat="57.4071011" lon="15.7316393">
        <ele>11213.8</ele>
        <time>2026-09-06T16:29:12Z</time>
        <hdop>11.7</hdop>
        <extensions>
          <osmand:speed>219.6</osmand:speed>
        </extensions>
      </trkpt>
      <trkpt lat="57.4001044" lon="15.7140011">
        <ele>11212.8</ele>
        <time>2026-09-06T16:29:18Z</time>
        <hdop>11.7</hdop>
        <extensions>
          <osmand:speed>219.5</osmand:speed>
        </extensions>
      </trkpt>
      <trkpt lat="57.3931138" lon="15.6963944">
        <ele>11216.8</ele>
        <time>2026-09-06T16:29:24Z</time>
        <hdop>12.8</hdop>
        <extensions>
          <osmand:speed>219.3</osmand:speed>
        </extensions>
      </trkpt>
      <trkpt lat="57.3861284" lon="15.6787873">
        <ele>11217.8</ele>
        <time>2026-09-06T16:29:30Z</time>
        <hdop>9.2</hdop>
        <extensions>
          <osmand:speed>219.3</osmand:speed>
        </extensions>
      </trkpt>
      <trkpt lat="57.3791149" lon="15.6612082">
        <ele>11220.8</ele>
        <time>2026-09-06T16:29:36Z</time>
        <hdop>10.7</hdop>
        <extensions>
          <osmand:speed>219.3</osmand:speed>
        </extensions>
      </trkpt>
      <trkpt lat="57.3721156" lon="15.643638">
        <ele>11220.8</ele>
        <time>2026-09-06T16:29:42Z</time>
        <hdop>10.2</hdop>
        <extensions>
          <osmand:speed>219.2</osmand:speed>
        </extensions>
      </trkpt>
      <trkpt lat="57.3651061" lon="15.6260739">
        <ele>11221.8</ele>
        <time>2026-09-06T16:29:48Z</time>
        <hdop>9.7</hdop>
        <extensions>
          <osmand:speed>219.2</osmand:speed>
        </extensions>
      </trkpt>
      <trkpt lat="57.3580872" lon="15.608525">
        <ele>11221.8</ele>
        <time>2026-09-06T16:29:54Z</time>
        <hdop>9.7</hdop>
        <extensions>
          <osmand:speed>219.2</osmand:speed>
        </extensions>
      </trkpt>
      <trkpt lat="57.3510657" lon="15.5909883">
        <ele>11222.8</ele>
        <time>2026-09-06T16:30:00Z</time>
        <hdop>10.2</hdop>
        <extensions>
          <osmand:speed>219.3</osmand:speed>
        </extensions>
      </trkpt>
      <trkpt lat="57.3440377" lon="15.573456">
        <ele>11222.8</ele>
        <time>2026-09-06T16:30:06Z</time>
        <hdop>9.7</hdop>
        <extensions>
          <osmand:speed>219.4</osmand:speed>
        </extensions>
      </trkpt>
      <trkpt lat="57.3370091" lon="15.5559168">
        <ele>11222.8</ele>
        <time>2026-09-06T16:30:12Z</time>
        <hdop>9.7</hdop>
        <extensions>
          <osmand:speed>219.4</osmand:speed>
        </extensions>
      </trkpt>
      <trkpt lat="57.3299745" lon="15.5383887">
        <ele>11224.8</ele>
        <time>2026-09-06T16:30:18Z</time>
        <hdop>9.2</hdop>
        <extensions>
          <osmand:speed>219.4</osmand:speed>
        </extensions>
      </trkpt>
      <trkpt lat="57.3229367" lon="15.5208538">
        <ele>11226.8</ele>
        <time>2026-09-06T16:30:24Z</time>
        <hdop>9.2</hdop>
        <extensions>
          <osmand:speed>219.5</osmand:speed>
        </extensions>
      </trkpt>
      <trkpt lat="57.3158995" lon="15.5033344">
        <ele>11228.8</ele>
        <time>2026-09-06T16:30:30Z</time>
        <hdop>9.7</hdop>
        <extensions>
          <osmand:speed>219.4</osmand:speed>
        </extensions>
      </trkpt>
      <trkpt lat="57.3088524" lon="15.4858123">
        <ele>11228.2</ele>
        <time>2026-09-06T16:30:36Z</time>
        <hdop>10.2</hdop>
        <extensions>
          <osmand:speed>219.6</osmand:speed>
        </extensions>
      </trkpt>
      <trkpt lat="57.3017931" lon="15.46829">
        <ele>11229.2</ele>
        <time>2026-09-06T16:30:42Z</time>
        <hdop>10.2</hdop>
        <extensions>
          <osmand:speed>219.7</osmand:speed>
        </extensions>
      </trkpt>
      <trkpt lat="57.2947295" lon="15.4507688">
        <ele>11230.2</ele>
        <time>2026-09-06T16:30:48Z</time>
        <hdop>9.7</hdop>
        <extensions>
          <osmand:speed>219.8</osmand:speed>
        </extensions>
      </trkpt>
      <trkpt lat="57.2876603" lon="15.4332562">
        <ele>11230.2</ele>
        <time>2026-09-06T16:30:54Z</time>
        <hdop>10.2</hdop>
        <extensions>
          <osmand:speed>219.8</osmand:speed>
        </extensions>
      </trkpt>
      <trkpt lat="57.2805942" lon="15.415753">
        <ele>11231.2</ele>
        <time>2026-09-06T16:31:00Z</time>
        <hdop>11.7</hdop>
        <extensions>
          <osmand:speed>219.8</osmand:speed>
        </extensions>
      </trkpt>
      <trkpt lat="57.2735194" lon="15.3982501">
        <ele>11231.2</ele>
        <time>2026-09-06T16:31:06Z</time>
        <hdop>10.2</hdop>
        <extensions>
          <osmand:speed>219.8</osmand:speed>
        </extensions>
      </trkpt>
      <trkpt lat="57.2664432" lon="15.3807544">
        <ele>11231.2</ele>
        <time>2026-09-06T16:31:12Z</time>
        <hdop>11.7</hdop>
        <extensions>
          <osmand:speed>219.8</osmand:speed>
        </extensions>
      </trkpt>
      <trkpt lat="57.2593634" lon="15.3632779">
        <ele>11231.2</ele>
        <time>2026-09-06T16:31:18Z</time>
        <hdop>13.3</hdop>
        <extensions>
          <osmand:speed>219.4</osmand:speed>
        </extensions>
      </trkpt>
      <trkpt lat="57.2522882" lon="15.3457609">
        <ele>11231.2</ele>
        <time>2026-09-06T16:31:24Z</time>
        <hdop>10.7</hdop>
        <extensions>
          <osmand:speed>220</osmand:speed>
        </extensions>
      </trkpt>
      <trkpt lat="57.2452149" lon="15.3282748">
        <ele>11231.1</ele>
        <time>2026-09-06T16:31:30Z</time>
        <hdop>11.2</hdop>
        <extensions>
          <osmand:speed>220.1</osmand:speed>
        </extensions>
      </trkpt>
      <trkpt lat="57.2381197" lon="15.3107629">
        <ele>11236.1</ele>
        <time>2026-09-06T16:31:36Z</time>
        <hdop>11.2</hdop>
        <extensions>
          <osmand:speed>220.2</osmand:speed>
        </extensions>
      </trkpt>
      <trkpt lat="57.231028" lon="15.2932505">
        <ele>11240.1</ele>
        <time>2026-09-06T16:31:42Z</time>
        <hdop>10.7</hdop>
        <extensions>
          <osmand:speed>220.2</osmand:speed>
        </extensions>
      </trkpt>
      <trkpt lat="57.223943" lon="15.2757403">
        <ele>11242.1</ele>
        <time>2026-09-06T16:31:48Z</time>
        <hdop>10.7</hdop>
        <extensions>
          <osmand:speed>220.3</osmand:speed>
        </extensions>
      </trkpt>
      <trkpt lat="57.2168576" lon="15.2582358">
        <ele>11241.1</ele>
        <time>2026-09-06T16:31:54Z</time>
        <hdop>10.7</hdop>
        <extensions>
          <osmand:speed>220.4</osmand:speed>
        </extensions>
      </trkpt>
      <trkpt lat="57.2097535" lon="15.240737">
        <ele>11243.7</ele>
        <time>2026-09-06T16:32:00Z</time>
        <hdop>11.2</hdop>
        <extensions>
          <osmand:speed>220.4</osmand:speed>
        </extensions>
      </trkpt>
      <trkpt lat="57.202664" lon="15.2232295">
        <ele>11242.7</ele>
        <time>2026-09-06T16:32:06Z</time>
        <hdop>11.2</hdop>
        <extensions>
          <osmand:speed>220.4</osmand:speed>
        </extensions>
      </trkpt>
      <trkpt lat="57.1955729" lon="15.2057204">
        <ele>11244.7</ele>
        <time>2026-09-06T16:32:12Z</time>
        <hdop>11.2</hdop>
        <extensions>
          <osmand:speed>220.4</osmand:speed>
        </extensions>
      </trkpt>
      <trkpt lat="57.1884755" lon="15.1882175">
        <ele>11244.7</ele>
        <time>2026-09-06T16:32:18Z</time>
        <hdop>11.2</hdop>
        <extensions>
          <osmand:speed>220.5</osmand:speed>
        </extensions>
      </trkpt>
      <trkpt lat="57.1813725" lon="15.170741">
        <ele>11246.7</ele>
        <time>2026-09-06T16:32:24Z</time>
        <hdop>11.2</hdop>
        <extensions>
          <osmand:speed>220.5</osmand:speed>
        </extensions>
      </trkpt>
      <trkpt lat="57.1742575" lon="15.1532613">
        <ele>11245.7</ele>
        <time>2026-09-06T16:32:30Z</time>
        <hdop>11.7</hdop>
        <extensions>
          <osmand:speed>220.6</osmand:speed>
        </extensions>
      </trkpt>
      <trkpt lat="57.1671438" lon="15.13579">
        <ele>11246.7</ele>
        <time>2026-09-06T16:32:36Z</time>
        <hdop>11.2</hdop>
        <extensions>
          <osmand:speed>220.5</osmand:speed>
        </extensions>
      </trkpt>
      <trkpt lat="57.1600357" lon="15.1183129">
        <ele>11246.7</ele>
        <time>2026-09-06T16:32:42Z</time>
        <hdop>10.7</hdop>
        <extensions>
          <osmand:speed>220.5</osmand:speed>
        </extensions>
      </trkpt>
      <trkpt lat="57.1529202" lon="15.1008587">
        <ele>11246.7</ele>
        <time>2026-09-06T16:32:48Z</time>
        <hdop>11.2</hdop>
        <extensions>
          <osmand:speed>220.4</osmand:speed>
        </extensions>
      </trkpt>
      <trkpt lat="57.145805" lon="15.0834131">
        <ele>11246.7</ele>
        <time>2026-09-06T16:32:54Z</time>
        <hdop>10.2</hdop>
        <extensions>
          <osmand:speed>220.5</osmand:speed>
        </extensions>
      </trkpt>
      <trkpt lat="57.1386779" lon="15.0659789">
        <ele>11245.7</ele>
        <time>2026-09-06T16:33:00Z</time>
        <hdop>11.2</hdop>
        <extensions>
          <osmand:speed>220.5</osmand:speed>
        </extensions>
      </trkpt>
      <trkpt lat="57.1315467" lon="15.0485445">
        <ele>11244.7</ele>
        <time>2026-09-06T16:33:06Z</time>
        <hdop>10.2</hdop>
        <extensions>
          <osmand:speed>220.5</osmand:speed>
        </extensions>
      </trkpt>
      <trkpt lat="57.1244172" lon="15.0311126">
        <ele>11243.7</ele>
        <time>2026-09-06T16:33:12Z</time>
        <hdop>11.2</hdop>
        <extensions>
          <osmand:speed>220.6</osmand:speed>
        </extensions>
      </trkpt>
      <trkpt lat="57.1172751" lon="15.0136978">
        <ele>11243.7</ele>
        <time>2026-09-06T16:33:18Z</time>
        <hdop>10.7</hdop>
        <extensions>
          <osmand:speed>220.6</osmand:speed>
        </extensions>
      </trkpt>
      <trkpt lat="57.1101264" lon="14.9962913">
        <ele>11245.3</ele>
        <time>2026-09-06T16:33:24Z</time>
        <hdop>10.2</hdop>
        <extensions>
          <osmand:speed>220.6</osmand:speed>
        </extensions>
      </trkpt>
      <trkpt lat="57.102978" lon="14.9788785">
        <ele>11243.3</ele>
        <time>2026-09-06T16:33:30Z</time>
        <hdop>10.7</hdop>
        <extensions>
          <osmand:speed>220.6</osmand:speed>
        </extensions>
      </trkpt>
      <trkpt lat="57.0958176" lon="14.9614829">
        <ele>11243.3</ele>
        <time>2026-09-06T16:33:36Z</time>
        <hdop>11.7</hdop>
        <extensions>
          <osmand:speed>220.7</osmand:speed>
        </extensions>
      </trkpt>
      <trkpt lat="57.08866" lon="14.9440932">
        <ele>11243.3</ele>
        <time>2026-09-06T16:33:42Z</time>
        <hdop>11.7</hdop>
        <extensions>
          <osmand:speed>220.6</osmand:speed>
        </extensions>
      </trkpt>
      <trkpt lat="57.0814978" lon="14.9267092">
        <ele>11246.3</ele>
        <time>2026-09-06T16:33:48Z</time>
        <hdop>11.2</hdop>
        <extensions>
          <osmand:speed>220.5</osmand:speed>
        </extensions>
      </trkpt>
      <trkpt lat="57.0743359" lon="14.9093513">
        <ele>11248.3</ele>
        <time>2026-09-06T16:33:54Z</time>
        <hdop>11.2</hdop>
        <extensions>
          <osmand:speed>220.4</osmand:speed>
        </extensions>
      </trkpt>
      <trkpt lat="57.0671782" lon="14.891999">
        <ele>11244.3</ele>
        <time>2026-09-06T16:34:00Z</time>
        <hdop>10.7</hdop>
        <extensions>
          <osmand:speed>220.4</osmand:speed>
        </extensions>
      </trkpt>
      <trkpt lat="57.0600232" lon="14.8746618">
        <ele>11243.3</ele>
        <time>2026-09-06T16:34:06Z</time>
        <hdop>11.2</hdop>
        <extensions>
          <osmand:speed>220.3</osmand:speed>
        </extensions>
      </trkpt>
      <trkpt lat="57.0528575" lon="14.8573363">
        <ele>11245.3</ele>
        <time>2026-09-06T16:34:12Z</time>
        <hdop>10.7</hdop>
        <extensions>
          <osmand:speed>220.2</osmand:speed>
        </extensions>
      </trkpt>
      <trkpt lat="57.0457106" lon="14.8400179">
        <ele>11245.3</ele>
        <time>2026-09-06T16:34:18Z</time>
        <hdop>11.7</hdop>
        <extensions>
          <osmand:speed>220.2</osmand:speed>
        </extensions>
      </trkpt>
      <trkpt lat="57.0385587" lon="14.8227131">
        <ele>11246.3</ele>
        <time>2026-09-06T16:34:24Z</time>
        <hdop>11.7</hdop>
        <extensions>
          <osmand:speed>220.1</osmand:speed>
        </extensions>
      </trkpt>
      <trkpt lat="57.0314223" lon="14.8053959">
        <ele>11245.3</ele>
        <time>2026-09-06T16:34:30Z</time>
        <hdop>12.2</hdop>
        <extensions>
          <osmand:speed>220</osmand:speed>
        </extensions>
      </trkpt>
      <trkpt lat="57.0242736" lon="14.7881058">
        <ele>11249.3</ele>
        <time>2026-09-06T16:34:36Z</time>
        <hdop>11.7</hdop>
        <extensions>
          <osmand:speed>219.9</osmand:speed>
        </extensions>
      </trkpt>
      <trkpt lat="57.0171419" lon="14.7708023">
        <ele>11250.3</ele>
        <time>2026-09-06T16:34:42Z</time>
        <hdop>10.7</hdop>
        <extensions>
          <osmand:speed>219.9</osmand:speed>
        </extensions>
      </trkpt>
      <trkpt lat="57.0100052" lon="14.7535074">
        <ele>11249.3</ele>
        <time>2026-09-06T16:34:48Z</time>
        <hdop>9.7</hdop>
        <extensions>
          <osmand:speed>219.9</osmand:speed>
        </extensions>
      </trkpt>
      <trkpt lat="57.0028525" lon="14.7362352">
        <ele>11250</ele>
        <time>2026-09-06T16:34:54Z</time>
        <hdop>10.2</hdop>
        <extensions>
          <osmand:speed>219.9</osmand:speed>
        </extensions>
      </trkpt>
      <trkpt lat="56.9957033" lon="14.7189722">
        <ele>11251</ele>
        <time>2026-09-06T16:35:00Z</time>
        <hdop>10.7</hdop>
        <extensions>
          <osmand:speed>219.9</osmand:speed>
        </extensions>
      </trkpt>
      <trkpt lat="56.9885464" lon="14.7017248">
        <ele>11253</ele>
        <time>2026-09-06T16:35:06Z</time>
        <hdop>10.2</hdop>
        <extensions>
          <osmand:speed>219.8</osmand:speed>
        </extensions>
      </trkpt>
      <trkpt lat="56.9814029" lon="14.6844793">
        <ele>11253</ele>
        <time>2026-09-06T16:35:12Z</time>
        <hdop>10.2</hdop>
        <extensions>
          <osmand:speed>219.6</osmand:speed>
        </extensions>
      </trkpt>
      <trkpt lat="56.9742481" lon="14.6672661">
        <ele>11256</ele>
        <time>2026-09-06T16:35:18Z</time>
        <hdop>10.2</hdop>
        <extensions>
          <osmand:speed>219.6</osmand:speed>
        </extensions>
      </trkpt>
      <trkpt lat="56.9671025" lon="14.6500647">
        <ele>11255</ele>
        <time>2026-09-06T16:35:24Z</time>
        <hdop>10.7</hdop>
        <extensions>
          <osmand:speed>219.5</osmand:speed>
        </extensions>
      </trkpt>
      <trkpt lat="56.9599558" lon="14.6328661">
        <ele>11253</ele>
        <time>2026-09-06T16:35:30Z</time>
        <hdop>10.7</hdop>
        <extensions>
          <osmand:speed>219.4</osmand:speed>
        </extensions>
      </trkpt>
      <trkpt lat="56.9528156" lon="14.6156772">
        <ele>11252</ele>
        <time>2026-09-06T16:35:36Z</time>
        <hdop>10.7</hdop>
        <extensions>
          <osmand:speed>219.4</osmand:speed>
        </extensions>
      </trkpt>
      <trkpt lat="56.9456634" lon="14.5984982">
        <ele>11251</ele>
        <time>2026-09-06T16:35:42Z</time>
        <hdop>9.2</hdop>
        <extensions>
          <osmand:speed>219.4</osmand:speed>
        </extensions>
      </trkpt>
      <trkpt lat="56.9384974" lon="14.5813291">
        <ele>11250</ele>
        <time>2026-09-06T16:35:48Z</time>
        <hdop>10.2</hdop>
        <extensions>
          <osmand:speed>219.4</osmand:speed>
        </extensions>
      </trkpt>
      <trkpt lat="56.9313419" lon="14.5641679">
        <ele>11251</ele>
        <time>2026-09-06T16:35:54Z</time>
        <hdop>11.7</hdop>
        <extensions>
          <osmand:speed>219.4</osmand:speed>
        </extensions>
      </trkpt>
      <trkpt lat="56.9241821" lon="14.5469957">
        <ele>11250</ele>
        <time>2026-09-06T16:36:00Z</time>
        <hdop>1.5</hdop>
        <extensions>
          <osmand:speed>219.5</osmand:speed>
        </extensions>
      </trkpt>
      <trkpt lat="56.9170131" lon="14.5298461">
        <ele>11248</ele>
        <time>2026-09-06T16:36:06Z</time>
        <hdop>1</hdop>
        <extensions>
          <osmand:speed>219.6</osmand:speed>
        </extensions>
      </trkpt>
      <trkpt lat="56.9098477" lon="14.5127044">
        <ele>11250</ele>
        <time>2026-09-06T16:36:12Z</time>
        <hdop>1</hdop>
        <extensions>
          <osmand:speed>219.4</osmand:speed>
        </extensions>
      </trkpt>
      <trkpt lat="56.9026948" lon="14.495553">
        <ele>11247.6</ele>
        <time>2026-09-06T16:36:18Z</time>
        <hdop>5.1</hdop>
        <extensions>
          <osmand:speed>219.3</osmand:speed>
        </extensions>
      </trkpt>
      <trkpt lat="56.8955372" lon="14.4783988">
        <ele>11245.6</ele>
        <time>2026-09-06T16:36:24Z</time>
        <hdop>5.1</hdop>
        <extensions>
          <osmand:speed>219.4</osmand:speed>
        </extensions>
      </trkpt>
      <trkpt lat="56.8883658" lon="14.4612801">
        <ele>11248.6</ele>
        <time>2026-09-06T16:36:30Z</time>
        <hdop>5.6</hdop>
        <extensions>
          <osmand:speed>219.2</osmand:speed>
        </extensions>
      </trkpt>
      <trkpt lat="56.8811862" lon="14.4442059">
        <ele>11252.6</ele>
        <time>2026-09-06T16:36:36Z</time>
        <hdop>2</hdop>
        <extensions>
          <osmand:speed>219</osmand:speed>
        </extensions>
      </trkpt>
      <trkpt lat="56.8740615" lon="14.4270585">
        <ele>11250.6</ele>
        <time>2026-09-06T16:36:42Z</time>
        <hdop>6.6</hdop>
        <extensions>
          <osmand:speed>219.2</osmand:speed>
        </extensions>
      </trkpt>
      <trkpt lat="56.8668643" lon="14.4100084">
        <ele>11255.6</ele>
        <time>2026-09-06T16:36:48Z</time>
        <hdop>6.1</hdop>
        <extensions>
          <osmand:speed>219</osmand:speed>
        </extensions>
      </trkpt>
      <trkpt lat="56.8596887" lon="14.3929141">
        <ele>11256.6</ele>
        <time>2026-09-06T16:36:54Z</time>
        <hdop>2.6</hdop>
        <extensions>
          <osmand:speed>219.2</osmand:speed>
        </extensions>
      </trkpt>
      <trkpt lat="56.8525185" lon="14.3758186">
        <ele>11253.6</ele>
        <time>2026-09-06T16:37:00Z</time>
        <hdop>2.6</hdop>
        <extensions>
          <osmand:speed>219.2</osmand:speed>
        </extensions>
      </trkpt>
      <trkpt lat="56.8453262" lon="14.3587603">
        <ele>11251.6</ele>
        <time>2026-09-06T16:37:06Z</time>
        <hdop>6.1</hdop>
        <extensions>
          <osmand:speed>219.3</osmand:speed>
        </extensions>
      </trkpt>
      <trkpt lat="56.8381035" lon="14.3417525">
        <ele>11254.6</ele>
        <time>2026-09-06T16:37:12Z</time>
        <hdop>6.1</hdop>
        <extensions>
          <osmand:speed>219.2</osmand:speed>
        </extensions>
      </trkpt>
      <trkpt lat="56.8309262" lon="14.3246855">
        <ele>11250.6</ele>
        <time>2026-09-06T16:37:18Z</time>
        <hdop>6.6</hdop>
        <extensions>
          <osmand:speed>219.1</osmand:speed>
        </extensions>
      </trkpt>
      <trkpt lat="56.8237209" lon="14.3077082">
        <ele>11256.6</ele>
        <time>2026-09-06T16:37:24Z</time>
        <hdop>2</hdop>
        <extensions>
          <osmand:speed>218.9</osmand:speed>
        </extensions>
      </trkpt>
      <trkpt lat="56.8165087" lon="14.2907023">
        <ele>11258.6</ele>
        <time>2026-09-06T16:37:30Z</time>
        <hdop>6.1</hdop>
        <extensions>
          <osmand:speed>219.1</osmand:speed>
        </extensions>
      </trkpt>
      <trkpt lat="56.8093135" lon="14.2737044">
        <ele>11261.6</ele>
        <time>2026-09-06T16:37:36Z</time>
        <hdop>5.6</hdop>
        <extensions>
          <osmand:speed>219</osmand:speed>
        </extensions>
      </trkpt>
      <trkpt lat="56.8021179" lon="14.2566767">
        <ele>11258.6</ele>
        <time>2026-09-06T16:37:42Z</time>
        <hdop>5.1</hdop>
        <extensions>
          <osmand:speed>219.1</osmand:speed>
        </extensions>
      </trkpt>
      <trkpt lat="56.7948769" lon="14.2397166">
        <ele>11265.1</ele>
        <time>2026-09-06T16:37:48Z</time>
        <hdop>1.5</hdop>
        <extensions>
          <osmand:speed>219.1</osmand:speed>
        </extensions>
      </trkpt>
      <trkpt lat="56.7876677" lon="14.2227117">
        <ele>11267.1</ele>
        <time>2026-09-06T16:37:54Z</time>
        <hdop>6.6</hdop>
        <extensions>
          <osmand:speed>219.2</osmand:speed>
        </extensions>
      </trkpt>
      <trkpt lat="56.7804654" lon="14.205697">
        <ele>11264.1</ele>
        <time>2026-09-06T16:38:00Z</time>
        <hdop>6.1</hdop>
        <extensions>
          <osmand:speed>219.1</osmand:speed>
        </extensions>
      </trkpt>
      <trkpt lat="56.7732408" lon="14.1887299">
        <ele>11269.1</ele>
        <time>2026-09-06T16:38:06Z</time>
        <hdop>6.6</hdop>
        <extensions>
          <osmand:speed>219.1</osmand:speed>
        </extensions>
      </trkpt>
      <trkpt lat="56.766026" lon="14.1717389">
        <ele>11270.1</ele>
        <time>2026-09-06T16:38:12Z</time>
        <hdop>7.1</hdop>
        <extensions>
          <osmand:speed>219.1</osmand:speed>
        </extensions>
      </trkpt>
      <trkpt lat="56.758823" lon="14.154748">
        <ele>11270.1</ele>
        <time>2026-09-06T16:38:18Z</time>
        <hdop>7.1</hdop>
        <extensions>
          <osmand:speed>219.1</osmand:speed>
        </extensions>
      </trkpt>
      <trkpt lat="56.7516227" lon="14.1377364">
        <ele>11268.1</ele>
        <time>2026-09-06T16:38:24Z</time>
        <hdop>7.1</hdop>
        <extensions>
          <osmand:speed>219.2</osmand:speed>
        </extensions>
      </trkpt>
      <trkpt lat="56.7444298" lon="14.1207479">
        <ele>11267.8</ele>
        <time>2026-09-06T16:38:30Z</time>
        <hdop>7.1</hdop>
        <extensions>
          <osmand:speed>219.1</osmand:speed>
        </extensions>
      </trkpt>
      <trkpt lat="56.7372195" lon="14.1037727">
        <ele>11266.8</ele>
        <time>2026-09-06T16:38:36Z</time>
        <hdop>7.1</hdop>
        <extensions>
          <osmand:speed>219.1</osmand:speed>
        </extensions>
      </trkpt>
      <trkpt lat="56.7300163" lon="14.086801">
        <ele>11266.8</ele>
        <time>2026-09-06T16:38:42Z</time>
        <hdop>7.1</hdop>
        <extensions>
          <osmand:speed>219.1</osmand:speed>
        </extensions>
      </trkpt>
      <trkpt lat="56.7228051" lon="14.0698475">
        <ele>11268.8</ele>
        <time>2026-09-06T16:38:48Z</time>
        <hdop>2.6</hdop>
        <extensions>
          <osmand:speed>219.1</osmand:speed>
        </extensions>
      </trkpt>
      <trkpt lat="56.7155849" lon="14.0529158">
        <ele>11270.8</ele>
        <time>2026-09-06T16:38:54Z</time>
        <hdop>7.1</hdop>
        <extensions>
          <osmand:speed>219.1</osmand:speed>
        </extensions>
      </trkpt>
      <trkpt lat="56.7083653" lon="14.0359716">
        <ele>11271.8</ele>
        <time>2026-09-06T16:39:00Z</time>
        <hdop>2</hdop>
        <extensions>
          <osmand:speed>219</osmand:speed>
        </extensions>
      </trkpt>
      <trkpt lat="56.7011534" lon="14.0190501">
        <ele>11271.8</ele>
        <time>2026-09-06T16:39:06Z</time>
        <hdop>7.1</hdop>
        <extensions>
          <osmand:speed>219</osmand:speed>
        </extensions>
      </trkpt>
      <trkpt lat="56.6939338" lon="14.0021126">
        <ele>11270.8</ele>
        <time>2026-09-06T16:39:12Z</time>
        <hdop>7.1</hdop>
        <extensions>
          <osmand:speed>219</osmand:speed>
        </extensions>
      </trkpt>
      <trkpt lat="56.6867047" lon="13.9852103">
        <ele>11271.2</ele>
        <time>2026-09-06T16:39:18Z</time>
        <hdop>6.6</hdop>
        <extensions>
          <osmand:speed>218.9</osmand:speed>
        </extensions>
      </trkpt>
      <trkpt lat="56.6794687" lon="13.9683257">
        <ele>11270.2</ele>
        <time>2026-09-06T16:39:24Z</time>
        <hdop>6.6</hdop>
        <extensions>
          <osmand:speed>218.9</osmand:speed>
        </extensions>
      </trkpt>
      <trkpt lat="56.6722236" lon="13.9514659">
        <ele>11274.2</ele>
        <time>2026-09-06T16:39:30Z</time>
        <hdop>6.6</hdop>
        <extensions>
          <osmand:speed>218.9</osmand:speed>
        </extensions>
      </trkpt>
      <trkpt lat="56.6649784" lon="13.9345983">
        <ele>11275.2</ele>
        <time>2026-09-06T16:39:36Z</time>
        <hdop>1.5</hdop>
        <extensions>
          <osmand:speed>218.8</osmand:speed>
        </extensions>
      </trkpt>
      <trkpt lat="56.6577355" lon="13.9177586">
        <ele>11278.2</ele>
        <time>2026-09-06T16:39:42Z</time>
        <hdop>6.6</hdop>
        <extensions>
          <osmand:speed>218.8</osmand:speed>
        </extensions>
      </trkpt>
      <trkpt lat="56.6504945" lon="13.9009107">
        <ele>11278.2</ele>
        <time>2026-09-06T16:39:48Z</time>
        <hdop>6.1</hdop>
        <extensions>
          <osmand:speed>218.7</osmand:speed>
        </extensions>
      </trkpt>
      <trkpt lat="56.6432557" lon="13.8840807">
        <ele>11280.2</ele>
        <time>2026-09-06T16:39:54Z</time>
        <hdop>6.1</hdop>
        <extensions>
          <osmand:speed>218.7</osmand:speed>
        </extensions>
      </trkpt>
      <trkpt lat="56.6360156" lon="13.8672507">
        <ele>11281.2</ele>
        <time>2026-09-06T16:40:00Z</time>
        <hdop>7.1</hdop>
        <extensions>
          <osmand:speed>218.7</osmand:speed>
        </extensions>
      </trkpt>
      <trkpt lat="56.6287764" lon="13.8504181">
        <ele>11282.2</ele>
        <time>2026-09-06T16:40:06Z</time>
        <hdop>1</hdop>
        <extensions>
          <osmand:speed>218.7</osmand:speed>
        </extensions>
      </trkpt>
      <trkpt lat="56.6215271" lon="13.8335917">
        <ele>11282.2</ele>
        <time>2026-09-06T16:40:12Z</time>
        <hdop>2.6</hdop>
        <extensions>
          <osmand:speed>218.7</osmand:speed>
        </extensions>
      </trkpt>
      <trkpt lat="56.6142736" lon="13.8167669">
        <ele>11280.2</ele>
        <time>2026-09-06T16:40:18Z</time>
        <hdop>1</hdop>
        <extensions>
          <osmand:speed>218.8</osmand:speed>
        </extensions>
      </trkpt>
      <trkpt lat="56.6070293" lon="13.7999525">
        <ele>11280.2</ele>
        <time>2026-09-06T16:40:24Z</time>
        <hdop>1</hdop>
        <extensions>
          <osmand:speed>218.7</osmand:speed>
        </extensions>
      </trkpt>
      <trkpt lat="56.599791" lon="13.7831375">
        <ele>11280.2</ele>
        <time>2026-09-06T16:40:30Z</time>
        <hdop>1</hdop>
        <extensions>
          <osmand:speed>218.7</osmand:speed>
        </extensions>
      </trkpt>
      <trkpt lat="56.5925381" lon="13.7663434">
        <ele>11281.2</ele>
        <time>2026-09-06T16:40:36Z</time>
        <hdop>2</hdop>
        <extensions>
          <osmand:speed>218.8</osmand:speed>
        </extensions>
      </trkpt>
      <trkpt lat="56.5853279" lon="13.7494668">
        <ele>11275.6</ele>
        <time>2026-09-06T16:40:42Z</time>
        <hdop>12.2</hdop>
        <extensions>
          <osmand:speed>218.6</osmand:speed>
        </extensions>
      </trkpt>
      <trkpt lat="56.5780612" lon="13.7326621">
        <ele>11275.6</ele>
        <time>2026-09-06T16:40:48Z</time>
        <hdop>16.3</hdop>
        <extensions>
          <osmand:speed>218.9</osmand:speed>
        </extensions>
      </trkpt>
      <trkpt lat="56.5707833" lon="13.7158773">
        <ele>11278.6</ele>
        <time>2026-09-06T16:40:54Z</time>
        <hdop>10.7</hdop>
        <extensions>
          <osmand:speed>218.9</osmand:speed>
        </extensions>
      </trkpt>
      <trkpt lat="56.5635094" lon="13.6990851">
        <ele>11278.6</ele>
        <time>2026-09-06T16:41:00Z</time>
        <hdop>12.8</hdop>
        <extensions>
          <osmand:speed>218.6</osmand:speed>
        </extensions>
      </trkpt>
      <trkpt lat="56.5550048" lon="13.679512">
        <ele>11280.6</ele>
        <time>2026-09-06T16:41:07Z</time>
        <hdop>36.7</hdop>
        <extensions>
          <osmand:speed>219.4</osmand:speed>
        </extensions>
      </trkpt>
      <trkpt lat="56.5465435" lon="13.6599428">
        <ele>11283.6</ele>
        <time>2026-09-06T16:41:14Z</time>
        <hdop>45.9</hdop>
        <extensions>
          <osmand:speed>219.3</osmand:speed>
        </extensions>
      </trkpt>
      <trkpt lat="56.5392547" lon="13.6431973">
        <ele>11287.6</ele>
        <time>2026-09-06T16:41:20Z</time>
        <hdop>29.1</hdop>
        <extensions>
          <osmand:speed>219.4</osmand:speed>
        </extensions>
      </trkpt>
      <trkpt lat="56.5319822" lon="13.6262204">
        <ele>11281.6</ele>
        <time>2026-09-06T16:41:26Z</time>
        <hdop>18.4</hdop>
        <extensions>
          <osmand:speed>220.4</osmand:speed>
        </extensions>
      </trkpt>
      <trkpt lat="56.5246759" lon="13.6094558">
        <ele>11284.6</ele>
        <time>2026-09-06T16:41:32Z</time>
        <hdop>15.3</hdop>
        <extensions>
          <osmand:speed>219.6</osmand:speed>
        </extensions>
      </trkpt>
      <trkpt lat="56.5173805" lon="13.5926419">
        <ele>11285.6</ele>
        <time>2026-09-06T16:41:38Z</time>
        <hdop>12.2</hdop>
        <extensions>
          <osmand:speed>219.9</osmand:speed>
        </extensions>
      </trkpt>
      <trkpt lat="56.5100706" lon="13.5758361">
        <ele>11284.6</ele>
        <time>2026-09-06T16:41:44Z</time>
        <hdop>9.7</hdop>
        <extensions>
          <osmand:speed>220</osmand:speed>
        </extensions>
      </trkpt>
      <trkpt lat="56.5027454" lon="13.5590478">
        <ele>11285.6</ele>
        <time>2026-09-06T16:41:50Z</time>
        <hdop>8.7</hdop>
        <extensions>
          <osmand:speed>220</osmand:speed>
        </extensions>
      </trkpt>
      <trkpt lat="56.4954298" lon="13.5422258">
        <ele>11287.2</ele>
        <time>2026-09-06T16:41:56Z</time>
        <hdop>8.7</hdop>
        <extensions>
          <osmand:speed>220.1</osmand:speed>
        </extensions>
      </trkpt>
      <trkpt lat="56.4881134" lon="13.5253635">
        <ele>11284.2</ele>
        <time>2026-09-06T16:42:02Z</time>
        <hdop>2</hdop>
        <extensions>
          <osmand:speed>220.2</osmand:speed>
        </extensions>
      </trkpt>
      <trkpt lat="56.4807801" lon="13.5085426">
        <ele>11284.2</ele>
        <time>2026-09-06T16:42:08Z</time>
        <hdop>2</hdop>
        <extensions>
          <osmand:speed>220.4</osmand:speed>
        </extensions>
      </trkpt>
      <trkpt lat="56.4734385" lon="13.4917354">
        <ele>11284.7</ele>
        <time>2026-09-06T16:42:14Z</time>
        <hdop>1.5</hdop>
        <extensions>
          <osmand:speed>220.5</osmand:speed>
        </extensions>
      </trkpt>
      <trkpt lat="56.466087" lon="13.4749107">
        <ele>11283.7</ele>
        <time>2026-09-06T16:42:20Z</time>
        <hdop>2.6</hdop>
        <extensions>
          <osmand:speed>220.6</osmand:speed>
        </extensions>
      </trkpt>
      <trkpt lat="56.4587265" lon="13.4580929">
        <ele>11283.7</ele>
        <time>2026-09-06T16:42:26Z</time>
        <hdop>2.6</hdop>
        <extensions>
          <osmand:speed>220.7</osmand:speed>
        </extensions>
      </trkpt>
      <trkpt lat="56.4513659" lon="13.4412787">
        <ele>11284.7</ele>
        <time>2026-09-06T16:42:32Z</time>
        <hdop>2.6</hdop>
        <extensions>
          <osmand:speed>220.7</osmand:speed>
        </extensions>
      </trkpt>
      <trkpt lat="56.4440044" lon="13.4244543">
        <ele>11282.7</ele>
        <time>2026-09-06T16:42:38Z</time>
        <hdop>2.6</hdop>
        <extensions>
          <osmand:speed>220.7</osmand:speed>
        </extensions>
      </trkpt>
      <trkpt lat="56.4366369" lon="13.4076579">
        <ele>11285.7</ele>
        <time>2026-09-06T16:42:44Z</time>
        <hdop>2.6</hdop>
        <extensions>
          <osmand:speed>220.7</osmand:speed>
        </extensions>
      </trkpt>
      <trkpt lat="56.429261" lon="13.3908784">
        <ele>11289.7</ele>
        <time>2026-09-06T16:42:50Z</time>
        <hdop>3.1</hdop>
        <extensions>
          <osmand:speed>220.7</osmand:speed>
        </extensions>
      </trkpt>
      <trkpt lat="56.4218948" lon="13.3740794">
        <ele>11289.7</ele>
        <time>2026-09-06T16:42:56Z</time>
        <hdop>2</hdop>
        <extensions>
          <osmand:speed>220.8</osmand:speed>
        </extensions>
      </trkpt>
      <trkpt lat="56.4145267" lon="13.3572545">
        <ele>11287.7</ele>
        <time>2026-09-06T16:43:02Z</time>
        <hdop>2.6</hdop>
        <extensions>
          <osmand:speed>220.7</osmand:speed>
        </extensions>
      </trkpt>
      <trkpt lat="56.4071559" lon="13.3404726">
        <ele>11290.7</ele>
        <time>2026-09-06T16:43:08Z</time>
        <hdop>1.5</hdop>
        <extensions>
          <osmand:speed>220.8</osmand:speed>
        </extensions>
      </trkpt>
      <trkpt lat="56.3997788" lon="13.3236792">
        <ele>11291.7</ele>
        <time>2026-09-06T16:43:14Z</time>
        <hdop>2</hdop>
        <extensions>
          <osmand:speed>220.8</osmand:speed>
        </extensions>
      </trkpt>
      <trkpt lat="56.3924092" lon="13.3068694">
        <ele>11288.7</ele>
        <time>2026-09-06T16:43:20Z</time>
        <hdop>2</hdop>
        <extensions>
          <osmand:speed>220.8</osmand:speed>
        </extensions>
      </trkpt>
      <trkpt lat="56.3850167" lon="13.2900961">
        <ele>11291.7</ele>
        <time>2026-09-06T16:43:26Z</time>
        <hdop>2</hdop>
        <extensions>
          <osmand:speed>221</osmand:speed>
        </extensions>
      </trkpt>
      <trkpt lat="56.3776233" lon="13.2733198">
        <ele>11293.7</ele>
        <time>2026-09-06T16:43:32Z</time>
        <hdop>2.6</hdop>
        <extensions>
          <osmand:speed>221</osmand:speed>
        </extensions>
      </trkpt>
      <trkpt lat="56.3702222" lon="13.2565632">
        <ele>11296.7</ele>
        <time>2026-09-06T16:43:38Z</time>
        <hdop>5.6</hdop>
        <extensions>
          <osmand:speed>221.1</osmand:speed>
        </extensions>
      </trkpt>
      <trkpt lat="56.362822" lon="13.239782">
        <ele>11297.3</ele>
        <time>2026-09-06T16:43:44Z</time>
        <hdop>5.6</hdop>
        <extensions>
          <osmand:speed>221.2</osmand:speed>
        </extensions>
      </trkpt>
      <trkpt lat="56.3554197" lon="13.2229967">
        <ele>11297.3</ele>
        <time>2026-09-06T16:43:50Z</time>
        <hdop>5.6</hdop>
        <extensions>
          <osmand:speed>221.2</osmand:speed>
        </extensions>
      </trkpt>
      <trkpt lat="56.3480172" lon="13.2062222">
        <ele>11297.3</ele>
        <time>2026-09-06T16:43:56Z</time>
        <hdop>5.6</hdop>
        <extensions>
          <osmand:speed>221.2</osmand:speed>
        </extensions>
      </trkpt>
      <trkpt lat="56.340607" lon="13.1894545">
        <ele>11299.3</ele>
        <time>2026-09-06T16:44:02Z</time>
        <hdop>5.6</hdop>
        <extensions>
          <osmand:speed>221.2</osmand:speed>
        </extensions>
      </trkpt>
      <trkpt lat="56.3331883" lon="13.1726913">
        <ele>11298.3</ele>
        <time>2026-09-06T16:44:08Z</time>
        <hdop>6.1</hdop>
        <extensions>
          <osmand:speed>221.3</osmand:speed>
        </extensions>
      </trkpt>
      <trkpt lat="56.3257612" lon="13.1559395">
        <ele>11299.3</ele>
        <time>2026-09-06T16:44:14Z</time>
        <hdop>5.6</hdop>
        <extensions>
          <osmand:speed>221.4</osmand:speed>
        </extensions>
      </trkpt>
      <trkpt lat="56.3183439" lon="13.1391783">
        <ele>11300.3</ele>
        <time>2026-09-06T16:44:20Z</time>
        <hdop>5.6</hdop>
        <extensions>
          <osmand:speed>221.3</osmand:speed>
        </extensions>
      </trkpt>
      <trkpt lat="56.3109281" lon="13.1224246">
        <ele>11299.3</ele>
        <time>2026-09-06T16:44:26Z</time>
        <hdop>7.1</hdop>
        <extensions>
          <osmand:speed>221.3</osmand:speed>
        </extensions>
      </trkpt>
      <trkpt lat="56.3035023" lon="13.1056847">
        <ele>11300.3</ele>
        <time>2026-09-06T16:44:32Z</time>
        <hdop>8.2</hdop>
        <extensions>
          <osmand:speed>221.4</osmand:speed>
        </extensions>
      </trkpt>
      <trkpt lat="56.2960787" lon="13.0889297">
        <ele>11298.3</ele>
        <time>2026-09-06T16:44:38Z</time>
        <hdop>6.6</hdop>
        <extensions>
          <osmand:speed>221.4</osmand:speed>
        </extensions>
      </trkpt>
      <trkpt lat="56.2886428" lon="13.0721993">
        <ele>11299.3</ele>
        <time>2026-09-06T16:44:44Z</time>
        <hdop>6.6</hdop>
        <extensions>
          <osmand:speed>221.4</osmand:speed>
        </extensions>
      </trkpt>
      <trkpt lat="56.2812097" lon="13.0554772">
        <ele>11303.3</ele>
        <time>2026-09-06T16:44:50Z</time>
        <hdop>6.1</hdop>
        <extensions>
          <osmand:speed>221.4</osmand:speed>
        </extensions>
      </trkpt>
      <trkpt lat="56.2737743" lon="13.0387473">
        <ele>11304.3</ele>
        <time>2026-09-06T16:44:56Z</time>
        <hdop>6.1</hdop>
        <extensions>
          <osmand:speed>221.5</osmand:speed>
        </extensions>
      </trkpt>
      <trkpt lat="56.2663394" lon="13.02201">
        <ele>11307.3</ele>
        <time>2026-09-06T16:45:02Z</time>
        <hdop>6.1</hdop>
        <extensions>
          <osmand:speed>221.6</osmand:speed>
        </extensions>
      </trkpt>
      <trkpt lat="56.2589036" lon="13.0052605">
        <ele>11310.3</ele>
        <time>2026-09-06T16:45:08Z</time>
        <hdop>7.1</hdop>
        <extensions>
          <osmand:speed>221.8</osmand:speed>
        </extensions>
      </trkpt>
      <trkpt lat="56.2514649" lon="12.9884874">
        <ele>11310</ele>
        <time>2026-09-06T16:45:14Z</time>
        <hdop>5.6</hdop>
        <extensions>
          <osmand:speed>221.9</osmand:speed>
        </extensions>
      </trkpt>
      <trkpt lat="56.2440186" lon="12.9717239">
        <ele>11311.2</ele>
        <time>2026-09-06T16:45:20Z</time>
        <hdop>6.6</hdop>
        <extensions>
          <osmand:speed>222.1</osmand:speed>
        </extensions>
      </trkpt>
      <trkpt lat="56.2365493" lon="12.9549615">
        <ele>11310.2</ele>
        <time>2026-09-06T16:45:26Z</time>
        <hdop>6.6</hdop>
        <extensions>
          <osmand:speed>222.2</osmand:speed>
        </extensions>
      </trkpt>
      <trkpt lat="56.2290645" lon="12.9382313">
        <ele>11311.2</ele>
        <time>2026-09-06T16:45:32Z</time>
        <hdop>6.6</hdop>
        <extensions>
          <osmand:speed>222.2</osmand:speed>
        </extensions>
      </trkpt>
      <trkpt lat="56.2215763" lon="12.9215018">
        <ele>11313.2</ele>
        <time>2026-09-06T16:45:38Z</time>
        <hdop>0.5</hdop>
        <extensions>
          <osmand:speed>222.3</osmand:speed>
        </extensions>
      </trkpt>
      <trkpt lat="56.2140907" lon="12.9047634">
        <ele>11314.2</ele>
        <time>2026-09-06T16:45:44Z</time>
        <hdop>1.5</hdop>
        <extensions>
          <osmand:speed>222.3</osmand:speed>
        </extensions>
      </trkpt>
      <trkpt lat="56.2065986" lon="12.8880249">
        <ele>11314.2</ele>
        <time>2026-09-06T16:45:50Z</time>
        <hdop>2</hdop>
        <extensions>
          <osmand:speed>222.4</osmand:speed>
        </extensions>
      </trkpt>
      <trkpt lat="56.199097" lon="12.8712878">
        <ele>11311.2</ele>
        <time>2026-09-06T16:45:56Z</time>
        <hdop>2.6</hdop>
        <extensions>
          <osmand:speed>222.6</osmand:speed>
        </extensions>
      </trkpt>
      <trkpt lat="56.1915772" lon="12.8545642">
        <ele>11310.2</ele>
        <time>2026-09-06T16:46:02Z</time>
        <hdop>2</hdop>
        <extensions>
          <osmand:speed>222.7</osmand:speed>
        </extensions>
      </trkpt>
      <trkpt lat="56.1840625" lon="12.8378171">
        <ele>11310.2</ele>
        <time>2026-09-06T16:46:08Z</time>
        <hdop>1.5</hdop>
        <extensions>
          <osmand:speed>222.8</osmand:speed>
        </extensions>
      </trkpt>
      <trkpt lat="56.1765432" lon="12.821066">
        <ele>11309.2</ele>
        <time>2026-09-06T16:46:14Z</time>
        <hdop>1.5</hdop>
        <extensions>
          <osmand:speed>222.9</osmand:speed>
        </extensions>
      </trkpt>
      <trkpt lat="56.1690132" lon="12.804323">
        <ele>11307.2</ele>
        <time>2026-09-06T16:46:20Z</time>
        <hdop>2</hdop>
        <extensions>
          <osmand:speed>223.1</osmand:speed>
        </extensions>
      </trkpt>
      <trkpt lat="56.1614728" lon="12.7875852">
        <ele>11306.2</ele>
        <time>2026-09-06T16:46:26Z</time>
        <hdop>1.5</hdop>
        <extensions>
          <osmand:speed>223.2</osmand:speed>
        </extensions>
      </trkpt>
      <trkpt lat="56.1539336" lon="12.7708263">
        <ele>11304.2</ele>
        <time>2026-09-06T16:46:32Z</time>
        <hdop>2</hdop>
        <extensions>
          <osmand:speed>223.3</osmand:speed>
        </extensions>
      </trkpt>
      <trkpt lat="56.1463897" lon="12.7540809">
        <ele>11303.2</ele>
        <time>2026-09-06T16:46:38Z</time>
        <hdop>3.6</hdop>
        <extensions>
          <osmand:speed>223.4</osmand:speed>
        </extensions>
      </trkpt>
      <trkpt lat="56.1388456" lon="12.7373287">
        <ele>11302.2</ele>
        <time>2026-09-06T16:46:44Z</time>
        <hdop>4.1</hdop>
        <extensions>
          <osmand:speed>223.4</osmand:speed>
        </extensions>
      </trkpt>
      <trkpt lat="56.1313073" lon="12.7205564">
        <ele>11299.2</ele>
        <time>2026-09-06T16:46:50Z</time>
        <hdop>3.6</hdop>
        <extensions>
          <osmand:speed>223.3</osmand:speed>
        </extensions>
      </trkpt>
      <trkpt lat="56.1237621" lon="12.7038109">
        <ele>11299.2</ele>
        <time>2026-09-06T16:46:56Z</time>
        <hdop>3.6</hdop>
        <extensions>
          <osmand:speed>223.4</osmand:speed>
        </extensions>
      </trkpt>
      <trkpt lat="56.1162048" lon="12.6870931">
        <ele>11301.2</ele>
        <time>2026-09-06T16:47:02Z</time>
        <hdop>8.2</hdop>
        <extensions>
          <osmand:speed>223.4</osmand:speed>
        </extensions>
      </trkpt>
      <trkpt lat="56.108647" lon="12.6703783">
        <ele>11302.2</ele>
        <time>2026-09-06T16:47:08Z</time>
        <hdop>8.2</hdop>
        <extensions>
          <osmand:speed>223.4</osmand:speed>
        </extensions>
      </trkpt>
      <trkpt lat="56.1010866" lon="12.6536695">
        <ele>11304.2</ele>
        <time>2026-09-06T16:47:14Z</time>
        <hdop>8.7</hdop>
        <extensions>
          <osmand:speed>223.4</osmand:speed>
        </extensions>
      </trkpt>
      <trkpt lat="56.0935226" lon="12.636957">
        <ele>11306.2</ele>
        <time>2026-09-06T16:47:20Z</time>
        <hdop>8.2</hdop>
        <extensions>
          <osmand:speed>223.5</osmand:speed>
        </extensions>
      </trkpt>
      <trkpt lat="56.0859584" lon="12.6202273">
        <ele>11305.2</ele>
        <time>2026-09-06T16:47:26Z</time>
        <hdop>8.2</hdop>
        <extensions>
          <osmand:speed>223.6</osmand:speed>
        </extensions>
      </trkpt>
      <trkpt lat="56.0783827" lon="12.603526">
        <ele>11307.2</ele>
        <time>2026-09-06T16:47:32Z</time>
        <hdop>7.7</hdop>
        <extensions>
          <osmand:speed>223.7</osmand:speed>
        </extensions>
      </trkpt>
      <trkpt lat="56.0708038" lon="12.5868192">
        <ele>11310.2</ele>
        <time>2026-09-06T16:47:38Z</time>
        <hdop>7.7</hdop>
        <extensions>
          <osmand:speed>223.7</osmand:speed>
        </extensions>
      </trkpt>
      <trkpt lat="56.0632229" lon="12.5700961">
        <ele>11309.2</ele>
        <time>2026-09-06T16:47:44Z</time>
        <hdop>7.7</hdop>
        <extensions>
          <osmand:speed>223.8</osmand:speed>
        </extensions>
      </trkpt>
      <trkpt lat="56.0556364" lon="12.5533821">
        <ele>11310.2</ele>
        <time>2026-09-06T16:47:50Z</time>
        <hdop>7.7</hdop>
        <extensions>
          <osmand:speed>223.8</osmand:speed>
        </extensions>
      </trkpt>
      <trkpt lat="56.0480552" lon="12.5366651">
        <ele>11311.2</ele>
        <time>2026-09-06T16:47:56Z</time>
        <hdop>8.2</hdop>
        <extensions>
          <osmand:speed>223.8</osmand:speed>
        </extensions>
      </trkpt>
      <trkpt lat="56.0404668" lon="12.5199653">
        <ele>11314.2</ele>
        <time>2026-09-06T16:48:02Z</time>
        <hdop>7.7</hdop>
        <extensions>
          <osmand:speed>223.9</osmand:speed>
        </extensions>
      </trkpt>
      <trkpt lat="56.0328657" lon="12.5032727">
        <ele>11316.2</ele>
        <time>2026-09-06T16:48:08Z</time>
        <hdop>7.1</hdop>
        <extensions>
          <osmand:speed>224</osmand:speed>
        </extensions>
      </trkpt>
      <trkpt lat="56.0252642" lon="12.4865634">
        <ele>11315.2</ele>
        <time>2026-09-06T16:48:14Z</time>
        <hdop>8.7</hdop>
        <extensions>
          <osmand:speed>224.1</osmand:speed>
        </extensions>
      </trkpt>
      <trkpt lat="56.0176544" lon="12.4698499">
        <ele>11315.2</ele>
        <time>2026-09-06T16:48:20Z</time>
        <hdop>7.7</hdop>
        <extensions>
          <osmand:speed>224.2</osmand:speed>
        </extensions>
      </trkpt>
      <trkpt lat="56.0100519" lon="12.4531527">
        <ele>11317.2</ele>
        <time>2026-09-06T16:48:26Z</time>
        <hdop>7.1</hdop>
        <extensions>
          <osmand:speed>224.2</osmand:speed>
        </extensions>
      </trkpt>
      <trkpt lat="56.0024398" lon="12.4364477">
        <ele>11318.2</ele>
        <time>2026-09-06T16:48:32Z</time>
        <hdop>6.6</hdop>
        <extensions>
          <osmand:speed>224.2</osmand:speed>
        </extensions>
      </trkpt>
      <trkpt lat="55.9948351" lon="12.4197314">
        <ele>11316.5</ele>
        <time>2026-09-06T16:48:38Z</time>
        <hdop>5.6</hdop>
        <extensions>
          <osmand:speed>224.3</osmand:speed>
        </extensions>
      </trkpt>
      <trkpt lat="55.9872444" lon="12.4030454">
        <ele>11317.5</ele>
        <time>2026-09-06T16:48:44Z</time>
        <hdop>8.2</hdop>
        <extensions>
          <osmand:speed>224.3</osmand:speed>
        </extensions>
      </trkpt>
      <trkpt lat="55.9796328" lon="12.3863475">
        <ele>11319.5</ele>
        <time>2026-09-06T16:48:50Z</time>
        <hdop>6.6</hdop>
        <extensions>
          <osmand:speed>224.3</osmand:speed>
        </extensions>
      </trkpt>
      <trkpt lat="55.9720118" lon="12.3696604">
        <ele>11319.5</ele>
        <time>2026-09-06T16:48:56Z</time>
        <hdop>5.6</hdop>
        <extensions>
          <osmand:speed>224.3</osmand:speed>
        </extensions>
      </trkpt>
      <trkpt lat="55.9643878" lon="12.352987">
        <ele>11319.5</ele>
        <time>2026-09-06T16:49:02Z</time>
        <hdop>5.6</hdop>
        <extensions>
          <osmand:speed>224.4</osmand:speed>
        </extensions>
      </trkpt>
      <trkpt lat="55.9567551" lon="12.3363149">
        <ele>11317.5</ele>
        <time>2026-09-06T16:49:08Z</time>
        <hdop>6.6</hdop>
        <extensions>
          <osmand:speed>224.4</osmand:speed>
        </extensions>
      </trkpt>
      <trkpt lat="55.9491251" lon="12.3196339">
        <ele>11318.5</ele>
        <time>2026-09-06T16:49:14Z</time>
        <hdop>6.1</hdop>
        <extensions>
          <osmand:speed>224.3</osmand:speed>
        </extensions>
      </trkpt>
      <trkpt lat="55.941485" lon="12.3029728">
        <ele>11318.5</ele>
        <time>2026-09-06T16:49:20Z</time>
        <hdop>5.6</hdop>
        <extensions>
          <osmand:speed>224.3</osmand:speed>
        </extensions>
      </trkpt>
      <trkpt lat="55.9338479" lon="12.2863318">
        <ele>11318.5</ele>
        <time>2026-09-06T16:49:26Z</time>
        <hdop>5.6</hdop>
        <extensions>
          <osmand:speed>224.3</osmand:speed>
        </extensions>
      </trkpt>
      <trkpt lat="55.9261996" lon="12.2697042">
        <ele>11321.5</ele>
        <time>2026-09-06T16:49:32Z</time>
        <hdop>4.6</hdop>
        <extensions>
          <osmand:speed>224.4</osmand:speed>
        </extensions>
      </trkpt>
      <trkpt lat="55.9185491" lon="12.2530639">
        <ele>11321.5</ele>
        <time>2026-09-06T16:49:38Z</time>
        <hdop>5.1</hdop>
        <extensions>
          <osmand:speed>224.5</osmand:speed>
        </extensions>
      </trkpt>
      <trkpt lat="55.9108977" lon="12.2364436">
        <ele>11323.4</ele>
        <time>2026-09-06T16:49:44Z</time>
        <hdop>5.6</hdop>
        <extensions>
          <osmand:speed>224.4</osmand:speed>
        </extensions>
      </trkpt>
      <trkpt lat="55.9032465" lon="12.21981">
        <ele>11322.4</ele>
        <time>2026-09-06T16:49:50Z</time>
        <hdop>6.1</hdop>
        <extensions>
          <osmand:speed>224.5</osmand:speed>
        </extensions>
      </trkpt>
      <trkpt lat="55.8955879" lon="12.203192">
        <ele>11323.4</ele>
        <time>2026-09-06T16:49:56Z</time>
        <hdop>6.1</hdop>
        <extensions>
          <osmand:speed>224.6</osmand:speed>
        </extensions>
      </trkpt>
      <trkpt lat="55.8879141" lon="12.1865856">
        <ele>11326.4</ele>
        <time>2026-09-06T16:50:02Z</time>
        <hdop>5.6</hdop>
        <extensions>
          <osmand:speed>224.6</osmand:speed>
        </extensions>
      </trkpt>
      <trkpt lat="55.8802412" lon="12.1699686">
        <ele>11326.4</ele>
        <time>2026-09-06T16:50:08Z</time>
        <hdop>6.1</hdop>
        <extensions>
          <osmand:speed>224.7</osmand:speed>
        </extensions>
      </trkpt>
      <trkpt lat="55.8725646" lon="12.1533312">
        <ele>11324.4</ele>
        <time>2026-09-06T16:50:14Z</time>
        <hdop>4.6</hdop>
        <extensions>
          <osmand:speed>225.1</osmand:speed>
        </extensions>
      </trkpt>
      <trkpt lat="55.8648689" lon="12.1367118">
        <ele>11338.4</ele>
        <time>2026-09-06T16:50:20Z</time>
        <hdop>5.1</hdop>
        <extensions>
          <osmand:speed>225.2</osmand:speed>
        </extensions>
      </trkpt>
      <trkpt lat="55.857179" lon="12.1200814">
        <ele>11368.4</ele>
        <time>2026-09-06T16:50:26Z</time>
        <hdop>6.6</hdop>
        <extensions>
          <osmand:speed>224.8</osmand:speed>
        </extensions>
      </trkpt>
      <trkpt lat="55.8494976" lon="12.1035124">
        <ele>11405.4</ele>
        <time>2026-09-06T16:50:32Z</time>
        <hdop>3.6</hdop>
        <extensions>
          <osmand:speed>224.2</osmand:speed>
        </extensions>
      </trkpt>
      <trkpt lat="55.8418395" lon="12.0870055">
        <ele>11453.4</ele>
        <time>2026-09-06T16:50:38Z</time>
        <hdop>3.1</hdop>
        <extensions>
          <osmand:speed>223</osmand:speed>
        </extensions>
      </trkpt>
      <trkpt lat="55.8342296" lon="12.0705936">
        <ele>11509.4</ele>
        <time>2026-09-06T16:50:44Z</time>
        <hdop>6.1</hdop>
        <extensions>
          <osmand:speed>221.8</osmand:speed>
        </extensions>
      </trkpt>
      <trkpt lat="55.8266561" lon="12.0542652">
        <ele>11555.4</ele>
        <time>2026-09-06T16:50:50Z</time>
        <hdop>5.1</hdop>
        <extensions>
          <osmand:speed>220.9</osmand:speed>
        </extensions>
      </trkpt>
      <trkpt lat="55.8191103" lon="12.0380216">
        <ele>11600.4</ele>
        <time>2026-09-06T16:50:56Z</time>
        <hdop>3.1</hdop>
        <extensions>
          <osmand:speed>220.1</osmand:speed>
        </extensions>
      </trkpt>
      <trkpt lat="55.8115964" lon="12.0218165">
        <ele>11642.4</ele>
        <time>2026-09-06T16:51:02Z</time>
        <hdop>5.1</hdop>
        <extensions>
          <osmand:speed>219.4</osmand:speed>
        </extensions>
      </trkpt>
      <trkpt lat="55.8040931" lon="12.0056706">
        <ele>11680.4</ele>
        <time>2026-09-06T16:51:08Z</time>
        <hdop>6.1</hdop>
        <extensions>
          <osmand:speed>219</osmand:speed>
        </extensions>
      </trkpt>
      <trkpt lat="55.7966061" lon="11.9895682">
        <ele>11713.2</ele>
        <time>2026-09-06T16:51:14Z</time>
        <hdop>4.6</hdop>
        <extensions>
          <osmand:speed>218.5</osmand:speed>
        </extensions>
      </trkpt>
      <trkpt lat="55.7891268" lon="11.9734401">
        <ele>11739.2</ele>
        <time>2026-09-06T16:51:20Z</time>
        <hdop>6.1</hdop>
        <extensions>
          <osmand:speed>218.7</osmand:speed>
        </extensions>
      </trkpt>
      <trkpt lat="55.7816667" lon="11.9573287">
        <ele>11763.2</ele>
        <time>2026-09-06T16:51:26Z</time>
        <hdop>4.6</hdop>
        <extensions>
          <osmand:speed>218.6</osmand:speed>
        </extensions>
      </trkpt>
      <trkpt lat="55.7741849" lon="11.9412271">
        <ele>11785.2</ele>
        <time>2026-09-06T16:51:32Z</time>
        <hdop>7.7</hdop>
        <extensions>
          <osmand:speed>218.7</osmand:speed>
        </extensions>
      </trkpt>
      <trkpt lat="55.7666897" lon="11.9251345">
        <ele>11806.2</ele>
        <time>2026-09-06T16:51:38Z</time>
        <hdop>9.2</hdop>
        <extensions>
          <osmand:speed>218.9</osmand:speed>
        </extensions>
      </trkpt>
      <trkpt lat="55.7592076" lon="11.9090159">
        <ele>11827.2</ele>
        <time>2026-09-06T16:51:44Z</time>
        <hdop>7.1</hdop>
        <extensions>
          <osmand:speed>218.9</osmand:speed>
        </extensions>
      </trkpt>
      <trkpt lat="55.7517109" lon="11.8928959">
        <ele>11845.2</ele>
        <time>2026-09-06T16:51:50Z</time>
        <hdop>6.6</hdop>
        <extensions>
          <osmand:speed>219.2</osmand:speed>
        </extensions>
      </trkpt>
      <trkpt lat="55.7442077" lon="11.8767552">
        <ele>11861.2</ele>
        <time>2026-09-06T16:51:56Z</time>
        <hdop>8.2</hdop>
        <extensions>
          <osmand:speed>219.5</osmand:speed>
        </extensions>
      </trkpt>
      <trkpt lat="55.7366769" lon="11.8606124">
        <ele>11875.2</ele>
        <time>2026-09-06T16:52:02Z</time>
        <hdop>7.7</hdop>
        <extensions>
          <osmand:speed>219.9</osmand:speed>
        </extensions>
      </trkpt>
      <trkpt lat="55.7291278" lon="11.8444631">
        <ele>11887.2</ele>
        <time>2026-09-06T16:52:08Z</time>
        <hdop>6.1</hdop>
        <extensions>
          <osmand:speed>220.2</osmand:speed>
        </extensions>
      </trkpt>
      <trkpt lat="55.7215626" lon="11.828292">
        <ele>11898.2</ele>
        <time>2026-09-06T16:52:14Z</time>
        <hdop>7.7</hdop>
        <extensions>
          <osmand:speed>220.6</osmand:speed>
        </extensions>
      </trkpt>
      <trkpt lat="55.7139765" lon="11.8120913">
        <ele>11908.2</ele>
        <time>2026-09-06T16:52:20Z</time>
        <hdop>7.1</hdop>
        <extensions>
          <osmand:speed>221.1</osmand:speed>
        </extensions>
      </trkpt>
      <trkpt lat="55.7063812" lon="11.795871">
        <ele>11920.2</ele>
        <time>2026-09-06T16:52:26Z</time>
        <hdop>6.6</hdop>
        <extensions>
          <osmand:speed>221.5</osmand:speed>
        </extensions>
      </trkpt>
      <trkpt lat="55.6987728" lon="11.7795934">
        <ele>11928.2</ele>
        <time>2026-09-06T16:52:32Z</time>
        <hdop>7.1</hdop>
        <extensions>
          <osmand:speed>221.9</osmand:speed>
        </extensions>
      </trkpt>
      <trkpt lat="55.6911441" lon="11.7633014">
        <ele>11937.2</ele>
        <time>2026-09-06T16:52:38Z</time>
        <hdop>7.1</hdop>
        <extensions>
          <osmand:speed>222.4</osmand:speed>
        </extensions>
      </trkpt>
      <trkpt lat="55.683487" lon="11.7469878">
        <ele>11941.9</ele>
        <time>2026-09-06T16:52:44Z</time>
        <hdop>6.1</hdop>
        <extensions>
          <osmand:speed>223</osmand:speed>
        </extensions>
      </trkpt>
      <trkpt lat="55.6758102" lon="11.7306545">
        <ele>11944.9</ele>
        <time>2026-09-06T16:52:50Z</time>
        <hdop>6.1</hdop>
        <extensions>
          <osmand:speed>223.4</osmand:speed>
        </extensions>
      </trkpt>
      <trkpt lat="55.668129" lon="11.7142973">
        <ele>11945.9</ele>
        <time>2026-09-06T16:52:56Z</time>
        <hdop>6.1</hdop>
        <extensions>
          <osmand:speed>223.4</osmand:speed>
        </extensions>
      </trkpt>
      <trkpt lat="55.6604465" lon="11.6979432">
        <ele>11949.9</ele>
        <time>2026-09-06T16:53:02Z</time>
        <hdop>8.2</hdop>
        <extensions>
          <osmand:speed>223.5</osmand:speed>
        </extensions>
      </trkpt>
      <trkpt lat="55.652774" lon="11.6815723">
        <ele>11950.9</ele>
        <time>2026-09-06T16:53:08Z</time>
        <hdop>7.1</hdop>
        <extensions>
          <osmand:speed>223.5</osmand:speed>
        </extensions>
      </trkpt>
      <trkpt lat="55.6450943" lon="11.6652099">
        <ele>11951.9</ele>
        <time>2026-09-06T16:53:14Z</time>
        <hdop>8.7</hdop>
        <extensions>
          <osmand:speed>223.6</osmand:speed>
        </extensions>
      </trkpt>
      <trkpt lat="55.6374006" lon="11.6488638">
        <ele>11952.9</ele>
        <time>2026-09-06T16:53:20Z</time>
        <hdop>8.2</hdop>
        <extensions>
          <osmand:speed>223.7</osmand:speed>
        </extensions>
      </trkpt>
      <trkpt lat="55.6296885" lon="11.6325269">
        <ele>11952.9</ele>
        <time>2026-09-06T16:53:26Z</time>
        <hdop>7.1</hdop>
        <extensions>
          <osmand:speed>223.8</osmand:speed>
        </extensions>
      </trkpt>
      <trkpt lat="55.6219655" lon="11.6161899">
        <ele>11952.9</ele>
        <time>2026-09-06T16:53:32Z</time>
        <hdop>7.1</hdop>
        <extensions>
          <osmand:speed>224</osmand:speed>
        </extensions>
      </trkpt>
      <trkpt lat="55.61425" lon="11.5998253">
        <ele>11951.9</ele>
        <time>2026-09-06T16:53:38Z</time>
        <hdop>7.1</hdop>
        <extensions>
          <osmand:speed>224</osmand:speed>
        </extensions>
      </trkpt>
      <trkpt lat="55.606523" lon="11.5834839">
        <ele>11952.9</ele>
        <time>2026-09-06T16:53:44Z</time>
        <hdop>7.1</hdop>
        <extensions>
          <osmand:speed>224.1</osmand:speed>
        </extensions>
      </trkpt>
      <trkpt lat="55.5987923" lon="11.5671418">
        <ele>11954.9</ele>
        <time>2026-09-06T16:53:50Z</time>
        <hdop>7.1</hdop>
        <extensions>
          <osmand:speed>224.2</osmand:speed>
        </extensions>
      </trkpt>
      <trkpt lat="55.591049" lon="11.5508103">
        <ele>11956.9</ele>
        <time>2026-09-06T16:53:56Z</time>
        <hdop>7.7</hdop>
        <extensions>
          <osmand:speed>224.3</osmand:speed>
        </extensions>
      </trkpt>
      <trkpt lat="55.5832976" lon="11.5344697">
        <ele>11954.9</ele>
        <time>2026-09-06T16:54:02Z</time>
        <hdop>7.7</hdop>
        <extensions>
          <osmand:speed>224.5</osmand:speed>
        </extensions>
      </trkpt>
      <trkpt lat="55.5755345" lon="11.5181331">
        <ele>11952.9</ele>
        <time>2026-09-06T16:54:08Z</time>
        <hdop>7.7</hdop>
        <extensions>
          <osmand:speed>224.5</osmand:speed>
        </extensions>
      </trkpt>
      <trkpt lat="55.5677667" lon="11.5017981">
        <ele>11952.9</ele>
        <time>2026-09-06T16:54:14Z</time>
        <hdop>8.7</hdop>
        <extensions>
          <osmand:speed>224.6</osmand:speed>
        </extensions>
      </trkpt>
      <trkpt lat="55.5600024" lon="11.4854653">
        <ele>11952.5</ele>
        <time>2026-09-06T16:54:20Z</time>
        <hdop>4.1</hdop>
        <extensions>
          <osmand:speed>224.4</osmand:speed>
        </extensions>
      </trkpt>
      <trkpt lat="55.5522566" lon="11.4691366">
        <ele>11952.5</ele>
        <time>2026-09-06T16:54:26Z</time>
        <hdop>3.6</hdop>
        <extensions>
          <osmand:speed>224.3</osmand:speed>
        </extensions>
      </trkpt>
      <trkpt lat="55.544518" lon="11.4528202">
        <ele>11954.5</ele>
        <time>2026-09-06T16:54:32Z</time>
        <hdop>4.1</hdop>
        <extensions>
          <osmand:speed>224.2</osmand:speed>
        </extensions>
      </trkpt>
      <trkpt lat="55.5367744" lon="11.4365207">
        <ele>11953.5</ele>
        <time>2026-09-06T16:54:38Z</time>
        <hdop>4.1</hdop>
        <extensions>
          <osmand:speed>224</osmand:speed>
        </extensions>
      </trkpt>
      <trkpt lat="55.5290402" lon="11.4202566">
        <ele>11952.5</ele>
        <time>2026-09-06T16:54:44Z</time>
        <hdop>4.1</hdop>
        <extensions>
          <osmand:speed>223.4</osmand:speed>
        </extensions>
      </trkpt>
      <trkpt lat="55.5213322" lon="11.4040411">
        <ele>11951.5</ele>
        <time>2026-09-06T16:54:50Z</time>
        <hdop>4.1</hdop>
        <extensions>
          <osmand:speed>222.7</osmand:speed>
        </extensions>
      </trkpt>
      <trkpt lat="55.5136531" lon="11.3878923">
        <ele>11949.5</ele>
        <time>2026-09-06T16:54:56Z</time>
        <hdop>4.1</hdop>
        <extensions>
          <osmand:speed>221.8</osmand:speed>
        </extensions>
      </trkpt>
      <trkpt lat="55.5060028" lon="11.3718267">
        <ele>11947.5</ele>
        <time>2026-09-06T16:55:02Z</time>
        <hdop>4.1</hdop>
        <extensions>
          <osmand:speed>220.8</osmand:speed>
        </extensions>
      </trkpt>
      <trkpt lat="55.4983818" lon="11.3558301">
        <ele>11947.2</ele>
        <time>2026-09-06T16:55:08Z</time>
        <hdop>3.6</hdop>
        <extensions>
          <osmand:speed>220.1</osmand:speed>
        </extensions>
      </trkpt>
      <trkpt lat="55.4907849" lon="11.3398621">
        <ele>11945.2</ele>
        <time>2026-09-06T16:55:14Z</time>
        <hdop>4.1</hdop>
        <extensions>
          <osmand:speed>219.6</osmand:speed>
        </extensions>
      </trkpt>
      <trkpt lat="55.4831978" lon="11.3239369">
        <ele>11946.2</ele>
        <time>2026-09-06T16:55:20Z</time>
        <hdop>4.6</hdop>
        <extensions>
          <osmand:speed>219.3</osmand:speed>
        </extensions>
      </trkpt>
      <trkpt lat="55.4756257" lon="11.3080349">
        <ele>11947.2</ele>
        <time>2026-09-06T16:55:26Z</time>
        <hdop>5.1</hdop>
        <extensions>
          <osmand:speed>218.9</osmand:speed>
        </extensions>
      </trkpt>
      <trkpt lat="55.4680532" lon="11.2921808">
        <ele>11946.2</ele>
        <time>2026-09-06T16:55:32Z</time>
        <hdop>6.6</hdop>
        <extensions>
          <osmand:speed>218.5</osmand:speed>
        </extensions>
      </trkpt>
      <trkpt lat="55.4604903" lon="11.2763494">
        <ele>11945.2</ele>
        <time>2026-09-06T16:55:38Z</time>
        <hdop>5.6</hdop>
        <extensions>
          <osmand:speed>218.3</osmand:speed>
        </extensions>
      </trkpt>
      <trkpt lat="55.4529163" lon="11.2605796">
        <ele>11942.2</ele>
        <time>2026-09-06T16:55:44Z</time>
        <hdop>7.7</hdop>
        <extensions>
          <osmand:speed>217.8</osmand:speed>
        </extensions>
      </trkpt>
      <trkpt lat="55.4453505" lon="11.2448568">
        <ele>11941.8</ele>
        <time>2026-09-06T16:55:50Z</time>
        <hdop>8.2</hdop>
        <extensions>
          <osmand:speed>217.6</osmand:speed>
        </extensions>
      </trkpt>
      <trkpt lat="55.4377986" lon="11.2291346">
        <ele>11942.8</ele>
        <time>2026-09-06T16:55:56Z</time>
        <hdop>7.7</hdop>
        <extensions>
          <osmand:speed>217.5</osmand:speed>
        </extensions>
      </trkpt>
      <trkpt lat="55.430257" lon="11.2133948">
        <ele>11940.8</ele>
        <time>2026-09-06T16:56:02Z</time>
        <hdop>8.7</hdop>
        <extensions>
          <osmand:speed>217.5</osmand:speed>
        </extensions>
      </trkpt>
      <trkpt lat="55.4227161" lon="11.1976558">
        <ele>11940.8</ele>
        <time>2026-09-06T16:56:08Z</time>
        <hdop>7.7</hdop>
        <extensions>
          <osmand:speed>217.6</osmand:speed>
        </extensions>
      </trkpt>
      <trkpt lat="55.4151607" lon="11.1819332">
        <ele>11941.8</ele>
        <time>2026-09-06T16:56:14Z</time>
        <hdop>7.1</hdop>
        <extensions>
          <osmand:speed>217.7</osmand:speed>
        </extensions>
      </trkpt>
      <trkpt lat="55.4076019" lon="11.1662039">
        <ele>11940.8</ele>
        <time>2026-09-06T16:56:20Z</time>
        <hdop>8.2</hdop>
        <extensions>
          <osmand:speed>217.8</osmand:speed>
        </extensions>
      </trkpt>
      <trkpt lat="55.400037" lon="11.1504834">
        <ele>11939.8</ele>
        <time>2026-09-06T16:56:26Z</time>
        <hdop>8.7</hdop>
        <extensions>
          <osmand:speed>217.8</osmand:speed>
        </extensions>
      </trkpt>
      <trkpt lat="55.3924716" lon="11.1347724">
        <ele>11940.8</ele>
        <time>2026-09-06T16:56:32Z</time>
        <hdop>8.7</hdop>
        <extensions>
          <osmand:speed>217.7</osmand:speed>
        </extensions>
      </trkpt>
      <trkpt lat="55.3849109" lon="11.1190652">
        <ele>11941.8</ele>
        <time>2026-09-06T16:56:38Z</time>
        <hdop>9.2</hdop>
        <extensions>
          <osmand:speed>217.6</osmand:speed>
        </extensions>
      </trkpt>
      <trkpt lat="55.377345" lon="11.1033627">
        <ele>11939.8</ele>
        <time>2026-09-06T16:56:44Z</time>
        <hdop>8.7</hdop>
        <extensions>
          <osmand:speed>217.6</osmand:speed>
        </extensions>
      </trkpt>
      <trkpt lat="55.3697871" lon="11.087672">
        <ele>11939.8</ele>
        <time>2026-09-06T16:56:50Z</time>
        <hdop>8.2</hdop>
        <extensions>
          <osmand:speed>217.5</osmand:speed>
        </extensions>
      </trkpt>
      <trkpt lat="55.362237" lon="11.0720098">
        <ele>11941.8</ele>
        <time>2026-09-06T16:56:56Z</time>
        <hdop>8.7</hdop>
        <extensions>
          <osmand:speed>217.3</osmand:speed>
        </extensions>
      </trkpt>
      <trkpt lat="55.3546783" lon="11.0563759">
        <ele>11942.8</ele>
        <time>2026-09-06T16:57:02Z</time>
        <hdop>8.7</hdop>
        <extensions>
          <osmand:speed>217.1</osmand:speed>
        </extensions>
      </trkpt>
      <trkpt lat="55.3471298" lon="11.0407401">
        <ele>11942.8</ele>
        <time>2026-09-06T16:57:08Z</time>
        <hdop>8.7</hdop>
        <extensions>
          <osmand:speed>217</osmand:speed>
        </extensions>
      </trkpt>
      <trkpt lat="55.3395783" lon="11.0251307">
        <ele>11944.8</ele>
        <time>2026-09-06T16:57:14Z</time>
        <hdop>8.7</hdop>
        <extensions>
          <osmand:speed>216.8</osmand:speed>
        </extensions>
      </trkpt>
      <trkpt lat="55.3320258" lon="11.0095514">
        <ele>11945.8</ele>
        <time>2026-09-06T16:57:20Z</time>
        <hdop>10.2</hdop>
        <extensions>
          <osmand:speed>216.6</osmand:speed>
        </extensions>
      </trkpt>
      <trkpt lat="55.3244866" lon="10.993985">
        <ele>11947.3</ele>
        <time>2026-09-06T16:57:26Z</time>
        <hdop>9.7</hdop>
        <extensions>
          <osmand:speed>216.4</osmand:speed>
        </extensions>
      </trkpt>
      <trkpt lat="55.3169502" lon="10.9784324">
        <ele>11948.3</ele>
        <time>2026-09-06T16:57:32Z</time>
        <hdop>11.2</hdop>
        <extensions>
          <osmand:speed>216.3</osmand:speed>
        </extensions>
      </trkpt>
      <trkpt lat="55.3094205" lon="10.9629029">
        <ele>11950.3</ele>
        <time>2026-09-06T16:57:38Z</time>
        <hdop>10.7</hdop>
        <extensions>
          <osmand:speed>216</osmand:speed>
        </extensions>
      </trkpt>
      <trkpt lat="55.3018943" lon="10.9473861">
        <ele>11951.3</ele>
        <time>2026-09-06T16:57:44Z</time>
        <hdop>10.2</hdop>
        <extensions>
          <osmand:speed>215.7</osmand:speed>
        </extensions>
      </trkpt>
      <trkpt lat="55.2943768" lon="10.9318986">
        <ele>11951.3</ele>
        <time>2026-09-06T16:57:50Z</time>
        <hdop>10.7</hdop>
        <extensions>
          <osmand:speed>215.3</osmand:speed>
        </extensions>
      </trkpt>
      <trkpt lat="55.286879" lon="10.916427">
        <ele>11950.3</ele>
        <time>2026-09-06T16:57:56Z</time>
        <hdop>10.7</hdop>
        <extensions>
          <osmand:speed>215</osmand:speed>
        </extensions>
      </trkpt>
      <trkpt lat="55.2793923" lon="10.9009956">
        <ele>11951.3</ele>
        <time>2026-09-06T16:58:02Z</time>
        <hdop>10.2</hdop>
        <extensions>
          <osmand:speed>214.7</osmand:speed>
        </extensions>
      </trkpt>
      <trkpt lat="55.2719094" lon="10.8855815">
        <ele>11952.3</ele>
        <time>2026-09-06T16:58:08Z</time>
        <hdop>9.7</hdop>
        <extensions>
          <osmand:speed>214.5</osmand:speed>
        </extensions>
      </trkpt>
      <trkpt lat="55.2644382" lon="10.8701855">
        <ele>11954.3</ele>
        <time>2026-09-06T16:58:14Z</time>
        <hdop>10.2</hdop>
        <extensions>
          <osmand:speed>214.4</osmand:speed>
        </extensions>
      </trkpt>
      <trkpt lat="55.2569617" lon="10.854794">
        <ele>11954.3</ele>
        <time>2026-09-06T16:58:20Z</time>
        <hdop>10.7</hdop>
        <extensions>
          <osmand:speed>214.4</osmand:speed>
        </extensions>
      </trkpt>
      <trkpt lat="55.249479" lon="10.8394171">
        <ele>11953</ele>
        <time>2026-09-06T16:58:26Z</time>
        <hdop>10.7</hdop>
        <extensions>
          <osmand:speed>214.3</osmand:speed>
        </extensions>
      </trkpt>
      <trkpt lat="55.2420089" lon="10.8240535">
        <ele>11953</ele>
        <time>2026-09-06T16:58:32Z</time>
        <hdop>11.2</hdop>
        <extensions>
          <osmand:speed>214.2</osmand:speed>
        </extensions>
      </trkpt>
      <trkpt lat="55.234541" lon="10.8087026">
        <ele>11955</ele>
        <time>2026-09-06T16:58:38Z</time>
        <hdop>10.2</hdop>
        <extensions>
          <osmand:speed>214.1</osmand:speed>
        </extensions>
      </trkpt>
      <trkpt lat="55.2270738" lon="10.793375">
        <ele>11956</ele>
        <time>2026-09-06T16:58:44Z</time>
        <hdop>10.2</hdop>
        <extensions>
          <osmand:speed>214</osmand:speed>
        </extensions>
      </trkpt>
      <trkpt lat="55.2196117" lon="10.7780381">
        <ele>11956</ele>
        <time>2026-09-06T16:58:50Z</time>
        <hdop>9.7</hdop>
        <extensions>
          <osmand:speed>213.8</osmand:speed>
        </extensions>
      </trkpt>
      <trkpt lat="55.2121553" lon="10.7627171">
        <ele>11957</ele>
        <time>2026-09-06T16:58:56Z</time>
        <hdop>10.2</hdop>
        <extensions>
          <osmand:speed>213.7</osmand:speed>
        </extensions>
      </trkpt>
      <trkpt lat="55.2046988" lon="10.7474186">
        <ele>11957.6</ele>
        <time>2026-09-06T16:59:02Z</time>
        <hdop>9.7</hdop>
        <extensions>
          <osmand:speed>213.6</osmand:speed>
        </extensions>
      </trkpt>
      <trkpt lat="55.1972343" lon="10.7321307">
        <ele>11956.6</ele>
        <time>2026-09-06T16:59:08Z</time>
        <hdop>9.7</hdop>
        <extensions>
          <osmand:speed>213.6</osmand:speed>
        </extensions>
      </trkpt>
      <trkpt lat="55.1897804" lon="10.7168383">
        <ele>11959.6</ele>
        <time>2026-09-06T16:59:14Z</time>
        <hdop>10.2</hdop>
        <extensions>
          <osmand:speed>213.6</osmand:speed>
        </extensions>
      </trkpt>
      <trkpt lat="55.1823373" lon="10.7015447">
        <ele>11960.6</ele>
        <time>2026-09-06T16:59:20Z</time>
        <hdop>10.2</hdop>
        <extensions>
          <osmand:speed>213.5</osmand:speed>
        </extensions>
      </trkpt>
      <trkpt lat="55.1748824" lon="10.686278">
        <ele>11961.6</ele>
        <time>2026-09-06T16:59:26Z</time>
        <hdop>10.7</hdop>
        <extensions>
          <osmand:speed>213.5</osmand:speed>
        </extensions>
      </trkpt>
      <trkpt lat="55.1674093" lon="10.6710332">
        <ele>11960.6</ele>
        <time>2026-09-06T16:59:32Z</time>
        <hdop>10.2</hdop>
        <extensions>
          <osmand:speed>213.5</osmand:speed>
        </extensions>
      </trkpt>
      <trkpt lat="55.15993" lon="10.6557938">
        <ele>11959.6</ele>
        <time>2026-09-06T16:59:38Z</time>
        <hdop>10.7</hdop>
        <extensions>
          <osmand:speed>213.5</osmand:speed>
        </extensions>
      </trkpt>
      <trkpt lat="55.1524583" lon="10.6405495">
        <ele>11960.6</ele>
        <time>2026-09-06T16:59:44Z</time>
        <hdop>10.7</hdop>
        <extensions>
          <osmand:speed>213.5</osmand:speed>
        </extensions>
      </trkpt>
      <trkpt lat="55.1449811" lon="10.625332">
        <ele>11958.6</ele>
        <time>2026-09-06T16:59:50Z</time>
        <hdop>9.7</hdop>
        <extensions>
          <osmand:speed>213.4</osmand:speed>
        </extensions>
      </trkpt>
      <trkpt lat="55.1374953" lon="10.6101362">
        <ele>11957.6</ele>
        <time>2026-09-06T16:59:56Z</time>
        <hdop>10.2</hdop>
        <extensions>
          <osmand:speed>213.3</osmand:speed>
        </extensions>
      </trkpt>
      <trkpt lat="55.1300165" lon="10.5949483">
        <ele>11957.6</ele>
        <time>2026-09-06T17:00:02Z</time>
        <hdop>10.7</hdop>
        <extensions>
          <osmand:speed>213.1</osmand:speed>
        </extensions>
      </trkpt>
      <trkpt lat="55.1225306" lon="10.5797906">
        <ele>11959.6</ele>
        <time>2026-09-06T17:00:08Z</time>
        <hdop>12.2</hdop>
        <extensions>
          <osmand:speed>212.9</osmand:speed>
        </extensions>
      </trkpt>
      <trkpt lat="55.1150448" lon="10.564668">
        <ele>11961.6</ele>
        <time>2026-09-06T17:00:14Z</time>
        <hdop>12.2</hdop>
        <extensions>
          <osmand:speed>212.8</osmand:speed>
        </extensions>
      </trkpt>
      <trkpt lat="55.1075705" lon="10.5495449">
        <ele>11961.6</ele>
        <time>2026-09-06T17:00:20Z</time>
        <hdop>11.2</hdop>
        <extensions>
          <osmand:speed>212.6</osmand:speed>
        </extensions>
      </trkpt>
      <trkpt lat="55.1001111" lon="10.5344203">
        <ele>11961.6</ele>
        <time>2026-09-06T17:00:26Z</time>
        <hdop>11.7</hdop>
        <extensions>
          <osmand:speed>212.5</osmand:speed>
        </extensions>
      </trkpt>
      <trkpt lat="55.0926551" lon="10.5193179">
        <ele>11963.6</ele>
        <time>2026-09-06T17:00:32Z</time>
        <hdop>13.3</hdop>
        <extensions>
          <osmand:speed>212.4</osmand:speed>
        </extensions>
      </trkpt>
      <trkpt lat="55.0851919" lon="10.5042301">
        <ele>11962.6</ele>
        <time>2026-09-06T17:00:38Z</time>
        <hdop>12.8</hdop>
        <extensions>
          <osmand:speed>212.3</osmand:speed>
        </extensions>
      </trkpt>
      <trkpt lat="55.0777201" lon="10.4891773">
        <ele>11964.2</ele>
        <time>2026-09-06T17:00:44Z</time>
        <hdop>12.2</hdop>
        <extensions>
          <osmand:speed>212.2</osmand:speed>
        </extensions>
      </trkpt>
      <trkpt lat="55.0702448" lon="10.4741523">
        <ele>11965.2</ele>
        <time>2026-09-06T17:00:50Z</time>
        <hdop>12.8</hdop>
        <extensions>
          <osmand:speed>211.9</osmand:speed>
        </extensions>
      </trkpt>
      <trkpt lat="55.062771" lon="10.4591428">
        <ele>11965.2</ele>
        <time>2026-09-06T17:00:56Z</time>
        <hdop>13.3</hdop>
        <extensions>
          <osmand:speed>211.8</osmand:speed>
        </extensions>
      </trkpt>
      <trkpt lat="55.0552952" lon="10.4441701">
        <ele>11966.2</ele>
        <time>2026-09-06T17:01:02Z</time>
        <hdop>12.8</hdop>
        <extensions>
          <osmand:speed>211.6</osmand:speed>
        </extensions>
      </trkpt>
      <trkpt lat="55.0478399" lon="10.4291809">
        <ele>11966.2</ele>
        <time>2026-09-06T17:01:08Z</time>
        <hdop>12.2</hdop>
        <extensions>
          <osmand:speed>211.5</osmand:speed>
        </extensions>
      </trkpt>
      <trkpt lat="55.0403979" lon="10.4141898">
        <ele>11966.2</ele>
        <time>2026-09-06T17:01:14Z</time>
        <hdop>16.3</hdop>
        <extensions>
          <osmand:speed>211.4</osmand:speed>
        </extensions>
      </trkpt>
      <trkpt lat="55.0329498" lon="10.3992224">
        <ele>11966.2</ele>
        <time>2026-09-06T17:01:20Z</time>
        <hdop>15.3</hdop>
        <extensions>
          <osmand:speed>211.3</osmand:speed>
        </extensions>
      </trkpt>
      <trkpt lat="55.0255116" lon="10.3842675">
        <ele>11966.2</ele>
        <time>2026-09-06T17:01:26Z</time>
        <hdop>15.3</hdop>
        <extensions>
          <osmand:speed>211</osmand:speed>
        </extensions>
      </trkpt>
      <trkpt lat="55.0180828" lon="10.369331">
        <ele>11967.2</ele>
        <time>2026-09-06T17:01:32Z</time>
        <hdop>14.3</hdop>
        <extensions>
          <osmand:speed>210.9</osmand:speed>
        </extensions>
      </trkpt>
      <trkpt lat="55.0106681" lon="10.3543923">
        <ele>11968.2</ele>
        <time>2026-09-06T17:01:38Z</time>
        <hdop>16.3</hdop>
        <extensions>
          <osmand:speed>210.7</osmand:speed>
        </extensions>
      </trkpt>
      <trkpt lat="55.0032635" lon="10.3394682">
        <ele>11970.2</ele>
        <time>2026-09-06T17:01:44Z</time>
        <hdop>13.3</hdop>
        <extensions>
          <osmand:speed>210.5</osmand:speed>
        </extensions>
      </trkpt>
      <trkpt lat="54.9958696" lon="10.32455">
        <ele>11971.2</ele>
        <time>2026-09-06T17:01:50Z</time>
        <hdop>13.8</hdop>
        <extensions>
          <osmand:speed>210.3</osmand:speed>
        </extensions>
      </trkpt>
      <trkpt lat="54.9884796" lon="10.3096571">
        <ele>11970.2</ele>
        <time>2026-09-06T17:01:56Z</time>
        <hdop>15.3</hdop>
        <extensions>
          <osmand:speed>210.2</osmand:speed>
        </extensions>
      </trkpt>
      <trkpt lat="54.9810808" lon="10.2947783">
        <ele>11969.2</ele>
        <time>2026-09-06T17:02:02Z</time>
        <hdop>13.3</hdop>
        <extensions>
          <osmand:speed>210.1</osmand:speed>
        </extensions>
      </trkpt>
      <trkpt lat="54.9736788" lon="10.2799235">
        <ele>11968.2</ele>
        <time>2026-09-06T17:02:08Z</time>
        <hdop>12.8</hdop>
        <extensions>
          <osmand:speed>210</osmand:speed>
        </extensions>
      </trkpt>
      <trkpt lat="54.9662768" lon="10.2650779">
        <ele>11967.2</ele>
        <time>2026-09-06T17:02:14Z</time>
        <hdop>12.2</hdop>
        <extensions>
          <osmand:speed>209.9</osmand:speed>
        </extensions>
      </trkpt>
      <trkpt lat="54.9588707" lon="10.2502612">
        <ele>11966.2</ele>
        <time>2026-09-06T17:02:20Z</time>
        <hdop>11.7</hdop>
        <extensions>
          <osmand:speed>209.9</osmand:speed>
        </extensions>
      </trkpt>
      <trkpt lat="54.9514615" lon="10.2354537">
        <ele>11965</ele>
        <time>2026-09-06T17:02:26Z</time>
        <hdop>12.8</hdop>
        <extensions>
          <osmand:speed>209.9</osmand:speed>
        </extensions>
      </trkpt>
      <trkpt lat="54.944059" lon="10.2206347">
        <ele>11964</ele>
        <time>2026-09-06T17:02:32Z</time>
        <hdop>12.8</hdop>
        <extensions>
          <osmand:speed>209.8</osmand:speed>
        </extensions>
      </trkpt>
      <trkpt lat="54.9366761" lon="10.2058046">
        <ele>11965</ele>
        <time>2026-09-06T17:02:38Z</time>
        <hdop>13.3</hdop>
        <extensions>
          <osmand:speed>209.6</osmand:speed>
        </extensions>
      </trkpt>
      <trkpt lat="54.9294007" lon="10.1908552">
        <ele>11967</ele>
        <time>2026-09-06T17:02:44Z</time>
        <hdop>12.8</hdop>
        <extensions>
          <osmand:speed>209.4</osmand:speed>
        </extensions>
      </trkpt>
      <trkpt lat="54.9222082" lon="10.1757859">
        <ele>11967</ele>
        <time>2026-09-06T17:02:50Z</time>
        <hdop>12.8</hdop>
        <extensions>
          <osmand:speed>209.3</osmand:speed>
        </extensions>
      </trkpt>
      <trkpt lat="54.9150532" lon="10.1606861">
        <ele>11966</ele>
        <time>2026-09-06T17:02:56Z</time>
        <hdop>12.8</hdop>
        <extensions>
          <osmand:speed>209.2</osmand:speed>
        </extensions>
      </trkpt>
      <trkpt lat="54.9079188" lon="10.1455815">
        <ele>11968</ele>
        <time>2026-09-06T17:03:02Z</time>
        <hdop>13.3</hdop>
        <extensions>
          <osmand:speed>209.1</osmand:speed>
        </extensions>
      </trkpt>
      <trkpt lat="54.9008035" lon="10.1304385">
        <ele>11967</ele>
        <time>2026-09-06T17:03:08Z</time>
        <hdop>12.2</hdop>
        <extensions>
          <osmand:speed>209.1</osmand:speed>
        </extensions>
      </trkpt>
      <trkpt lat="54.8936931" lon="10.1152933">
        <ele>11967</ele>
        <time>2026-09-06T17:03:14Z</time>
        <hdop>11.7</hdop>
        <extensions>
          <osmand:speed>209.2</osmand:speed>
        </extensions>
      </trkpt>
      <trkpt lat="54.8865819" lon="10.1001466">
        <ele>11968</ele>
        <time>2026-09-06T17:03:20Z</time>
        <hdop>11.2</hdop>
        <extensions>
          <osmand:speed>209.3</osmand:speed>
        </extensions>
      </trkpt>
      <trkpt lat="54.8794549" lon="10.0849832">
        <ele>11968</ele>
        <time>2026-09-06T17:03:26Z</time>
        <hdop>11.2</hdop>
        <extensions>
          <osmand:speed>209.7</osmand:speed>
        </extensions>
      </trkpt>
      <trkpt lat="54.8723082" lon="10.0698121">
        <ele>11967</ele>
        <time>2026-09-06T17:03:32Z</time>
        <hdop>11.2</hdop>
        <extensions>
          <osmand:speed>210</osmand:speed>
        </extensions>
      </trkpt>
      <trkpt lat="54.8651265" lon="10.054653">
        <ele>11970</ele>
        <time>2026-09-06T17:03:38Z</time>
        <hdop>12.8</hdop>
        <extensions>
          <osmand:speed>210.4</osmand:speed>
        </extensions>
      </trkpt>
      <trkpt lat="54.8579348" lon="10.0394594">
        <ele>11971</ele>
        <time>2026-09-06T17:03:44Z</time>
        <hdop>12.2</hdop>
        <extensions>
          <osmand:speed>210.8</osmand:speed>
        </extensions>
      </trkpt>
      <trkpt lat="54.8507229" lon="10.0242594">
        <ele>11974</ele>
        <time>2026-09-06T17:03:50Z</time>
        <hdop>9.7</hdop>
        <extensions>
          <osmand:speed>211.2</osmand:speed>
        </extensions>
      </trkpt>
      <trkpt lat="54.8434719" lon="10.0090623">
        <ele>11971</ele>
        <time>2026-09-06T17:03:56Z</time>
        <hdop>12.8</hdop>
        <extensions>
          <osmand:speed>211.6</osmand:speed>
        </extensions>
      </trkpt>
      <trkpt lat="54.8362468" lon="9.9938281">
        <ele>11962.8</ele>
        <time>2026-09-06T17:04:02Z</time>
        <hdop>10.2</hdop>
        <extensions>
          <osmand:speed>211.9</osmand:speed>
        </extensions>
      </trkpt>
      <trkpt lat="54.8288979" lon="9.9786689">
        <ele>11961.8</ele>
        <time>2026-09-06T17:04:08Z</time>
        <hdop>13.8</hdop>
        <extensions>
          <osmand:speed>212.3</osmand:speed>
        </extensions>
      </trkpt>
      <trkpt lat="54.8216055" lon="9.9634439">
        <ele>11961.8</ele>
        <time>2026-09-06T17:04:14Z</time>
        <hdop>12.2</hdop>
        <extensions>
          <osmand:speed>212.6</osmand:speed>
        </extensions>
      </trkpt>
      <trkpt lat="54.814267" lon="9.948227">
        <ele>11964.8</ele>
        <time>2026-09-06T17:04:20Z</time>
        <hdop>12.8</hdop>
        <extensions>
          <osmand:speed>212.8</osmand:speed>
        </extensions>
      </trkpt>
      <trkpt lat="54.8069438" lon="9.9329554">
        <ele>11964.8</ele>
        <time>2026-09-06T17:04:26Z</time>
        <hdop>15.8</hdop>
        <extensions>
          <osmand:speed>213.5</osmand:speed>
        </extensions>
      </trkpt>
      <trkpt lat="54.7995767" lon="9.9177195">
        <ele>11965.8</ele>
        <time>2026-09-06T17:04:32Z</time>
        <hdop>13.8</hdop>
        <extensions>
          <osmand:speed>213.5</osmand:speed>
        </extensions>
      </trkpt>
      <trkpt lat="54.7922139" lon="9.9024814">
        <ele>11965.8</ele>
        <time>2026-09-06T17:04:38Z</time>
        <hdop>14.8</hdop>
        <extensions>
          <osmand:speed>213.5</osmand:speed>
        </extensions>
      </trkpt>
      <trkpt lat="54.7848746" lon="9.8872036">
        <ele>11961.8</ele>
        <time>2026-09-06T17:04:44Z</time>
        <hdop>15.3</hdop>
        <extensions>
          <osmand:speed>213.4</osmand:speed>
        </extensions>
      </trkpt>
      <trkpt lat="54.7775623" lon="9.871903">
        <ele>11963.8</ele>
        <time>2026-09-06T17:04:50Z</time>
        <hdop>13.8</hdop>
        <extensions>
          <osmand:speed>213.4</osmand:speed>
        </extensions>
      </trkpt>
      <trkpt lat="54.7702635" lon="9.8565637">
        <ele>11963.8</ele>
        <time>2026-09-06T17:04:56Z</time>
        <hdop>10.2</hdop>
        <extensions>
          <osmand:speed>213.3</osmand:speed>
        </extensions>
      </trkpt>
      <trkpt lat="54.7629726" lon="9.8412324">
        <ele>11964.8</ele>
        <time>2026-09-06T17:05:02Z</time>
        <hdop>9.7</hdop>
        <extensions>
          <osmand:speed>213.3</osmand:speed>
        </extensions>
      </trkpt>
      <trkpt lat="54.7556707" lon="9.8259018">
        <ele>11963.8</ele>
        <time>2026-09-06T17:05:08Z</time>
        <hdop>10.2</hdop>
        <extensions>
          <osmand:speed>213.2</osmand:speed>
        </extensions>
      </trkpt>
      <trkpt lat="54.748372" lon="9.8106037">
        <ele>11962.1</ele>
        <time>2026-09-06T17:05:14Z</time>
        <hdop>9.7</hdop>
        <extensions>
          <osmand:speed>213.3</osmand:speed>
        </extensions>
      </trkpt>
      <trkpt lat="54.7410299" lon="9.7953281">
        <ele>11968.1</ele>
        <time>2026-09-06T17:05:20Z</time>
        <hdop>7.1</hdop>
        <extensions>
          <osmand:speed>213.2</osmand:speed>
        </extensions>
      </trkpt>
      <trkpt lat="54.7337145" lon="9.7800714">
        <ele>11969.1</ele>
        <time>2026-09-06T17:05:26Z</time>
        <hdop>7.7</hdop>
        <extensions>
          <osmand:speed>213.3</osmand:speed>
        </extensions>
      </trkpt>
      <trkpt lat="54.7263722" lon="9.764817">
        <ele>11967.1</ele>
        <time>2026-09-06T17:05:32Z</time>
        <hdop>8.2</hdop>
        <extensions>
          <osmand:speed>213.4</osmand:speed>
        </extensions>
      </trkpt>
      <trkpt lat="54.7190124" lon="9.7496041">
        <ele>11967</ele>
        <time>2026-09-06T17:05:38Z</time>
        <hdop>8.2</hdop>
        <extensions>
          <osmand:speed>213.3</osmand:speed>
        </extensions>
      </trkpt>
      <trkpt lat="54.7116486" lon="9.7343899">
        <ele>11968</ele>
        <time>2026-09-06T17:05:44Z</time>
        <hdop>9.7</hdop>
        <extensions>
          <osmand:speed>213.4</osmand:speed>
        </extensions>
      </trkpt>
      <trkpt lat="54.7042737" lon="9.7192077">
        <ele>11971</ele>
        <time>2026-09-06T17:05:50Z</time>
        <hdop>10.2</hdop>
        <extensions>
          <osmand:speed>213.4</osmand:speed>
        </extensions>
      </trkpt>
      <trkpt lat="54.696885" lon="9.7040311">
        <ele>11973</ele>
        <time>2026-09-06T17:05:56Z</time>
        <hdop>9.2</hdop>
        <extensions>
          <osmand:speed>213.4</osmand:speed>
        </extensions>
      </trkpt>
      <trkpt lat="54.6894938" lon="9.6888423">
        <ele>11973</ele>
        <time>2026-09-06T17:06:02Z</time>
        <hdop>11.2</hdop>
        <extensions>
          <osmand:speed>213.5</osmand:speed>
        </extensions>
      </trkpt>
      <trkpt lat="54.6820906" lon="9.6736692">
        <ele>11972</ele>
        <time>2026-09-06T17:06:08Z</time>
        <hdop>8.7</hdop>
        <extensions>
          <osmand:speed>213.6</osmand:speed>
        </extensions>
      </trkpt>
      <trkpt lat="54.6746803" lon="9.6585054">
        <ele>11970</ele>
        <time>2026-09-06T17:06:14Z</time>
        <hdop>12.2</hdop>
        <extensions>
          <osmand:speed>213.7</osmand:speed>
        </extensions>
      </trkpt>
      <trkpt lat="54.6672689" lon="9.6433516">
        <ele>11971</ele>
        <time>2026-09-06T17:06:20Z</time>
        <hdop>10.2</hdop>
        <extensions>
          <osmand:speed>213.7</osmand:speed>
        </extensions>
      </trkpt>
      <trkpt lat="54.6598418" lon="9.6282073">
        <ele>11971</ele>
        <time>2026-09-06T17:06:26Z</time>
        <hdop>9.7</hdop>
        <extensions>
          <osmand:speed>213.8</osmand:speed>
        </extensions>
      </trkpt>
      <trkpt lat="54.6524141" lon="9.6130573">
        <ele>11969</ele>
        <time>2026-09-06T17:06:32Z</time>
        <hdop>11.2</hdop>
        <extensions>
          <osmand:speed>213.9</osmand:speed>
        </extensions>
      </trkpt>
      <trkpt lat="54.6449836" lon="9.5979362">
        <ele>11972</ele>
        <time>2026-09-06T17:06:38Z</time>
        <hdop>10.2</hdop>
        <extensions>
          <osmand:speed>213.9</osmand:speed>
        </extensions>
      </trkpt>
      <trkpt lat="54.6375458" lon="9.5827895">
        <ele>11972</ele>
        <time>2026-09-06T17:06:44Z</time>
        <hdop>11.2</hdop>
        <extensions>
          <osmand:speed>214</osmand:speed>
        </extensions>
      </trkpt>
      <trkpt lat="54.6300955" lon="9.5676737">
        <ele>11975</ele>
        <time>2026-09-06T17:06:50Z</time>
        <hdop>10.7</hdop>
        <extensions>
          <osmand:speed>214</osmand:speed>
        </extensions>
      </trkpt>
      <trkpt lat="54.6226363" lon="9.5525452">
        <ele>11976</ele>
        <time>2026-09-06T17:06:56Z</time>
        <hdop>10.7</hdop>
        <extensions>
          <osmand:speed>214.1</osmand:speed>
        </extensions>
      </trkpt>
      <trkpt lat="54.6151939" lon="9.5374245">
        <ele>11980</ele>
        <time>2026-09-06T17:07:02Z</time>
        <hdop>9.2</hdop>
        <extensions>
          <osmand:speed>214</osmand:speed>
        </extensions>
      </trkpt>
      <trkpt lat="54.6077472" lon="9.5222781">
        <ele>11981</ele>
        <time>2026-09-06T17:07:08Z</time>
        <hdop>9.7</hdop>
        <extensions>
          <osmand:speed>214.1</osmand:speed>
        </extensions>
      </trkpt>
      <trkpt lat="54.6003021" lon="9.5071298">
        <ele>11983</ele>
        <time>2026-09-06T17:07:14Z</time>
        <hdop>9.7</hdop>
        <extensions>
          <osmand:speed>214.2</osmand:speed>
        </extensions>
      </trkpt>
      <trkpt lat="54.592853" lon="9.4919785">
        <ele>11986</ele>
        <time>2026-09-06T17:07:20Z</time>
        <hdop>10.7</hdop>
        <extensions>
          <osmand:speed>214.2</osmand:speed>
        </extensions>
      </trkpt>
      <trkpt lat="54.5854178" lon="9.4767927">
        <ele>11986</ele>
        <time>2026-09-06T17:07:26Z</time>
        <hdop>9.7</hdop>
        <extensions>
          <osmand:speed>214.3</osmand:speed>
        </extensions>
      </trkpt>
      <trkpt lat="54.5779932" lon="9.4615979">
        <ele>11988</ele>
        <time>2026-09-06T17:07:32Z</time>
        <hdop>9.7</hdop>
        <extensions>
          <osmand:speed>214.4</osmand:speed>
        </extensions>
      </trkpt>
      <trkpt lat="54.5705664" lon="9.4464024">
        <ele>11990</ele>
        <time>2026-09-06T17:07:38Z</time>
        <hdop>10.2</hdop>
        <extensions>
          <osmand:speed>214.4</osmand:speed>
        </extensions>
      </trkpt>
      <trkpt lat="54.5631471" lon="9.431216">
        <ele>11992</ele>
        <time>2026-09-06T17:07:44Z</time>
        <hdop>11.7</hdop>
        <extensions>
          <osmand:speed>214.4</osmand:speed>
        </extensions>
      </trkpt>
      <trkpt lat="54.5557258" lon="9.4159906">
        <ele>11991</ele>
        <time>2026-09-06T17:07:50Z</time>
        <hdop>11.7</hdop>
        <extensions>
          <osmand:speed>214.6</osmand:speed>
        </extensions>
      </trkpt>
      <trkpt lat="54.5482879" lon="9.4007694">
        <ele>11991</ele>
        <time>2026-09-06T17:07:56Z</time>
        <hdop>12.8</hdop>
        <extensions>
          <osmand:speed>214.6</osmand:speed>
        </extensions>
      </trkpt>
      <trkpt lat="54.5408454" lon="9.3855761">
        <ele>11992</ele>
        <time>2026-09-06T17:08:02Z</time>
        <hdop>11.7</hdop>
        <extensions>
          <osmand:speed>214.7</osmand:speed>
        </extensions>
      </trkpt>
      <trkpt lat="54.5333973" lon="9.3703707">
        <ele>11992</ele>
        <time>2026-09-06T17:08:08Z</time>
        <hdop>12.2</hdop>
        <extensions>
          <osmand:speed>214.8</osmand:speed>
        </extensions>
      </trkpt>
      <trkpt lat="54.525932" lon="9.3551868">
        <ele>11991</ele>
        <time>2026-09-06T17:08:14Z</time>
        <hdop>11.7</hdop>
        <extensions>
          <osmand:speed>214.9</osmand:speed>
        </extensions>
      </trkpt>
      <trkpt lat="54.5184592" lon="9.3400159">
        <ele>11993</ele>
        <time>2026-09-06T17:08:20Z</time>
        <hdop>12.8</hdop>
        <extensions>
          <osmand:speed>215</osmand:speed>
        </extensions>
      </trkpt>
      <trkpt lat="54.5109793" lon="9.3248555">
        <ele>11995</ele>
        <time>2026-09-06T17:08:26Z</time>
        <hdop>11.7</hdop>
        <extensions>
          <osmand:speed>215</osmand:speed>
        </extensions>
      </trkpt>
      <trkpt lat="54.5034869" lon="9.3096817">
        <ele>11992</ele>
        <time>2026-09-06T17:08:32Z</time>
        <hdop>11.7</hdop>
        <extensions>
          <osmand:speed>215.1</osmand:speed>
        </extensions>
      </trkpt>
      <trkpt lat="54.4959923" lon="9.2945273">
        <ele>11991.2</ele>
        <time>2026-09-06T17:08:38Z</time>
        <hdop>11.7</hdop>
        <extensions>
          <osmand:speed>215.1</osmand:speed>
        </extensions>
      </trkpt>
      <trkpt lat="54.4884905" lon="9.2793501">
        <ele>11989.2</ele>
        <time>2026-09-06T17:08:44Z</time>
        <hdop>10.2</hdop>
        <extensions>
          <osmand:speed>215.3</osmand:speed>
        </extensions>
      </trkpt>
      <trkpt lat="54.4809964" lon="9.2641833">
        <ele>11990.2</ele>
        <time>2026-09-06T17:08:50Z</time>
        <hdop>11.2</hdop>
        <extensions>
          <osmand:speed>215.3</osmand:speed>
        </extensions>
      </trkpt>
      <trkpt lat="54.4734873" lon="9.2490123">
        <ele>11990.2</ele>
        <time>2026-09-06T17:08:56Z</time>
        <hdop>11.2</hdop>
        <extensions>
          <osmand:speed>215.5</osmand:speed>
        </extensions>
      </trkpt>
      <trkpt lat="54.4659743" lon="9.2338603">
        <ele>11989.2</ele>
        <time>2026-09-06T17:09:02Z</time>
        <hdop>10.2</hdop>
        <extensions>
          <osmand:speed>215.4</osmand:speed>
        </extensions>
      </trkpt>
      <trkpt lat="54.4584615" lon="9.2187093">
        <ele>11989.2</ele>
        <time>2026-09-06T17:09:08Z</time>
        <hdop>11.2</hdop>
        <extensions>
          <osmand:speed>215.5</osmand:speed>
        </extensions>
      </trkpt>
      <trkpt lat="54.4509475" lon="9.2035471">
        <ele>11986.2</ele>
        <time>2026-09-06T17:09:14Z</time>
        <hdop>10.2</hdop>
        <extensions>
          <osmand:speed>215.5</osmand:speed>
        </extensions>
      </trkpt>
      <trkpt lat="54.4434364" lon="9.1883927">
        <ele>11986.2</ele>
        <time>2026-09-06T17:09:20Z</time>
        <hdop>10.2</hdop>
        <extensions>
          <osmand:speed>215.6</osmand:speed>
        </extensions>
      </trkpt>
      <trkpt lat="54.4359264" lon="9.1732321">
        <ele>11988.2</ele>
        <time>2026-09-06T17:09:26Z</time>
        <hdop>8.7</hdop>
        <extensions>
          <osmand:speed>215.6</osmand:speed>
        </extensions>
      </trkpt>
      <trkpt lat="54.4284063" lon="9.1580839">
        <ele>11989.2</ele>
        <time>2026-09-06T17:09:32Z</time>
        <hdop>8.7</hdop>
        <extensions>
          <osmand:speed>215.6</osmand:speed>
        </extensions>
      </trkpt>
      <trkpt lat="54.4208946" lon="9.1429492">
        <ele>11993.2</ele>
        <time>2026-09-06T17:09:38Z</time>
        <hdop>8.2</hdop>
        <extensions>
          <osmand:speed>215.6</osmand:speed>
        </extensions>
      </trkpt>
      <trkpt lat="54.4133663" lon="9.1278131">
        <ele>11994.2</ele>
        <time>2026-09-06T17:09:44Z</time>
        <hdop>9.7</hdop>
        <extensions>
          <osmand:speed>215.6</osmand:speed>
        </extensions>
      </trkpt>
      <trkpt lat="54.4058368" lon="9.1126733">
        <ele>11993.2</ele>
        <time>2026-09-06T17:09:50Z</time>
        <hdop>10.7</hdop>
        <extensions>
          <osmand:speed>215.7</osmand:speed>
        </extensions>
      </trkpt>
      <trkpt lat="54.398311" lon="9.0975232">
        <ele>11991.2</ele>
        <time>2026-09-06T17:09:56Z</time>
        <hdop>9.7</hdop>
        <extensions>
          <osmand:speed>215.8</osmand:speed>
        </extensions>
      </trkpt>
      <trkpt lat="54.3907877" lon="9.0823645">
        <ele>11990.2</ele>
        <time>2026-09-06T17:10:02Z</time>
        <hdop>9.7</hdop>
        <extensions>
          <osmand:speed>215.9</osmand:speed>
        </extensions>
      </trkpt>
      <trkpt lat="54.3832516" lon="9.0672099">
        <ele>11988.2</ele>
        <time>2026-09-06T17:10:08Z</time>
        <hdop>8.7</hdop>
        <extensions>
          <osmand:speed>215.9</osmand:speed>
        </extensions>
      </trkpt>
      <trkpt lat="54.3757202" lon="9.0520704">
        <ele>11990.2</ele>
        <time>2026-09-06T17:10:14Z</time>
        <hdop>9.2</hdop>
        <extensions>
          <osmand:speed>216</osmand:speed>
        </extensions>
      </trkpt>
      <trkpt lat="54.3681852" lon="9.0369279">
        <ele>11991.2</ele>
        <time>2026-09-06T17:10:20Z</time>
        <hdop>8.2</hdop>
        <extensions>
          <osmand:speed>216</osmand:speed>
        </extensions>
      </trkpt>
      <trkpt lat="54.3606488" lon="9.021783">
        <ele>11991.2</ele>
        <time>2026-09-06T17:10:26Z</time>
        <hdop>8.7</hdop>
        <extensions>
          <osmand:speed>216</osmand:speed>
        </extensions>
      </trkpt>
      <trkpt lat="54.3531136" lon="9.0066428">
        <ele>11991.2</ele>
        <time>2026-09-06T17:10:32Z</time>
        <hdop>8.7</hdop>
        <extensions>
          <osmand:speed>216</osmand:speed>
        </extensions>
      </trkpt>
      <trkpt lat="54.3455741" lon="8.9915021">
        <ele>11992.3</ele>
        <time>2026-09-06T17:10:38Z</time>
        <hdop>8.2</hdop>
        <extensions>
          <osmand:speed>215.9</osmand:speed>
        </extensions>
      </trkpt>
      <trkpt lat="54.3380329" lon="8.9763835">
        <ele>11993.3</ele>
        <time>2026-09-06T17:10:44Z</time>
        <hdop>8.7</hdop>
        <extensions>
          <osmand:speed>215.9</osmand:speed>
        </extensions>
      </trkpt>
      <trkpt lat="54.3304758" lon="8.961271">
        <ele>11993.3</ele>
        <time>2026-09-06T17:10:50Z</time>
        <hdop>8.7</hdop>
        <extensions>
          <osmand:speed>215.9</osmand:speed>
        </extensions>
      </trkpt>
      <trkpt lat="54.3229117" lon="8.9461607">
        <ele>11993.3</ele>
        <time>2026-09-06T17:10:56Z</time>
        <hdop>9.2</hdop>
        <extensions>
          <osmand:speed>216</osmand:speed>
        </extensions>
      </trkpt>
      <trkpt lat="54.3153502" lon="8.9310685">
        <ele>11994.3</ele>
        <time>2026-09-06T17:11:02Z</time>
        <hdop>9.2</hdop>
        <extensions>
          <osmand:speed>216</osmand:speed>
        </extensions>
      </trkpt>
      <trkpt lat="54.3077871" lon="8.9159905">
        <ele>11994.3</ele>
        <time>2026-09-06T17:11:08Z</time>
        <hdop>8.7</hdop>
        <extensions>
          <osmand:speed>216</osmand:speed>
        </extensions>
      </trkpt>
      <trkpt lat="54.3002052" lon="8.9009099">
        <ele>11992.3</ele>
        <time>2026-09-06T17:11:14Z</time>
        <hdop>9.2</hdop>
        <extensions>
          <osmand:speed>216</osmand:speed>
        </extensions>
      </trkpt>
      <trkpt lat="54.2926393" lon="8.8858407">
        <ele>11994.3</ele>
        <time>2026-09-06T17:11:20Z</time>
        <hdop>8.7</hdop>
        <extensions>
          <osmand:speed>215.8</osmand:speed>
        </extensions>
      </trkpt>
      <trkpt lat="54.2850662" lon="8.8707882">
        <ele>11993.3</ele>
        <time>2026-09-06T17:11:26Z</time>
        <hdop>9.2</hdop>
        <extensions>
          <osmand:speed>215.8</osmand:speed>
        </extensions>
      </trkpt>
      <trkpt lat="54.2775063" lon="8.8557236">
        <ele>11993.3</ele>
        <time>2026-09-06T17:11:32Z</time>
        <hdop>9.2</hdop>
        <extensions>
          <osmand:speed>215.8</osmand:speed>
        </extensions>
      </trkpt>
      <trkpt lat="54.269956" lon="8.8406666">
        <ele>11994.3</ele>
        <time>2026-09-06T17:11:38Z</time>
        <hdop>9.2</hdop>
        <extensions>
          <osmand:speed>215.6</osmand:speed>
        </extensions>
      </trkpt>
      <trkpt lat="54.2624022" lon="8.8256457">
        <ele>11995.3</ele>
        <time>2026-09-06T17:11:44Z</time>
        <hdop>8.7</hdop>
        <extensions>
          <osmand:speed>215.6</osmand:speed>
        </extensions>
      </trkpt>
      <trkpt lat="54.2548395" lon="8.8106425">
        <ele>11997.3</ele>
        <time>2026-09-06T17:11:50Z</time>
        <hdop>9.7</hdop>
        <extensions>
          <osmand:speed>215.3</osmand:speed>
        </extensions>
      </trkpt>
      <trkpt lat="54.2472779" lon="8.7956342">
        <ele>11995.5</ele>
        <time>2026-09-06T17:11:56Z</time>
        <hdop>10.2</hdop>
        <extensions>
          <osmand:speed>215.4</osmand:speed>
        </extensions>
      </trkpt>
      <trkpt lat="54.2397132" lon="8.7806532">
        <ele>11996.5</ele>
        <time>2026-09-06T17:12:02Z</time>
        <hdop>11.2</hdop>
        <extensions>
          <osmand:speed>215.4</osmand:speed>
        </extensions>
      </trkpt>
      <trkpt lat="54.232146" lon="8.7656684">
        <ele>11996.5</ele>
        <time>2026-09-06T17:12:08Z</time>
        <hdop>11.2</hdop>
        <extensions>
          <osmand:speed>215.3</osmand:speed>
        </extensions>
      </trkpt>
      <trkpt lat="54.2245876" lon="8.7506835">
        <ele>11996.5</ele>
        <time>2026-09-06T17:12:14Z</time>
        <hdop>9.7</hdop>
        <extensions>
          <osmand:speed>215.2</osmand:speed>
        </extensions>
      </trkpt>
      <trkpt lat="54.2170371" lon="8.7357041">
        <ele>11997.6</ele>
        <time>2026-09-06T17:12:20Z</time>
        <hdop>9.2</hdop>
        <extensions>
          <osmand:speed>215.1</osmand:speed>
        </extensions>
      </trkpt>
      <trkpt lat="54.2094794" lon="8.7207531">
        <ele>12000.6</ele>
        <time>2026-09-06T17:12:26Z</time>
        <hdop>10.2</hdop>
        <extensions>
          <osmand:speed>215.2</osmand:speed>
        </extensions>
      </trkpt>
      <trkpt lat="54.2019075" lon="8.7058021">
        <ele>12000.6</ele>
        <time>2026-09-06T17:12:32Z</time>
        <hdop>11.2</hdop>
        <extensions>
          <osmand:speed>215.1</osmand:speed>
        </extensions>
      </trkpt>
      <trkpt lat="54.1943504" lon="8.6908558">
        <ele>12000.6</ele>
        <time>2026-09-06T17:12:38Z</time>
        <hdop>9.7</hdop>
        <extensions>
          <osmand:speed>214.9</osmand:speed>
        </extensions>
      </trkpt>
      <trkpt lat="54.1867858" lon="8.6759273">
        <ele>12004.6</ele>
        <time>2026-09-06T17:12:44Z</time>
        <hdop>10.2</hdop>
        <extensions>
          <osmand:speed>215</osmand:speed>
        </extensions>
      </trkpt>
      <trkpt lat="54.179235" lon="8.6610149">
        <ele>12006.6</ele>
        <time>2026-09-06T17:12:50Z</time>
        <hdop>9.7</hdop>
        <extensions>
          <osmand:speed>214.8</osmand:speed>
        </extensions>
      </trkpt>
      <trkpt lat="54.1716641" lon="8.6461094">
        <ele>12004.6</ele>
        <time>2026-09-06T17:12:56Z</time>
        <hdop>11.2</hdop>
        <extensions>
          <osmand:speed>214.9</osmand:speed>
        </extensions>
      </trkpt>
      <trkpt lat="54.1641155" lon="8.6311822">
        <ele>12003.6</ele>
        <time>2026-09-06T17:13:02Z</time>
        <hdop>9.7</hdop>
        <extensions>
          <osmand:speed>214.8</osmand:speed>
        </extensions>
      </trkpt>
      <trkpt lat="54.156567" lon="8.6162727">
        <ele>12004.6</ele>
        <time>2026-09-06T17:13:08Z</time>
        <hdop>11.2</hdop>
        <extensions>
          <osmand:speed>214.7</osmand:speed>
        </extensions>
      </trkpt>
      <trkpt lat="54.1490018" lon="8.6013515">
        <ele>12001.6</ele>
        <time>2026-09-06T17:13:14Z</time>
        <hdop>10.7</hdop>
        <extensions>
          <osmand:speed>214.7</osmand:speed>
        </extensions>
      </trkpt>
      <trkpt lat="54.1414539" lon="8.5864454">
        <ele>11999.6</ele>
        <time>2026-09-06T17:13:20Z</time>
        <hdop>12.8</hdop>
        <extensions>
          <osmand:speed>214.7</osmand:speed>
        </extensions>
      </trkpt>
      <trkpt lat="54.1339089" lon="8.5715471">
        <ele>11999.6</ele>
        <time>2026-09-06T17:13:26Z</time>
        <hdop>11.7</hdop>
        <extensions>
          <osmand:speed>214.6</osmand:speed>
        </extensions>
      </trkpt>
      <trkpt lat="54.1263716" lon="8.5566596">
        <ele>11998.6</ele>
        <time>2026-09-06T17:13:32Z</time>
        <hdop>12.2</hdop>
        <extensions>
          <osmand:speed>214.5</osmand:speed>
        </extensions>
      </trkpt>
      <trkpt lat="54.1188316" lon="8.5417763">
        <ele>11998.6</ele>
        <time>2026-09-06T17:13:38Z</time>
        <hdop>12.2</hdop>
        <extensions>
          <osmand:speed>214.5</osmand:speed>
        </extensions>
      </trkpt>
      <trkpt lat="54.1112933" lon="8.5269099">
        <ele>11999.6</ele>
        <time>2026-09-06T17:13:44Z</time>
        <hdop>12.2</hdop>
        <extensions>
          <osmand:speed>214.7</osmand:speed>
        </extensions>
      </trkpt>
      <trkpt lat="54.1037399" lon="8.5120489">
        <ele>11999.6</ele>
        <time>2026-09-06T17:13:50Z</time>
        <hdop>13.3</hdop>
        <extensions>
          <osmand:speed>214.5</osmand:speed>
        </extensions>
      </trkpt>
      <trkpt lat="54.0961914" lon="8.4971802">
        <ele>11999.7</ele>
        <time>2026-09-06T17:13:56Z</time>
        <hdop>12.2</hdop>
        <extensions>
          <osmand:speed>214.6</osmand:speed>
        </extensions>
      </trkpt>
      <trkpt lat="54.0886243" lon="8.4823487">
        <ele>12001.7</ele>
        <time>2026-09-06T17:14:02Z</time>
        <hdop>12.8</hdop>
        <extensions>
          <osmand:speed>214.6</osmand:speed>
        </extensions>
      </trkpt>
      <trkpt lat="54.0810625" lon="8.4675069">
        <ele>12001.7</ele>
        <time>2026-09-06T17:14:08Z</time>
        <hdop>12.8</hdop>
        <extensions>
          <osmand:speed>214.5</osmand:speed>
        </extensions>
      </trkpt>
      <trkpt lat="54.0734989" lon="8.4526832">
        <ele>12002.7</ele>
        <time>2026-09-06T17:14:14Z</time>
        <hdop>13.3</hdop>
        <extensions>
          <osmand:speed>214.4</osmand:speed>
        </extensions>
      </trkpt>
      <trkpt lat="54.0659318" lon="8.4378743">
        <ele>12000.7</ele>
        <time>2026-09-06T17:14:20Z</time>
        <hdop>12.2</hdop>
        <extensions>
          <osmand:speed>214.4</osmand:speed>
        </extensions>
      </trkpt>
      <trkpt lat="54.0583609" lon="8.4230705">
        <ele>11999.7</ele>
        <time>2026-09-06T17:14:26Z</time>
        <hdop>14.3</hdop>
        <extensions>
          <osmand:speed>214.4</osmand:speed>
        </extensions>
      </trkpt>
      <trkpt lat="54.0507974" lon="8.4082684">
        <ele>11996.7</ele>
        <time>2026-09-06T17:14:32Z</time>
        <hdop>11.7</hdop>
        <extensions>
          <osmand:speed>214.4</osmand:speed>
        </extensions>
      </trkpt>
      <trkpt lat="54.0432296" lon="8.3934896">
        <ele>11996.7</ele>
        <time>2026-09-06T17:14:38Z</time>
        <hdop>11.2</hdop>
        <extensions>
          <osmand:speed>214.3</osmand:speed>
        </extensions>
      </trkpt>
      <trkpt lat="54.0356553" lon="8.3787089">
        <ele>11997.7</ele>
        <time>2026-09-06T17:14:44Z</time>
        <hdop>11.7</hdop>
        <extensions>
          <osmand:speed>214.1</osmand:speed>
        </extensions>
      </trkpt>
      <trkpt lat="54.0281042" lon="8.363946">
        <ele>11998.7</ele>
        <time>2026-09-06T17:14:50Z</time>
        <hdop>10.7</hdop>
        <extensions>
          <osmand:speed>214</osmand:speed>
        </extensions>
      </trkpt>
      <trkpt lat="54.0205461" lon="8.3492263">
        <ele>12000.7</ele>
        <time>2026-09-06T17:14:56Z</time>
        <hdop>11.7</hdop>
        <extensions>
          <osmand:speed>213.8</osmand:speed>
        </extensions>
      </trkpt>
      <trkpt lat="54.0129908" lon="8.3345068">
        <ele>12001.7</ele>
        <time>2026-09-06T17:15:02Z</time>
        <hdop>10.7</hdop>
        <extensions>
          <osmand:speed>213.7</osmand:speed>
        </extensions>
      </trkpt>
      <trkpt lat="54.00545" lon="8.3197824">
        <ele>12003.7</ele>
        <time>2026-09-06T17:15:08Z</time>
        <hdop>11.7</hdop>
        <extensions>
          <osmand:speed>213.6</osmand:speed>
        </extensions>
      </trkpt>
      <trkpt lat="53.9978945" lon="8.3050717">
        <ele>12003.8</ele>
        <time>2026-09-06T17:15:14Z</time>
        <hdop>13.3</hdop>
        <extensions>
          <osmand:speed>213.6</osmand:speed>
        </extensions>
      </trkpt>
      <trkpt lat="53.9903443" lon="8.2903818">
        <ele>12004.8</ele>
        <time>2026-09-06T17:15:20Z</time>
        <hdop>11.2</hdop>
        <extensions>
          <osmand:speed>213.5</osmand:speed>
        </extensions>
      </trkpt>
      <trkpt lat="53.9827938" lon="8.2756785">
        <ele>12003.8</ele>
        <time>2026-09-06T17:15:26Z</time>
        <hdop>11.7</hdop>
        <extensions>
          <osmand:speed>213.3</osmand:speed>
        </extensions>
      </trkpt>
      <trkpt lat="53.9752499" lon="8.2610033">
        <ele>12005.8</ele>
        <time>2026-09-06T17:15:32Z</time>
        <hdop>11.2</hdop>
        <extensions>
          <osmand:speed>213.2</osmand:speed>
        </extensions>
      </trkpt>
      <trkpt lat="53.9677054" lon="8.2463169">
        <ele>12006.8</ele>
        <time>2026-09-06T17:15:38Z</time>
        <hdop>11.2</hdop>
        <extensions>
          <osmand:speed>213.3</osmand:speed>
        </extensions>
      </trkpt>
      <trkpt lat="53.9601717" lon="8.2316594">
        <ele>12011.8</ele>
        <time>2026-09-06T17:15:44Z</time>
        <hdop>11.7</hdop>
        <extensions>
          <osmand:speed>213.1</osmand:speed>
        </extensions>
      </trkpt>
      <trkpt lat="53.9526239" lon="8.2169927">
        <ele>12012.8</ele>
        <time>2026-09-06T17:15:50Z</time>
        <hdop>11.7</hdop>
        <extensions>
          <osmand:speed>213.2</osmand:speed>
        </extensions>
      </trkpt>
      <trkpt lat="53.9450456" lon="8.2023455">
        <ele>12011.8</ele>
        <time>2026-09-06T17:15:56Z</time>
        <hdop>9.7</hdop>
        <extensions>
          <osmand:speed>213.5</osmand:speed>
        </extensions>
      </trkpt>
      <trkpt lat="53.937486" lon="8.1876738">
        <ele>12011.8</ele>
        <time>2026-09-06T17:16:02Z</time>
        <hdop>13.3</hdop>
        <extensions>
          <osmand:speed>213.4</osmand:speed>
        </extensions>
      </trkpt>
      <trkpt lat="53.9299231" lon="8.1730337">
        <ele>12014.8</ele>
        <time>2026-09-06T17:16:08Z</time>
        <hdop>10.7</hdop>
        <extensions>
          <osmand:speed>213.3</osmand:speed>
        </extensions>
      </trkpt>
      <trkpt lat="53.9223416" lon="8.1583944">
        <ele>12014.8</ele>
        <time>2026-09-06T17:16:14Z</time>
        <hdop>11.7</hdop>
        <extensions>
          <osmand:speed>213.3</osmand:speed>
        </extensions>
      </trkpt>
      <trkpt lat="53.9147692" lon="8.1437713">
        <ele>12014.8</ele>
        <time>2026-09-06T17:16:20Z</time>
        <hdop>11.2</hdop>
        <extensions>
          <osmand:speed>213.3</osmand:speed>
        </extensions>
      </trkpt>
      <trkpt lat="53.9071712" lon="8.1291538">
        <ele>12013.8</ele>
        <time>2026-09-06T17:16:26Z</time>
        <hdop>12.2</hdop>
        <extensions>
          <osmand:speed>213.4</osmand:speed>
        </extensions>
      </trkpt>
      <trkpt lat="53.8995763" lon="8.1145417">
        <ele>12012.8</ele>
        <time>2026-09-06T17:16:32Z</time>
        <hdop>12.2</hdop>
        <extensions>
          <osmand:speed>213.4</osmand:speed>
        </extensions>
      </trkpt>
      <trkpt lat="53.8920068" lon="8.0999262">
        <ele>12012.8</ele>
        <time>2026-09-06T17:16:38Z</time>
        <hdop>12.2</hdop>
        <extensions>
          <osmand:speed>213.4</osmand:speed>
        </extensions>
      </trkpt>
      <trkpt lat="53.8844754" lon="8.0852947">
        <ele>12012.8</ele>
        <time>2026-09-06T17:16:44Z</time>
        <hdop>11.7</hdop>
        <extensions>
          <osmand:speed>213.5</osmand:speed>
        </extensions>
      </trkpt>
      <trkpt lat="53.8769038" lon="8.070656">
        <ele>12012.8</ele>
        <time>2026-09-06T17:16:50Z</time>
        <hdop>11.7</hdop>
        <extensions>
          <osmand:speed>213.6</osmand:speed>
        </extensions>
      </trkpt>
      <trkpt lat="53.8693281" lon="8.0560242">
        <ele>12012.8</ele>
        <time>2026-09-06T17:16:56Z</time>
        <hdop>11.7</hdop>
        <extensions>
          <osmand:speed>213.6</osmand:speed>
        </extensions>
      </trkpt>
      <trkpt lat="53.8617398" lon="8.0414074">
        <ele>12013.8</ele>
        <time>2026-09-06T17:17:02Z</time>
        <hdop>11.7</hdop>
        <extensions>
          <osmand:speed>213.6</osmand:speed>
        </extensions>
      </trkpt>
      <trkpt lat="53.8541222" lon="8.0267748">
        <ele>12010.8</ele>
        <time>2026-09-06T17:17:08Z</time>
        <hdop>11.7</hdop>
        <extensions>
          <osmand:speed>213.9</osmand:speed>
        </extensions>
      </trkpt>
      <trkpt lat="53.8465167" lon="8.0121708">
        <ele>12008.8</ele>
        <time>2026-09-06T17:17:14Z</time>
        <hdop>11.7</hdop>
        <extensions>
          <osmand:speed>213.7</osmand:speed>
        </extensions>
      </trkpt>
      <trkpt lat="53.8388911" lon="7.9975571">
        <ele>12006.8</ele>
        <time>2026-09-06T17:17:20Z</time>
        <hdop>11.7</hdop>
        <extensions>
          <osmand:speed>213.9</osmand:speed>
        </extensions>
      </trkpt>
      <trkpt lat="53.8312801" lon="7.9829527">
        <ele>12007.8</ele>
        <time>2026-09-06T17:17:26Z</time>
        <hdop>11.2</hdop>
        <extensions>
          <osmand:speed>213.9</osmand:speed>
        </extensions>
      </trkpt>
      <trkpt lat="53.823707" lon="7.9683417">
        <ele>12009.8</ele>
        <time>2026-09-06T17:17:32Z</time>
        <hdop>12.2</hdop>
        <extensions>
          <osmand:speed>213.8</osmand:speed>
        </extensions>
      </trkpt>
      <trkpt lat="53.816123" lon="7.953727">
        <ele>12008.8</ele>
        <time>2026-09-06T17:17:38Z</time>
        <hdop>12.2</hdop>
        <extensions>
          <osmand:speed>214</osmand:speed>
        </extensions>
      </trkpt>
      <trkpt lat="53.8085634" lon="7.9391323">
        <ele>12012.8</ele>
        <time>2026-09-06T17:17:44Z</time>
        <hdop>12.2</hdop>
        <extensions>
          <osmand:speed>213.9</osmand:speed>
        </extensions>
      </trkpt>
      <trkpt lat="53.8009462" lon="7.9245218">
        <ele>12010.8</ele>
        <time>2026-09-06T17:17:50Z</time>
        <hdop>11.7</hdop>
        <extensions>
          <osmand:speed>214</osmand:speed>
        </extensions>
      </trkpt>
      <trkpt lat="53.7933382" lon="7.9099055">
        <ele>12009.8</ele>
        <time>2026-09-06T17:17:56Z</time>
        <hdop>11.7</hdop>
        <extensions>
          <osmand:speed>214.1</osmand:speed>
        </extensions>
      </trkpt>
      <trkpt lat="53.7857071" lon="7.8953028">
        <ele>12007.8</ele>
        <time>2026-09-06T17:18:02Z</time>
        <hdop>12.2</hdop>
        <extensions>
          <osmand:speed>214.1</osmand:speed>
        </extensions>
      </trkpt>
      <trkpt lat="53.7780836" lon="7.8807147">
        <ele>12009.8</ele>
        <time>2026-09-06T17:18:08Z</time>
        <hdop>12.2</hdop>
        <extensions>
          <osmand:speed>214.1</osmand:speed>
        </extensions>
      </trkpt>
      <trkpt lat="53.7704814" lon="7.8661502">
        <ele>12011.8</ele>
        <time>2026-09-06T17:18:14Z</time>
        <hdop>12.2</hdop>
        <extensions>
          <osmand:speed>214</osmand:speed>
        </extensions>
      </trkpt>
      <trkpt lat="53.7628691" lon="7.8515768">
        <ele>12012.8</ele>
        <time>2026-09-06T17:18:20Z</time>
        <hdop>12.2</hdop>
        <extensions>
          <osmand:speed>213.9</osmand:speed>
        </extensions>
      </trkpt>
      <trkpt lat="53.75527" lon="7.8370014">
        <ele>12012.8</ele>
        <time>2026-09-06T17:18:26Z</time>
        <hdop>11.2</hdop>
        <extensions>
          <osmand:speed>213.9</osmand:speed>
        </extensions>
      </trkpt>
      <trkpt lat="53.7476825" lon="7.8223939">
        <ele>12012.4</ele>
        <time>2026-09-06T17:18:32Z</time>
        <hdop>12.8</hdop>
        <extensions>
          <osmand:speed>213.7</osmand:speed>
        </extensions>
      </trkpt>
      <trkpt lat="53.7400404" lon="7.8078393">
        <ele>12010.4</ele>
        <time>2026-09-06T17:18:38Z</time>
        <hdop>12.8</hdop>
        <extensions>
          <osmand:speed>214</osmand:speed>
        </extensions>
      </trkpt>
      <trkpt lat="53.7324185" lon="7.7932823">
        <ele>12008.4</ele>
        <time>2026-09-06T17:18:44Z</time>
        <hdop>12.8</hdop>
        <extensions>
          <osmand:speed>214</osmand:speed>
        </extensions>
      </trkpt>
      <trkpt lat="53.7247909" lon="7.7787125">
        <ele>12008.4</ele>
        <time>2026-09-06T17:18:50Z</time>
        <hdop>12.8</hdop>
        <extensions>
          <osmand:speed>214.1</osmand:speed>
        </extensions>
      </trkpt>
      <trkpt lat="53.7171492" lon="7.764173">
        <ele>12008.4</ele>
        <time>2026-09-06T17:18:56Z</time>
        <hdop>11.7</hdop>
        <extensions>
          <osmand:speed>213.9</osmand:speed>
        </extensions>
      </trkpt>
      <trkpt lat="53.7094934" lon="7.7496526">
        <ele>12008.2</ele>
        <time>2026-09-06T17:19:02Z</time>
        <hdop>13.3</hdop>
        <extensions>
          <osmand:speed>213.9</osmand:speed>
        </extensions>
      </trkpt>
      <trkpt lat="53.7018573" lon="7.7351544">
        <ele>12010.2</ele>
        <time>2026-09-06T17:19:08Z</time>
        <hdop>12.8</hdop>
        <extensions>
          <osmand:speed>213.9</osmand:speed>
        </extensions>
      </trkpt>
      <trkpt lat="53.694204" lon="7.7206727">
        <ele>12010.2</ele>
        <time>2026-09-06T17:19:14Z</time>
        <hdop>11.7</hdop>
        <extensions>
          <osmand:speed>213.9</osmand:speed>
        </extensions>
      </trkpt>
      <trkpt lat="53.6865687" lon="7.7061737">
        <ele>12012.2</ele>
        <time>2026-09-06T17:19:20Z</time>
        <hdop>12.8</hdop>
        <extensions>
          <osmand:speed>213.8</osmand:speed>
        </extensions>
      </trkpt>
      <trkpt lat="53.6789241" lon="7.6916881">
        <ele>12012.2</ele>
        <time>2026-09-06T17:19:26Z</time>
        <hdop>12.8</hdop>
        <extensions>
          <osmand:speed>213.8</osmand:speed>
        </extensions>
      </trkpt>
      <trkpt lat="53.6712717" lon="7.6771994">
        <ele>12013.2</ele>
        <time>2026-09-06T17:19:32Z</time>
        <hdop>12.2</hdop>
        <extensions>
          <osmand:speed>213.9</osmand:speed>
        </extensions>
      </trkpt>
      <trkpt lat="53.6636391" lon="7.6626976">
        <ele>12013.2</ele>
        <time>2026-09-06T17:19:38Z</time>
        <hdop>13.3</hdop>
        <extensions>
          <osmand:speed>213.8</osmand:speed>
        </extensions>
      </trkpt>
      <trkpt lat="53.6559795" lon="7.6481953">
        <ele>12012.2</ele>
        <time>2026-09-06T17:19:44Z</time>
        <hdop>12.8</hdop>
        <extensions>
          <osmand:speed>214</osmand:speed>
        </extensions>
      </trkpt>
      <trkpt lat="53.6483252" lon="7.6337123">
        <ele>12009.2</ele>
        <time>2026-09-06T17:19:50Z</time>
        <hdop>12.2</hdop>
        <extensions>
          <osmand:speed>213.9</osmand:speed>
        </extensions>
      </trkpt>
      <trkpt lat="53.6406793" lon="7.6192459">
        <ele>12010.2</ele>
        <time>2026-09-06T17:19:56Z</time>
        <hdop>12.2</hdop>
        <extensions>
          <osmand:speed>213.5</osmand:speed>
        </extensions>
      </trkpt>
      <trkpt lat="53.6330245" lon="7.6047635">
        <ele>12013.2</ele>
        <time>2026-09-06T17:20:02Z</time>
        <hdop>12.8</hdop>
        <extensions>
          <osmand:speed>213.9</osmand:speed>
        </extensions>
      </trkpt>
      <trkpt lat="53.6253838" lon="7.590289">
        <ele>12014.2</ele>
        <time>2026-09-06T17:20:08Z</time>
        <hdop>12.2</hdop>
        <extensions>
          <osmand:speed>213.8</osmand:speed>
        </extensions>
      </trkpt>
      <trkpt lat="53.6177369" lon="7.5758246">
        <ele>12014.2</ele>
        <time>2026-09-06T17:20:14Z</time>
        <hdop>12.2</hdop>
        <extensions>
          <osmand:speed>213.9</osmand:speed>
        </extensions>
      </trkpt>
      <trkpt lat="53.6100703" lon="7.5613519">
        <ele>11995.2</ele>
        <time>2026-09-06T17:20:20Z</time>
        <hdop>11.7</hdop>
        <extensions>
          <osmand:speed>214.2</osmand:speed>
        </extensions>
      </trkpt>
      <trkpt lat="53.6024455" lon="7.5468707">
        <ele>11964.2</ele>
        <time>2026-09-06T17:20:26Z</time>
        <hdop>13.8</hdop>
        <extensions>
          <osmand:speed>213.8</osmand:speed>
        </extensions>
      </trkpt>
      <trkpt lat="53.5948203" lon="7.5324589">
        <ele>11934.2</ele>
        <time>2026-09-06T17:20:32Z</time>
        <hdop>13.8</hdop>
        <extensions>
          <osmand:speed>213.2</osmand:speed>
        </extensions>
      </trkpt>
      <trkpt lat="53.5872242" lon="7.5180803">
        <ele>11905.2</ele>
        <time>2026-09-06T17:20:38Z</time>
        <hdop>12.8</hdop>
        <extensions>
          <osmand:speed>212.8</osmand:speed>
        </extensions>
      </trkpt>
      <trkpt lat="53.5796119" lon="7.50375">
        <ele>11874.2</ele>
        <time>2026-09-06T17:20:44Z</time>
        <hdop>14.3</hdop>
        <extensions>
          <osmand:speed>212</osmand:speed>
        </extensions>
      </trkpt>
      <trkpt lat="53.5720475" lon="7.4894883">
        <ele>11844.2</ele>
        <time>2026-09-06T17:20:50Z</time>
        <hdop>12.8</hdop>
        <extensions>
          <osmand:speed>211.1</osmand:speed>
        </extensions>
      </trkpt>
      <trkpt lat="53.5645087" lon="7.4752775">
        <ele>11814.2</ele>
        <time>2026-09-06T17:20:56Z</time>
        <hdop>14.8</hdop>
        <extensions>
          <osmand:speed>210.5</osmand:speed>
        </extensions>
      </trkpt>
      <trkpt lat="53.5569446" lon="7.4610844">
        <ele>11784.2</ele>
        <time>2026-09-06T17:21:02Z</time>
        <hdop>12.2</hdop>
        <extensions>
          <osmand:speed>210</osmand:speed>
        </extensions>
      </trkpt>
      <trkpt lat="53.5494532" lon="7.4469916">
        <ele>11756.2</ele>
        <time>2026-09-06T17:21:08Z</time>
        <hdop>13.3</hdop>
        <extensions>
          <osmand:speed>209.1</osmand:speed>
        </extensions>
      </trkpt>
      <trkpt lat="53.5419607" lon="7.4328747">
        <ele>11723.2</ele>
        <time>2026-09-06T17:21:14Z</time>
        <hdop>11.7</hdop>
        <extensions>
          <osmand:speed>209</osmand:speed>
        </extensions>
      </trkpt>
      <trkpt lat="53.5344698" lon="7.418802">
        <ele>11694.2</ele>
        <time>2026-09-06T17:21:20Z</time>
        <hdop>12.2</hdop>
        <extensions>
          <osmand:speed>208.8</osmand:speed>
        </extensions>
      </trkpt>
      <trkpt lat="53.5269866" lon="7.4047618">
        <ele>11661.2</ele>
        <time>2026-09-06T17:21:26Z</time>
        <hdop>10.7</hdop>
        <extensions>
          <osmand:speed>208.5</osmand:speed>
        </extensions>
      </trkpt>
      <trkpt lat="53.5195232" lon="7.3907357">
        <ele>11618.2</ele>
        <time>2026-09-06T17:21:32Z</time>
        <hdop>7.1</hdop>
        <extensions>
          <osmand:speed>207.8</osmand:speed>
        </extensions>
      </trkpt>
      <trkpt lat="53.5120813" lon="7.376769">
        <ele>11553.2</ele>
        <time>2026-09-06T17:21:38Z</time>
        <hdop>9.7</hdop>
        <extensions>
          <osmand:speed>207.3</osmand:speed>
        </extensions>
      </trkpt>
      <trkpt lat="53.5046505" lon="7.3628485">
        <ele>11484.2</ele>
        <time>2026-09-06T17:21:44Z</time>
        <hdop>9.7</hdop>
        <extensions>
          <osmand:speed>206.7</osmand:speed>
        </extensions>
      </trkpt>
      <trkpt lat="53.4972488" lon="7.3488995">
        <ele>11405.8</ele>
        <time>2026-09-06T17:21:50Z</time>
        <hdop>10.2</hdop>
        <extensions>
          <osmand:speed>206.4</osmand:speed>
        </extensions>
      </trkpt>
      <trkpt lat="53.4898323" lon="7.3349828">
        <ele>11317.8</ele>
        <time>2026-09-06T17:21:56Z</time>
        <hdop>10.2</hdop>
        <extensions>
          <osmand:speed>206.6</osmand:speed>
        </extensions>
      </trkpt>
      <trkpt lat="53.4824196" lon="7.3211367">
        <ele>11232.8</ele>
        <time>2026-09-06T17:22:02Z</time>
        <hdop>5.6</hdop>
        <extensions>
          <osmand:speed>206.5</osmand:speed>
        </extensions>
      </trkpt>
      <trkpt lat="53.4749805" lon="7.3072649">
        <ele>11144.8</ele>
        <time>2026-09-06T17:22:08Z</time>
        <hdop>4.6</hdop>
        <extensions>
          <osmand:speed>206.4</osmand:speed>
        </extensions>
      </trkpt>
      <trkpt lat="53.4675558" lon="7.2933801">
        <ele>11057.8</ele>
        <time>2026-09-06T17:22:14Z</time>
        <hdop>6.6</hdop>
        <extensions>
          <osmand:speed>206.4</osmand:speed>
        </extensions>
      </trkpt>
      <trkpt lat="53.4601456" lon="7.2795054">
        <ele>10971.8</ele>
        <time>2026-09-06T17:22:20Z</time>
        <hdop>7.7</hdop>
        <extensions>
          <osmand:speed>206.4</osmand:speed>
        </extensions>
      </trkpt>
      <trkpt lat="53.4527339" lon="7.2656304">
        <ele>10885.8</ele>
        <time>2026-09-06T17:22:26Z</time>
        <hdop>6.6</hdop>
        <extensions>
          <osmand:speed>206.3</osmand:speed>
        </extensions>
      </trkpt>
      <trkpt lat="53.4453258" lon="7.2517584">
        <ele>10799.8</ele>
        <time>2026-09-06T17:22:32Z</time>
        <hdop>7.1</hdop>
        <extensions>
          <osmand:speed>206.3</osmand:speed>
        </extensions>
      </trkpt>
      <trkpt lat="53.4379131" lon="7.2379">
        <ele>10712.8</ele>
        <time>2026-09-06T17:22:38Z</time>
        <hdop>6.6</hdop>
        <extensions>
          <osmand:speed>206.1</osmand:speed>
        </extensions>
      </trkpt>
      <trkpt lat="53.4304929" lon="7.2240692">
        <ele>10617.8</ele>
        <time>2026-09-06T17:22:44Z</time>
        <hdop>6.1</hdop>
        <extensions>
          <osmand:speed>206.4</osmand:speed>
        </extensions>
      </trkpt>
      <trkpt lat="53.4230442" lon="7.2102217">
        <ele>10509.8</ele>
        <time>2026-09-06T17:22:50Z</time>
        <hdop>1</hdop>
        <extensions>
          <osmand:speed>207.1</osmand:speed>
        </extensions>
      </trkpt>
      <trkpt lat="53.4155481" lon="7.1963273">
        <ele>10391.8</ele>
        <time>2026-09-06T17:22:56Z</time>
        <hdop>1</hdop>
        <extensions>
          <osmand:speed>208.3</osmand:speed>
        </extensions>
      </trkpt>
      <trkpt lat="53.4080114" lon="7.182345">
        <ele>10275.8</ele>
        <time>2026-09-06T17:23:02Z</time>
        <hdop>5.6</hdop>
        <extensions>
          <osmand:speed>209.7</osmand:speed>
        </extensions>
      </trkpt>
      <trkpt lat="53.4004159" lon="7.168206">
        <ele>10165.8</ele>
        <time>2026-09-06T17:23:08Z</time>
        <hdop>7.1</hdop>
        <extensions>
          <osmand:speed>212.4</osmand:speed>
        </extensions>
      </trkpt>
      <trkpt lat="53.3927112" lon="7.1538543">
        <ele>10049.8</ele>
        <time>2026-09-06T17:23:14Z</time>
        <hdop>7.1</hdop>
        <extensions>
          <osmand:speed>215.8</osmand:speed>
        </extensions>
      </trkpt>
      <trkpt lat="53.3848748" lon="7.1392889">
        <ele>9929.8</ele>
        <time>2026-09-06T17:23:20Z</time>
        <hdop>4.6</hdop>
        <extensions>
          <osmand:speed>219</osmand:speed>
        </extensions>
      </trkpt>
      <trkpt lat="53.376941" lon="7.1245406">
        <ele>9810.8</ele>
        <time>2026-09-06T17:23:26Z</time>
        <hdop>7.1</hdop>
        <extensions>
          <osmand:speed>221.5</osmand:speed>
        </extensions>
      </trkpt>
      <trkpt lat="53.3689097" lon="7.1096568">
        <ele>9691.8</ele>
        <time>2026-09-06T17:23:32Z</time>
        <hdop>4.6</hdop>
        <extensions>
          <osmand:speed>223.6</osmand:speed>
        </extensions>
      </trkpt>
      <trkpt lat="53.3608133" lon="7.0946143">
        <ele>9569.8</ele>
        <time>2026-09-06T17:23:38Z</time>
        <hdop>1</hdop>
        <extensions>
          <osmand:speed>225.7</osmand:speed>
        </extensions>
      </trkpt>
      <trkpt lat="53.3526493" lon="7.0794398">
        <ele>9465.8</ele>
        <time>2026-09-06T17:23:44Z</time>
        <hdop>5.1</hdop>
        <extensions>
          <osmand:speed>227.4</osmand:speed>
        </extensions>
      </trkpt>
      <trkpt lat="53.3444339" lon="7.0642339">
        <ele>9384.8</ele>
        <time>2026-09-06T17:23:50Z</time>
        <hdop>1</hdop>
        <extensions>
          <osmand:speed>227.5</osmand:speed>
        </extensions>
      </trkpt>
      <trkpt lat="53.336222" lon="7.0490265">
        <ele>9299.8</ele>
        <time>2026-09-06T17:23:56Z</time>
        <hdop>6.1</hdop>
        <extensions>
          <osmand:speed>227</osmand:speed>
        </extensions>
      </trkpt>
      <trkpt lat="53.3280463" lon="7.0338757">
        <ele>9211.8</ele>
        <time>2026-09-06T17:24:02Z</time>
        <hdop>7.1</hdop>
        <extensions>
          <osmand:speed>226.1</osmand:speed>
        </extensions>
      </trkpt>
      <trkpt lat="53.3198872" lon="7.0187788">
        <ele>9120.8</ele>
        <time>2026-09-06T17:24:08Z</time>
        <hdop>6.1</hdop>
        <extensions>
          <osmand:speed>225.6</osmand:speed>
        </extensions>
      </trkpt>
      <trkpt lat="53.311749" lon="7.0037253">
        <ele>9030.8</ele>
        <time>2026-09-06T17:24:14Z</time>
        <hdop>8.2</hdop>
        <extensions>
          <osmand:speed>224.9</osmand:speed>
        </extensions>
      </trkpt>
      <trkpt lat="53.3036348" lon="6.988706">
        <ele>8939.8</ele>
        <time>2026-09-06T17:24:20Z</time>
        <hdop>8.7</hdop>
        <extensions>
          <osmand:speed>224.4</osmand:speed>
        </extensions>
      </trkpt>
      <trkpt lat="53.2955389" lon="6.9737644">
        <ele>8849.8</ele>
        <time>2026-09-06T17:24:26Z</time>
        <hdop>5.1</hdop>
        <extensions>
          <osmand:speed>223.6</osmand:speed>
        </extensions>
      </trkpt>
      <trkpt lat="53.2874525" lon="6.9588965">
        <ele>8758.8</ele>
        <time>2026-09-06T17:24:32Z</time>
        <hdop>4.1</hdop>
        <extensions>
          <osmand:speed>222.9</osmand:speed>
        </extensions>
      </trkpt>
      <trkpt lat="53.2793899" lon="6.944093">
        <ele>8667.8</ele>
        <time>2026-09-06T17:24:38Z</time>
        <hdop>8.2</hdop>
        <extensions>
          <osmand:speed>222.1</osmand:speed>
        </extensions>
      </trkpt>
      <trkpt lat="53.2713479" lon="6.9293439">
        <ele>8576.8</ele>
        <time>2026-09-06T17:24:44Z</time>
        <hdop>7.7</hdop>
        <extensions>
          <osmand:speed>221.3</osmand:speed>
        </extensions>
      </trkpt>
      <trkpt lat="53.2633575" lon="6.9146505">
        <ele>8485.8</ele>
        <time>2026-09-06T17:24:50Z</time>
        <hdop>6.6</hdop>
        <extensions>
          <osmand:speed>220.5</osmand:speed>
        </extensions>
      </trkpt>
      <trkpt lat="53.2553813" lon="6.900005">
        <ele>8393.8</ele>
        <time>2026-09-06T17:24:56Z</time>
        <hdop>9.7</hdop>
        <extensions>
          <osmand:speed>219.9</osmand:speed>
        </extensions>
      </trkpt>
      <trkpt lat="53.2475033" lon="6.8852912">
        <ele>8301.4</ele>
        <time>2026-09-06T17:25:02Z</time>
        <hdop>8.7</hdop>
        <extensions>
          <osmand:speed>219.6</osmand:speed>
        </extensions>
      </trkpt>
      <trkpt lat="53.2400525" lon="6.8700619">
        <ele>8233.4</ele>
        <time>2026-09-06T17:25:08Z</time>
        <hdop>4.1</hdop>
        <extensions>
          <osmand:speed>219.1</osmand:speed>
        </extensions>
      </trkpt>
      <trkpt lat="53.2329753" lon="6.8543217">
        <ele>8184.4</ele>
        <time>2026-09-06T17:25:14Z</time>
        <hdop>7.1</hdop>
        <extensions>
          <osmand:speed>219.1</osmand:speed>
        </extensions>
      </trkpt>
      <trkpt lat="53.2262254" lon="6.838164">
        <ele>8138.4</ele>
        <time>2026-09-06T17:25:20Z</time>
        <hdop>7.7</hdop>
        <extensions>
          <osmand:speed>219.7</osmand:speed>
        </extensions>
      </trkpt>
      <trkpt lat="53.2198047" lon="6.8215608">
        <ele>8093.4</ele>
        <time>2026-09-06T17:25:26Z</time>
        <hdop>6.6</hdop>
        <extensions>
          <osmand:speed>220.6</osmand:speed>
        </extensions>
      </trkpt>
      <trkpt lat="53.21372" lon="6.804528">
        <ele>8048.4</ele>
        <time>2026-09-06T17:25:32Z</time>
        <hdop>6.1</hdop>
        <extensions>
          <osmand:speed>221.1</osmand:speed>
        </extensions>
      </trkpt>
      <trkpt lat="53.2080007" lon="6.7871085">
        <ele>7999.4</ele>
        <time>2026-09-06T17:25:38Z</time>
        <hdop>7.7</hdop>
        <extensions>
          <osmand:speed>221.3</osmand:speed>
        </extensions>
      </trkpt>
      <trkpt lat="53.202608" lon="6.7694153">
        <ele>7951.4</ele>
        <time>2026-09-06T17:25:44Z</time>
        <hdop>10.2</hdop>
        <extensions>
          <osmand:speed>221</osmand:speed>
        </extensions>
      </trkpt>
      <trkpt lat="53.1972384" lon="6.7517357">
        <ele>7905.4</ele>
        <time>2026-09-06T17:25:50Z</time>
        <hdop>12.2</hdop>
        <extensions>
          <osmand:speed>220.6</osmand:speed>
        </extensions>
      </trkpt>
      <trkpt lat="53.1918443" lon="6.734114">
        <ele>7857.3</ele>
        <time>2026-09-06T17:25:56Z</time>
        <hdop>9.7</hdop>
        <extensions>
          <osmand:speed>220.4</osmand:speed>
        </extensions>
      </trkpt>
      <trkpt lat="53.1864444" lon="6.7164924">
        <ele>7809.3</ele>
        <time>2026-09-06T17:26:02Z</time>
        <hdop>9.7</hdop>
        <extensions>
          <osmand:speed>220.1</osmand:speed>
        </extensions>
      </trkpt>
      <trkpt lat="53.1810842" lon="6.6988881">
        <ele>7763.3</ele>
        <time>2026-09-06T17:26:08Z</time>
        <hdop>7.1</hdop>
        <extensions>
          <osmand:speed>219.5</osmand:speed>
        </extensions>
      </trkpt>
      <trkpt lat="53.175721" lon="6.6814206">
        <ele>7718.3</ele>
        <time>2026-09-06T17:26:14Z</time>
        <hdop>9.7</hdop>
        <extensions>
          <osmand:speed>218.6</osmand:speed>
        </extensions>
      </trkpt>
      <trkpt lat="53.1703454" lon="6.6640042">
        <ele>7670.3</ele>
        <time>2026-09-06T17:26:20Z</time>
        <hdop>9.2</hdop>
        <extensions>
          <osmand:speed>217.8</osmand:speed>
        </extensions>
      </trkpt>
      <trkpt lat="53.1649969" lon="6.6466682">
        <ele>7623.3</ele>
        <time>2026-09-06T17:26:26Z</time>
        <hdop>9.7</hdop>
        <extensions>
          <osmand:speed>216.8</osmand:speed>
        </extensions>
      </trkpt>
      <trkpt lat="53.1596718" lon="6.6294173">
        <ele>7579.3</ele>
        <time>2026-09-06T17:26:32Z</time>
        <hdop>9.7</hdop>
        <extensions>
          <osmand:speed>215.7</osmand:speed>
        </extensions>
      </trkpt>
      <trkpt lat="53.1543648" lon="6.6122562">
        <ele>7540.3</ele>
        <time>2026-09-06T17:26:38Z</time>
        <hdop>10.2</hdop>
        <extensions>
          <osmand:speed>214.9</osmand:speed>
        </extensions>
      </trkpt>
      <trkpt lat="53.1490736" lon="6.5951589">
        <ele>7497.3</ele>
        <time>2026-09-06T17:26:44Z</time>
        <hdop>8.2</hdop>
        <extensions>
          <osmand:speed>214.6</osmand:speed>
        </extensions>
      </trkpt>
      <trkpt lat="53.1437923" lon="6.5780644">
        <ele>7451.3</ele>
        <time>2026-09-06T17:26:50Z</time>
        <hdop>9.7</hdop>
        <extensions>
          <osmand:speed>214</osmand:speed>
        </extensions>
      </trkpt>
      <trkpt lat="53.1385228" lon="6.5610424">
        <ele>7404.3</ele>
        <time>2026-09-06T17:26:56Z</time>
        <hdop>9.2</hdop>
        <extensions>
          <osmand:speed>213.3</osmand:speed>
        </extensions>
      </trkpt>
      <trkpt lat="53.1332543" lon="6.5440329">
        <ele>7352.3</ele>
        <time>2026-09-06T17:27:02Z</time>
        <hdop>9.7</hdop>
        <extensions>
          <osmand:speed>212.9</osmand:speed>
        </extensions>
      </trkpt>
      <trkpt lat="53.1280427" lon="6.5271156">
        <ele>7303.3</ele>
        <time>2026-09-06T17:27:08Z</time>
        <hdop>9.7</hdop>
        <extensions>
          <osmand:speed>211.8</osmand:speed>
        </extensions>
      </trkpt>
      <trkpt lat="53.1228426" lon="6.5102577">
        <ele>7259.3</ele>
        <time>2026-09-06T17:27:14Z</time>
        <hdop>8.2</hdop>
        <extensions>
          <osmand:speed>211.4</osmand:speed>
        </extensions>
      </trkpt>
      <trkpt lat="53.1176449" lon="6.4934198">
        <ele>7208.2</ele>
        <time>2026-09-06T17:27:20Z</time>
        <hdop>9.2</hdop>
        <extensions>
          <osmand:speed>211</osmand:speed>
        </extensions>
      </trkpt>
      <trkpt lat="53.1124461" lon="6.4765961">
        <ele>7158.2</ele>
        <time>2026-09-06T17:27:26Z</time>
        <hdop>7.1</hdop>
        <extensions>
          <osmand:speed>211.2</osmand:speed>
        </extensions>
      </trkpt>
      <trkpt lat="53.1072399" lon="6.4597334">
        <ele>7108.2</ele>
        <time>2026-09-06T17:27:32Z</time>
        <hdop>7.7</hdop>
        <extensions>
          <osmand:speed>211.8</osmand:speed>
        </extensions>
      </trkpt>
      <trkpt lat="53.102024" lon="6.4428138">
        <ele>7060.2</ele>
        <time>2026-09-06T17:27:38Z</time>
        <hdop>7.7</hdop>
        <extensions>
          <osmand:speed>212.5</osmand:speed>
        </extensions>
      </trkpt>
      <trkpt lat="53.0968039" lon="6.4258475">
        <ele>7012.2</ele>
        <time>2026-09-06T17:27:44Z</time>
        <hdop>7.7</hdop>
        <extensions>
          <osmand:speed>213.1</osmand:speed>
        </extensions>
      </trkpt>
      <trkpt lat="53.0915759" lon="6.4088453">
        <ele>6965.2</ele>
        <time>2026-09-06T17:27:50Z</time>
        <hdop>6.6</hdop>
        <extensions>
          <osmand:speed>213.2</osmand:speed>
        </extensions>
      </trkpt>
      <trkpt lat="53.086351" lon="6.391867">
        <ele>6920.2</ele>
        <time>2026-09-06T17:27:56Z</time>
        <hdop>7.1</hdop>
        <extensions>
          <osmand:speed>212.7</osmand:speed>
        </extensions>
      </trkpt>
      <trkpt lat="53.0811067" lon="6.3749087">
        <ele>6875.2</ele>
        <time>2026-09-06T17:28:02Z</time>
        <hdop>7.7</hdop>
        <extensions>
          <osmand:speed>212.7</osmand:speed>
        </extensions>
      </trkpt>
      <trkpt lat="53.0758836" lon="6.3579804">
        <ele>6831.2</ele>
        <time>2026-09-06T17:28:08Z</time>
        <hdop>7.1</hdop>
        <extensions>
          <osmand:speed>212.6</osmand:speed>
        </extensions>
      </trkpt>
      <trkpt lat="53.070657" lon="6.3410334">
        <ele>6783.2</ele>
        <time>2026-09-06T17:28:14Z</time>
        <hdop>7.1</hdop>
        <extensions>
          <osmand:speed>212.6</osmand:speed>
        </extensions>
      </trkpt>
      <trkpt lat="53.0654158" lon="6.3241034">
        <ele>6736.2</ele>
        <time>2026-09-06T17:28:20Z</time>
        <hdop>7.7</hdop>
        <extensions>
          <osmand:speed>212.7</osmand:speed>
        </extensions>
      </trkpt>
      <trkpt lat="53.0601713" lon="6.3071857">
        <ele>6688.2</ele>
        <time>2026-09-06T17:28:26Z</time>
        <hdop>8.2</hdop>
        <extensions>
          <osmand:speed>212.4</osmand:speed>
        </extensions>
      </trkpt>
      <trkpt lat="53.0549363" lon="6.2903069">
        <ele>6642.2</ele>
        <time>2026-09-06T17:28:32Z</time>
        <hdop>8.2</hdop>
        <extensions>
          <osmand:speed>212</osmand:speed>
        </extensions>
      </trkpt>
      <trkpt lat="53.0497146" lon="6.2734779">
        <ele>6594.2</ele>
        <time>2026-09-06T17:28:38Z</time>
        <hdop>6.6</hdop>
        <extensions>
          <osmand:speed>211.2</osmand:speed>
        </extensions>
      </trkpt>
      <trkpt lat="53.0445085" lon="6.2566984">
        <ele>6546.2</ele>
        <time>2026-09-06T17:28:44Z</time>
        <hdop>7.1</hdop>
        <extensions>
          <osmand:speed>211</osmand:speed>
        </extensions>
      </trkpt>
      <trkpt lat="53.0393036" lon="6.239921">
        <ele>6499</ele>
        <time>2026-09-06T17:28:50Z</time>
        <hdop>8.7</hdop>
        <extensions>
          <osmand:speed>210.8</osmand:speed>
        </extensions>
      </trkpt>
      <trkpt lat="53.0340996" lon="6.2231744">
        <ele>6452</ele>
        <time>2026-09-06T17:28:56Z</time>
        <hdop>7.1</hdop>
        <extensions>
          <osmand:speed>210.7</osmand:speed>
        </extensions>
      </trkpt>
      <trkpt lat="53.0288865" lon="6.2064084">
        <ele>6404</ele>
        <time>2026-09-06T17:29:02Z</time>
        <hdop>6.1</hdop>
        <extensions>
          <osmand:speed>210.9</osmand:speed>
        </extensions>
      </trkpt>
      <trkpt lat="53.0236719" lon="6.1896695">
        <ele>6355</ele>
        <time>2026-09-06T17:29:08Z</time>
        <hdop>6.6</hdop>
        <extensions>
          <osmand:speed>210.3</osmand:speed>
        </extensions>
      </trkpt>
      <trkpt lat="53.018453" lon="6.1730072">
        <ele>6307</ele>
        <time>2026-09-06T17:29:14Z</time>
        <hdop>8.2</hdop>
        <extensions>
          <osmand:speed>209.8</osmand:speed>
        </extensions>
      </trkpt>
      <trkpt lat="53.0132525" lon="6.1563731">
        <ele>6257</ele>
        <time>2026-09-06T17:29:20Z</time>
        <hdop>6.6</hdop>
        <extensions>
          <osmand:speed>209.2</osmand:speed>
        </extensions>
      </trkpt>
      <trkpt lat="53.0080459" lon="6.1398211">
        <ele>6207</ele>
        <time>2026-09-06T17:29:26Z</time>
        <hdop>7.7</hdop>
        <extensions>
          <osmand:speed>208.4</osmand:speed>
        </extensions>
      </trkpt>
      <trkpt lat="53.0028531" lon="6.1233342">
        <ele>6158</ele>
        <time>2026-09-06T17:29:32Z</time>
        <hdop>8.7</hdop>
        <extensions>
          <osmand:speed>207.7</osmand:speed>
        </extensions>
      </trkpt>
      <trkpt lat="52.9976608" lon="6.1069121">
        <ele>6108.4</ele>
        <time>2026-09-06T17:29:38Z</time>
        <hdop>6.6</hdop>
        <extensions>
          <osmand:speed>207.3</osmand:speed>
        </extensions>
      </trkpt>
      <trkpt lat="52.9924789" lon="6.0905358">
        <ele>6060.4</ele>
        <time>2026-09-06T17:29:44Z</time>
        <hdop>7.1</hdop>
        <extensions>
          <osmand:speed>206.7</osmand:speed>
        </extensions>
      </trkpt>
      <trkpt lat="52.9873085" lon="6.0742144">
        <ele>6012.4</ele>
        <time>2026-09-06T17:29:50Z</time>
        <hdop>7.1</hdop>
        <extensions>
          <osmand:speed>206.1</osmand:speed>
        </extensions>
      </trkpt>
      <trkpt lat="52.9821405" lon="6.0579069">
        <ele>5966.4</ele>
        <time>2026-09-06T17:29:56Z</time>
        <hdop>6.6</hdop>
        <extensions>
          <osmand:speed>206.2</osmand:speed>
        </extensions>
      </trkpt>
      <trkpt lat="52.9769848" lon="6.0416108">
        <ele>5916.4</ele>
        <time>2026-09-06T17:30:02Z</time>
        <hdop>7.7</hdop>
        <extensions>
          <osmand:speed>205.7</osmand:speed>
        </extensions>
      </trkpt>
      <trkpt lat="52.9718518" lon="6.0253503">
        <ele>5843.4</ele>
        <time>2026-09-06T17:30:08Z</time>
        <hdop>7.7</hdop>
        <extensions>
          <osmand:speed>205</osmand:speed>
        </extensions>
      </trkpt>
      <trkpt lat="52.9667229" lon="6.0091435">
        <ele>5751.4</ele>
        <time>2026-09-06T17:30:14Z</time>
        <hdop>8.2</hdop>
        <extensions>
          <osmand:speed>204.6</osmand:speed>
        </extensions>
      </trkpt>
      <trkpt lat="52.9616075" lon="5.9929463">
        <ele>5657.2</ele>
        <time>2026-09-06T17:30:20Z</time>
        <hdop>5.1</hdop>
        <extensions>
          <osmand:speed>204.3</osmand:speed>
        </extensions>
      </trkpt>
      <trkpt lat="52.9565267" lon="5.9767854">
        <ele>5577.2</ele>
        <time>2026-09-06T17:30:26Z</time>
        <hdop>6.1</hdop>
        <extensions>
          <osmand:speed>203.3</osmand:speed>
        </extensions>
      </trkpt>
      <trkpt lat="52.9514589" lon="5.9607313">
        <ele>5496.2</ele>
        <time>2026-09-06T17:30:32Z</time>
        <hdop>6.1</hdop>
        <extensions>
          <osmand:speed>202.3</osmand:speed>
        </extensions>
      </trkpt>
      <trkpt lat="52.9464006" lon="5.9447608">
        <ele>5412.2</ele>
        <time>2026-09-06T17:30:38Z</time>
        <hdop>5.6</hdop>
        <extensions>
          <osmand:speed>201.5</osmand:speed>
        </extensions>
      </trkpt>
      <trkpt lat="52.9413612" lon="5.9288539">
        <ele>5324.2</ele>
        <time>2026-09-06T17:30:44Z</time>
        <hdop>5.6</hdop>
        <extensions>
          <osmand:speed>200.8</osmand:speed>
        </extensions>
      </trkpt>
      <trkpt lat="52.936364" lon="5.9129585">
        <ele>5227.2</ele>
        <time>2026-09-06T17:30:50Z</time>
        <hdop>10.2</hdop>
        <extensions>
          <osmand:speed>200.4</osmand:speed>
        </extensions>
      </trkpt>
      <trkpt lat="52.9314094" lon="5.8971415">
        <ele>5144.2</ele>
        <time>2026-09-06T17:30:56Z</time>
        <hdop>10.7</hdop>
        <extensions>
          <osmand:speed>199.6</osmand:speed>
        </extensions>
      </trkpt>
      <trkpt lat="52.9264761" lon="5.8813775">
        <ele>5076.2</ele>
        <time>2026-09-06T17:31:02Z</time>
        <hdop>9.7</hdop>
        <extensions>
          <osmand:speed>198</osmand:speed>
        </extensions>
      </trkpt>
      <trkpt lat="52.9216125" lon="5.865794">
        <ele>5028.2</ele>
        <time>2026-09-06T17:31:08Z</time>
        <hdop>8.2</hdop>
        <extensions>
          <osmand:speed>195.6</osmand:speed>
        </extensions>
      </trkpt>
      <trkpt lat="52.9168024" lon="5.8504444">
        <ele>4989.2</ele>
        <time>2026-09-06T17:31:14Z</time>
        <hdop>9.2</hdop>
        <extensions>
          <osmand:speed>192.9</osmand:speed>
        </extensions>
      </trkpt>
      <trkpt lat="52.912068" lon="5.8352514">
        <ele>4953.2</ele>
        <time>2026-09-06T17:31:20Z</time>
        <hdop>8.7</hdop>
        <extensions>
          <osmand:speed>190.2</osmand:speed>
        </extensions>
      </trkpt>
      <trkpt lat="52.9074125" lon="5.8203147">
        <ele>4918.2</ele>
        <time>2026-09-06T17:31:26Z</time>
        <hdop>9.2</hdop>
        <extensions>
          <osmand:speed>187.3</osmand:speed>
        </extensions>
      </trkpt>
      <trkpt lat="52.9028052" lon="5.8056097">
        <ele>4888.2</ele>
        <time>2026-09-06T17:31:32Z</time>
        <hdop>10.7</hdop>
        <extensions>
          <osmand:speed>184.5</osmand:speed>
        </extensions>
      </trkpt>
      <trkpt lat="52.8982417" lon="5.791137">
        <ele>4857.2</ele>
        <time>2026-09-06T17:31:38Z</time>
        <hdop>7.7</hdop>
        <extensions>
          <osmand:speed>182.2</osmand:speed>
        </extensions>
      </trkpt>
      <trkpt lat="52.8937187" lon="5.7768978">
        <ele>4825.2</ele>
        <time>2026-09-06T17:31:44Z</time>
        <hdop>11.2</hdop>
        <extensions>
          <osmand:speed>179.3</osmand:speed>
        </extensions>
      </trkpt>
      <trkpt lat="52.8892568" lon="5.7628763">
        <ele>4794.2</ele>
        <time>2026-09-06T17:31:50Z</time>
        <hdop>10.7</hdop>
        <extensions>
          <osmand:speed>177</osmand:speed>
        </extensions>
      </trkpt>
      <trkpt lat="52.8848051" lon="5.7491079">
        <ele>4768.1</ele>
        <time>2026-09-06T17:31:56Z</time>
        <hdop>10.2</hdop>
        <extensions>
          <osmand:speed>174</osmand:speed>
        </extensions>
      </trkpt>
      <trkpt lat="52.8804258" lon="5.7354954">
        <ele>4745.1</ele>
        <time>2026-09-06T17:32:02Z</time>
        <hdop>5.1</hdop>
        <extensions>
          <osmand:speed>171.6</osmand:speed>
        </extensions>
      </trkpt>
      <trkpt lat="52.8761579" lon="5.7220747">
        <ele>4719.1</ele>
        <time>2026-09-06T17:32:08Z</time>
        <hdop>8.2</hdop>
        <extensions>
          <osmand:speed>169.2</osmand:speed>
        </extensions>
      </trkpt>
      <trkpt lat="52.8719538" lon="5.708815">
        <ele>4692.1</ele>
        <time>2026-09-06T17:32:14Z</time>
        <hdop>8.7</hdop>
        <extensions>
          <osmand:speed>166.9</osmand:speed>
        </extensions>
      </trkpt>
      <trkpt lat="52.8677847" lon="5.695771">
        <ele>4669.1</ele>
        <time>2026-09-06T17:32:20Z</time>
        <hdop>6.6</hdop>
        <extensions>
          <osmand:speed>164.4</osmand:speed>
        </extensions>
      </trkpt>
      <trkpt lat="52.8636434" lon="5.682889">
        <ele>4632.1</ele>
        <time>2026-09-06T17:32:26Z</time>
        <hdop>6.1</hdop>
        <extensions>
          <osmand:speed>162.9</osmand:speed>
        </extensions>
      </trkpt>
      <trkpt lat="52.8595926" lon="5.6701283">
        <ele>4595.1</ele>
        <time>2026-09-06T17:32:32Z</time>
        <hdop>5.1</hdop>
        <extensions>
          <osmand:speed>161.2</osmand:speed>
        </extensions>
      </trkpt>
      <trkpt lat="52.8555651" lon="5.6574645">
        <ele>4553.1</ele>
        <time>2026-09-06T17:32:38Z</time>
        <hdop>4.6</hdop>
        <extensions>
          <osmand:speed>160.1</osmand:speed>
        </extensions>
      </trkpt>
      <trkpt lat="52.8515577" lon="5.644889">
        <ele>4501.1</ele>
        <time>2026-09-06T17:32:44Z</time>
        <hdop>7.7</hdop>
        <extensions>
          <osmand:speed>159.5</osmand:speed>
        </extensions>
      </trkpt>
      <trkpt lat="52.8475553" lon="5.6323709">
        <ele>4453.1</ele>
        <time>2026-09-06T17:32:50Z</time>
        <hdop>4.1</hdop>
        <extensions>
          <osmand:speed>158.7</osmand:speed>
        </extensions>
      </trkpt>
      <trkpt lat="52.8435549" lon="5.6199072">
        <ele>4399.1</ele>
        <time>2026-09-06T17:32:56Z</time>
        <hdop>4.1</hdop>
        <extensions>
          <osmand:speed>158.3</osmand:speed>
        </extensions>
      </trkpt>
      <trkpt lat="52.8395722" lon="5.6074693">
        <ele>4342.1</ele>
        <time>2026-09-06T17:33:02Z</time>
        <hdop>4.6</hdop>
        <extensions>
          <osmand:speed>158</osmand:speed>
        </extensions>
      </trkpt>
      <trkpt lat="52.8356176" lon="5.595065">
        <ele>4292.1</ele>
        <time>2026-09-06T17:33:08Z</time>
        <hdop>5.1</hdop>
        <extensions>
          <osmand:speed>157.3</osmand:speed>
        </extensions>
      </trkpt>
      <trkpt lat="52.8316647" lon="5.5826777">
        <ele>4233.1</ele>
        <time>2026-09-06T17:33:14Z</time>
        <hdop>8.7</hdop>
        <extensions>
          <osmand:speed>157.1</osmand:speed>
        </extensions>
      </trkpt>
      <trkpt lat="52.827716" lon="5.5703255">
        <ele>4171.1</ele>
        <time>2026-09-06T17:33:20Z</time>
        <hdop>8.7</hdop>
        <extensions>
          <osmand:speed>157.4</osmand:speed>
        </extensions>
      </trkpt>
      <trkpt lat="52.8237488" lon="5.5580026">
        <ele>4113.1</ele>
        <time>2026-09-06T17:33:26Z</time>
        <hdop>4.6</hdop>
        <extensions>
          <osmand:speed>156.8</osmand:speed>
        </extensions>
      </trkpt>
      <trkpt lat="52.8198134" lon="5.5456652">
        <ele>4048.1</ele>
        <time>2026-09-06T17:33:32Z</time>
        <hdop>3.6</hdop>
        <extensions>
          <osmand:speed>156.9</osmand:speed>
        </extensions>
      </trkpt>
      <trkpt lat="52.8158953" lon="5.5333393">
        <ele>3992.1</ele>
        <time>2026-09-06T17:33:38Z</time>
        <hdop>6.1</hdop>
        <extensions>
          <osmand:speed>156.3</osmand:speed>
        </extensions>
      </trkpt>
      <trkpt lat="52.8119884" lon="5.5210521">
        <ele>3937.1</ele>
        <time>2026-09-06T17:33:44Z</time>
        <hdop>4.1</hdop>
        <extensions>
          <osmand:speed>155.7</osmand:speed>
        </extensions>
      </trkpt>
      <trkpt lat="52.8080812" lon="5.508799">
        <ele>3876.1</ele>
        <time>2026-09-06T17:33:50Z</time>
        <hdop>6.1</hdop>
        <extensions>
          <osmand:speed>155.4</osmand:speed>
        </extensions>
      </trkpt>
      <trkpt lat="52.8041766" lon="5.4965845">
        <ele>3813</ele>
        <time>2026-09-06T17:33:56Z</time>
        <hdop>6.1</hdop>
        <extensions>
          <osmand:speed>155.5</osmand:speed>
        </extensions>
      </trkpt>
      <trkpt lat="52.8002778" lon="5.4843616">
        <ele>3758</ele>
        <time>2026-09-06T17:34:02Z</time>
        <hdop>6.6</hdop>
        <extensions>
          <osmand:speed>155.1</osmand:speed>
        </extensions>
      </trkpt>
      <trkpt lat="52.796402" lon="5.4722389">
        <ele>3725</ele>
        <time>2026-09-06T17:34:08Z</time>
        <hdop>6.1</hdop>
        <extensions>
          <osmand:speed>153.4</osmand:speed>
        </extensions>
      </trkpt>
      <trkpt lat="52.7925632" lon="5.4602715">
        <ele>3704</ele>
        <time>2026-09-06T17:34:14Z</time>
        <hdop>6.6</hdop>
        <extensions>
          <osmand:speed>151.1</osmand:speed>
        </extensions>
      </trkpt>
      <trkpt lat="52.7887922" lon="5.4484781">
        <ele>3688</ele>
        <time>2026-09-06T17:34:20Z</time>
        <hdop>6.1</hdop>
        <extensions>
          <osmand:speed>148.7</osmand:speed>
        </extensions>
      </trkpt>
      <trkpt lat="52.7854455" lon="5.4365886">
        <ele>3673</ele>
        <time>2026-09-06T17:34:26Z</time>
        <hdop>12.8</hdop>
        <extensions>
          <osmand:speed>146.4</osmand:speed>
        </extensions>
      </trkpt>
      <trkpt lat="52.7831807" lon="5.424231">
        <ele>3658</ele>
        <time>2026-09-06T17:34:32Z</time>
        <hdop>15.8</hdop>
        <extensions>
          <osmand:speed>144</osmand:speed>
        </extensions>
      </trkpt>
      <trkpt lat="52.7815646" lon="5.4117381">
        <ele>3645</ele>
        <time>2026-09-06T17:34:38Z</time>
        <hdop>16.8</hdop>
        <extensions>
          <osmand:speed>142.3</osmand:speed>
        </extensions>
      </trkpt>
      <trkpt lat="52.7799946" lon="5.3994955">
        <ele>3627</ele>
        <time>2026-09-06T17:34:44Z</time>
        <hdop>15.3</hdop>
        <extensions>
          <osmand:speed>139.6</osmand:speed>
        </extensions>
      </trkpt>
      <trkpt lat="52.7784469" lon="5.3874875">
        <ele>3609</ele>
        <time>2026-09-06T17:34:50Z</time>
        <hdop>13.3</hdop>
        <extensions>
          <osmand:speed>137.4</osmand:speed>
        </extensions>
      </trkpt>
      <trkpt lat="52.7769097" lon="5.3756678">
        <ele>3594</ele>
        <time>2026-09-06T17:34:56Z</time>
        <hdop>15.8</hdop>
        <extensions>
          <osmand:speed>134.9</osmand:speed>
        </extensions>
      </trkpt>
      <trkpt lat="52.7753753" lon="5.364045">
        <ele>3578</ele>
        <time>2026-09-06T17:35:02Z</time>
        <hdop>13.3</hdop>
        <extensions>
          <osmand:speed>132.9</osmand:speed>
        </extensions>
      </trkpt>
      <trkpt lat="52.7738307" lon="5.3525496">
        <ele>3546</ele>
        <time>2026-09-06T17:35:08Z</time>
        <hdop>13.3</hdop>
        <extensions>
          <osmand:speed>131.9</osmand:speed>
        </extensions>
      </trkpt>
      <trkpt lat="52.7722886" lon="5.3410831">
        <ele>3505</ele>
        <time>2026-09-06T17:35:14Z</time>
        <hdop>12.2</hdop>
        <extensions>
          <osmand:speed>132</osmand:speed>
        </extensions>
      </trkpt>
      <trkpt lat="52.7707666" lon="5.32964">
        <ele>3462</ele>
        <time>2026-09-06T17:35:20Z</time>
        <hdop>12.8</hdop>
        <extensions>
          <osmand:speed>131.6</osmand:speed>
        </extensions>
      </trkpt>
      <trkpt lat="52.7692746" lon="5.3182195">
        <ele>3420</ele>
        <time>2026-09-06T17:35:26Z</time>
        <hdop>12.2</hdop>
        <extensions>
          <osmand:speed>131.1</osmand:speed>
        </extensions>
      </trkpt>
      <trkpt lat="52.7677886" lon="5.3067757">
        <ele>3385</ele>
        <time>2026-09-06T17:35:32Z</time>
        <hdop>30.6</hdop>
        <extensions>
          <osmand:speed>131.6</osmand:speed>
        </extensions>
      </trkpt>
      <trkpt lat="52.7663069" lon="5.2954221">
        <ele>3342</ele>
        <time>2026-09-06T17:35:38Z</time>
        <hdop>33.7</hdop>
        <extensions>
          <osmand:speed>130.3</osmand:speed>
        </extensions>
      </trkpt>
      <trkpt lat="52.7648313" lon="5.2840276">
        <ele>3300</ele>
        <time>2026-09-06T17:35:44Z</time>
        <hdop>35.2</hdop>
        <extensions>
          <osmand:speed>132.2</osmand:speed>
        </extensions>
      </trkpt>
      <trkpt lat="52.7634117" lon="5.272671">
        <ele>3262</ele>
        <time>2026-09-06T17:35:50Z</time>
        <hdop>42.9</hdop>
        <extensions>
          <osmand:speed>130.5</osmand:speed>
        </extensions>
      </trkpt>
      <trkpt lat="52.7619197" lon="5.2612878">
        <ele>3221</ele>
        <time>2026-09-06T17:35:56Z</time>
        <hdop>41.3</hdop>
        <extensions>
          <osmand:speed>131.2</osmand:speed>
        </extensions>
      </trkpt>
      <trkpt lat="52.7604727" lon="5.2499701">
        <ele>3171</ele>
        <time>2026-09-06T17:36:02Z</time>
        <hdop>40.3</hdop>
        <extensions>
          <osmand:speed>131</osmand:speed>
        </extensions>
      </trkpt>
      <trkpt lat="52.7590241" lon="5.2386435">
        <ele>3128</ele>
        <time>2026-09-06T17:36:08Z</time>
        <hdop>49</hdop>
        <extensions>
          <osmand:speed>130.9</osmand:speed>
        </extensions>
      </trkpt>
      <trkpt lat="52.7575818" lon="5.2273147">
        <ele>3081</ele>
        <time>2026-09-06T17:36:14Z</time>
        <hdop>36.7</hdop>
        <extensions>
          <osmand:speed>130.6</osmand:speed>
        </extensions>
      </trkpt>
      <trkpt lat="52.7561533" lon="5.2160311">
        <ele>3029</ele>
        <time>2026-09-06T17:36:20Z</time>
        <hdop>36.7</hdop>
        <extensions>
          <osmand:speed>130.6</osmand:speed>
        </extensions>
      </trkpt>
      <trkpt lat="52.7544378" lon="5.2028303">
        <ele>2979</ele>
        <time>2026-09-06T17:36:27Z</time>
        <hdop>38.8</hdop>
        <extensions>
          <osmand:speed>130.1</osmand:speed>
        </extensions>
      </trkpt>
      <trkpt lat="52.753042" lon="5.1914922">
        <ele>2931</ele>
        <time>2026-09-06T17:36:33Z</time>
        <hdop>5.1</hdop>
        <extensions>
          <osmand:speed>130.7</osmand:speed>
        </extensions>
      </trkpt>
      <trkpt lat="52.7514916" lon="5.1802532">
        <ele>2915</ele>
        <time>2026-09-06T17:36:39Z</time>
        <hdop>24</hdop>
        <extensions>
          <osmand:speed>128</osmand:speed>
        </extensions>
      </trkpt>
      <trkpt lat="52.7498094" lon="5.1672396">
        <ele>2878.6</ele>
        <time>2026-09-06T17:36:46Z</time>
        <hdop>43.9</hdop>
        <extensions>
          <osmand:speed>128</osmand:speed>
        </extensions>
      </trkpt>
      <trkpt lat="52.7484137" lon="5.1559684">
        <ele>2832.6</ele>
        <time>2026-09-06T17:36:52Z</time>
        <hdop>37.8</hdop>
        <extensions>
          <osmand:speed>129.7</osmand:speed>
        </extensions>
      </trkpt>
      <trkpt lat="52.7465056" lon="5.1410466">
        <ele>2785.6</ele>
        <time>2026-09-06T17:37:00Z</time>
        <hdop>49.5</hdop>
        <extensions>
          <osmand:speed>128.9</osmand:speed>
        </extensions>
      </trkpt>
      <trkpt lat="52.7450892" lon="5.1299644">
        <ele>2754.6</ele>
        <time>2026-09-06T17:37:06Z</time>
        <hdop>43.9</hdop>
        <extensions>
          <osmand:speed>127.9</osmand:speed>
        </extensions>
      </trkpt>
      <trkpt lat="52.7436814" lon="5.1189246">
        <ele>2717.6</ele>
        <time>2026-09-06T17:37:12Z</time>
        <hdop>42.9</hdop>
        <extensions>
          <osmand:speed>129</osmand:speed>
        </extensions>
      </trkpt>
      <trkpt lat="52.7392857" lon="5.0841134">
        <ele>2564.6</ele>
        <time>2026-09-06T17:37:31Z</time>
        <hdop>36.7</hdop>
        <extensions>
          <osmand:speed>127.5</osmand:speed>
        </extensions>
      </trkpt>
      <trkpt lat="52.7377812" lon="5.0730093">
        <ele>2515.6</ele>
        <time>2026-09-06T17:37:37Z</time>
        <hdop>42.9</hdop>
        <extensions>
          <osmand:speed>128.1</osmand:speed>
        </extensions>
      </trkpt>
      <trkpt lat="52.7363078" lon="5.0618594">
        <ele>2470.6</ele>
        <time>2026-09-06T17:37:43Z</time>
        <hdop>28.1</hdop>
        <extensions>
          <osmand:speed>127.5</osmand:speed>
        </extensions>
      </trkpt>
      <trkpt lat="52.734829" lon="5.0507677">
        <ele>2428.6</ele>
        <time>2026-09-06T17:37:49Z</time>
        <hdop>29.1</hdop>
        <extensions>
          <osmand:speed>128</osmand:speed>
        </extensions>
      </trkpt>
      <trkpt lat="52.7333039" lon="5.0396715">
        <ele>2396.6</ele>
        <time>2026-09-06T17:37:55Z</time>
        <hdop>31.6</hdop>
        <extensions>
          <osmand:speed>126.8</osmand:speed>
        </extensions>
      </trkpt>
      <trkpt lat="52.731853" lon="5.0286352">
        <ele>2368.6</ele>
        <time>2026-09-06T17:38:01Z</time>
        <hdop>21.9</hdop>
        <extensions>
          <osmand:speed>126.6</osmand:speed>
        </extensions>
      </trkpt>
      <trkpt lat="52.730416" lon="5.0176468">
        <ele>2337.6</ele>
        <time>2026-09-06T17:38:07Z</time>
        <hdop>5.1</hdop>
        <extensions>
          <osmand:speed>124.2</osmand:speed>
        </extensions>
      </trkpt>
      <trkpt lat="52.729013" lon="5.0067134">
        <ele>2301.6</ele>
        <time>2026-09-06T17:38:13Z</time>
        <hdop>4.6</hdop>
        <extensions>
          <osmand:speed>125</osmand:speed>
        </extensions>
      </trkpt>
      <trkpt lat="52.727592" lon="4.9958151">
        <ele>2278.6</ele>
        <time>2026-09-06T17:38:19Z</time>
        <hdop>6.1</hdop>
        <extensions>
          <osmand:speed>124.8</osmand:speed>
        </extensions>
      </trkpt>
      <trkpt lat="52.7261729" lon="4.9849979">
        <ele>2250.6</ele>
        <time>2026-09-06T17:38:25Z</time>
        <hdop>5.6</hdop>
        <extensions>
          <osmand:speed>124</osmand:speed>
        </extensions>
      </trkpt>
      <trkpt lat="52.7248399" lon="4.9742642">
        <ele>2256.6</ele>
        <time>2026-09-06T17:38:31Z</time>
        <hdop>6.1</hdop>
        <extensions>
          <osmand:speed>121.4</osmand:speed>
        </extensions>
      </trkpt>
      <trkpt lat="52.7234686" lon="4.9635502">
        <ele>2258.6</ele>
        <time>2026-09-06T17:38:37Z</time>
        <hdop>6.1</hdop>
        <extensions>
          <osmand:speed>122.1</osmand:speed>
        </extensions>
      </trkpt>
      <trkpt lat="52.7220648" lon="4.9528">
        <ele>2259.6</ele>
        <time>2026-09-06T17:38:43Z</time>
        <hdop>4.6</hdop>
        <extensions>
          <osmand:speed>122.5</osmand:speed>
        </extensions>
      </trkpt>
      <trkpt lat="52.7206687" lon="4.9420854">
        <ele>2255.6</ele>
        <time>2026-09-06T17:38:49Z</time>
        <hdop>3.6</hdop>
        <extensions>
          <osmand:speed>124.6</osmand:speed>
        </extensions>
      </trkpt>
      <trkpt lat="52.7192369" lon="4.93138">
        <ele>2259.6</ele>
        <time>2026-09-06T17:38:55Z</time>
        <hdop>4.1</hdop>
        <extensions>
          <osmand:speed>123</osmand:speed>
        </extensions>
      </trkpt>
      <trkpt lat="52.7178184" lon="4.920535">
        <ele>2256.6</ele>
        <time>2026-09-06T17:39:01Z</time>
        <hdop>1.5</hdop>
        <extensions>
          <osmand:speed>124.4</osmand:speed>
        </extensions>
      </trkpt>
      <trkpt lat="52.7163573" lon="4.9097714">
        <ele>2255.6</ele>
        <time>2026-09-06T17:39:07Z</time>
        <hdop>4.6</hdop>
        <extensions>
          <osmand:speed>124.7</osmand:speed>
        </extensions>
      </trkpt>
      <trkpt lat="52.7148958" lon="4.8990098">
        <ele>2254.6</ele>
        <time>2026-09-06T17:39:13Z</time>
        <hdop>1.5</hdop>
        <extensions>
          <osmand:speed>124.2</osmand:speed>
        </extensions>
      </trkpt>
      <trkpt lat="52.7134855" lon="4.8881678">
        <ele>2249.6</ele>
        <time>2026-09-06T17:39:19Z</time>
        <hdop>2</hdop>
        <extensions>
          <osmand:speed>124.5</osmand:speed>
        </extensions>
      </trkpt>
      <trkpt lat="52.7120066" lon="4.8773223">
        <ele>2234.6</ele>
        <time>2026-09-06T17:39:25Z</time>
        <hdop>2</hdop>
        <extensions>
          <osmand:speed>125.1</osmand:speed>
        </extensions>
      </trkpt>
      <trkpt lat="52.710561" lon="4.8664919">
        <ele>2212.6</ele>
        <time>2026-09-06T17:39:31Z</time>
        <hdop>2</hdop>
        <extensions>
          <osmand:speed>124.8</osmand:speed>
        </extensions>
      </trkpt>
      <trkpt lat="52.7091025" lon="4.8557142">
        <ele>2191.6</ele>
        <time>2026-09-06T17:39:37Z</time>
        <hdop>3.1</hdop>
        <extensions>
          <osmand:speed>124.4</osmand:speed>
        </extensions>
      </trkpt>
      <trkpt lat="52.7076752" lon="4.8448824">
        <ele>2162.6</ele>
        <time>2026-09-06T17:39:43Z</time>
        <hdop>5.1</hdop>
        <extensions>
          <osmand:speed>125.2</osmand:speed>
        </extensions>
      </trkpt>
      <trkpt lat="52.7062282" lon="4.834292">
        <ele>2144.6</ele>
        <time>2026-09-06T17:39:49Z</time>
        <hdop>3.6</hdop>
        <extensions>
          <osmand:speed>122.1</osmand:speed>
        </extensions>
      </trkpt>
      <trkpt lat="52.7048399" lon="4.8238211">
        <ele>2132.6</ele>
        <time>2026-09-06T17:39:55Z</time>
        <hdop>4.1</hdop>
        <extensions>
          <osmand:speed>119.3</osmand:speed>
        </extensions>
      </trkpt>
      <trkpt lat="52.7035102" lon="4.8135655">
        <ele>2117.6</ele>
        <time>2026-09-06T17:40:01Z</time>
        <hdop>1.5</hdop>
        <extensions>
          <osmand:speed>116.5</osmand:speed>
        </extensions>
      </trkpt>
      <trkpt lat="52.702142" lon="4.8037658">
        <ele>2098.6</ele>
        <time>2026-09-06T17:40:07Z</time>
        <hdop>6.6</hdop>
        <extensions>
          <osmand:speed>106.2</osmand:speed>
        </extensions>
      </trkpt>
      <trkpt lat="52.6988987" lon="4.7931012">
        <ele>2095.6</ele>
        <time>2026-09-06T17:40:14Z</time>
        <hdop>36.2</hdop>
        <extensions>
          <osmand:speed>107.5</osmand:speed>
        </extensions>
      </trkpt>
      <trkpt lat="52.6947229" lon="4.7861955">
        <ele>2063.6</ele>
        <time>2026-09-06T17:40:20Z</time>
        <hdop>11.2</hdop>
        <extensions>
          <osmand:speed>108.2</osmand:speed>
        </extensions>
      </trkpt>
      <trkpt lat="52.6896335" lon="4.7814121">
        <ele>2048.6</ele>
        <time>2026-09-06T17:40:26Z</time>
        <hdop>9.2</hdop>
        <extensions>
          <osmand:speed>107.4</osmand:speed>
        </extensions>
      </trkpt>
      <trkpt lat="52.684163" lon="4.7784223">
        <ele>2029.6</ele>
        <time>2026-09-06T17:40:32Z</time>
        <hdop>13.3</hdop>
        <extensions>
          <osmand:speed>106.5</osmand:speed>
        </extensions>
      </trkpt>
      <trkpt lat="52.6785683" lon="4.7766719">
        <ele>2008.6</ele>
        <time>2026-09-06T17:40:38Z</time>
        <hdop>10.2</hdop>
        <extensions>
          <osmand:speed>104.1</osmand:speed>
        </extensions>
      </trkpt>
      <trkpt lat="52.6730095" lon="4.7751717">
        <ele>1986.6</ele>
        <time>2026-09-06T17:40:44Z</time>
        <hdop>9.7</hdop>
        <extensions>
          <osmand:speed>104.2</osmand:speed>
        </extensions>
      </trkpt>
      <trkpt lat="52.6675345" lon="4.773688">
        <ele>1968.6</ele>
        <time>2026-09-06T17:40:50Z</time>
        <hdop>18.9</hdop>
        <extensions>
          <osmand:speed>101.5</osmand:speed>
        </extensions>
      </trkpt>
      <trkpt lat="52.6621731" lon="4.7720898">
        <ele>1946.6</ele>
        <time>2026-09-06T17:40:56Z</time>
        <hdop>39.8</hdop>
        <extensions>
          <osmand:speed>100.3</osmand:speed>
        </extensions>
      </trkpt>
      <trkpt lat="52.6568964" lon="4.7706214">
        <ele>1936.6</ele>
        <time>2026-09-06T17:41:02Z</time>
        <hdop>45.4</hdop>
        <extensions>
          <osmand:speed>98</osmand:speed>
        </extensions>
      </trkpt>
      <trkpt lat="52.6516871" lon="4.7695443">
        <ele>1930.6</ele>
        <time>2026-09-06T17:41:08Z</time>
        <hdop>50</hdop>
        <extensions>
          <osmand:speed>96.8</osmand:speed>
        </extensions>
      </trkpt>
      <trkpt lat="52.6465155" lon="4.7686743">
        <ele>1910.6</ele>
        <time>2026-09-06T17:41:14Z</time>
        <hdop>46.9</hdop>
        <extensions>
          <osmand:speed>96.2</osmand:speed>
        </extensions>
      </trkpt>
      <trkpt lat="52.6413249" lon="4.7681071">
        <ele>1891.6</ele>
        <time>2026-09-06T17:41:20Z</time>
        <hdop>36.2</hdop>
        <extensions>
          <osmand:speed>96.2</osmand:speed>
        </extensions>
      </trkpt>
      <trkpt lat="52.636149" lon="4.767502">
        <ele>1858.6</ele>
        <time>2026-09-06T17:41:26Z</time>
        <hdop>42.9</hdop>
        <extensions>
          <osmand:speed>96.2</osmand:speed>
        </extensions>
      </trkpt>
      <trkpt lat="52.630949" lon="4.7672011">
        <ele>1834.6</ele>
        <time>2026-09-06T17:41:32Z</time>
        <hdop>38.8</hdop>
        <extensions>
          <osmand:speed>96.6</osmand:speed>
        </extensions>
      </trkpt>
      <trkpt lat="52.6257755" lon="4.7668501">
        <ele>1808.6</ele>
        <time>2026-09-06T17:41:38Z</time>
        <hdop>45.9</hdop>
        <extensions>
          <osmand:speed>96</osmand:speed>
        </extensions>
      </trkpt>
      <trkpt lat="52.6205915" lon="4.766642">
        <ele>1783.6</ele>
        <time>2026-09-06T17:41:44Z</time>
        <hdop>46.4</hdop>
        <extensions>
          <osmand:speed>96.3</osmand:speed>
        </extensions>
      </trkpt>
      <trkpt lat="52.6153937" lon="4.7663713">
        <ele>1754.6</ele>
        <time>2026-09-06T17:41:50Z</time>
        <hdop>1</hdop>
        <extensions>
          <osmand:speed>96.4</osmand:speed>
        </extensions>
      </trkpt>
      <trkpt lat="52.6102539" lon="4.7659728">
        <ele>1720.6</ele>
        <time>2026-09-06T17:41:56Z</time>
        <hdop>1</hdop>
        <extensions>
          <osmand:speed>96.3</osmand:speed>
        </extensions>
      </trkpt>
      <trkpt lat="52.6050701" lon="4.7656163">
        <ele>1689.6</ele>
        <time>2026-09-06T17:42:02Z</time>
        <hdop>1</hdop>
        <extensions>
          <osmand:speed>96.6</osmand:speed>
        </extensions>
      </trkpt>
      <trkpt lat="52.5998875" lon="4.7651922">
        <ele>1653.6</ele>
        <time>2026-09-06T17:42:08Z</time>
        <hdop>1</hdop>
        <extensions>
          <osmand:speed>96.2</osmand:speed>
        </extensions>
      </trkpt>
      <trkpt lat="52.59471" lon="4.7647302">
        <ele>1623.6</ele>
        <time>2026-09-06T17:42:14Z</time>
        <hdop>1</hdop>
        <extensions>
          <osmand:speed>96.3</osmand:speed>
        </extensions>
      </trkpt>
      <trkpt lat="52.5895261" lon="4.7641693">
        <ele>1587.6</ele>
        <time>2026-09-06T17:42:20Z</time>
        <hdop>1</hdop>
        <extensions>
          <osmand:speed>96.3</osmand:speed>
        </extensions>
      </trkpt>
      <trkpt lat="52.5843481" lon="4.7637044">
        <ele>1561.6</ele>
        <time>2026-09-06T17:42:26Z</time>
        <hdop>1</hdop>
        <extensions>
          <osmand:speed>96.2</osmand:speed>
        </extensions>
      </trkpt>
      <trkpt lat="52.5791968" lon="4.7630462">
        <ele>1523.6</ele>
        <time>2026-09-06T17:42:32Z</time>
        <hdop>1</hdop>
        <extensions>
          <osmand:speed>96.1</osmand:speed>
        </extensions>
      </trkpt>
      <trkpt lat="52.5740178" lon="4.7624662">
        <ele>1494.6</ele>
        <time>2026-09-06T17:42:38Z</time>
        <hdop>9.2</hdop>
        <extensions>
          <osmand:speed>96.1</osmand:speed>
        </extensions>
      </trkpt>
      <trkpt lat="52.5688555" lon="4.7618319">
        <ele>1465.6</ele>
        <time>2026-09-06T17:42:44Z</time>
        <hdop>1</hdop>
        <extensions>
          <osmand:speed>95.9</osmand:speed>
        </extensions>
      </trkpt>
      <trkpt lat="52.563723" lon="4.7613036">
        <ele>1438.6</ele>
        <time>2026-09-06T17:42:50Z</time>
        <hdop>1</hdop>
        <extensions>
          <osmand:speed>95</osmand:speed>
        </extensions>
      </trkpt>
      <trkpt lat="52.5586367" lon="4.7607701">
        <ele>1410.6</ele>
        <time>2026-09-06T17:42:56Z</time>
        <hdop>8.2</hdop>
        <extensions>
          <osmand:speed>94</osmand:speed>
        </extensions>
      </trkpt>
      <trkpt lat="52.5535874" lon="4.7602349">
        <ele>1381.6</ele>
        <time>2026-09-06T17:43:02Z</time>
        <hdop>9.2</hdop>
        <extensions>
          <osmand:speed>93.6</osmand:speed>
        </extensions>
      </trkpt>
      <trkpt lat="52.548543" lon="4.7598406">
        <ele>1351.6</ele>
        <time>2026-09-06T17:43:08Z</time>
        <hdop>1</hdop>
        <extensions>
          <osmand:speed>93.2</osmand:speed>
        </extensions>
      </trkpt>
      <trkpt lat="52.5435593" lon="4.7593486">
        <ele>1316.6</ele>
        <time>2026-09-06T17:43:14Z</time>
        <hdop>7.1</hdop>
        <extensions>
          <osmand:speed>92.7</osmand:speed>
        </extensions>
      </trkpt>
      <trkpt lat="52.5385592" lon="4.7589888">
        <ele>1280.6</ele>
        <time>2026-09-06T17:43:20Z</time>
        <hdop>7.7</hdop>
        <extensions>
          <osmand:speed>92.9</osmand:speed>
        </extensions>
      </trkpt>
      <trkpt lat="52.5335352" lon="4.7586367">
        <ele>1243.6</ele>
        <time>2026-09-06T17:43:26Z</time>
        <hdop>7.1</hdop>
        <extensions>
          <osmand:speed>93.2</osmand:speed>
        </extensions>
      </trkpt>
      <trkpt lat="52.5285321" lon="4.7582928">
        <ele>1210.6</ele>
        <time>2026-09-06T17:43:32Z</time>
        <hdop>7.7</hdop>
        <extensions>
          <osmand:speed>92.6</osmand:speed>
        </extensions>
      </trkpt>
      <trkpt lat="52.523532" lon="4.7579448">
        <ele>1174.6</ele>
        <time>2026-09-06T17:43:38Z</time>
        <hdop>6.6</hdop>
        <extensions>
          <osmand:speed>93</osmand:speed>
        </extensions>
      </trkpt>
      <trkpt lat="52.5185311" lon="4.7575336">
        <ele>1135.6</ele>
        <time>2026-09-06T17:43:44Z</time>
        <hdop>7.7</hdop>
        <extensions>
          <osmand:speed>93.3</osmand:speed>
        </extensions>
      </trkpt>
      <trkpt lat="52.5135512" lon="4.7571143">
        <ele>1102.6</ele>
        <time>2026-09-06T17:43:50Z</time>
        <hdop>11.7</hdop>
        <extensions>
          <osmand:speed>91.3</osmand:speed>
        </extensions>
      </trkpt>
      <trkpt lat="52.508543" lon="4.7567916">
        <ele>1072.6</ele>
        <time>2026-09-06T17:43:56Z</time>
        <hdop>9.7</hdop>
        <extensions>
          <osmand:speed>89.1</osmand:speed>
        </extensions>
      </trkpt>
      <trkpt lat="52.5036817" lon="4.7562224">
        <ele>1036.6</ele>
        <time>2026-09-06T17:44:02Z</time>
        <hdop>5.1</hdop>
        <extensions>
          <osmand:speed>88.9</osmand:speed>
        </extensions>
      </trkpt>
      <trkpt lat="52.4989553" lon="4.7557863">
        <ele>1003.2</ele>
        <time>2026-09-06T17:44:08Z</time>
        <hdop>4.1</hdop>
        <extensions>
          <osmand:speed>86.7</osmand:speed>
        </extensions>
      </trkpt>
      <trkpt lat="52.4943536" lon="4.7553568">
        <ele>970.2</ele>
        <time>2026-09-06T17:44:14Z</time>
        <hdop>6.6</hdop>
        <extensions>
          <osmand:speed>84.5</osmand:speed>
        </extensions>
      </trkpt>
      <trkpt lat="52.489886" lon="4.7549217">
        <ele>940.2</ele>
        <time>2026-09-06T17:44:20Z</time>
        <hdop>7.1</hdop>
        <extensions>
          <osmand:speed>82.1</osmand:speed>
        </extensions>
      </trkpt>
      <trkpt lat="52.4855123" lon="4.7544717">
        <ele>909.2</ele>
        <time>2026-09-06T17:44:26Z</time>
        <hdop>28.1</hdop>
        <extensions>
          <osmand:speed>80</osmand:speed>
        </extensions>
      </trkpt>
      <trkpt lat="52.4812471" lon="4.7539786">
        <ele>883.2</ele>
        <time>2026-09-06T17:44:32Z</time>
        <hdop>11.2</hdop>
        <extensions>
          <osmand:speed>78.3</osmand:speed>
        </extensions>
      </trkpt>
      <trkpt lat="52.4770121" lon="4.7536118">
        <ele>859.2</ele>
        <time>2026-09-06T17:44:38Z</time>
        <hdop>12.2</hdop>
        <extensions>
          <osmand:speed>78.2</osmand:speed>
        </extensions>
      </trkpt>
      <trkpt lat="52.4727462" lon="4.7532667">
        <ele>834.2</ele>
        <time>2026-09-06T17:44:44Z</time>
        <hdop>13.8</hdop>
        <extensions>
          <osmand:speed>78.4</osmand:speed>
        </extensions>
      </trkpt>
      <trkpt lat="52.46852" lon="4.7528544">
        <ele>809.2</ele>
        <time>2026-09-06T17:44:50Z</time>
        <hdop>9.7</hdop>
        <extensions>
          <osmand:speed>79.2</osmand:speed>
        </extensions>
      </trkpt>
      <trkpt lat="52.4643046" lon="4.7524257">
        <ele>787.2</ele>
        <time>2026-09-06T17:44:56Z</time>
        <hdop>8.2</hdop>
        <extensions>
          <osmand:speed>78.7</osmand:speed>
        </extensions>
      </trkpt>
      <trkpt lat="52.4600877" lon="4.7519435">
        <ele>760.2</ele>
        <time>2026-09-06T17:45:02Z</time>
        <hdop>8.7</hdop>
        <extensions>
          <osmand:speed>79</osmand:speed>
        </extensions>
      </trkpt>
      <trkpt lat="52.4558301" lon="4.7515297">
        <ele>734.2</ele>
        <time>2026-09-06T17:45:08Z</time>
        <hdop>8.7</hdop>
        <extensions>
          <osmand:speed>79.1</osmand:speed>
        </extensions>
      </trkpt>
      <trkpt lat="52.4515638" lon="4.7511352">
        <ele>711.2</ele>
        <time>2026-09-06T17:45:14Z</time>
        <hdop>4.1</hdop>
        <extensions>
          <osmand:speed>78.6</osmand:speed>
        </extensions>
      </trkpt>
      <trkpt lat="52.4473157" lon="4.7507647">
        <ele>690.2</ele>
        <time>2026-09-06T17:45:20Z</time>
        <hdop>12.2</hdop>
        <extensions>
          <osmand:speed>78.8</osmand:speed>
        </extensions>
      </trkpt>
      <trkpt lat="52.4430655" lon="4.7504496">
        <ele>675.2</ele>
        <time>2026-09-06T17:45:26Z</time>
        <hdop>16.8</hdop>
        <extensions>
          <osmand:speed>77.6</osmand:speed>
        </extensions>
      </trkpt>
      <trkpt lat="52.438814" lon="4.7499679">
        <ele>643.1</ele>
        <time>2026-09-06T17:45:32Z</time>
        <hdop>10.7</hdop>
        <extensions>
          <osmand:speed>79.2</osmand:speed>
        </extensions>
      </trkpt>
      <trkpt lat="52.434557" lon="4.7494992">
        <ele>612.1</ele>
        <time>2026-09-06T17:45:38Z</time>
        <hdop>8.2</hdop>
        <extensions>
          <osmand:speed>79.3</osmand:speed>
        </extensions>
      </trkpt>
      <trkpt lat="52.4302872" lon="4.749134">
        <ele>584.1</ele>
        <time>2026-09-06T17:45:44Z</time>
        <hdop>12.8</hdop>
        <extensions>
          <osmand:speed>79.3</osmand:speed>
        </extensions>
      </trkpt>
      <trkpt lat="52.4260489" lon="4.7488308">
        <ele>560.1</ele>
        <time>2026-09-06T17:45:50Z</time>
        <hdop>14.8</hdop>
        <extensions>
          <osmand:speed>78.1</osmand:speed>
        </extensions>
      </trkpt>
      <trkpt lat="52.42188" lon="4.7484231">
        <ele>536.1</ele>
        <time>2026-09-06T17:45:56Z</time>
        <hdop>7.1</hdop>
        <extensions>
          <osmand:speed>75.8</osmand:speed>
        </extensions>
      </trkpt>
      <trkpt lat="52.4177833" lon="4.7480731">
        <ele>513.1</ele>
        <time>2026-09-06T17:46:02Z</time>
        <hdop>4.1</hdop>
        <extensions>
          <osmand:speed>75.4</osmand:speed>
        </extensions>
      </trkpt>
      <trkpt lat="52.4137149" lon="4.7477816">
        <ele>492.1</ele>
        <time>2026-09-06T17:46:08Z</time>
        <hdop>7.7</hdop>
        <extensions>
          <osmand:speed>77.5</osmand:speed>
        </extensions>
      </trkpt>
      <trkpt lat="52.4097202" lon="4.7473441">
        <ele>468.1</ele>
        <time>2026-09-06T17:46:14Z</time>
        <hdop>8.2</hdop>
        <extensions>
          <osmand:speed>73.9</osmand:speed>
        </extensions>
      </trkpt>
      <trkpt lat="52.4057785" lon="4.7469444">
        <ele>444.1</ele>
        <time>2026-09-06T17:46:20Z</time>
        <hdop>8.7</hdop>
        <extensions>
          <osmand:speed>73.2</osmand:speed>
        </extensions>
      </trkpt>
      <trkpt lat="52.4018516" lon="4.7466195">
        <ele>418.1</ele>
        <time>2026-09-06T17:46:26Z</time>
        <hdop>8.2</hdop>
        <extensions>
          <osmand:speed>72.9</osmand:speed>
        </extensions>
      </trkpt>
      <trkpt lat="52.3979396" lon="4.7462792">
        <ele>395.1</ele>
        <time>2026-09-06T17:46:32Z</time>
        <hdop>8.2</hdop>
        <extensions>
          <osmand:speed>72.9</osmand:speed>
        </extensions>
      </trkpt>
      <trkpt lat="52.394013" lon="4.7459035">
        <ele>374.1</ele>
        <time>2026-09-06T17:46:38Z</time>
        <hdop>11.7</hdop>
        <extensions>
          <osmand:speed>73</osmand:speed>
        </extensions>
      </trkpt>
      <trkpt lat="52.390069" lon="4.7455545">
        <ele>353.1</ele>
        <time>2026-09-06T17:46:44Z</time>
        <hdop>20.4</hdop>
        <extensions>
          <osmand:speed>73.3</osmand:speed>
        </extensions>
      </trkpt>
      <trkpt lat="52.3861307" lon="4.7451866">
        <ele>333.1</ele>
        <time>2026-09-06T17:46:50Z</time>
        <hdop>8.7</hdop>
        <extensions>
          <osmand:speed>73.4</osmand:speed>
        </extensions>
      </trkpt>
      <trkpt lat="52.3821671" lon="4.7447929">
        <ele>307.1</ele>
        <time>2026-09-06T17:46:56Z</time>
        <hdop>11.2</hdop>
        <extensions>
          <osmand:speed>74.1</osmand:speed>
        </extensions>
      </trkpt>
      <trkpt lat="52.3781772" lon="4.7444151">
        <ele>282.1</ele>
        <time>2026-09-06T17:47:02Z</time>
        <hdop>15.3</hdop>
        <extensions>
          <osmand:speed>74.1</osmand:speed>
        </extensions>
      </trkpt>
      <trkpt lat="52.374196" lon="4.7440234">
        <ele>258.1</ele>
        <time>2026-09-06T17:47:08Z</time>
        <hdop>8.2</hdop>
        <extensions>
          <osmand:speed>74.1</osmand:speed>
        </extensions>
      </trkpt>
      <trkpt lat="52.3702176" lon="4.7435835">
        <ele>238.1</ele>
        <time>2026-09-06T17:47:14Z</time>
        <hdop>10.2</hdop>
        <extensions>
          <osmand:speed>74.3</osmand:speed>
        </extensions>
      </trkpt>
      <trkpt lat="52.3662194" lon="4.7432089">
        <ele>214.1</ele>
        <time>2026-09-06T17:47:20Z</time>
        <hdop>9.7</hdop>
        <extensions>
          <osmand:speed>74.4</osmand:speed>
        </extensions>
      </trkpt>
      <trkpt lat="52.3622454" lon="4.7428733">
        <ele>195.1</ele>
        <time>2026-09-06T17:47:26Z</time>
        <hdop>8.7</hdop>
        <extensions>
          <osmand:speed>74.2</osmand:speed>
        </extensions>
      </trkpt>
      <trkpt lat="52.3582526" lon="4.7425428">
        <ele>173.1</ele>
        <time>2026-09-06T17:47:32Z</time>
        <hdop>7.7</hdop>
        <extensions>
          <osmand:speed>74.5</osmand:speed>
        </extensions>
      </trkpt>
      <trkpt lat="52.3542224" lon="4.742141">
        <ele>150.1</ele>
        <time>2026-09-06T17:47:38Z</time>
        <hdop>6.6</hdop>
        <extensions>
          <osmand:speed>75.1</osmand:speed>
        </extensions>
      </trkpt>
      <trkpt lat="52.3501552" lon="4.741774">
        <ele>128.1</ele>
        <time>2026-09-06T17:47:44Z</time>
        <hdop>8.7</hdop>
        <extensions>
          <osmand:speed>76.1</osmand:speed>
        </extensions>
      </trkpt>
      <trkpt lat="52.3459994" lon="4.7413941">
        <ele>101.1</ele>
        <time>2026-09-06T17:47:50Z</time>
        <hdop>9.7</hdop>
        <extensions>
          <osmand:speed>77.5</osmand:speed>
        </extensions>
      </trkpt>
      <trkpt lat="52.3418105" lon="4.7410013">
        <ele>77.1</ele>
        <time>2026-09-06T17:47:56Z</time>
        <hdop>9.7</hdop>
        <extensions>
          <osmand:speed>78</osmand:speed>
        </extensions>
      </trkpt>
      <trkpt lat="52.3375796" lon="4.7406064">
        <ele>52.1</ele>
        <time>2026-09-06T17:48:02Z</time>
        <hdop>10.2</hdop>
        <extensions>
          <osmand:speed>78.7</osmand:speed>
        </extensions>
      </trkpt>
      <trkpt lat="52.3333071" lon="4.7402474">
        <ele>26.1</ele>
        <time>2026-09-06T17:48:08Z</time>
        <hdop>8.7</hdop>
        <extensions>
          <osmand:speed>79.5</osmand:speed>
        </extensions>
      </trkpt>
      <trkpt lat="52.329019" lon="4.7398279">
        <ele>4.1</ele>
        <time>2026-09-06T17:48:14Z</time>
        <hdop>9.7</hdop>
        <extensions>
          <osmand:speed>80.1</osmand:speed>
        </extensions>
      </trkpt>
      <trkpt lat="52.3247978" lon="4.7394245">
        <ele>2.1</ele>
        <time>2026-09-06T17:48:20Z</time>
        <hdop>7.7</hdop>
        <extensions>
          <osmand:speed>76.3</osmand:speed>
        </extensions>
      </trkpt>
      <trkpt lat="52.3210135" lon="4.7390969">
        <ele>2.1</ele>
        <time>2026-09-06T17:48:26Z</time>
        <hdop>10.7</hdop>
        <extensions>
          <osmand:speed>63.9</osmand:speed>
        </extensions>
      </trkpt>
      <trkpt lat="52.3179286" lon="4.7388051">
        <ele>-0.9</ele>
        <time>2026-09-06T17:48:32Z</time>
        <hdop>8.2</hdop>
        <extensions>
          <osmand:speed>50.2</osmand:speed>
        </extensions>
      </trkpt>
      <trkpt lat="52.3156629" lon="4.7385888">
        <ele>-3.9</ele>
        <time>2026-09-06T17:48:38Z</time>
        <hdop>13.3</hdop>
        <extensions>
          <osmand:speed>35.7</osmand:speed>
        </extensions>
      </trkpt>
      <trkpt lat="52.3140982" lon="4.7384575">
        <ele>-5.9</ele>
        <time>2026-09-06T17:48:44Z</time>
        <hdop>13.3</hdop>
        <extensions>
          <osmand:speed>23.4</osmand:speed>
        </extensions>
      </trkpt>
      <trkpt lat="52.3130374" lon="4.7384686">
        <ele>-8.9</ele>
        <time>2026-09-06T17:48:50Z</time>
        <hdop>18.9</hdop>
        <extensions>
          <osmand:speed>17.7</osmand:speed>
        </extensions>
      </trkpt>
      <trkpt lat="52.312148" lon="4.7387794">
        <ele>-13.9</ele>
        <time>2026-09-06T17:48:56Z</time>
        <hdop>44.4</hdop>
        <extensions>
          <osmand:speed>13.8</osmand:speed>
        </extensions>
      </trkpt>
      <trkpt lat="52.3114994" lon="4.7394469">
        <ele>-9.9</ele>
        <time>2026-09-06T17:49:02Z</time>
        <hdop>27.6</hdop>
        <extensions>
          <osmand:speed>15.4</osmand:speed>
        </extensions>
      </trkpt>
      <trkpt lat="52.3111695" lon="4.7398144">
        <ele>-6.9</ele>
        <time>2026-09-06T17:49:08Z</time>
        <hdop>22.4</hdop>
        <extensions>
          <osmand:speed>8.2</osmand:speed>
        </extensions>
      </trkpt>
      <trkpt lat="52.3110383" lon="4.7404857">
        <ele>-8.9</ele>
        <time>2026-09-06T17:49:14Z</time>
        <hdop>16.8</hdop>
        <extensions>
          <osmand:speed>7.1</osmand:speed>
        </extensions>
      </trkpt>
      <trkpt lat="52.3113187" lon="4.741029">
        <ele>-9.9</ele>
        <time>2026-09-06T17:49:20Z</time>
        <hdop>11.7</hdop>
        <extensions>
          <osmand:speed>8.7</osmand:speed>
        </extensions>
      </trkpt>
      <trkpt lat="52.3117919" lon="4.7412046">
        <ele>-6.9</ele>
        <time>2026-09-06T17:49:26Z</time>
        <hdop>10.7</hdop>
        <extensions>
          <osmand:speed>8.8</osmand:speed>
        </extensions>
      </trkpt>
      <trkpt lat="52.3122771" lon="4.7412441">
        <ele>-3.9</ele>
        <time>2026-09-06T17:49:32Z</time>
        <hdop>9.2</hdop>
        <extensions>
          <osmand:speed>9.5</osmand:speed>
        </extensions>
      </trkpt>
      <trkpt lat="52.3128066" lon="4.7412868">
        <ele>-4.9</ele>
        <time>2026-09-06T17:49:38Z</time>
        <hdop>8.7</hdop>
        <extensions>
          <osmand:speed>10</osmand:speed>
        </extensions>
      </trkpt>
      <trkpt lat="52.3132839" lon="4.7413091">
        <ele>-3.9</ele>
        <time>2026-09-06T17:49:44Z</time>
        <hdop>8.7</hdop>
        <extensions>
          <osmand:speed>8.3</osmand:speed>
        </extensions>
      </trkpt>
      <trkpt lat="52.3137007" lon="4.7415939">
        <ele>-5.9</ele>
        <time>2026-09-06T17:49:50Z</time>
        <hdop>11.2</hdop>
        <extensions>
          <osmand:speed>8.8</osmand:speed>
        </extensions>
      </trkpt>
      <trkpt lat="52.3139089" lon="4.7422111">
        <ele>-3.9</ele>
        <time>2026-09-06T17:49:56Z</time>
        <hdop>11.2</hdop>
        <extensions>
          <osmand:speed>8.9</osmand:speed>
        </extensions>
      </trkpt>
      <trkpt lat="52.3139672" lon="4.743044">
        <ele>-1.9</ele>
        <time>2026-09-06T17:50:02Z</time>
        <hdop>9.7</hdop>
        <extensions>
          <osmand:speed>10.9</osmand:speed>
        </extensions>
      </trkpt>
      <trkpt lat="52.31398" lon="4.7441283">
        <ele>-2.9</ele>
        <time>2026-09-06T17:50:08Z</time>
        <hdop>8.7</hdop>
        <extensions>
          <osmand:speed>13.4</osmand:speed>
        </extensions>
      </trkpt>
      <trkpt lat="52.3140195" lon="4.7453776">
        <ele>-2.9</ele>
        <time>2026-09-06T17:50:14Z</time>
        <hdop>7.1</hdop>
        <extensions>
          <osmand:speed>15</osmand:speed>
        </extensions>
      </trkpt>
      <trkpt lat="52.3140935" lon="4.7467236">
        <ele>0.1</ele>
        <time>2026-09-06T17:50:20Z</time>
        <hdop>7.1</hdop>
        <extensions>
          <osmand:speed>14.7</osmand:speed>
        </extensions>
      </trkpt>
      <trkpt lat="52.3141275" lon="4.7479881">
        <ele>4.1</ele>
        <time>2026-09-06T17:50:26Z</time>
        <hdop>6.1</hdop>
        <extensions>
          <osmand:speed>14.1</osmand:speed>
        </extensions>
      </trkpt>
      <trkpt lat="52.3141318" lon="4.7491858">
        <ele>3.1</ele>
        <time>2026-09-06T17:50:32Z</time>
        <hdop>7.1</hdop>
        <extensions>
          <osmand:speed>13.1</osmand:speed>
        </extensions>
      </trkpt>
      <trkpt lat="52.3141591" lon="4.7502701">
        <ele>6.2</ele>
        <time>2026-09-06T17:50:38Z</time>
        <hdop>7.1</hdop>
        <extensions>
          <osmand:speed>12</osmand:speed>
        </extensions>
      </trkpt>
      <trkpt lat="52.3141917" lon="4.7513114">
        <ele>6.2</ele>
        <time>2026-09-06T17:50:44Z</time>
        <hdop>8.2</hdop>
        <extensions>
          <osmand:speed>11.6</osmand:speed>
        </extensions>
      </trkpt>
      <trkpt lat="52.3142312" lon="4.7523606">
        <ele>5.2</ele>
        <time>2026-09-06T17:50:50Z</time>
        <hdop>7.7</hdop>
        <extensions>
          <osmand:speed>11.7</osmand:speed>
        </extensions>
      </trkpt>
      <trkpt lat="52.3142611" lon="4.7534048">
        <ele>3.2</ele>
        <time>2026-09-06T17:50:56Z</time>
        <hdop>8.7</hdop>
        <extensions>
          <osmand:speed>11.8</osmand:speed>
        </extensions>
      </trkpt>
      <trkpt lat="52.3143256" lon="4.7543516">
        <ele>2.2</ele>
        <time>2026-09-06T17:51:02Z</time>
        <hdop>8.7</hdop>
        <extensions>
          <osmand:speed>9.8</osmand:speed>
        </extensions>
      </trkpt>
      <trkpt lat="52.3143684" lon="4.7552408">
        <ele>2.2</ele>
        <time>2026-09-06T17:51:08Z</time>
        <hdop>7.1</hdop>
        <extensions>
          <osmand:speed>10.5</osmand:speed>
        </extensions>
      </trkpt>
      <trkpt lat="52.314381" lon="4.7561857">
        <ele>1.2</ele>
        <time>2026-09-06T17:51:14Z</time>
        <hdop>8.2</hdop>
        <extensions>
          <osmand:speed>10.8</osmand:speed>
        </extensions>
      </trkpt>
      <trkpt lat="52.3144336" lon="4.7570866">
        <ele>-0.8</ele>
        <time>2026-09-06T17:51:20Z</time>
        <hdop>9.2</hdop>
        <extensions>
          <osmand:speed>9.1</osmand:speed>
        </extensions>
      </trkpt>
      <trkpt lat="52.3147074" lon="4.7576576">
        <ele>-1.8</ele>
        <time>2026-09-06T17:51:26Z</time>
        <hdop>6.6</hdop>
        <extensions>
          <osmand:speed>7.8</osmand:speed>
        </extensions>
      </trkpt>
      <trkpt lat="52.3150921" lon="4.7580445">
        <ele>-1.8</ele>
        <time>2026-09-06T17:51:32Z</time>
        <hdop>6.6</hdop>
        <extensions>
          <osmand:speed>9</osmand:speed>
        </extensions>
      </trkpt>
      <trkpt lat="52.3153081" lon="4.758808">
        <ele>-0.8</ele>
        <time>2026-09-06T17:51:38Z</time>
        <hdop>7.1</hdop>
        <extensions>
          <osmand:speed>10.8</osmand:speed>
        </extensions>
      </trkpt>
      <trkpt lat="52.3153367" lon="4.7598116">
        <ele>-0.8</ele>
        <time>2026-09-06T17:51:44Z</time>
        <hdop>8.7</hdop>
        <extensions>
          <osmand:speed>12.8</osmand:speed>
        </extensions>
      </trkpt>
      <trkpt lat="52.3153824" lon="4.7610378">
        <ele>-0.8</ele>
        <time>2026-09-06T17:51:50Z</time>
        <hdop>7.7</hdop>
        <extensions>
          <osmand:speed>14.7</osmand:speed>
        </extensions>
      </trkpt>
      <trkpt lat="52.31543" lon="4.7623394">
        <ele>-1.8</ele>
        <time>2026-09-06T17:51:56Z</time>
        <hdop>7.1</hdop>
        <extensions>
          <osmand:speed>14.9</osmand:speed>
        </extensions>
      </trkpt>
      <trkpt lat="52.3154773" lon="4.7636534">
        <ele>-2.8</ele>
        <time>2026-09-06T17:52:02Z</time>
        <hdop>8.7</hdop>
        <extensions>
          <osmand:speed>14.5</osmand:speed>
        </extensions>
      </trkpt>
      <trkpt lat="52.3155046" lon="4.7649728">
        <ele>-2.8</ele>
        <time>2026-09-06T17:52:08Z</time>
        <hdop>9.7</hdop>
        <extensions>
          <osmand:speed>14.8</osmand:speed>
        </extensions>
      </trkpt>
      <trkpt lat="52.3155446" lon="4.7662453">
        <ele>-3.8</ele>
        <time>2026-09-06T17:52:14Z</time>
        <hdop>8.7</hdop>
        <extensions>
          <osmand:speed>15</osmand:speed>
        </extensions>
      </trkpt>
      <trkpt lat="52.3156017" lon="4.7675021">
        <ele>-3.8</ele>
        <time>2026-09-06T17:52:20Z</time>
        <hdop>9.2</hdop>
        <extensions>
          <osmand:speed>13.9</osmand:speed>
        </extensions>
      </trkpt>
      <trkpt lat="52.3156514" lon="4.7687422">
        <ele>-2.8</ele>
        <time>2026-09-06T17:52:26Z</time>
        <hdop>9.7</hdop>
        <extensions>
          <osmand:speed>14.3</osmand:speed>
        </extensions>
      </trkpt>
      <trkpt lat="52.3156899" lon="4.7699231">
        <ele>-3.8</ele>
        <time>2026-09-06T17:52:32Z</time>
        <hdop>7.7</hdop>
        <extensions>
          <osmand:speed>12.1</osmand:speed>
        </extensions>
      </trkpt>
      <trkpt lat="52.3157137" lon="4.770865">
        <ele>-3.8</ele>
        <time>2026-09-06T17:52:38Z</time>
        <hdop>9.7</hdop>
        <extensions>
          <osmand:speed>9.1</osmand:speed>
        </extensions>
      </trkpt>
      <trkpt lat="52.3156248" lon="4.7715303">
        <ele>-4.8</ele>
        <time>2026-09-06T17:52:44Z</time>
        <hdop>8.7</hdop>
        <extensions>
          <osmand:speed>7.6</osmand:speed>
        </extensions>
      </trkpt>
      <trkpt lat="52.3152987" lon="4.7719425">
        <ele>-5.8</ele>
        <time>2026-09-06T17:52:50Z</time>
        <hdop>8.7</hdop>
        <extensions>
          <osmand:speed>7.9</osmand:speed>
        </extensions>
      </trkpt>
      <trkpt lat="52.3148683" lon="4.7720929">
        <ele>-4.8</ele>
        <time>2026-09-06T17:52:56Z</time>
        <hdop>8.7</hdop>
        <extensions>
          <osmand:speed>8.7</osmand:speed>
        </extensions>
      </trkpt>
      <trkpt lat="52.3144254" lon="4.7724867">
        <ele>-2.8</ele>
        <time>2026-09-06T17:53:02Z</time>
        <hdop>9.2</hdop>
        <extensions>
          <osmand:speed>10.3</osmand:speed>
        </extensions>
      </trkpt>
      <trkpt lat="52.3139998" lon="4.773156">
        <ele>-2.8</ele>
        <time>2026-09-06T17:53:08Z</time>
        <hdop>9.2</hdop>
        <extensions>
          <osmand:speed>11.3</osmand:speed>
        </extensions>
      </trkpt>
      <trkpt lat="52.3135854" lon="4.7739246">
        <ele>-5.8</ele>
        <time>2026-09-06T17:53:14Z</time>
        <hdop>8.7</hdop>
        <extensions>
          <osmand:speed>11.6</osmand:speed>
        </extensions>
      </trkpt>
      <trkpt lat="52.3131438" lon="4.7746188">
        <ele>-5.8</ele>
        <time>2026-09-06T17:53:20Z</time>
        <hdop>10.7</hdop>
        <extensions>
          <osmand:speed>11.7</osmand:speed>
        </extensions>
      </trkpt>
      <trkpt lat="52.3125924" lon="4.7750306">
        <ele>-4.8</ele>
        <time>2026-09-06T17:53:26Z</time>
        <hdop>9.2</hdop>
        <extensions>
          <osmand:speed>11.6</osmand:speed>
        </extensions>
      </trkpt>
      <trkpt lat="52.3119936" lon="4.7750404">
        <ele>-3.8</ele>
        <time>2026-09-06T17:53:32Z</time>
        <hdop>6.6</hdop>
        <extensions>
          <osmand:speed>11.5</osmand:speed>
        </extensions>
      </trkpt>
      <trkpt lat="52.3114268" lon="4.7749977">
        <ele>-2.8</ele>
        <time>2026-09-06T17:53:38Z</time>
        <hdop>6.1</hdop>
        <extensions>
          <osmand:speed>9.4</osmand:speed>
        </extensions>
      </trkpt>
      <trkpt lat="52.3109994" lon="4.7748423">
        <ele>-2.8</ele>
        <time>2026-09-06T17:53:44Z</time>
        <hdop>6.1</hdop>
        <extensions>
          <osmand:speed>6.9</osmand:speed>
        </extensions>
      </trkpt>
      <trkpt lat="52.3107915" lon="4.7744235">
        <ele>-2.8</ele>
        <time>2026-09-06T17:53:50Z</time>
        <hdop>8.7</hdop>
        <extensions>
          <osmand:speed>5.5</osmand:speed>
        </extensions>
      </trkpt>
      <trkpt lat="52.3108442" lon="4.7740294">
        <ele>-2.8</ele>
        <time>2026-09-06T17:53:56Z</time>
        <hdop>7.1</hdop>
        <extensions>
          <osmand:speed>4.3</osmand:speed>
        </extensions>
      </trkpt>
      <trkpt lat="52.3110105" lon="4.7738838">
        <ele>-3.8</ele>
        <time>2026-09-06T17:54:02Z</time>
        <hdop>7.1</hdop>
        <extensions>
          <osmand:speed>3.8</osmand:speed>
        </extensions>
      </trkpt>
      <trkpt lat="52.3111947" lon="4.7738732">
        <ele>-3.8</ele>
        <time>2026-09-06T17:54:08Z</time>
        <hdop>7.7</hdop>
        <extensions>
          <osmand:speed>2.7</osmand:speed>
        </extensions>
      </trkpt>
      <trkpt lat="52.3113289" lon="4.7738693">
        <ele>-3.8</ele>
        <time>2026-09-06T17:54:14Z</time>
        <hdop>7.1</hdop>
        <extensions>
          <osmand:speed>1.9</osmand:speed>
        </extensions>
      </trkpt>
      <trkpt lat="52.3113953" lon="4.7738725">
        <ele>-2.8</ele>
        <time>2026-09-06T17:54:20Z</time>
        <hdop>7.7</hdop>
        <extensions>
          <osmand:speed>0.8</osmand:speed>
        </extensions>
      </trkpt>
      <trkpt lat="52.311418" lon="4.7738714">
        <ele>-3.8</ele>
        <time>2026-09-06T17:54:26Z</time>
        <hdop>7.7</hdop>
      </trkpt>
      <trkpt lat="52.311418" lon="4.7738714">
        <ele>-3.8</ele>
        <time>2026-09-06T17:54:32Z</time>
        <hdop>7.1</hdop>
      </trkpt>
    </trkseg>
  </trk>
  <extensions>
    <osmand:show_arrows>false</osmand:show_arrows>
    <osmand:show_start_finish>true</osmand:show_start_finish>
    <osmand:split_interval>0.0</osmand:split_interval>
    <osmand:split_type>no_split</osmand:split_type>
    <osmand:line_3d_visualization_by_type>none</osmand:line_3d_visualization_by_type>
    <osmand:line_3d_visualization_wall_color_type>none</osmand:line_3d_visualization_wall_color_type>
    <osmand:line_3d_visualization_position_type>top</osmand:line_3d_visualization_position_type>
    <osmand:vertical_exaggeration_scale>1.0</osmand:vertical_exaggeration_scale>
    <osmand:elevation_meters>1000.0</osmand:elevation_meters>
    <osmand:color>#D00D0D</osmand:color>
    <osmand:width></osmand:width>
    <osmand:coloring_type>solid</osmand:coloring_type>
  </extensions>
</gpx>
