<?xml version='1.0' encoding='UTF-8' standalone='yes' ?>
<gpx version="1.1" creator="OsmAnd~ 5.3.10" xmlns="http://www.topografix.com/GPX/1/1" xmlns:osmand="https://osmand.net/docs/technical/osmand-file-formats/osmand-gpx" xmlns:gpxtpx="https://www8.garmin.com/xmlschemas/TrackPointExtensionv1.xsd" xmlns:xsi="http://www.w3.org/2001/XMLSchema-instance" xsi:schemaLocation="http://www.topografix.com/GPX/1/1 https://www.topografix.com/GPX/1/1/gpx.xsd">
  <metadata>
    <name>2026-07-11_12-34_Sat FRA - GRZ</name>
    <time>2026-07-11T11:54:39Z</time>
  </metadata>
  <trk>
    <trkseg>
      <trkpt lat="50.0485767" lon="8.5898318">
        <ele>103.7</ele>
        <time>2026-07-11T10:34:36Z</time>
        <hdop>19.9</hdop>
        <extensions>
          <osmand:speed>0.2</osmand:speed>
        </extensions>
      </trkpt>
      <trkpt lat="50.0485717" lon="8.5898334">
        <ele>105.7</ele>
        <time>2026-07-11T10:34:42Z</time>
        <hdop>10.7</hdop>
      </trkpt>
      <trkpt lat="50.0485717" lon="8.5898334">
        <ele>105.7</ele>
        <time>2026-07-11T10:34:48Z</time>
        <hdop>10.2</hdop>
      </trkpt>
      <trkpt lat="50.0485717" lon="8.5898334">
        <ele>105.7</ele>
        <time>2026-07-11T10:34:54Z</time>
        <hdop>18.4</hdop>
      </trkpt>
      <trkpt lat="50.0485748" lon="8.5898595">
        <ele>106.7</ele>
        <time>2026-07-11T10:35:00Z</time>
        <hdop>24</hdop>
        <extensions>
          <osmand:speed>0.6</osmand:speed>
        </extensions>
      </trkpt>
      <trkpt lat="50.0485671" lon="8.5898825">
        <ele>105.7</ele>
        <time>2026-07-11T10:35:06Z</time>
        <hdop>27.6</hdop>
      </trkpt>
      <trkpt lat="50.0485671" lon="8.5898825">
        <ele>105.7</ele>
        <time>2026-07-11T10:35:12Z</time>
        <hdop>27.6</hdop>
      </trkpt>
      <trkpt lat="50.0485867" lon="8.589904">
        <ele>105.7</ele>
        <time>2026-07-11T10:35:18Z</time>
        <hdop>14.8</hdop>
        <extensions>
          <osmand:speed>0.5</osmand:speed>
        </extensions>
      </trkpt>
      <trkpt lat="50.0485927" lon="8.5899132">
        <ele>107.7</ele>
        <time>2026-07-11T10:35:24Z</time>
        <hdop>24.5</hdop>
        <extensions>
          <osmand:speed>0.2</osmand:speed>
        </extensions>
      </trkpt>
      <trkpt lat="50.0485897" lon="8.5899212">
        <ele>108.7</ele>
        <time>2026-07-11T10:35:30Z</time>
        <hdop>15.8</hdop>
        <extensions>
          <osmand:speed>0.4</osmand:speed>
        </extensions>
      </trkpt>
      <trkpt lat="50.048571" lon="8.5898968">
        <ele>107.7</ele>
        <time>2026-07-11T10:35:36Z</time>
        <hdop>12.8</hdop>
        <extensions>
          <osmand:speed>0.4</osmand:speed>
        </extensions>
      </trkpt>
      <trkpt lat="50.0485725" lon="8.5899195">
        <ele>109.7</ele>
        <time>2026-07-11T10:35:42Z</time>
        <hdop>14.8</hdop>
        <extensions>
          <osmand:speed>0.6</osmand:speed>
        </extensions>
      </trkpt>
      <trkpt lat="50.0485665" lon="8.5899297">
        <ele>109.7</ele>
        <time>2026-07-11T10:35:48Z</time>
        <hdop>20.9</hdop>
        <extensions>
          <osmand:speed>0.4</osmand:speed>
        </extensions>
      </trkpt>
      <trkpt lat="50.048575" lon="8.5899318">
        <ele>109.7</ele>
        <time>2026-07-11T10:35:54Z</time>
        <hdop>11.7</hdop>
      </trkpt>
      <trkpt lat="50.048575" lon="8.5899318">
        <ele>109.7</ele>
        <time>2026-07-11T10:36:00Z</time>
        <hdop>11.2</hdop>
      </trkpt>
      <trkpt lat="50.0485846" lon="8.5899088">
        <ele>108.7</ele>
        <time>2026-07-11T10:36:06Z</time>
        <hdop>11.7</hdop>
        <extensions>
          <osmand:speed>0.5</osmand:speed>
        </extensions>
      </trkpt>
      <trkpt lat="50.0485901" lon="8.5898961">
        <ele>108.7</ele>
        <time>2026-07-11T10:36:12Z</time>
        <hdop>11.2</hdop>
      </trkpt>
      <trkpt lat="50.0485901" lon="8.5898961">
        <ele>108.7</ele>
        <time>2026-07-11T10:36:18Z</time>
        <hdop>9.7</hdop>
      </trkpt>
      <trkpt lat="50.0485901" lon="8.5898961">
        <ele>108.7</ele>
        <time>2026-07-11T10:36:24Z</time>
        <hdop>9.2</hdop>
      </trkpt>
      <trkpt lat="50.0485901" lon="8.5898961">
        <ele>108.7</ele>
        <time>2026-07-11T10:36:30Z</time>
        <hdop>8.7</hdop>
      </trkpt>
      <trkpt lat="50.0485901" lon="8.5898961">
        <ele>108.7</ele>
        <time>2026-07-11T10:36:36Z</time>
        <hdop>9.2</hdop>
      </trkpt>
      <trkpt lat="50.0485901" lon="8.5898961">
        <ele>108.7</ele>
        <time>2026-07-11T10:36:42Z</time>
        <hdop>9.7</hdop>
      </trkpt>
      <trkpt lat="50.0485901" lon="8.5898961">
        <ele>108.7</ele>
        <time>2026-07-11T10:36:48Z</time>
        <hdop>8.7</hdop>
      </trkpt>
      <trkpt lat="50.0485879" lon="8.5898948">
        <ele>110.7</ele>
        <time>2026-07-11T10:36:54Z</time>
        <hdop>8.7</hdop>
      </trkpt>
      <trkpt lat="50.0485867" lon="8.5898705">
        <ele>109.7</ele>
        <time>2026-07-11T10:37:00Z</time>
        <hdop>1</hdop>
        <extensions>
          <osmand:speed>0.2</osmand:speed>
        </extensions>
      </trkpt>
      <trkpt lat="50.0485864" lon="8.5898731">
        <ele>109.7</ele>
        <time>2026-07-11T10:37:06Z</time>
        <hdop>8.2</hdop>
      </trkpt>
      <trkpt lat="50.0485864" lon="8.5898731">
        <ele>109.7</ele>
        <time>2026-07-11T10:37:12Z</time>
        <hdop>8.2</hdop>
      </trkpt>
      <trkpt lat="50.0485864" lon="8.5898731">
        <ele>109.7</ele>
        <time>2026-07-11T10:37:18Z</time>
        <hdop>7.7</hdop>
      </trkpt>
      <trkpt lat="50.0485864" lon="8.5898731">
        <ele>109.7</ele>
        <time>2026-07-11T10:37:24Z</time>
        <hdop>7.7</hdop>
      </trkpt>
      <trkpt lat="50.0485864" lon="8.5898781">
        <ele>108.7</ele>
        <time>2026-07-11T10:37:30Z</time>
        <hdop>7.7</hdop>
      </trkpt>
      <trkpt lat="50.0485898" lon="8.5898705">
        <ele>108.7</ele>
        <time>2026-07-11T10:37:36Z</time>
        <hdop>7.7</hdop>
      </trkpt>
      <trkpt lat="50.0485898" lon="8.5898705">
        <ele>108.7</ele>
        <time>2026-07-11T10:37:42Z</time>
        <hdop>7.7</hdop>
      </trkpt>
      <trkpt lat="50.0485898" lon="8.5898705">
        <ele>108.7</ele>
        <time>2026-07-11T10:37:48Z</time>
        <hdop>8.2</hdop>
      </trkpt>
      <trkpt lat="50.0485898" lon="8.5898705">
        <ele>108.7</ele>
        <time>2026-07-11T10:37:54Z</time>
        <hdop>8.2</hdop>
      </trkpt>
      <trkpt lat="50.0485899" lon="8.5898748">
        <ele>108.7</ele>
        <time>2026-07-11T10:38:00Z</time>
        <hdop>9.2</hdop>
      </trkpt>
      <trkpt lat="50.0485906" lon="8.5898733">
        <ele>108.7</ele>
        <time>2026-07-11T10:38:06Z</time>
        <hdop>7.1</hdop>
        <extensions>
          <osmand:speed>0</osmand:speed>
        </extensions>
      </trkpt>
      <trkpt lat="50.0485906" lon="8.5898732">
        <ele>108.7</ele>
        <time>2026-07-11T10:38:12Z</time>
        <hdop>7.7</hdop>
      </trkpt>
      <trkpt lat="50.0485906" lon="8.5898732">
        <ele>108.7</ele>
        <time>2026-07-11T10:38:18Z</time>
        <hdop>8.2</hdop>
      </trkpt>
      <trkpt lat="50.0485906" lon="8.5898732">
        <ele>108.7</ele>
        <time>2026-07-11T10:38:24Z</time>
        <hdop>8.7</hdop>
      </trkpt>
      <trkpt lat="50.0485906" lon="8.5898732">
        <ele>108.7</ele>
        <time>2026-07-11T10:38:30Z</time>
        <hdop>9.2</hdop>
      </trkpt>
      <trkpt lat="50.0485906" lon="8.5898732">
        <ele>108.7</ele>
        <time>2026-07-11T10:38:36Z</time>
        <hdop>12.8</hdop>
      </trkpt>
      <trkpt lat="50.0485906" lon="8.5898732">
        <ele>108.7</ele>
        <time>2026-07-11T10:38:42Z</time>
        <hdop>9.7</hdop>
      </trkpt>
      <trkpt lat="50.048607" lon="8.5898568">
        <ele>108.7</ele>
        <time>2026-07-11T10:38:48Z</time>
        <hdop>10.7</hdop>
      </trkpt>
      <trkpt lat="50.048607" lon="8.5898568">
        <ele>108.7</ele>
        <time>2026-07-11T10:38:54Z</time>
        <hdop>9.7</hdop>
      </trkpt>
      <trkpt lat="50.048607" lon="8.5898568">
        <ele>108.7</ele>
        <time>2026-07-11T10:39:00Z</time>
        <hdop>8.2</hdop>
      </trkpt>
      <trkpt lat="50.048607" lon="8.5898568">
        <ele>108.7</ele>
        <time>2026-07-11T10:39:06Z</time>
        <hdop>8.7</hdop>
      </trkpt>
      <trkpt lat="50.0486065" lon="8.5898602">
        <ele>107.7</ele>
        <time>2026-07-11T10:39:12Z</time>
        <hdop>8.7</hdop>
      </trkpt>
      <trkpt lat="50.0486056" lon="8.5898737">
        <ele>108.7</ele>
        <time>2026-07-11T10:39:18Z</time>
        <hdop>9.2</hdop>
        <extensions>
          <osmand:speed>0</osmand:speed>
        </extensions>
      </trkpt>
      <trkpt lat="50.0486073" lon="8.589873">
        <ele>108.7</ele>
        <time>2026-07-11T10:39:24Z</time>
        <hdop>7.7</hdop>
      </trkpt>
      <trkpt lat="50.0486005" lon="8.5898611">
        <ele>108.7</ele>
        <time>2026-07-11T10:39:30Z</time>
        <hdop>8.2</hdop>
        <extensions>
          <osmand:speed>0.9</osmand:speed>
        </extensions>
      </trkpt>
      <trkpt lat="50.048602" lon="8.5898536">
        <ele>108.7</ele>
        <time>2026-07-11T10:39:36Z</time>
        <hdop>8.2</hdop>
      </trkpt>
      <trkpt lat="50.048602" lon="8.5898536">
        <ele>108.7</ele>
        <time>2026-07-11T10:39:42Z</time>
        <hdop>17.9</hdop>
      </trkpt>
      <trkpt lat="50.048602" lon="8.5898536">
        <ele>108.7</ele>
        <time>2026-07-11T10:39:48Z</time>
        <hdop>8.2</hdop>
      </trkpt>
      <trkpt lat="50.048602" lon="8.5898536">
        <ele>108.7</ele>
        <time>2026-07-11T10:39:54Z</time>
        <hdop>8.2</hdop>
      </trkpt>
      <trkpt lat="50.048602" lon="8.5898536">
        <ele>108.7</ele>
        <time>2026-07-11T10:40:00Z</time>
        <hdop>8.7</hdop>
      </trkpt>
      <trkpt lat="50.048602" lon="8.5898536">
        <ele>108.7</ele>
        <time>2026-07-11T10:40:06Z</time>
        <hdop>7.7</hdop>
      </trkpt>
      <trkpt lat="50.048602" lon="8.5898536">
        <ele>108.7</ele>
        <time>2026-07-11T10:40:12Z</time>
        <hdop>13.8</hdop>
      </trkpt>
      <trkpt lat="50.048602" lon="8.5898536">
        <ele>108.7</ele>
        <time>2026-07-11T10:40:18Z</time>
        <hdop>8.2</hdop>
      </trkpt>
      <trkpt lat="50.048602" lon="8.5898536">
        <ele>108.7</ele>
        <time>2026-07-11T10:40:24Z</time>
        <hdop>7.1</hdop>
      </trkpt>
      <trkpt lat="50.048602" lon="8.5898536">
        <ele>108.7</ele>
        <time>2026-07-11T10:40:30Z</time>
        <hdop>7.7</hdop>
      </trkpt>
      <trkpt lat="50.048602" lon="8.5898536">
        <ele>108.7</ele>
        <time>2026-07-11T10:40:36Z</time>
        <hdop>8.2</hdop>
      </trkpt>
      <trkpt lat="50.0486049" lon="8.589875">
        <ele>109.7</ele>
        <time>2026-07-11T10:40:42Z</time>
        <hdop>7.7</hdop>
      </trkpt>
      <trkpt lat="50.0486049" lon="8.589875">
        <ele>109.7</ele>
        <time>2026-07-11T10:40:48Z</time>
        <hdop>7.7</hdop>
      </trkpt>
      <trkpt lat="50.0486049" lon="8.589875">
        <ele>109.7</ele>
        <time>2026-07-11T10:40:54Z</time>
        <hdop>7.1</hdop>
      </trkpt>
      <trkpt lat="50.0486016" lon="8.5898682">
        <ele>109.7</ele>
        <time>2026-07-11T10:41:00Z</time>
        <hdop>12.8</hdop>
        <extensions>
          <osmand:speed>0.8</osmand:speed>
        </extensions>
      </trkpt>
      <trkpt lat="50.0486025" lon="8.5898672">
        <ele>109.7</ele>
        <time>2026-07-11T10:41:06Z</time>
        <hdop>8.7</hdop>
      </trkpt>
      <trkpt lat="50.0486025" lon="8.5898672">
        <ele>109.7</ele>
        <time>2026-07-11T10:41:12Z</time>
        <hdop>8.2</hdop>
      </trkpt>
      <trkpt lat="50.0485991" lon="8.5898626">
        <ele>109.7</ele>
        <time>2026-07-11T10:41:18Z</time>
        <hdop>8.2</hdop>
      </trkpt>
      <trkpt lat="50.0485991" lon="8.5898626">
        <ele>109.7</ele>
        <time>2026-07-11T10:41:24Z</time>
        <hdop>7.7</hdop>
      </trkpt>
      <trkpt lat="50.0485991" lon="8.5898626">
        <ele>109.7</ele>
        <time>2026-07-11T10:41:30Z</time>
        <hdop>7.7</hdop>
      </trkpt>
      <trkpt lat="50.0485991" lon="8.5898626">
        <ele>109.7</ele>
        <time>2026-07-11T10:41:36Z</time>
        <hdop>8.2</hdop>
      </trkpt>
      <trkpt lat="50.0485836" lon="8.5898852">
        <ele>111.7</ele>
        <time>2026-07-11T10:41:42Z</time>
        <hdop>8.2</hdop>
      </trkpt>
      <trkpt lat="50.0485561" lon="8.5898936">
        <ele>112.7</ele>
        <time>2026-07-11T10:41:48Z</time>
        <hdop>15.3</hdop>
        <extensions>
          <osmand:speed>1</osmand:speed>
        </extensions>
      </trkpt>
      <trkpt lat="50.0485026" lon="8.58992">
        <ele>112.7</ele>
        <time>2026-07-11T10:41:54Z</time>
        <hdop>8.7</hdop>
        <extensions>
          <osmand:speed>1.1</osmand:speed>
        </extensions>
      </trkpt>
      <trkpt lat="50.0484471" lon="8.5899528">
        <ele>112.7</ele>
        <time>2026-07-11T10:42:00Z</time>
        <hdop>9.2</hdop>
        <extensions>
          <osmand:speed>1.2</osmand:speed>
        </extensions>
      </trkpt>
      <trkpt lat="50.048398" lon="8.5899894">
        <ele>114.7</ele>
        <time>2026-07-11T10:42:06Z</time>
        <hdop>9.2</hdop>
        <extensions>
          <osmand:speed>1.3</osmand:speed>
        </extensions>
      </trkpt>
      <trkpt lat="50.0483348" lon="8.5900281">
        <ele>113.7</ele>
        <time>2026-07-11T10:42:12Z</time>
        <hdop>1</hdop>
        <extensions>
          <osmand:speed>1.4</osmand:speed>
        </extensions>
      </trkpt>
      <trkpt lat="50.0482741" lon="8.5900614">
        <ele>113.7</ele>
        <time>2026-07-11T10:42:18Z</time>
        <hdop>8.7</hdop>
        <extensions>
          <osmand:speed>1.6</osmand:speed>
        </extensions>
      </trkpt>
      <trkpt lat="50.0482162" lon="8.5900954">
        <ele>113.7</ele>
        <time>2026-07-11T10:42:24Z</time>
        <hdop>8.7</hdop>
        <extensions>
          <osmand:speed>1.4</osmand:speed>
        </extensions>
      </trkpt>
      <trkpt lat="50.0481739" lon="8.5901338">
        <ele>113.7</ele>
        <time>2026-07-11T10:42:30Z</time>
        <hdop>9.2</hdop>
        <extensions>
          <osmand:speed>1</osmand:speed>
        </extensions>
      </trkpt>
      <trkpt lat="50.048129" lon="8.5901708">
        <ele>113.7</ele>
        <time>2026-07-11T10:42:36Z</time>
        <hdop>16.3</hdop>
        <extensions>
          <osmand:speed>1.2</osmand:speed>
        </extensions>
      </trkpt>
      <trkpt lat="50.0480724" lon="8.5902083">
        <ele>113.7</ele>
        <time>2026-07-11T10:42:42Z</time>
        <hdop>9.2</hdop>
        <extensions>
          <osmand:speed>1</osmand:speed>
        </extensions>
      </trkpt>
      <trkpt lat="50.0480131" lon="8.5902202">
        <ele>114.7</ele>
        <time>2026-07-11T10:42:48Z</time>
        <hdop>11.2</hdop>
        <extensions>
          <osmand:speed>1.5</osmand:speed>
        </extensions>
      </trkpt>
      <trkpt lat="50.0479554" lon="8.5902353">
        <ele>113.7</ele>
        <time>2026-07-11T10:42:54Z</time>
        <hdop>11.7</hdop>
        <extensions>
          <osmand:speed>1</osmand:speed>
        </extensions>
      </trkpt>
      <trkpt lat="50.0479009" lon="8.5902785">
        <ele>114.7</ele>
        <time>2026-07-11T10:43:00Z</time>
        <hdop>12.2</hdop>
        <extensions>
          <osmand:speed>0.9</osmand:speed>
        </extensions>
      </trkpt>
      <trkpt lat="50.0478578" lon="8.5903032">
        <ele>116.7</ele>
        <time>2026-07-11T10:43:06Z</time>
        <hdop>15.3</hdop>
        <extensions>
          <osmand:speed>0.8</osmand:speed>
        </extensions>
      </trkpt>
      <trkpt lat="50.0478514" lon="8.5903075">
        <ele>116.7</ele>
        <time>2026-07-11T10:43:12Z</time>
        <hdop>8.2</hdop>
      </trkpt>
      <trkpt lat="50.0478514" lon="8.5903075">
        <ele>116.7</ele>
        <time>2026-07-11T10:43:18Z</time>
        <hdop>16.8</hdop>
      </trkpt>
      <trkpt lat="50.0478741" lon="8.5903839">
        <ele>114.7</ele>
        <time>2026-07-11T10:43:24Z</time>
        <hdop>26.5</hdop>
        <extensions>
          <osmand:speed>1.3</osmand:speed>
        </extensions>
      </trkpt>
      <trkpt lat="50.0478765" lon="8.5904054">
        <ele>114.7</ele>
        <time>2026-07-11T10:43:30Z</time>
        <hdop>16.8</hdop>
      </trkpt>
      <trkpt lat="50.0478765" lon="8.5904054">
        <ele>114.7</ele>
        <time>2026-07-11T10:43:36Z</time>
        <hdop>18.4</hdop>
      </trkpt>
      <trkpt lat="50.0478765" lon="8.5904054">
        <ele>114.7</ele>
        <time>2026-07-11T10:43:42Z</time>
        <hdop>17.9</hdop>
      </trkpt>
      <trkpt lat="50.0478765" lon="8.5904054">
        <ele>114.7</ele>
        <time>2026-07-11T10:43:48Z</time>
        <hdop>17.3</hdop>
      </trkpt>
      <trkpt lat="50.0478765" lon="8.5904054">
        <ele>114.7</ele>
        <time>2026-07-11T10:43:54Z</time>
        <hdop>13.3</hdop>
      </trkpt>
      <trkpt lat="50.0478765" lon="8.5904054">
        <ele>114.7</ele>
        <time>2026-07-11T10:44:00Z</time>
        <hdop>13.3</hdop>
      </trkpt>
      <trkpt lat="50.0478341" lon="8.5903808">
        <ele>112.7</ele>
        <time>2026-07-11T10:44:06Z</time>
        <hdop>13.8</hdop>
      </trkpt>
      <trkpt lat="50.0478341" lon="8.5903808">
        <ele>112.7</ele>
        <time>2026-07-11T10:44:12Z</time>
        <hdop>20.9</hdop>
      </trkpt>
      <trkpt lat="50.0478287" lon="8.5902989">
        <ele>110.7</ele>
        <time>2026-07-11T10:44:18Z</time>
        <hdop>35.2</hdop>
        <extensions>
          <osmand:speed>1</osmand:speed>
        </extensions>
      </trkpt>
      <trkpt lat="50.0478271" lon="8.5903081">
        <ele>109.7</ele>
        <time>2026-07-11T10:44:24Z</time>
        <hdop>23</hdop>
      </trkpt>
      <trkpt lat="50.0478087" lon="8.5903259">
        <ele>108.7</ele>
        <time>2026-07-11T10:44:30Z</time>
        <hdop>20.9</hdop>
      </trkpt>
      <trkpt lat="50.0478087" lon="8.5903259">
        <ele>108.7</ele>
        <time>2026-07-11T10:44:36Z</time>
        <hdop>23.5</hdop>
      </trkpt>
      <trkpt lat="50.0478087" lon="8.5903259">
        <ele>108.7</ele>
        <time>2026-07-11T10:44:42Z</time>
        <hdop>20.9</hdop>
      </trkpt>
      <trkpt lat="50.0478087" lon="8.5903259">
        <ele>108.7</ele>
        <time>2026-07-11T10:44:48Z</time>
        <hdop>18.4</hdop>
      </trkpt>
      <trkpt lat="50.0478273" lon="8.5903669">
        <ele>108.7</ele>
        <time>2026-07-11T10:44:54Z</time>
        <hdop>37.2</hdop>
        <extensions>
          <osmand:speed>0.3</osmand:speed>
        </extensions>
      </trkpt>
      <trkpt lat="50.0478265" lon="8.5903764">
        <ele>108.7</ele>
        <time>2026-07-11T10:45:00Z</time>
        <hdop>24</hdop>
      </trkpt>
      <trkpt lat="50.0478261" lon="8.5903861">
        <ele>108.7</ele>
        <time>2026-07-11T10:45:06Z</time>
        <hdop>19.9</hdop>
        <extensions>
          <osmand:speed>0.9</osmand:speed>
        </extensions>
      </trkpt>
      <trkpt lat="50.0478119" lon="8.5904802">
        <ele>108.7</ele>
        <time>2026-07-11T10:45:12Z</time>
        <hdop>27.6</hdop>
        <extensions>
          <osmand:speed>0.8</osmand:speed>
        </extensions>
      </trkpt>
      <trkpt lat="50.0478164" lon="8.5904707">
        <ele>108.7</ele>
        <time>2026-07-11T10:45:18Z</time>
        <hdop>24.5</hdop>
      </trkpt>
      <trkpt lat="50.0478164" lon="8.5904707">
        <ele>108.7</ele>
        <time>2026-07-11T10:45:24Z</time>
        <hdop>21.9</hdop>
      </trkpt>
      <trkpt lat="50.0478164" lon="8.5904707">
        <ele>108.7</ele>
        <time>2026-07-11T10:45:30Z</time>
        <hdop>25.5</hdop>
      </trkpt>
      <trkpt lat="50.0478154" lon="8.5904635">
        <ele>108.7</ele>
        <time>2026-07-11T10:45:36Z</time>
        <hdop>25.5</hdop>
        <extensions>
          <osmand:speed>0.5</osmand:speed>
        </extensions>
      </trkpt>
      <trkpt lat="50.0478765" lon="8.5905315">
        <ele>106.7</ele>
        <time>2026-07-11T10:45:42Z</time>
        <hdop>43.4</hdop>
        <extensions>
          <osmand:speed>1</osmand:speed>
        </extensions>
      </trkpt>
      <trkpt lat="50.0479369" lon="8.5898339">
        <ele>106.7</ele>
        <time>2026-07-11T10:45:52Z</time>
        <hdop>39.3</hdop>
        <extensions>
          <osmand:speed>7.1</osmand:speed>
        </extensions>
      </trkpt>
      <trkpt lat="50.0477456" lon="8.5892405">
        <ele>104.7</ele>
        <time>2026-07-11T10:45:58Z</time>
        <hdop>16.8</hdop>
        <extensions>
          <osmand:speed>10.1</osmand:speed>
        </extensions>
      </trkpt>
      <trkpt lat="50.047479" lon="8.5883682">
        <ele>106.7</ele>
        <time>2026-07-11T10:46:04Z</time>
        <hdop>11.7</hdop>
        <extensions>
          <osmand:speed>13</osmand:speed>
        </extensions>
      </trkpt>
      <trkpt lat="50.0471597" lon="8.5872461">
        <ele>106.7</ele>
        <time>2026-07-11T10:46:10Z</time>
        <hdop>10.2</hdop>
        <extensions>
          <osmand:speed>16.3</osmand:speed>
        </extensions>
      </trkpt>
      <trkpt lat="50.0468276" lon="8.5860988">
        <ele>107.7</ele>
        <time>2026-07-11T10:46:16Z</time>
        <hdop>11.2</hdop>
        <extensions>
          <osmand:speed>16.1</osmand:speed>
        </extensions>
      </trkpt>
      <trkpt lat="50.0465668" lon="8.5849292">
        <ele>108.7</ele>
        <time>2026-07-11T10:46:22Z</time>
        <hdop>11.7</hdop>
        <extensions>
          <osmand:speed>15.3</osmand:speed>
        </extensions>
      </trkpt>
      <trkpt lat="50.0462735" lon="8.5837165">
        <ele>108.7</ele>
        <time>2026-07-11T10:46:28Z</time>
        <hdop>9.7</hdop>
        <extensions>
          <osmand:speed>15.6</osmand:speed>
        </extensions>
      </trkpt>
      <trkpt lat="50.0460171" lon="8.5826286">
        <ele>108.7</ele>
        <time>2026-07-11T10:46:34Z</time>
        <hdop>11.2</hdop>
        <extensions>
          <osmand:speed>13.1</osmand:speed>
        </extensions>
      </trkpt>
      <trkpt lat="50.0457709" lon="8.581558">
        <ele>110.7</ele>
        <time>2026-07-11T10:46:40Z</time>
        <hdop>8.7</hdop>
        <extensions>
          <osmand:speed>13.9</osmand:speed>
        </extensions>
      </trkpt>
      <trkpt lat="50.0454801" lon="8.5804575">
        <ele>114.7</ele>
        <time>2026-07-11T10:46:46Z</time>
        <hdop>8.2</hdop>
        <extensions>
          <osmand:speed>14.8</osmand:speed>
        </extensions>
      </trkpt>
      <trkpt lat="50.0452124" lon="8.5792849">
        <ele>113.7</ele>
        <time>2026-07-11T10:46:52Z</time>
        <hdop>8.7</hdop>
        <extensions>
          <osmand:speed>15.1</osmand:speed>
        </extensions>
      </trkpt>
      <trkpt lat="50.0449153" lon="8.5780597">
        <ele>112.7</ele>
        <time>2026-07-11T10:46:58Z</time>
        <hdop>11.2</hdop>
        <extensions>
          <osmand:speed>15.9</osmand:speed>
        </extensions>
      </trkpt>
      <trkpt lat="50.0446206" lon="8.576788">
        <ele>111.7</ele>
        <time>2026-07-11T10:47:04Z</time>
        <hdop>7.7</hdop>
        <extensions>
          <osmand:speed>15.8</osmand:speed>
        </extensions>
      </trkpt>
      <trkpt lat="50.044369" lon="8.5755968">
        <ele>111.7</ele>
        <time>2026-07-11T10:47:10Z</time>
        <hdop>13.8</hdop>
        <extensions>
          <osmand:speed>14.4</osmand:speed>
        </extensions>
      </trkpt>
      <trkpt lat="50.0441754" lon="8.5745357">
        <ele>110.7</ele>
        <time>2026-07-11T10:47:16Z</time>
        <hdop>39.8</hdop>
        <extensions>
          <osmand:speed>12.2</osmand:speed>
        </extensions>
      </trkpt>
      <trkpt lat="50.0440359" lon="8.5733748">
        <ele>108.7</ele>
        <time>2026-07-11T10:47:22Z</time>
        <hdop>39.8</hdop>
        <extensions>
          <osmand:speed>14.1</osmand:speed>
        </extensions>
      </trkpt>
      <trkpt lat="50.0437934" lon="8.5722925">
        <ele>106.7</ele>
        <time>2026-07-11T10:47:28Z</time>
        <hdop>42.3</hdop>
        <extensions>
          <osmand:speed>11.8</osmand:speed>
        </extensions>
      </trkpt>
      <trkpt lat="50.0435001" lon="8.5712242">
        <ele>104.7</ele>
        <time>2026-07-11T10:47:34Z</time>
        <hdop>45.9</hdop>
        <extensions>
          <osmand:speed>13.1</osmand:speed>
        </extensions>
      </trkpt>
      <trkpt lat="50.0431331" lon="8.5700351">
        <ele>102.7</ele>
        <time>2026-07-11T10:47:40Z</time>
        <hdop>44.4</hdop>
        <extensions>
          <osmand:speed>15</osmand:speed>
        </extensions>
      </trkpt>
      <trkpt lat="50.0427574" lon="8.5688078">
        <ele>101.7</ele>
        <time>2026-07-11T10:47:46Z</time>
        <hdop>46.4</hdop>
        <extensions>
          <osmand:speed>15.5</osmand:speed>
        </extensions>
      </trkpt>
      <trkpt lat="50.0424833" lon="8.5676241">
        <ele>102.7</ele>
        <time>2026-07-11T10:47:52Z</time>
        <hdop>46.4</hdop>
        <extensions>
          <osmand:speed>14.5</osmand:speed>
        </extensions>
      </trkpt>
      <trkpt lat="50.0422877" lon="8.5665248">
        <ele>98.7</ele>
        <time>2026-07-11T10:47:58Z</time>
        <hdop>48</hdop>
        <extensions>
          <osmand:speed>13.3</osmand:speed>
        </extensions>
      </trkpt>
      <trkpt lat="50.0420781" lon="8.5654968">
        <ele>99.7</ele>
        <time>2026-07-11T10:48:04Z</time>
        <hdop>36.2</hdop>
        <extensions>
          <osmand:speed>11.4</osmand:speed>
        </extensions>
      </trkpt>
      <trkpt lat="50.0417125" lon="8.564465">
        <ele>103.7</ele>
        <time>2026-07-11T10:48:10Z</time>
        <hdop>21.4</hdop>
        <extensions>
          <osmand:speed>12.4</osmand:speed>
        </extensions>
      </trkpt>
      <trkpt lat="50.0414415" lon="8.5634808">
        <ele>103.7</ele>
        <time>2026-07-11T10:48:16Z</time>
        <hdop>18.4</hdop>
        <extensions>
          <osmand:speed>12.9</osmand:speed>
        </extensions>
      </trkpt>
      <trkpt lat="50.0412014" lon="8.562402">
        <ele>104.7</ele>
        <time>2026-07-11T10:48:22Z</time>
        <hdop>18.9</hdop>
        <extensions>
          <osmand:speed>13.5</osmand:speed>
        </extensions>
      </trkpt>
      <trkpt lat="50.0409075" lon="8.5613871">
        <ele>103.7</ele>
        <time>2026-07-11T10:48:28Z</time>
        <hdop>17.3</hdop>
        <extensions>
          <osmand:speed>12.7</osmand:speed>
        </extensions>
      </trkpt>
      <trkpt lat="50.040709" lon="8.5604422">
        <ele>105.7</ele>
        <time>2026-07-11T10:48:35Z</time>
        <hdop>16.8</hdop>
        <extensions>
          <osmand:speed>8.4</osmand:speed>
        </extensions>
      </trkpt>
      <trkpt lat="50.0408351" lon="8.5597776">
        <ele>106.7</ele>
        <time>2026-07-11T10:48:41Z</time>
        <hdop>1</hdop>
        <extensions>
          <osmand:speed>9.1</osmand:speed>
        </extensions>
      </trkpt>
      <trkpt lat="50.0413177" lon="8.5594776">
        <ele>105.7</ele>
        <time>2026-07-11T10:48:47Z</time>
        <hdop>19.4</hdop>
        <extensions>
          <osmand:speed>9.1</osmand:speed>
        </extensions>
      </trkpt>
      <trkpt lat="50.0418064" lon="8.5592164">
        <ele>106.7</ele>
        <time>2026-07-11T10:48:53Z</time>
        <hdop>1</hdop>
        <extensions>
          <osmand:speed>9.2</osmand:speed>
        </extensions>
      </trkpt>
      <trkpt lat="50.0415248" lon="8.55512">
        <ele>103.7</ele>
        <time>2026-07-11T10:49:20Z</time>
        <hdop>49</hdop>
        <extensions>
          <osmand:speed>14.6</osmand:speed>
        </extensions>
      </trkpt>
      <trkpt lat="50.0412118" lon="8.5534521">
        <ele>103.7</ele>
        <time>2026-07-11T10:49:28Z</time>
        <hdop>36.7</hdop>
        <extensions>
          <osmand:speed>15.2</osmand:speed>
        </extensions>
      </trkpt>
      <trkpt lat="50.0407875" lon="8.552024">
        <ele>101.7</ele>
        <time>2026-07-11T10:49:35Z</time>
        <hdop>31.6</hdop>
        <extensions>
          <osmand:speed>14.5</osmand:speed>
        </extensions>
      </trkpt>
      <trkpt lat="50.0403572" lon="8.5508787">
        <ele>103.7</ele>
        <time>2026-07-11T10:49:41Z</time>
        <hdop>10.2</hdop>
        <extensions>
          <osmand:speed>15.3</osmand:speed>
        </extensions>
      </trkpt>
      <trkpt lat="50.0401162" lon="8.5496346">
        <ele>102.7</ele>
        <time>2026-07-11T10:49:47Z</time>
        <hdop>24.5</hdop>
        <extensions>
          <osmand:speed>15.6</osmand:speed>
        </extensions>
      </trkpt>
      <trkpt lat="50.0398738" lon="8.548411">
        <ele>101.7</ele>
        <time>2026-07-11T10:49:53Z</time>
        <hdop>31.6</hdop>
        <extensions>
          <osmand:speed>15.1</osmand:speed>
        </extensions>
      </trkpt>
      <trkpt lat="50.039444" lon="8.5470392">
        <ele>100.7</ele>
        <time>2026-07-11T10:50:00Z</time>
        <hdop>29.1</hdop>
        <extensions>
          <osmand:speed>14.5</osmand:speed>
        </extensions>
      </trkpt>
      <trkpt lat="50.0391661" lon="8.5457272">
        <ele>100.7</ele>
        <time>2026-07-11T10:50:07Z</time>
        <hdop>33.7</hdop>
        <extensions>
          <osmand:speed>13.9</osmand:speed>
        </extensions>
      </trkpt>
      <trkpt lat="50.0362433" lon="8.5343072">
        <ele>78.7</ele>
        <time>2026-07-11T10:51:06Z</time>
        <hdop>44.9</hdop>
        <extensions>
          <osmand:speed>13.5</osmand:speed>
        </extensions>
      </trkpt>
      <trkpt lat="50.0359032" lon="8.5332945">
        <ele>88.7</ele>
        <time>2026-07-11T10:51:12Z</time>
        <hdop>27.6</hdop>
        <extensions>
          <osmand:speed>13.1</osmand:speed>
        </extensions>
      </trkpt>
      <trkpt lat="50.0356797" lon="8.53235">
        <ele>87.7</ele>
        <time>2026-07-11T10:51:18Z</time>
        <hdop>12.8</hdop>
        <extensions>
          <osmand:speed>11.6</osmand:speed>
        </extensions>
      </trkpt>
      <trkpt lat="50.0354395" lon="8.531422">
        <ele>88.7</ele>
        <time>2026-07-11T10:51:24Z</time>
        <hdop>24</hdop>
        <extensions>
          <osmand:speed>12</osmand:speed>
        </extensions>
      </trkpt>
      <trkpt lat="50.0351995" lon="8.5304977">
        <ele>92.7</ele>
        <time>2026-07-11T10:51:30Z</time>
        <hdop>17.3</hdop>
        <extensions>
          <osmand:speed>11.7</osmand:speed>
        </extensions>
      </trkpt>
      <trkpt lat="50.0349926" lon="8.5296271">
        <ele>91.7</ele>
        <time>2026-07-11T10:51:36Z</time>
        <hdop>25.5</hdop>
        <extensions>
          <osmand:speed>10.5</osmand:speed>
        </extensions>
      </trkpt>
      <trkpt lat="50.0347901" lon="8.5289218">
        <ele>91.7</ele>
        <time>2026-07-11T10:51:42Z</time>
        <hdop>17.9</hdop>
        <extensions>
          <osmand:speed>8.4</osmand:speed>
        </extensions>
      </trkpt>
      <trkpt lat="50.034643" lon="8.5283751">
        <ele>92.7</ele>
        <time>2026-07-11T10:51:48Z</time>
        <hdop>16.8</hdop>
        <extensions>
          <osmand:speed>6.3</osmand:speed>
        </extensions>
      </trkpt>
      <trkpt lat="50.0345185" lon="8.5279676">
        <ele>93.7</ele>
        <time>2026-07-11T10:51:54Z</time>
        <hdop>24</hdop>
        <extensions>
          <osmand:speed>4.6</osmand:speed>
        </extensions>
      </trkpt>
      <trkpt lat="50.0344537" lon="8.5277184">
        <ele>91.7</ele>
        <time>2026-07-11T10:52:00Z</time>
        <hdop>17.3</hdop>
        <extensions>
          <osmand:speed>2.4</osmand:speed>
        </extensions>
      </trkpt>
      <trkpt lat="50.0344077" lon="8.5275953">
        <ele>91.7</ele>
        <time>2026-07-11T10:52:06Z</time>
        <hdop>17.9</hdop>
        <extensions>
          <osmand:speed>1.6</osmand:speed>
        </extensions>
      </trkpt>
      <trkpt lat="50.0343969" lon="8.5275577">
        <ele>91.7</ele>
        <time>2026-07-11T10:52:12Z</time>
        <hdop>10.7</hdop>
      </trkpt>
      <trkpt lat="50.0343969" lon="8.5275577">
        <ele>91.7</ele>
        <time>2026-07-11T10:52:18Z</time>
        <hdop>10.2</hdop>
      </trkpt>
      <trkpt lat="50.0343936" lon="8.527563">
        <ele>92.7</ele>
        <time>2026-07-11T10:52:24Z</time>
        <hdop>17.3</hdop>
      </trkpt>
      <trkpt lat="50.0344033" lon="8.5275418">
        <ele>93.7</ele>
        <time>2026-07-11T10:52:30Z</time>
        <hdop>16.8</hdop>
        <extensions>
          <osmand:speed>0.5</osmand:speed>
        </extensions>
      </trkpt>
      <trkpt lat="50.0344038" lon="8.5275358">
        <ele>93.7</ele>
        <time>2026-07-11T10:52:36Z</time>
        <hdop>21.4</hdop>
      </trkpt>
      <trkpt lat="50.0344011" lon="8.5275288">
        <ele>93.7</ele>
        <time>2026-07-11T10:52:42Z</time>
        <hdop>18.4</hdop>
        <extensions>
          <osmand:speed>0.8</osmand:speed>
        </extensions>
      </trkpt>
      <trkpt lat="50.0343962" lon="8.527489">
        <ele>92.7</ele>
        <time>2026-07-11T10:52:48Z</time>
        <hdop>19.4</hdop>
        <extensions>
          <osmand:speed>0</osmand:speed>
        </extensions>
      </trkpt>
      <trkpt lat="50.0344051" lon="8.5275011">
        <ele>92.7</ele>
        <time>2026-07-11T10:52:54Z</time>
        <hdop>11.2</hdop>
      </trkpt>
      <trkpt lat="50.0344052" lon="8.5275012">
        <ele>92.7</ele>
        <time>2026-07-11T10:53:00Z</time>
        <hdop>9.7</hdop>
      </trkpt>
      <trkpt lat="50.0343939" lon="8.5275579">
        <ele>92.7</ele>
        <time>2026-07-11T10:53:06Z</time>
        <hdop>2</hdop>
      </trkpt>
      <trkpt lat="50.0343904" lon="8.5275413">
        <ele>92.7</ele>
        <time>2026-07-11T10:53:12Z</time>
        <hdop>2.6</hdop>
        <extensions>
          <osmand:speed>0</osmand:speed>
        </extensions>
      </trkpt>
      <trkpt lat="50.0343886" lon="8.5275485">
        <ele>89.7</ele>
        <time>2026-07-11T10:53:18Z</time>
        <hdop>3.6</hdop>
        <extensions>
          <osmand:speed>1.7</osmand:speed>
        </extensions>
      </trkpt>
      <trkpt lat="50.0343774" lon="8.5274848">
        <ele>83.7</ele>
        <time>2026-07-11T10:53:24Z</time>
        <hdop>12.2</hdop>
        <extensions>
          <osmand:speed>1.5</osmand:speed>
        </extensions>
      </trkpt>
      <trkpt lat="50.0343459" lon="8.5272733">
        <ele>80.7</ele>
        <time>2026-07-11T10:53:30Z</time>
        <hdop>15.8</hdop>
        <extensions>
          <osmand:speed>3.4</osmand:speed>
        </extensions>
      </trkpt>
      <trkpt lat="50.0342873" lon="8.5269098">
        <ele>79.7</ele>
        <time>2026-07-11T10:53:36Z</time>
        <hdop>17.3</hdop>
        <extensions>
          <osmand:speed>3.7</osmand:speed>
        </extensions>
      </trkpt>
      <trkpt lat="50.0342333" lon="8.5265471">
        <ele>77.7</ele>
        <time>2026-07-11T10:53:42Z</time>
        <hdop>13.3</hdop>
        <extensions>
          <osmand:speed>3.1</osmand:speed>
        </extensions>
      </trkpt>
      <trkpt lat="50.034178" lon="8.5262313">
        <ele>77.7</ele>
        <time>2026-07-11T10:53:48Z</time>
        <hdop>12.2</hdop>
        <extensions>
          <osmand:speed>2.1</osmand:speed>
        </extensions>
      </trkpt>
      <trkpt lat="50.0341046" lon="8.5260911">
        <ele>78.7</ele>
        <time>2026-07-11T10:53:54Z</time>
        <hdop>18.9</hdop>
        <extensions>
          <osmand:speed>1.8</osmand:speed>
        </extensions>
      </trkpt>
      <trkpt lat="50.0340545" lon="8.5260706">
        <ele>82.7</ele>
        <time>2026-07-11T10:54:00Z</time>
        <hdop>19.9</hdop>
        <extensions>
          <osmand:speed>0.1</osmand:speed>
        </extensions>
      </trkpt>
      <trkpt lat="50.0340461" lon="8.5260669">
        <ele>83.7</ele>
        <time>2026-07-11T10:54:06Z</time>
        <hdop>8.2</hdop>
      </trkpt>
      <trkpt lat="50.0340461" lon="8.5260669">
        <ele>83.7</ele>
        <time>2026-07-11T10:54:12Z</time>
        <hdop>7.7</hdop>
      </trkpt>
      <trkpt lat="50.0340438" lon="8.5260658">
        <ele>83.7</ele>
        <time>2026-07-11T10:54:18Z</time>
        <hdop>7.7</hdop>
      </trkpt>
      <trkpt lat="50.0340428" lon="8.5260654">
        <ele>83.7</ele>
        <time>2026-07-11T10:54:24Z</time>
        <hdop>11.7</hdop>
      </trkpt>
      <trkpt lat="50.034042" lon="8.526065">
        <ele>83.7</ele>
        <time>2026-07-11T10:54:30Z</time>
        <hdop>7.7</hdop>
      </trkpt>
      <trkpt lat="50.0340413" lon="8.5260647">
        <ele>83.7</ele>
        <time>2026-07-11T10:54:36Z</time>
        <hdop>7.7</hdop>
      </trkpt>
      <trkpt lat="50.0340404" lon="8.5260644">
        <ele>83.7</ele>
        <time>2026-07-11T10:54:42Z</time>
        <hdop>7.7</hdop>
      </trkpt>
      <trkpt lat="50.033943" lon="8.5260197">
        <ele>87.7</ele>
        <time>2026-07-11T10:54:48Z</time>
        <hdop>19.9</hdop>
        <extensions>
          <osmand:speed>5.3</osmand:speed>
        </extensions>
      </trkpt>
      <trkpt lat="50.0331151" lon="8.5259105">
        <ele>87.7</ele>
        <time>2026-07-11T10:54:54Z</time>
        <hdop>8.7</hdop>
        <extensions>
          <osmand:speed>21.8</osmand:speed>
        </extensions>
      </trkpt>
      <trkpt lat="50.0312957" lon="8.5258809">
        <ele>94.7</ele>
        <time>2026-07-11T10:55:00Z</time>
        <hdop>11.7</hdop>
        <extensions>
          <osmand:speed>39.1</osmand:speed>
        </extensions>
      </trkpt>
      <trkpt lat="50.028807" lon="8.5259256">
        <ele>96.7</ele>
        <time>2026-07-11T10:55:06Z</time>
        <hdop>9.7</hdop>
        <extensions>
          <osmand:speed>52.8</osmand:speed>
        </extensions>
      </trkpt>
      <trkpt lat="50.025636" lon="8.525959">
        <ele>96.7</ele>
        <time>2026-07-11T10:55:12Z</time>
        <hdop>9.2</hdop>
        <extensions>
          <osmand:speed>64.8</osmand:speed>
        </extensions>
      </trkpt>
      <trkpt lat="50.0218232" lon="8.5260144">
        <ele>95.7</ele>
        <time>2026-07-11T10:55:18Z</time>
        <hdop>7.1</hdop>
        <extensions>
          <osmand:speed>76.2</osmand:speed>
        </extensions>
      </trkpt>
      <trkpt lat="50.0174548" lon="8.5260517">
        <ele>101.7</ele>
        <time>2026-07-11T10:55:24Z</time>
        <hdop>10.2</hdop>
        <extensions>
          <osmand:speed>84.2</osmand:speed>
        </extensions>
      </trkpt>
      <trkpt lat="50.0129231" lon="8.5260028">
        <ele>162.7</ele>
        <time>2026-07-11T10:55:30Z</time>
        <hdop>8.2</hdop>
        <extensions>
          <osmand:speed>82.3</osmand:speed>
        </extensions>
      </trkpt>
      <trkpt lat="50.0085295" lon="8.5259451">
        <ele>245.7</ele>
        <time>2026-07-11T10:55:36Z</time>
        <hdop>10.2</hdop>
        <extensions>
          <osmand:speed>81.7</osmand:speed>
        </extensions>
      </trkpt>
      <trkpt lat="50.0041316" lon="8.5258797">
        <ele>315.7</ele>
        <time>2026-07-11T10:55:42Z</time>
        <hdop>9.7</hdop>
        <extensions>
          <osmand:speed>81.6</osmand:speed>
        </extensions>
      </trkpt>
      <trkpt lat="49.9997107" lon="8.5258431">
        <ele>381.9</ele>
        <time>2026-07-11T10:55:48Z</time>
        <hdop>9.2</hdop>
        <extensions>
          <osmand:speed>82.5</osmand:speed>
        </extensions>
      </trkpt>
      <trkpt lat="49.9952477" lon="8.5259151">
        <ele>457.9</ele>
        <time>2026-07-11T10:55:54Z</time>
        <hdop>9.2</hdop>
        <extensions>
          <osmand:speed>83.4</osmand:speed>
        </extensions>
      </trkpt>
      <trkpt lat="49.9907348" lon="8.5259551">
        <ele>526.9</ele>
        <time>2026-07-11T10:56:00Z</time>
        <hdop>9.7</hdop>
        <extensions>
          <osmand:speed>84.3</osmand:speed>
        </extensions>
      </trkpt>
      <trkpt lat="49.986138" lon="8.5261045">
        <ele>590.9</ele>
        <time>2026-07-11T10:56:06Z</time>
        <hdop>10.2</hdop>
        <extensions>
          <osmand:speed>86.5</osmand:speed>
        </extensions>
      </trkpt>
      <trkpt lat="49.9813417" lon="8.5262686">
        <ele>627.9</ele>
        <time>2026-07-11T10:56:12Z</time>
        <hdop>10.7</hdop>
        <extensions>
          <osmand:speed>91.6</osmand:speed>
        </extensions>
      </trkpt>
      <trkpt lat="49.9762746" lon="8.5267182">
        <ele>672.9</ele>
        <time>2026-07-11T10:56:18Z</time>
        <hdop>9.7</hdop>
        <extensions>
          <osmand:speed>96.1</osmand:speed>
        </extensions>
      </trkpt>
      <trkpt lat="49.9711329" lon="8.5283856">
        <ele>721.9</ele>
        <time>2026-07-11T10:56:24Z</time>
        <hdop>15.3</hdop>
        <extensions>
          <osmand:speed>99.1</osmand:speed>
        </extensions>
      </trkpt>
      <trkpt lat="49.9662793" lon="8.5320221">
        <ele>756.9</ele>
        <time>2026-07-11T10:56:30Z</time>
        <hdop>19.9</hdop>
        <extensions>
          <osmand:speed>101.7</osmand:speed>
        </extensions>
      </trkpt>
      <trkpt lat="49.9622349" lon="8.537638">
        <ele>796.9</ele>
        <time>2026-07-11T10:56:36Z</time>
        <hdop>25.5</hdop>
        <extensions>
          <osmand:speed>100.9</osmand:speed>
        </extensions>
      </trkpt>
      <trkpt lat="49.9590506" lon="8.5446669">
        <ele>876.9</ele>
        <time>2026-07-11T10:56:42Z</time>
        <hdop>25</hdop>
        <extensions>
          <osmand:speed>101.4</osmand:speed>
        </extensions>
      </trkpt>
      <trkpt lat="49.9562086" lon="8.5521586">
        <ele>986.9</ele>
        <time>2026-07-11T10:56:48Z</time>
        <hdop>17.3</hdop>
        <extensions>
          <osmand:speed>101.5</osmand:speed>
        </extensions>
      </trkpt>
      <trkpt lat="49.9536152" lon="8.5596473">
        <ele>1087.9</ele>
        <time>2026-07-11T10:56:54Z</time>
        <hdop>10.7</hdop>
        <extensions>
          <osmand:speed>101.6</osmand:speed>
        </extensions>
      </trkpt>
      <trkpt lat="49.951109" lon="8.5671938">
        <ele>1184.9</ele>
        <time>2026-07-11T10:57:00Z</time>
        <hdop>27</hdop>
        <extensions>
          <osmand:speed>102.1</osmand:speed>
        </extensions>
      </trkpt>
      <trkpt lat="49.9484787" lon="8.5746968">
        <ele>1269.9</ele>
        <time>2026-07-11T10:57:06Z</time>
        <hdop>17.9</hdop>
        <extensions>
          <osmand:speed>103</osmand:speed>
        </extensions>
      </trkpt>
      <trkpt lat="49.9459006" lon="8.5824644">
        <ele>1332.9</ele>
        <time>2026-07-11T10:57:12Z</time>
        <hdop>13.3</hdop>
        <extensions>
          <osmand:speed>107.3</osmand:speed>
        </extensions>
      </trkpt>
      <trkpt lat="49.9435519" lon="8.5909239">
        <ele>1364.9</ele>
        <time>2026-07-11T10:57:18Z</time>
        <hdop>11.2</hdop>
        <extensions>
          <osmand:speed>112.9</osmand:speed>
        </extensions>
      </trkpt>
      <trkpt lat="49.9416229" lon="8.6000129">
        <ele>1404.9</ele>
        <time>2026-07-11T10:57:24Z</time>
        <hdop>14.3</hdop>
        <extensions>
          <osmand:speed>116.2</osmand:speed>
        </extensions>
      </trkpt>
      <trkpt lat="49.9403944" lon="8.609597">
        <ele>1471.9</ele>
        <time>2026-07-11T10:57:30Z</time>
        <hdop>16.8</hdop>
        <extensions>
          <osmand:speed>118.3</osmand:speed>
        </extensions>
      </trkpt>
      <trkpt lat="49.9397894" lon="8.6195372">
        <ele>1534.9</ele>
        <time>2026-07-11T10:57:36Z</time>
        <hdop>15.3</hdop>
        <extensions>
          <osmand:speed>121.3</osmand:speed>
        </extensions>
      </trkpt>
      <trkpt lat="49.9393326" lon="8.6298978">
        <ele>1562.9</ele>
        <time>2026-07-11T10:57:42Z</time>
        <hdop>13.3</hdop>
        <extensions>
          <osmand:speed>126.9</osmand:speed>
        </extensions>
      </trkpt>
      <trkpt lat="49.9388797" lon="8.6407292">
        <ele>1592.9</ele>
        <time>2026-07-11T10:57:48Z</time>
        <hdop>12.8</hdop>
        <extensions>
          <osmand:speed>131.8</osmand:speed>
        </extensions>
      </trkpt>
      <trkpt lat="49.9385277" lon="8.6518481">
        <ele>1656.9</ele>
        <time>2026-07-11T10:57:54Z</time>
        <hdop>13.8</hdop>
        <extensions>
          <osmand:speed>134</osmand:speed>
        </extensions>
      </trkpt>
      <trkpt lat="49.9381678" lon="8.663083">
        <ele>1744.9</ele>
        <time>2026-07-11T10:58:00Z</time>
        <hdop>14.3</hdop>
        <extensions>
          <osmand:speed>135.2</osmand:speed>
        </extensions>
      </trkpt>
      <trkpt lat="49.9373429" lon="8.6743789">
        <ele>1823.9</ele>
        <time>2026-07-11T10:58:06Z</time>
        <hdop>11.7</hdop>
        <extensions>
          <osmand:speed>137.4</osmand:speed>
        </extensions>
      </trkpt>
      <trkpt lat="49.935355" lon="8.6855333">
        <ele>1920.9</ele>
        <time>2026-07-11T10:58:12Z</time>
        <hdop>10.7</hdop>
        <extensions>
          <osmand:speed>139.9</osmand:speed>
        </extensions>
      </trkpt>
      <trkpt lat="49.9320629" lon="8.6961292">
        <ele>2018.9</ele>
        <time>2026-07-11T10:58:18Z</time>
        <hdop>10.2</hdop>
        <extensions>
          <osmand:speed>142</osmand:speed>
        </extensions>
      </trkpt>
      <trkpt lat="49.9273959" lon="8.7056108">
        <ele>2118.9</ele>
        <time>2026-07-11T10:58:24Z</time>
        <hdop>10.7</hdop>
        <extensions>
          <osmand:speed>143.9</osmand:speed>
        </extensions>
      </trkpt>
      <trkpt lat="49.9216634" lon="8.7137827">
        <ele>2219.9</ele>
        <time>2026-07-11T10:58:30Z</time>
        <hdop>10.7</hdop>
        <extensions>
          <osmand:speed>145.4</osmand:speed>
        </extensions>
      </trkpt>
      <trkpt lat="49.9155121" lon="8.7213775">
        <ele>2326.9</ele>
        <time>2026-07-11T10:58:36Z</time>
        <hdop>11.2</hdop>
        <extensions>
          <osmand:speed>146.2</osmand:speed>
        </extensions>
      </trkpt>
      <trkpt lat="49.9090849" lon="8.7285305">
        <ele>2433.9</ele>
        <time>2026-07-11T10:58:42Z</time>
        <hdop>21.4</hdop>
        <extensions>
          <osmand:speed>147.3</osmand:speed>
        </extensions>
      </trkpt>
      <trkpt lat="49.9025239" lon="8.735474">
        <ele>2538.9</ele>
        <time>2026-07-11T10:58:48Z</time>
        <hdop>28.6</hdop>
        <extensions>
          <osmand:speed>148.5</osmand:speed>
        </extensions>
      </trkpt>
      <trkpt lat="49.8593088" lon="8.8217239">
        <ele>3127.9</ele>
        <time>2026-07-11T10:59:41Z</time>
        <hdop>48.5</hdop>
        <extensions>
          <osmand:speed>153.2</osmand:speed>
        </extensions>
      </trkpt>
      <trkpt lat="49.8491469" lon="8.8504267">
        <ele>3240.9</ele>
        <time>2026-07-11T10:59:56Z</time>
        <hdop>48</hdop>
        <extensions>
          <osmand:speed>159.9</osmand:speed>
        </extensions>
      </trkpt>
      <trkpt lat="49.7786948" lon="9.0666729">
        <ele>4621.8</ele>
        <time>2026-07-11T11:01:38Z</time>
        <hdop>46.9</hdop>
        <extensions>
          <osmand:speed>180.1</osmand:speed>
        </extensions>
      </trkpt>
      <trkpt lat="49.7722586" lon="9.0871119">
        <ele>4762.8</ele>
        <time>2026-07-11T11:01:47Z</time>
        <hdop>47.4</hdop>
        <extensions>
          <osmand:speed>182</osmand:speed>
        </extensions>
      </trkpt>
      <trkpt lat="49.767911" lon="9.1007634">
        <ele>4850.8</ele>
        <time>2026-07-11T11:01:53Z</time>
        <hdop>37.2</hdop>
        <extensions>
          <osmand:speed>183.2</osmand:speed>
        </extensions>
      </trkpt>
      <trkpt lat="49.7635018" lon="9.1144584">
        <ele>4941.8</ele>
        <time>2026-07-11T11:01:59Z</time>
        <hdop>32.1</hdop>
        <extensions>
          <osmand:speed>183.7</osmand:speed>
        </extensions>
      </trkpt>
      <trkpt lat="49.7591232" lon="9.128263">
        <ele>5047.8</ele>
        <time>2026-07-11T11:02:05Z</time>
        <hdop>38.8</hdop>
        <extensions>
          <osmand:speed>184.4</osmand:speed>
        </extensions>
      </trkpt>
      <trkpt lat="49.7546597" lon="9.1420493">
        <ele>5136.8</ele>
        <time>2026-07-11T11:02:11Z</time>
        <hdop>32.1</hdop>
        <extensions>
          <osmand:speed>185.2</osmand:speed>
        </extensions>
      </trkpt>
      <trkpt lat="49.7502152" lon="9.1559148">
        <ele>5232.8</ele>
        <time>2026-07-11T11:02:17Z</time>
        <hdop>30.1</hdop>
        <extensions>
          <osmand:speed>185.8</osmand:speed>
        </extensions>
      </trkpt>
      <trkpt lat="49.7457594" lon="9.1697808">
        <ele>5332.8</ele>
        <time>2026-07-11T11:02:23Z</time>
        <hdop>31.1</hdop>
        <extensions>
          <osmand:speed>185.9</osmand:speed>
        </extensions>
      </trkpt>
      <trkpt lat="49.7413278" lon="9.1837144">
        <ele>5441.8</ele>
        <time>2026-07-11T11:02:29Z</time>
        <hdop>24</hdop>
        <extensions>
          <osmand:speed>186.3</osmand:speed>
        </extensions>
      </trkpt>
      <trkpt lat="49.7369151" lon="9.1977421">
        <ele>5548.8</ele>
        <time>2026-07-11T11:02:35Z</time>
        <hdop>19.9</hdop>
        <extensions>
          <osmand:speed>186.9</osmand:speed>
        </extensions>
      </trkpt>
      <trkpt lat="49.7324134" lon="9.2117187">
        <ele>5636.8</ele>
        <time>2026-07-11T11:02:41Z</time>
        <hdop>22.4</hdop>
        <extensions>
          <osmand:speed>187.8</osmand:speed>
        </extensions>
      </trkpt>
      <trkpt lat="49.7278809" lon="9.2257172">
        <ele>5717.8</ele>
        <time>2026-07-11T11:02:47Z</time>
        <hdop>16.3</hdop>
        <extensions>
          <osmand:speed>188.6</osmand:speed>
        </extensions>
      </trkpt>
      <trkpt lat="49.7233117" lon="9.23977">
        <ele>5793.8</ele>
        <time>2026-07-11T11:02:53Z</time>
        <hdop>17.9</hdop>
        <extensions>
          <osmand:speed>189.4</osmand:speed>
        </extensions>
      </trkpt>
      <trkpt lat="49.7187123" lon="9.2538865">
        <ele>5863.6</ele>
        <time>2026-07-11T11:02:59Z</time>
        <hdop>19.4</hdop>
        <extensions>
          <osmand:speed>190.7</osmand:speed>
        </extensions>
      </trkpt>
      <trkpt lat="49.7140929" lon="9.2680989">
        <ele>5931.6</ele>
        <time>2026-07-11T11:03:05Z</time>
        <hdop>20.9</hdop>
        <extensions>
          <osmand:speed>191.7</osmand:speed>
        </extensions>
      </trkpt>
      <trkpt lat="49.7094322" lon="9.2823549">
        <ele>6003.6</ele>
        <time>2026-07-11T11:03:11Z</time>
        <hdop>18.9</hdop>
        <extensions>
          <osmand:speed>192.6</osmand:speed>
        </extensions>
      </trkpt>
      <trkpt lat="49.7047732" lon="9.2966778">
        <ele>6081.6</ele>
        <time>2026-07-11T11:03:17Z</time>
        <hdop>19.4</hdop>
        <extensions>
          <osmand:speed>193.2</osmand:speed>
        </extensions>
      </trkpt>
      <trkpt lat="49.7000893" lon="9.3110555">
        <ele>6154.6</ele>
        <time>2026-07-11T11:03:23Z</time>
        <hdop>18.9</hdop>
        <extensions>
          <osmand:speed>193.8</osmand:speed>
        </extensions>
      </trkpt>
      <trkpt lat="49.6953743" lon="9.3254698">
        <ele>6227.6</ele>
        <time>2026-07-11T11:03:29Z</time>
        <hdop>20.9</hdop>
        <extensions>
          <osmand:speed>194.4</osmand:speed>
        </extensions>
      </trkpt>
      <trkpt lat="49.69065" lon="9.3399506">
        <ele>6295.6</ele>
        <time>2026-07-11T11:03:35Z</time>
        <hdop>15.8</hdop>
        <extensions>
          <osmand:speed>195.3</osmand:speed>
        </extensions>
      </trkpt>
      <trkpt lat="49.6858891" lon="9.3545142">
        <ele>6362.6</ele>
        <time>2026-07-11T11:03:41Z</time>
        <hdop>17.3</hdop>
        <extensions>
          <osmand:speed>196.4</osmand:speed>
        </extensions>
      </trkpt>
      <trkpt lat="49.6810935" lon="9.3691537">
        <ele>6429.6</ele>
        <time>2026-07-11T11:03:47Z</time>
        <hdop>20.4</hdop>
        <extensions>
          <osmand:speed>197.5</osmand:speed>
        </extensions>
      </trkpt>
      <trkpt lat="49.6762768" lon="9.3838677">
        <ele>6498.6</ele>
        <time>2026-07-11T11:03:53Z</time>
        <hdop>17.9</hdop>
        <extensions>
          <osmand:speed>198.8</osmand:speed>
        </extensions>
      </trkpt>
      <trkpt lat="49.671436" lon="9.3986367">
        <ele>6571.6</ele>
        <time>2026-07-11T11:03:59Z</time>
        <hdop>18.9</hdop>
        <extensions>
          <osmand:speed>199.3</osmand:speed>
        </extensions>
      </trkpt>
      <trkpt lat="49.6665929" lon="9.4134306">
        <ele>6646.6</ele>
        <time>2026-07-11T11:04:05Z</time>
        <hdop>17.9</hdop>
        <extensions>
          <osmand:speed>199.8</osmand:speed>
        </extensions>
      </trkpt>
      <trkpt lat="49.6617331" lon="9.4282501">
        <ele>6722.6</ele>
        <time>2026-07-11T11:04:11Z</time>
        <hdop>21.4</hdop>
        <extensions>
          <osmand:speed>200.4</osmand:speed>
        </extensions>
      </trkpt>
      <trkpt lat="49.6568625" lon="9.4431072">
        <ele>6798.6</ele>
        <time>2026-07-11T11:04:17Z</time>
        <hdop>19.4</hdop>
        <extensions>
          <osmand:speed>200.7</osmand:speed>
        </extensions>
      </trkpt>
      <trkpt lat="49.6519892" lon="9.4579737">
        <ele>6878.6</ele>
        <time>2026-07-11T11:04:23Z</time>
        <hdop>20.9</hdop>
        <extensions>
          <osmand:speed>200.9</osmand:speed>
        </extensions>
      </trkpt>
      <trkpt lat="49.6470958" lon="9.4728354">
        <ele>6957.6</ele>
        <time>2026-07-11T11:04:29Z</time>
        <hdop>19.4</hdop>
        <extensions>
          <osmand:speed>201</osmand:speed>
        </extensions>
      </trkpt>
      <trkpt lat="49.6421863" lon="9.487736">
        <ele>7030.6</ele>
        <time>2026-07-11T11:04:35Z</time>
        <hdop>19.9</hdop>
        <extensions>
          <osmand:speed>201.3</osmand:speed>
        </extensions>
      </trkpt>
      <trkpt lat="49.6372682" lon="9.5026253">
        <ele>7105.5</ele>
        <time>2026-07-11T11:04:41Z</time>
        <hdop>23</hdop>
        <extensions>
          <osmand:speed>201.5</osmand:speed>
        </extensions>
      </trkpt>
      <trkpt lat="49.6323521" lon="9.5175573">
        <ele>7181.5</ele>
        <time>2026-07-11T11:04:47Z</time>
        <hdop>16.8</hdop>
        <extensions>
          <osmand:speed>201.8</osmand:speed>
        </extensions>
      </trkpt>
      <trkpt lat="49.6274625" lon="9.5325017">
        <ele>7259.5</ele>
        <time>2026-07-11T11:04:53Z</time>
        <hdop>18.9</hdop>
        <extensions>
          <osmand:speed>201.9</osmand:speed>
        </extensions>
      </trkpt>
      <trkpt lat="49.622528" lon="9.5474321">
        <ele>7336.5</ele>
        <time>2026-07-11T11:04:59Z</time>
        <hdop>20.9</hdop>
        <extensions>
          <osmand:speed>201.9</osmand:speed>
        </extensions>
      </trkpt>
      <trkpt lat="49.6175886" lon="9.5623769">
        <ele>7409.5</ele>
        <time>2026-07-11T11:05:05Z</time>
        <hdop>21.9</hdop>
        <extensions>
          <osmand:speed>202.1</osmand:speed>
        </extensions>
      </trkpt>
      <trkpt lat="49.6126458" lon="9.5773327">
        <ele>7482.5</ele>
        <time>2026-07-11T11:05:11Z</time>
        <hdop>16.8</hdop>
        <extensions>
          <osmand:speed>202.4</osmand:speed>
        </extensions>
      </trkpt>
      <trkpt lat="49.6077003" lon="9.5922841">
        <ele>7553.5</ele>
        <time>2026-07-11T11:05:17Z</time>
        <hdop>17.9</hdop>
        <extensions>
          <osmand:speed>202.8</osmand:speed>
        </extensions>
      </trkpt>
      <trkpt lat="49.6027245" lon="9.6072672">
        <ele>7618.5</ele>
        <time>2026-07-11T11:05:23Z</time>
        <hdop>17.9</hdop>
        <extensions>
          <osmand:speed>203.3</osmand:speed>
        </extensions>
      </trkpt>
      <trkpt lat="49.5977478" lon="9.6223039">
        <ele>7681.5</ele>
        <time>2026-07-11T11:05:29Z</time>
        <hdop>17.9</hdop>
        <extensions>
          <osmand:speed>203.9</osmand:speed>
        </extensions>
      </trkpt>
      <trkpt lat="49.5927685" lon="9.6374209">
        <ele>7739.5</ele>
        <time>2026-07-11T11:05:35Z</time>
        <hdop>17.9</hdop>
        <extensions>
          <osmand:speed>204.7</osmand:speed>
        </extensions>
      </trkpt>
      <trkpt lat="49.587785" lon="9.6525913">
        <ele>7799.5</ele>
        <time>2026-07-11T11:05:41Z</time>
        <hdop>17.3</hdop>
        <extensions>
          <osmand:speed>205.5</osmand:speed>
        </extensions>
      </trkpt>
      <trkpt lat="49.5827541" lon="9.6678199">
        <ele>7857.5</ele>
        <time>2026-07-11T11:05:47Z</time>
        <hdop>16.3</hdop>
        <extensions>
          <osmand:speed>206.4</osmand:speed>
        </extensions>
      </trkpt>
      <trkpt lat="49.5776855" lon="9.6830865">
        <ele>7910.5</ele>
        <time>2026-07-11T11:05:53Z</time>
        <hdop>16.3</hdop>
        <extensions>
          <osmand:speed>207.3</osmand:speed>
        </extensions>
      </trkpt>
      <trkpt lat="49.5726303" lon="9.6984174">
        <ele>7965.5</ele>
        <time>2026-07-11T11:05:59Z</time>
        <hdop>17.9</hdop>
        <extensions>
          <osmand:speed>208</osmand:speed>
        </extensions>
      </trkpt>
      <trkpt lat="49.5675288" lon="9.7137829">
        <ele>8023.5</ele>
        <time>2026-07-11T11:06:05Z</time>
        <hdop>17.3</hdop>
        <extensions>
          <osmand:speed>208.3</osmand:speed>
        </extensions>
      </trkpt>
      <trkpt lat="49.5623994" lon="9.7291786">
        <ele>8077.5</ele>
        <time>2026-07-11T11:06:11Z</time>
        <hdop>17.3</hdop>
        <extensions>
          <osmand:speed>209</osmand:speed>
        </extensions>
      </trkpt>
      <trkpt lat="49.5574076" lon="9.7446447">
        <ele>8153.5</ele>
        <time>2026-07-11T11:06:17Z</time>
        <hdop>6.6</hdop>
        <extensions>
          <osmand:speed>209.6</osmand:speed>
        </extensions>
      </trkpt>
      <trkpt lat="49.5521217" lon="9.7600796">
        <ele>8195.5</ele>
        <time>2026-07-11T11:06:23Z</time>
        <hdop>16.8</hdop>
        <extensions>
          <osmand:speed>210</osmand:speed>
        </extensions>
      </trkpt>
      <trkpt lat="49.5471141" lon="9.7756062">
        <ele>8271.5</ele>
        <time>2026-07-11T11:06:29Z</time>
        <hdop>7.1</hdop>
        <extensions>
          <osmand:speed>210</osmand:speed>
        </extensions>
      </trkpt>
      <trkpt lat="49.5418056" lon="9.7910095">
        <ele>8335.5</ele>
        <time>2026-07-11T11:06:35Z</time>
        <hdop>7.1</hdop>
        <extensions>
          <osmand:speed>210.9</osmand:speed>
        </extensions>
      </trkpt>
      <trkpt lat="49.5361689" lon="9.806211">
        <ele>8391.5</ele>
        <time>2026-07-11T11:06:41Z</time>
        <hdop>6.1</hdop>
        <extensions>
          <osmand:speed>211.8</osmand:speed>
        </extensions>
      </trkpt>
      <trkpt lat="49.5302936" lon="9.8212651">
        <ele>8445.5</ele>
        <time>2026-07-11T11:06:47Z</time>
        <hdop>7.1</hdop>
        <extensions>
          <osmand:speed>212.9</osmand:speed>
        </extensions>
      </trkpt>
      <trkpt lat="49.52406" lon="9.8361143">
        <ele>8492.5</ele>
        <time>2026-07-11T11:06:53Z</time>
        <hdop>7.7</hdop>
        <extensions>
          <osmand:speed>213.8</osmand:speed>
        </extensions>
      </trkpt>
      <trkpt lat="49.5175581" lon="9.850747">
        <ele>8546.5</ele>
        <time>2026-07-11T11:06:59Z</time>
        <hdop>7.1</hdop>
        <extensions>
          <osmand:speed>214.5</osmand:speed>
        </extensions>
      </trkpt>
      <trkpt lat="49.510845" lon="9.8651789">
        <ele>8593.5</ele>
        <time>2026-07-11T11:07:05Z</time>
        <hdop>13.8</hdop>
        <extensions>
          <osmand:speed>215.1</osmand:speed>
        </extensions>
      </trkpt>
      <trkpt lat="49.5037557" lon="9.8793188">
        <ele>8644.5</ele>
        <time>2026-07-11T11:07:11Z</time>
        <hdop>14.3</hdop>
        <extensions>
          <osmand:speed>215.9</osmand:speed>
        </extensions>
      </trkpt>
      <trkpt lat="49.4963776" lon="9.8932306">
        <ele>8705.3</ele>
        <time>2026-07-11T11:07:17Z</time>
        <hdop>7.1</hdop>
        <extensions>
          <osmand:speed>216.7</osmand:speed>
        </extensions>
      </trkpt>
      <trkpt lat="49.4890201" lon="9.9071567">
        <ele>8752.3</ele>
        <time>2026-07-11T11:07:23Z</time>
        <hdop>7.1</hdop>
        <extensions>
          <osmand:speed>217.3</osmand:speed>
        </extensions>
      </trkpt>
      <trkpt lat="49.4816505" lon="9.9211451">
        <ele>8798.3</ele>
        <time>2026-07-11T11:07:29Z</time>
        <hdop>7.1</hdop>
        <extensions>
          <osmand:speed>218</osmand:speed>
        </extensions>
      </trkpt>
      <trkpt lat="49.474219" lon="9.9351485">
        <ele>8838.3</ele>
        <time>2026-07-11T11:07:35Z</time>
        <hdop>7.7</hdop>
        <extensions>
          <osmand:speed>218.7</osmand:speed>
        </extensions>
      </trkpt>
      <trkpt lat="49.4668081" lon="9.9492151">
        <ele>8887.3</ele>
        <time>2026-07-11T11:07:41Z</time>
        <hdop>7.1</hdop>
        <extensions>
          <osmand:speed>219.2</osmand:speed>
        </extensions>
      </trkpt>
      <trkpt lat="49.4593673" lon="9.9632849">
        <ele>8937.3</ele>
        <time>2026-07-11T11:07:47Z</time>
        <hdop>7.1</hdop>
        <extensions>
          <osmand:speed>219.4</osmand:speed>
        </extensions>
      </trkpt>
      <trkpt lat="49.4518896" lon="9.9773743">
        <ele>8985.3</ele>
        <time>2026-07-11T11:07:53Z</time>
        <hdop>7.1</hdop>
        <extensions>
          <osmand:speed>219.8</osmand:speed>
        </extensions>
      </trkpt>
      <trkpt lat="49.4444369" lon="9.9914618">
        <ele>9040.3</ele>
        <time>2026-07-11T11:07:59Z</time>
        <hdop>6.6</hdop>
        <extensions>
          <osmand:speed>219.7</osmand:speed>
        </extensions>
      </trkpt>
      <trkpt lat="49.4369855" lon="10.005555">
        <ele>9093.5</ele>
        <time>2026-07-11T11:08:05Z</time>
        <hdop>6.6</hdop>
        <extensions>
          <osmand:speed>219.9</osmand:speed>
        </extensions>
      </trkpt>
      <trkpt lat="49.4294901" lon="10.0196698">
        <ele>9140.5</ele>
        <time>2026-07-11T11:08:11Z</time>
        <hdop>6.6</hdop>
        <extensions>
          <osmand:speed>220.3</osmand:speed>
        </extensions>
      </trkpt>
      <trkpt lat="49.4220145" lon="10.0338201">
        <ele>9184.5</ele>
        <time>2026-07-11T11:08:17Z</time>
        <hdop>6.6</hdop>
        <extensions>
          <osmand:speed>221</osmand:speed>
        </extensions>
      </trkpt>
      <trkpt lat="49.4145041" lon="10.0479938">
        <ele>9228.5</ele>
        <time>2026-07-11T11:08:23Z</time>
        <hdop>6.6</hdop>
        <extensions>
          <osmand:speed>221.4</osmand:speed>
        </extensions>
      </trkpt>
      <trkpt lat="49.4069917" lon="10.0621883">
        <ele>9273.5</ele>
        <time>2026-07-11T11:08:29Z</time>
        <hdop>7.7</hdop>
        <extensions>
          <osmand:speed>221.7</osmand:speed>
        </extensions>
      </trkpt>
      <trkpt lat="49.3994533" lon="10.0763918">
        <ele>9316.5</ele>
        <time>2026-07-11T11:08:35Z</time>
        <hdop>7.1</hdop>
        <extensions>
          <osmand:speed>222.1</osmand:speed>
        </extensions>
      </trkpt>
      <trkpt lat="49.3919346" lon="10.0906191">
        <ele>9366.5</ele>
        <time>2026-07-11T11:08:41Z</time>
        <hdop>7.1</hdop>
        <extensions>
          <osmand:speed>222.1</osmand:speed>
        </extensions>
      </trkpt>
      <trkpt lat="49.3843849" lon="10.1048418">
        <ele>9414.5</ele>
        <time>2026-07-11T11:08:47Z</time>
        <hdop>7.1</hdop>
        <extensions>
          <osmand:speed>222.3</osmand:speed>
        </extensions>
      </trkpt>
      <trkpt lat="49.3768318" lon="10.1190752">
        <ele>9460.5</ele>
        <time>2026-07-11T11:08:53Z</time>
        <hdop>6.6</hdop>
        <extensions>
          <osmand:speed>222.7</osmand:speed>
        </extensions>
      </trkpt>
      <trkpt lat="49.3692638" lon="10.1333412">
        <ele>9502.5</ele>
        <time>2026-07-11T11:08:59Z</time>
        <hdop>7.7</hdop>
        <extensions>
          <osmand:speed>223.3</osmand:speed>
        </extensions>
      </trkpt>
      <trkpt lat="49.3616998" lon="10.1476431">
        <ele>9543.5</ele>
        <time>2026-07-11T11:09:05Z</time>
        <hdop>7.7</hdop>
        <extensions>
          <osmand:speed>223.8</osmand:speed>
        </extensions>
      </trkpt>
      <trkpt lat="49.3540936" lon="10.1619933">
        <ele>9573.5</ele>
        <time>2026-07-11T11:09:11Z</time>
        <hdop>7.7</hdop>
        <extensions>
          <osmand:speed>224.5</osmand:speed>
        </extensions>
      </trkpt>
      <trkpt lat="49.3464408" lon="10.1763601">
        <ele>9605.5</ele>
        <time>2026-07-11T11:09:17Z</time>
        <hdop>7.1</hdop>
        <extensions>
          <osmand:speed>225.2</osmand:speed>
        </extensions>
      </trkpt>
      <trkpt lat="49.3387624" lon="10.1907719">
        <ele>9633.5</ele>
        <time>2026-07-11T11:09:23Z</time>
        <hdop>7.7</hdop>
        <extensions>
          <osmand:speed>225.8</osmand:speed>
        </extensions>
      </trkpt>
      <trkpt lat="49.3310622" lon="10.2052122">
        <ele>9663.5</ele>
        <time>2026-07-11T11:09:29Z</time>
        <hdop>7.1</hdop>
        <extensions>
          <osmand:speed>226.5</osmand:speed>
        </extensions>
      </trkpt>
      <trkpt lat="49.3233405" lon="10.219697">
        <ele>9692.5</ele>
        <time>2026-07-11T11:09:35Z</time>
        <hdop>7.1</hdop>
        <extensions>
          <osmand:speed>227.1</osmand:speed>
        </extensions>
      </trkpt>
      <trkpt lat="49.3155899" lon="10.2342235">
        <ele>9723.5</ele>
        <time>2026-07-11T11:09:41Z</time>
        <hdop>7.7</hdop>
        <extensions>
          <osmand:speed>227.8</osmand:speed>
        </extensions>
      </trkpt>
      <trkpt lat="49.3078322" lon="10.2487837">
        <ele>9754.5</ele>
        <time>2026-07-11T11:09:47Z</time>
        <hdop>7.7</hdop>
        <extensions>
          <osmand:speed>228.4</osmand:speed>
        </extensions>
      </trkpt>
      <trkpt lat="49.3000524" lon="10.263385">
        <ele>9786.9</ele>
        <time>2026-07-11T11:09:53Z</time>
        <hdop>7.1</hdop>
        <extensions>
          <osmand:speed>229</osmand:speed>
        </extensions>
      </trkpt>
      <trkpt lat="49.2922353" lon="10.2780115">
        <ele>9816.9</ele>
        <time>2026-07-11T11:09:59Z</time>
        <hdop>6.6</hdop>
        <extensions>
          <osmand:speed>229.8</osmand:speed>
        </extensions>
      </trkpt>
      <trkpt lat="49.284394" lon="10.29271">
        <ele>9826.9</ele>
        <time>2026-07-11T11:10:05Z</time>
        <hdop>7.1</hdop>
        <extensions>
          <osmand:speed>231.3</osmand:speed>
        </extensions>
      </trkpt>
      <trkpt lat="49.276483" lon="10.3075316">
        <ele>9825.9</ele>
        <time>2026-07-11T11:10:11Z</time>
        <hdop>7.7</hdop>
        <extensions>
          <osmand:speed>233.2</osmand:speed>
        </extensions>
      </trkpt>
      <trkpt lat="49.2684911" lon="10.3224606">
        <ele>9825.9</ele>
        <time>2026-07-11T11:10:17Z</time>
        <hdop>8.2</hdop>
        <extensions>
          <osmand:speed>235.2</osmand:speed>
        </extensions>
      </trkpt>
      <trkpt lat="49.2603463" lon="10.3374189">
        <ele>9823.9</ele>
        <time>2026-07-11T11:10:23Z</time>
        <hdop>8.2</hdop>
        <extensions>
          <osmand:speed>237.3</osmand:speed>
        </extensions>
      </trkpt>
      <trkpt lat="49.2520018" lon="10.3523211">
        <ele>9820.9</ele>
        <time>2026-07-11T11:10:29Z</time>
        <hdop>6.6</hdop>
        <extensions>
          <osmand:speed>239.2</osmand:speed>
        </extensions>
      </trkpt>
      <trkpt lat="49.2434661" lon="10.3671554">
        <ele>9819.8</ele>
        <time>2026-07-11T11:10:35Z</time>
        <hdop>7.7</hdop>
        <extensions>
          <osmand:speed>241</osmand:speed>
        </extensions>
      </trkpt>
      <trkpt lat="49.2347269" lon="10.3819337">
        <ele>9815.8</ele>
        <time>2026-07-11T11:10:41Z</time>
        <hdop>7.1</hdop>
        <extensions>
          <osmand:speed>242.9</osmand:speed>
        </extensions>
      </trkpt>
      <trkpt lat="49.2257952" lon="10.3966291">
        <ele>9813.8</ele>
        <time>2026-07-11T11:10:47Z</time>
        <hdop>6.6</hdop>
        <extensions>
          <osmand:speed>244.4</osmand:speed>
        </extensions>
      </trkpt>
      <trkpt lat="49.216682" lon="10.4111906">
        <ele>9811.8</ele>
        <time>2026-07-11T11:10:53Z</time>
        <hdop>7.7</hdop>
        <extensions>
          <osmand:speed>245.1</osmand:speed>
        </extensions>
      </trkpt>
      <trkpt lat="49.2074419" lon="10.4255784">
        <ele>9809.8</ele>
        <time>2026-07-11T11:10:59Z</time>
        <hdop>6.6</hdop>
        <extensions>
          <osmand:speed>245</osmand:speed>
        </extensions>
      </trkpt>
      <trkpt lat="49.1980615" lon="10.4397353">
        <ele>9807.8</ele>
        <time>2026-07-11T11:11:05Z</time>
        <hdop>6.6</hdop>
        <extensions>
          <osmand:speed>244.7</osmand:speed>
        </extensions>
      </trkpt>
      <trkpt lat="49.188615" lon="10.4537549">
        <ele>9806.8</ele>
        <time>2026-07-11T11:11:11Z</time>
        <hdop>6.1</hdop>
        <extensions>
          <osmand:speed>244.5</osmand:speed>
        </extensions>
      </trkpt>
      <trkpt lat="49.1791795" lon="10.4677636">
        <ele>9808.8</ele>
        <time>2026-07-11T11:11:17Z</time>
        <hdop>6.1</hdop>
        <extensions>
          <osmand:speed>244.6</osmand:speed>
        </extensions>
      </trkpt>
      <trkpt lat="49.1697464" lon="10.4817912">
        <ele>9809.8</ele>
        <time>2026-07-11T11:11:23Z</time>
        <hdop>6.1</hdop>
        <extensions>
          <osmand:speed>244.8</osmand:speed>
        </extensions>
      </trkpt>
      <trkpt lat="49.1602957" lon="10.4958289">
        <ele>9811.8</ele>
        <time>2026-07-11T11:11:29Z</time>
        <hdop>6.1</hdop>
        <extensions>
          <osmand:speed>245.1</osmand:speed>
        </extensions>
      </trkpt>
      <trkpt lat="49.1508302" lon="10.5098715">
        <ele>9813.2</ele>
        <time>2026-07-11T11:11:35Z</time>
        <hdop>5.6</hdop>
        <extensions>
          <osmand:speed>245.1</osmand:speed>
        </extensions>
      </trkpt>
      <trkpt lat="49.1413516" lon="10.5239077">
        <ele>9812.2</ele>
        <time>2026-07-11T11:11:41Z</time>
        <hdop>6.1</hdop>
        <extensions>
          <osmand:speed>245.1</osmand:speed>
        </extensions>
      </trkpt>
      <trkpt lat="49.1318921" lon="10.5379331">
        <ele>9810.2</ele>
        <time>2026-07-11T11:11:47Z</time>
        <hdop>5.1</hdop>
        <extensions>
          <osmand:speed>244.9</osmand:speed>
        </extensions>
      </trkpt>
      <trkpt lat="49.1224341" lon="10.5519571">
        <ele>9813.2</ele>
        <time>2026-07-11T11:11:53Z</time>
        <hdop>5.6</hdop>
        <extensions>
          <osmand:speed>244.9</osmand:speed>
        </extensions>
      </trkpt>
      <trkpt lat="49.1129834" lon="10.5659589">
        <ele>9815.2</ele>
        <time>2026-07-11T11:11:59Z</time>
        <hdop>6.1</hdop>
        <extensions>
          <osmand:speed>244.8</osmand:speed>
        </extensions>
      </trkpt>
      <trkpt lat="49.1035482" lon="10.5799747">
        <ele>9817.2</ele>
        <time>2026-07-11T11:12:05Z</time>
        <hdop>6.1</hdop>
        <extensions>
          <osmand:speed>244.7</osmand:speed>
        </extensions>
      </trkpt>
      <trkpt lat="49.0940971" lon="10.5939639">
        <ele>9816.2</ele>
        <time>2026-07-11T11:12:11Z</time>
        <hdop>6.1</hdop>
        <extensions>
          <osmand:speed>244.9</osmand:speed>
        </extensions>
      </trkpt>
      <trkpt lat="49.0846243" lon="10.607939">
        <ele>9816.2</ele>
        <time>2026-07-11T11:12:17Z</time>
        <hdop>5.1</hdop>
        <extensions>
          <osmand:speed>244.9</osmand:speed>
        </extensions>
      </trkpt>
      <trkpt lat="49.0751368" lon="10.6219302">
        <ele>9814.2</ele>
        <time>2026-07-11T11:12:23Z</time>
        <hdop>5.6</hdop>
        <extensions>
          <osmand:speed>245.1</osmand:speed>
        </extensions>
      </trkpt>
      <trkpt lat="49.0656525" lon="10.6359267">
        <ele>9813.2</ele>
        <time>2026-07-11T11:12:29Z</time>
        <hdop>6.1</hdop>
        <extensions>
          <osmand:speed>245.1</osmand:speed>
        </extensions>
      </trkpt>
      <trkpt lat="49.0561792" lon="10.6499325">
        <ele>9813.2</ele>
        <time>2026-07-11T11:12:35Z</time>
        <hdop>5.6</hdop>
        <extensions>
          <osmand:speed>245.3</osmand:speed>
        </extensions>
      </trkpt>
      <trkpt lat="49.0466984" lon="10.6639412">
        <ele>9812.2</ele>
        <time>2026-07-11T11:12:41Z</time>
        <hdop>6.1</hdop>
        <extensions>
          <osmand:speed>245.4</osmand:speed>
        </extensions>
      </trkpt>
      <trkpt lat="49.037228" lon="10.6779551">
        <ele>9811.2</ele>
        <time>2026-07-11T11:12:47Z</time>
        <hdop>6.6</hdop>
        <extensions>
          <osmand:speed>245.2</osmand:speed>
        </extensions>
      </trkpt>
      <trkpt lat="49.0277427" lon="10.6919523">
        <ele>9813.2</ele>
        <time>2026-07-11T11:12:53Z</time>
        <hdop>5.6</hdop>
        <extensions>
          <osmand:speed>245.2</osmand:speed>
        </extensions>
      </trkpt>
      <trkpt lat="49.018248" lon="10.7059235">
        <ele>9813.2</ele>
        <time>2026-07-11T11:12:59Z</time>
        <hdop>5.6</hdop>
        <extensions>
          <osmand:speed>245.3</osmand:speed>
        </extensions>
      </trkpt>
      <trkpt lat="49.008741" lon="10.7198944">
        <ele>9812.2</ele>
        <time>2026-07-11T11:13:05Z</time>
        <hdop>6.1</hdop>
        <extensions>
          <osmand:speed>245.5</osmand:speed>
        </extensions>
      </trkpt>
      <trkpt lat="48.9992326" lon="10.73388">
        <ele>9814.2</ele>
        <time>2026-07-11T11:13:11Z</time>
        <hdop>6.1</hdop>
        <extensions>
          <osmand:speed>245.8</osmand:speed>
        </extensions>
      </trkpt>
      <trkpt lat="48.9897242" lon="10.747876">
        <ele>9816.2</ele>
        <time>2026-07-11T11:13:17Z</time>
        <hdop>7.1</hdop>
        <extensions>
          <osmand:speed>245.9</osmand:speed>
        </extensions>
      </trkpt>
      <trkpt lat="48.9801919" lon="10.7618649">
        <ele>9813.6</ele>
        <time>2026-07-11T11:13:23Z</time>
        <hdop>5.6</hdop>
        <extensions>
          <osmand:speed>245.9</osmand:speed>
        </extensions>
      </trkpt>
      <trkpt lat="48.970661" lon="10.7758446">
        <ele>9813.6</ele>
        <time>2026-07-11T11:13:29Z</time>
        <hdop>6.1</hdop>
        <extensions>
          <osmand:speed>245.9</osmand:speed>
        </extensions>
      </trkpt>
      <trkpt lat="48.9611337" lon="10.7898129">
        <ele>9813.6</ele>
        <time>2026-07-11T11:13:35Z</time>
        <hdop>6.1</hdop>
        <extensions>
          <osmand:speed>245.8</osmand:speed>
        </extensions>
      </trkpt>
      <trkpt lat="48.9516091" lon="10.803782">
        <ele>9813.6</ele>
        <time>2026-07-11T11:13:41Z</time>
        <hdop>5.1</hdop>
        <extensions>
          <osmand:speed>245.9</osmand:speed>
        </extensions>
      </trkpt>
      <trkpt lat="48.9420843" lon="10.8177431">
        <ele>9815.6</ele>
        <time>2026-07-11T11:13:47Z</time>
        <hdop>5.1</hdop>
        <extensions>
          <osmand:speed>245.8</osmand:speed>
        </extensions>
      </trkpt>
      <trkpt lat="48.9325431" lon="10.8316974">
        <ele>9814.6</ele>
        <time>2026-07-11T11:13:53Z</time>
        <hdop>5.1</hdop>
        <extensions>
          <osmand:speed>245.9</osmand:speed>
        </extensions>
      </trkpt>
      <trkpt lat="48.9230015" lon="10.8456513">
        <ele>9814.6</ele>
        <time>2026-07-11T11:13:59Z</time>
        <hdop>5.1</hdop>
        <extensions>
          <osmand:speed>246</osmand:speed>
        </extensions>
      </trkpt>
      <trkpt lat="48.9134587" lon="10.8596163">
        <ele>9815.6</ele>
        <time>2026-07-11T11:14:05Z</time>
        <hdop>5.1</hdop>
        <extensions>
          <osmand:speed>246.1</osmand:speed>
        </extensions>
      </trkpt>
      <trkpt lat="48.9039125" lon="10.8736019">
        <ele>9814.6</ele>
        <time>2026-07-11T11:14:11Z</time>
        <hdop>4.6</hdop>
        <extensions>
          <osmand:speed>246.2</osmand:speed>
        </extensions>
      </trkpt>
      <trkpt lat="48.8943752" lon="10.8876031">
        <ele>9813.6</ele>
        <time>2026-07-11T11:14:17Z</time>
        <hdop>4.6</hdop>
        <extensions>
          <osmand:speed>246.3</osmand:speed>
        </extensions>
      </trkpt>
      <trkpt lat="48.8848338" lon="10.90159">
        <ele>9812.6</ele>
        <time>2026-07-11T11:14:23Z</time>
        <hdop>5.6</hdop>
        <extensions>
          <osmand:speed>246.3</osmand:speed>
        </extensions>
      </trkpt>
      <trkpt lat="48.8752929" lon="10.9155748">
        <ele>9812.6</ele>
        <time>2026-07-11T11:14:29Z</time>
        <hdop>5.6</hdop>
        <extensions>
          <osmand:speed>246.3</osmand:speed>
        </extensions>
      </trkpt>
      <trkpt lat="48.8657515" lon="10.9295457">
        <ele>9816.6</ele>
        <time>2026-07-11T11:14:35Z</time>
        <hdop>6.1</hdop>
        <extensions>
          <osmand:speed>246.1</osmand:speed>
        </extensions>
      </trkpt>
      <trkpt lat="48.8562004" lon="10.9435058">
        <ele>9814.6</ele>
        <time>2026-07-11T11:14:41Z</time>
        <hdop>5.6</hdop>
        <extensions>
          <osmand:speed>246.2</osmand:speed>
        </extensions>
      </trkpt>
      <trkpt lat="48.8466549" lon="10.957462">
        <ele>9816.6</ele>
        <time>2026-07-11T11:14:47Z</time>
        <hdop>6.1</hdop>
        <extensions>
          <osmand:speed>246.2</osmand:speed>
        </extensions>
      </trkpt>
      <trkpt lat="48.8371015" lon="10.9714229">
        <ele>9816.6</ele>
        <time>2026-07-11T11:14:53Z</time>
        <hdop>6.6</hdop>
        <extensions>
          <osmand:speed>246.3</osmand:speed>
        </extensions>
      </trkpt>
      <trkpt lat="48.8275377" lon="10.9853705">
        <ele>9815.6</ele>
        <time>2026-07-11T11:14:59Z</time>
        <hdop>9.7</hdop>
        <extensions>
          <osmand:speed>246.4</osmand:speed>
        </extensions>
      </trkpt>
      <trkpt lat="48.8179641" lon="10.9993155">
        <ele>9817.6</ele>
        <time>2026-07-11T11:15:05Z</time>
        <hdop>10.2</hdop>
        <extensions>
          <osmand:speed>246.5</osmand:speed>
        </extensions>
      </trkpt>
      <trkpt lat="48.8083849" lon="11.0132662">
        <ele>9818</ele>
        <time>2026-07-11T11:15:11Z</time>
        <hdop>10.7</hdop>
        <extensions>
          <osmand:speed>246.7</osmand:speed>
        </extensions>
      </trkpt>
      <trkpt lat="48.7987934" lon="11.0272221">
        <ele>9817</ele>
        <time>2026-07-11T11:15:17Z</time>
        <hdop>9.7</hdop>
        <extensions>
          <osmand:speed>246.9</osmand:speed>
        </extensions>
      </trkpt>
      <trkpt lat="48.7892138" lon="11.0411871">
        <ele>9817</ele>
        <time>2026-07-11T11:15:23Z</time>
        <hdop>10.2</hdop>
        <extensions>
          <osmand:speed>246.9</osmand:speed>
        </extensions>
      </trkpt>
      <trkpt lat="48.7796014" lon="11.0551409">
        <ele>9816</ele>
        <time>2026-07-11T11:15:29Z</time>
        <hdop>10.7</hdop>
        <extensions>
          <osmand:speed>247.1</osmand:speed>
        </extensions>
      </trkpt>
      <trkpt lat="48.7699988" lon="11.0691079">
        <ele>9817</ele>
        <time>2026-07-11T11:15:35Z</time>
        <hdop>10.2</hdop>
        <extensions>
          <osmand:speed>247.3</osmand:speed>
        </extensions>
      </trkpt>
      <trkpt lat="48.7603846" lon="11.0830636">
        <ele>9820</ele>
        <time>2026-07-11T11:15:41Z</time>
        <hdop>10.2</hdop>
        <extensions>
          <osmand:speed>247.4</osmand:speed>
        </extensions>
      </trkpt>
      <trkpt lat="48.7507507" lon="11.097015">
        <ele>9820</ele>
        <time>2026-07-11T11:15:47Z</time>
        <hdop>10.7</hdop>
        <extensions>
          <osmand:speed>247.7</osmand:speed>
        </extensions>
      </trkpt>
      <trkpt lat="48.7411167" lon="11.1109859">
        <ele>9816.1</ele>
        <time>2026-07-11T11:15:53Z</time>
        <hdop>6.1</hdop>
        <extensions>
          <osmand:speed>247.8</osmand:speed>
        </extensions>
      </trkpt>
      <trkpt lat="48.7314465" lon="11.1249433">
        <ele>9815.1</ele>
        <time>2026-07-11T11:15:59Z</time>
        <hdop>5.1</hdop>
        <extensions>
          <osmand:speed>248</osmand:speed>
        </extensions>
      </trkpt>
      <trkpt lat="48.7217806" lon="11.1388969">
        <ele>9814.1</ele>
        <time>2026-07-11T11:16:05Z</time>
        <hdop>5.1</hdop>
        <extensions>
          <osmand:speed>248</osmand:speed>
        </extensions>
      </trkpt>
      <trkpt lat="48.7121044" lon="11.1528503">
        <ele>9812.1</ele>
        <time>2026-07-11T11:16:11Z</time>
        <hdop>5.1</hdop>
        <extensions>
          <osmand:speed>248.1</osmand:speed>
        </extensions>
      </trkpt>
      <trkpt lat="48.7024298" lon="11.1668021">
        <ele>9813.1</ele>
        <time>2026-07-11T11:16:17Z</time>
        <hdop>4.6</hdop>
        <extensions>
          <osmand:speed>248.2</osmand:speed>
        </extensions>
      </trkpt>
      <trkpt lat="48.6927517" lon="11.1807613">
        <ele>9813.1</ele>
        <time>2026-07-11T11:16:23Z</time>
        <hdop>6.1</hdop>
        <extensions>
          <osmand:speed>248.4</osmand:speed>
        </extensions>
      </trkpt>
      <trkpt lat="48.6831033" lon="11.194783">
        <ele>9810.1</ele>
        <time>2026-07-11T11:16:29Z</time>
        <hdop>6.1</hdop>
        <extensions>
          <osmand:speed>248.5</osmand:speed>
        </extensions>
      </trkpt>
      <trkpt lat="48.6738291" lon="11.209366">
        <ele>9811.1</ele>
        <time>2026-07-11T11:16:35Z</time>
        <hdop>5.6</hdop>
        <extensions>
          <osmand:speed>248.4</osmand:speed>
        </extensions>
      </trkpt>
      <trkpt lat="48.6651372" lon="11.2247257">
        <ele>9814.1</ele>
        <time>2026-07-11T11:16:41Z</time>
        <hdop>5.1</hdop>
        <extensions>
          <osmand:speed>248.4</osmand:speed>
        </extensions>
      </trkpt>
      <trkpt lat="48.6570165" lon="11.2407811">
        <ele>9812.1</ele>
        <time>2026-07-11T11:16:47Z</time>
        <hdop>3.1</hdop>
        <extensions>
          <osmand:speed>248.3</osmand:speed>
        </extensions>
      </trkpt>
      <trkpt lat="48.6495846" lon="11.257539">
        <ele>9812.4</ele>
        <time>2026-07-11T11:16:53Z</time>
        <hdop>5.6</hdop>
        <extensions>
          <osmand:speed>247.8</osmand:speed>
        </extensions>
      </trkpt>
      <trkpt lat="48.6428565" lon="11.2749393">
        <ele>9815.4</ele>
        <time>2026-07-11T11:16:59Z</time>
        <hdop>3.6</hdop>
        <extensions>
          <osmand:speed>247.6</osmand:speed>
        </extensions>
      </trkpt>
      <trkpt lat="48.6368232" lon="11.2928859">
        <ele>9812.4</ele>
        <time>2026-07-11T11:17:05Z</time>
        <hdop>7.1</hdop>
        <extensions>
          <osmand:speed>247.2</osmand:speed>
        </extensions>
      </trkpt>
      <trkpt lat="48.6315502" lon="11.3113272">
        <ele>9811.4</ele>
        <time>2026-07-11T11:17:11Z</time>
        <hdop>18.4</hdop>
        <extensions>
          <osmand:speed>247</osmand:speed>
        </extensions>
      </trkpt>
      <trkpt lat="48.6270163" lon="11.3302118">
        <ele>9812.4</ele>
        <time>2026-07-11T11:17:17Z</time>
        <hdop>8.2</hdop>
        <extensions>
          <osmand:speed>246.8</osmand:speed>
        </extensions>
      </trkpt>
      <trkpt lat="48.6228513" lon="11.3492696">
        <ele>9809.4</ele>
        <time>2026-07-11T11:17:23Z</time>
        <hdop>16.8</hdop>
        <extensions>
          <osmand:speed>246.9</osmand:speed>
        </extensions>
      </trkpt>
      <trkpt lat="48.6187426" lon="11.3683601">
        <ele>9806.4</ele>
        <time>2026-07-11T11:17:29Z</time>
        <hdop>8.2</hdop>
        <extensions>
          <osmand:speed>247</osmand:speed>
        </extensions>
      </trkpt>
      <trkpt lat="48.614712" lon="11.3874861">
        <ele>9807.4</ele>
        <time>2026-07-11T11:17:35Z</time>
        <hdop>7.7</hdop>
        <extensions>
          <osmand:speed>247</osmand:speed>
        </extensions>
      </trkpt>
      <trkpt lat="48.6106978" lon="11.4066304">
        <ele>9807.4</ele>
        <time>2026-07-11T11:17:41Z</time>
        <hdop>6.6</hdop>
        <extensions>
          <osmand:speed>247.1</osmand:speed>
        </extensions>
      </trkpt>
      <trkpt lat="48.6066697" lon="11.42577">
        <ele>9806.4</ele>
        <time>2026-07-11T11:17:47Z</time>
        <hdop>5.6</hdop>
        <extensions>
          <osmand:speed>247</osmand:speed>
        </extensions>
      </trkpt>
      <trkpt lat="48.6026149" lon="11.4448911">
        <ele>9808.4</ele>
        <time>2026-07-11T11:17:53Z</time>
        <hdop>12.8</hdop>
        <extensions>
          <osmand:speed>247.1</osmand:speed>
        </extensions>
      </trkpt>
      <trkpt lat="48.598566" lon="11.4640171">
        <ele>9808.4</ele>
        <time>2026-07-11T11:17:59Z</time>
        <hdop>7.1</hdop>
        <extensions>
          <osmand:speed>247.2</osmand:speed>
        </extensions>
      </trkpt>
      <trkpt lat="48.5945146" lon="11.4831558">
        <ele>9808.4</ele>
        <time>2026-07-11T11:18:05Z</time>
        <hdop>6.6</hdop>
        <extensions>
          <osmand:speed>247.3</osmand:speed>
        </extensions>
      </trkpt>
      <trkpt lat="48.5904596" lon="11.502293">
        <ele>9811.6</ele>
        <time>2026-07-11T11:18:11Z</time>
        <hdop>6.6</hdop>
        <extensions>
          <osmand:speed>247.2</osmand:speed>
        </extensions>
      </trkpt>
      <trkpt lat="48.5864129" lon="11.5214227">
        <ele>9812.6</ele>
        <time>2026-07-11T11:18:17Z</time>
        <hdop>6.6</hdop>
        <extensions>
          <osmand:speed>247.2</osmand:speed>
        </extensions>
      </trkpt>
      <trkpt lat="48.5824592" lon="11.5406015">
        <ele>9810.6</ele>
        <time>2026-07-11T11:18:23Z</time>
        <hdop>5.6</hdop>
        <extensions>
          <osmand:speed>247</osmand:speed>
        </extensions>
      </trkpt>
      <trkpt lat="48.5786403" lon="11.559821">
        <ele>9812.6</ele>
        <time>2026-07-11T11:18:29Z</time>
        <hdop>7.1</hdop>
        <extensions>
          <osmand:speed>246.9</osmand:speed>
        </extensions>
      </trkpt>
      <trkpt lat="48.5749541" lon="11.5790978">
        <ele>9809.6</ele>
        <time>2026-07-11T11:18:35Z</time>
        <hdop>7.1</hdop>
        <extensions>
          <osmand:speed>246.9</osmand:speed>
        </extensions>
      </trkpt>
      <trkpt lat="48.5714339" lon="11.5984345">
        <ele>9810.6</ele>
        <time>2026-07-11T11:18:41Z</time>
        <hdop>7.1</hdop>
        <extensions>
          <osmand:speed>246.9</osmand:speed>
        </extensions>
      </trkpt>
      <trkpt lat="48.5680573" lon="11.6178264">
        <ele>9815.6</ele>
        <time>2026-07-11T11:18:47Z</time>
        <hdop>6.6</hdop>
        <extensions>
          <osmand:speed>247</osmand:speed>
        </extensions>
      </trkpt>
      <trkpt lat="48.5648169" lon="11.6372804">
        <ele>9815.6</ele>
        <time>2026-07-11T11:18:53Z</time>
        <hdop>8.2</hdop>
        <extensions>
          <osmand:speed>246.9</osmand:speed>
        </extensions>
      </trkpt>
      <trkpt lat="48.5617162" lon="11.6567944">
        <ele>9812.6</ele>
        <time>2026-07-11T11:18:59Z</time>
        <hdop>6.6</hdop>
        <extensions>
          <osmand:speed>247.1</osmand:speed>
        </extensions>
      </trkpt>
      <trkpt lat="48.5587789" lon="11.6763325">
        <ele>9810.6</ele>
        <time>2026-07-11T11:19:05Z</time>
        <hdop>7.7</hdop>
        <extensions>
          <osmand:speed>246.7</osmand:speed>
        </extensions>
      </trkpt>
      <trkpt lat="48.5559304" lon="11.6958862">
        <ele>9808.6</ele>
        <time>2026-07-11T11:19:11Z</time>
        <hdop>6.6</hdop>
        <extensions>
          <osmand:speed>246.4</osmand:speed>
        </extensions>
      </trkpt>
      <trkpt lat="48.5530833" lon="11.7154098">
        <ele>9808.6</ele>
        <time>2026-07-11T11:19:17Z</time>
        <hdop>7.7</hdop>
        <extensions>
          <osmand:speed>246.1</osmand:speed>
        </extensions>
      </trkpt>
      <trkpt lat="48.5502544" lon="11.7349223">
        <ele>9809.6</ele>
        <time>2026-07-11T11:19:23Z</time>
        <hdop>7.1</hdop>
        <extensions>
          <osmand:speed>246</osmand:speed>
        </extensions>
      </trkpt>
      <trkpt lat="48.5474207" lon="11.7544332">
        <ele>9807.8</ele>
        <time>2026-07-11T11:19:29Z</time>
        <hdop>7.1</hdop>
        <extensions>
          <osmand:speed>246</osmand:speed>
        </extensions>
      </trkpt>
      <trkpt lat="48.5445701" lon="11.7739216">
        <ele>9808.8</ele>
        <time>2026-07-11T11:19:35Z</time>
        <hdop>6.6</hdop>
        <extensions>
          <osmand:speed>245.9</osmand:speed>
        </extensions>
      </trkpt>
      <trkpt lat="48.5417389" lon="11.7934104">
        <ele>9811.8</ele>
        <time>2026-07-11T11:19:41Z</time>
        <hdop>6.6</hdop>
        <extensions>
          <osmand:speed>245.9</osmand:speed>
        </extensions>
      </trkpt>
      <trkpt lat="48.538891" lon="11.8128879">
        <ele>9811.8</ele>
        <time>2026-07-11T11:19:47Z</time>
        <hdop>6.1</hdop>
        <extensions>
          <osmand:speed>245.7</osmand:speed>
        </extensions>
      </trkpt>
      <trkpt lat="48.5360423" lon="11.8323531">
        <ele>9809.8</ele>
        <time>2026-07-11T11:19:53Z</time>
        <hdop>6.6</hdop>
        <extensions>
          <osmand:speed>245.5</osmand:speed>
        </extensions>
      </trkpt>
      <trkpt lat="48.5331827" lon="11.8517904">
        <ele>9808.8</ele>
        <time>2026-07-11T11:19:59Z</time>
        <hdop>7.7</hdop>
        <extensions>
          <osmand:speed>245.2</osmand:speed>
        </extensions>
      </trkpt>
      <trkpt lat="48.5303238" lon="11.8712126">
        <ele>9811.8</ele>
        <time>2026-07-11T11:20:05Z</time>
        <hdop>8.2</hdop>
        <extensions>
          <osmand:speed>245.2</osmand:speed>
        </extensions>
      </trkpt>
      <trkpt lat="48.5274774" lon="11.8906335">
        <ele>9812.8</ele>
        <time>2026-07-11T11:20:11Z</time>
        <hdop>8.2</hdop>
        <extensions>
          <osmand:speed>245.1</osmand:speed>
        </extensions>
      </trkpt>
      <trkpt lat="48.5246247" lon="11.9100443">
        <ele>9811.8</ele>
        <time>2026-07-11T11:20:17Z</time>
        <hdop>7.7</hdop>
        <extensions>
          <osmand:speed>245</osmand:speed>
        </extensions>
      </trkpt>
      <trkpt lat="48.5217501" lon="11.9294321">
        <ele>9808.8</ele>
        <time>2026-07-11T11:20:23Z</time>
        <hdop>8.2</hdop>
        <extensions>
          <osmand:speed>244.7</osmand:speed>
        </extensions>
      </trkpt>
      <trkpt lat="48.5188898" lon="11.9487945">
        <ele>9807.8</ele>
        <time>2026-07-11T11:20:29Z</time>
        <hdop>7.7</hdop>
        <extensions>
          <osmand:speed>244.4</osmand:speed>
        </extensions>
      </trkpt>
      <trkpt lat="48.5160219" lon="11.9681283">
        <ele>9808.8</ele>
        <time>2026-07-11T11:20:35Z</time>
        <hdop>6.6</hdop>
        <extensions>
          <osmand:speed>244.1</osmand:speed>
        </extensions>
      </trkpt>
      <trkpt lat="48.5131767" lon="11.9874516">
        <ele>9807.8</ele>
        <time>2026-07-11T11:20:41Z</time>
        <hdop>8.2</hdop>
        <extensions>
          <osmand:speed>244</osmand:speed>
        </extensions>
      </trkpt>
      <trkpt lat="48.5103177" lon="12.0067592">
        <ele>9807.1</ele>
        <time>2026-07-11T11:20:47Z</time>
        <hdop>7.7</hdop>
        <extensions>
          <osmand:speed>243.9</osmand:speed>
        </extensions>
      </trkpt>
      <trkpt lat="48.5074471" lon="12.0260602">
        <ele>9806.1</ele>
        <time>2026-07-11T11:20:53Z</time>
        <hdop>7.7</hdop>
        <extensions>
          <osmand:speed>243.9</osmand:speed>
        </extensions>
      </trkpt>
      <trkpt lat="48.5045772" lon="12.0453581">
        <ele>9806.1</ele>
        <time>2026-07-11T11:20:59Z</time>
        <hdop>7.7</hdop>
        <extensions>
          <osmand:speed>243.9</osmand:speed>
        </extensions>
      </trkpt>
      <trkpt lat="48.5017042" lon="12.0646649">
        <ele>9805.1</ele>
        <time>2026-07-11T11:21:05Z</time>
        <hdop>9.2</hdop>
        <extensions>
          <osmand:speed>244</osmand:speed>
        </extensions>
      </trkpt>
      <trkpt lat="48.4988347" lon="12.0839821">
        <ele>9804.5</ele>
        <time>2026-07-11T11:21:11Z</time>
        <hdop>8.2</hdop>
        <extensions>
          <osmand:speed>244.2</osmand:speed>
        </extensions>
      </trkpt>
      <trkpt lat="48.4959613" lon="12.1032851">
        <ele>9804.5</ele>
        <time>2026-07-11T11:21:17Z</time>
        <hdop>8.2</hdop>
        <extensions>
          <osmand:speed>244</osmand:speed>
        </extensions>
      </trkpt>
      <trkpt lat="48.4930862" lon="12.1225892">
        <ele>9805.5</ele>
        <time>2026-07-11T11:21:23Z</time>
        <hdop>8.7</hdop>
        <extensions>
          <osmand:speed>244.2</osmand:speed>
        </extensions>
      </trkpt>
      <trkpt lat="48.4901826" lon="12.1418936">
        <ele>9806.5</ele>
        <time>2026-07-11T11:21:29Z</time>
        <hdop>7.7</hdop>
        <extensions>
          <osmand:speed>244.1</osmand:speed>
        </extensions>
      </trkpt>
      <trkpt lat="48.4872779" lon="12.1611998">
        <ele>9806.5</ele>
        <time>2026-07-11T11:21:35Z</time>
        <hdop>8.2</hdop>
        <extensions>
          <osmand:speed>244.3</osmand:speed>
        </extensions>
      </trkpt>
      <trkpt lat="48.4843577" lon="12.1805033">
        <ele>9803.5</ele>
        <time>2026-07-11T11:21:41Z</time>
        <hdop>8.2</hdop>
        <extensions>
          <osmand:speed>244.3</osmand:speed>
        </extensions>
      </trkpt>
      <trkpt lat="48.4814332" lon="12.1998075">
        <ele>9803.5</ele>
        <time>2026-07-11T11:21:47Z</time>
        <hdop>8.2</hdop>
        <extensions>
          <osmand:speed>244.3</osmand:speed>
        </extensions>
      </trkpt>
      <trkpt lat="48.4785062" lon="12.2191178">
        <ele>9804.5</ele>
        <time>2026-07-11T11:21:53Z</time>
        <hdop>6.6</hdop>
        <extensions>
          <osmand:speed>244.4</osmand:speed>
        </extensions>
      </trkpt>
      <trkpt lat="48.4755829" lon="12.2384422">
        <ele>9804.5</ele>
        <time>2026-07-11T11:21:59Z</time>
        <hdop>7.7</hdop>
        <extensions>
          <osmand:speed>244.6</osmand:speed>
        </extensions>
      </trkpt>
      <trkpt lat="48.4726546" lon="12.2577768">
        <ele>9804.8</ele>
        <time>2026-07-11T11:22:05Z</time>
        <hdop>8.2</hdop>
        <extensions>
          <osmand:speed>244.7</osmand:speed>
        </extensions>
      </trkpt>
      <trkpt lat="48.4697254" lon="12.2771056">
        <ele>9805.8</ele>
        <time>2026-07-11T11:22:11Z</time>
        <hdop>7.7</hdop>
        <extensions>
          <osmand:speed>244.7</osmand:speed>
        </extensions>
      </trkpt>
      <trkpt lat="48.4668044" lon="12.2964322">
        <ele>9803.8</ele>
        <time>2026-07-11T11:22:17Z</time>
        <hdop>8.2</hdop>
        <extensions>
          <osmand:speed>244.5</osmand:speed>
        </extensions>
      </trkpt>
      <trkpt lat="48.463877" lon="12.3157426">
        <ele>9803.8</ele>
        <time>2026-07-11T11:22:23Z</time>
        <hdop>8.2</hdop>
        <extensions>
          <osmand:speed>244.4</osmand:speed>
        </extensions>
      </trkpt>
      <trkpt lat="48.4609454" lon="12.3350276">
        <ele>9804.8</ele>
        <time>2026-07-11T11:22:29Z</time>
        <hdop>8.2</hdop>
        <extensions>
          <osmand:speed>244.2</osmand:speed>
        </extensions>
      </trkpt>
      <trkpt lat="48.4580029" lon="12.3543045">
        <ele>9803.8</ele>
        <time>2026-07-11T11:22:35Z</time>
        <hdop>8.2</hdop>
        <extensions>
          <osmand:speed>244.1</osmand:speed>
        </extensions>
      </trkpt>
      <trkpt lat="48.455066" lon="12.373578">
        <ele>9804.8</ele>
        <time>2026-07-11T11:22:41Z</time>
        <hdop>7.7</hdop>
        <extensions>
          <osmand:speed>244.1</osmand:speed>
        </extensions>
      </trkpt>
      <trkpt lat="48.4521238" lon="12.3928509">
        <ele>9805.8</ele>
        <time>2026-07-11T11:22:47Z</time>
        <hdop>8.7</hdop>
        <extensions>
          <osmand:speed>244.2</osmand:speed>
        </extensions>
      </trkpt>
      <trkpt lat="48.4491804" lon="12.4121319">
        <ele>9805.8</ele>
        <time>2026-07-11T11:22:53Z</time>
        <hdop>7.7</hdop>
        <extensions>
          <osmand:speed>244.3</osmand:speed>
        </extensions>
      </trkpt>
      <trkpt lat="48.4462352" lon="12.4314184">
        <ele>9803.8</ele>
        <time>2026-07-11T11:22:59Z</time>
        <hdop>9.2</hdop>
        <extensions>
          <osmand:speed>244.4</osmand:speed>
        </extensions>
      </trkpt>
      <trkpt lat="48.4432927" lon="12.4507103">
        <ele>9804.8</ele>
        <time>2026-07-11T11:23:05Z</time>
        <hdop>8.2</hdop>
        <extensions>
          <osmand:speed>244.4</osmand:speed>
        </extensions>
      </trkpt>
      <trkpt lat="48.4403354" lon="12.4699817">
        <ele>9805.8</ele>
        <time>2026-07-11T11:23:11Z</time>
        <hdop>8.2</hdop>
        <extensions>
          <osmand:speed>244.2</osmand:speed>
        </extensions>
      </trkpt>
      <trkpt lat="48.4373759" lon="12.4892548">
        <ele>9804.8</ele>
        <time>2026-07-11T11:23:17Z</time>
        <hdop>7.7</hdop>
        <extensions>
          <osmand:speed>244.1</osmand:speed>
        </extensions>
      </trkpt>
      <trkpt lat="48.4344237" lon="12.5085141">
        <ele>9804</ele>
        <time>2026-07-11T11:23:23Z</time>
        <hdop>8.7</hdop>
        <extensions>
          <osmand:speed>244</osmand:speed>
        </extensions>
      </trkpt>
      <trkpt lat="48.4314406" lon="12.5277451">
        <ele>9803</ele>
        <time>2026-07-11T11:23:29Z</time>
        <hdop>8.7</hdop>
        <extensions>
          <osmand:speed>243.9</osmand:speed>
        </extensions>
      </trkpt>
      <trkpt lat="48.4284759" lon="12.5469756">
        <ele>9805</ele>
        <time>2026-07-11T11:23:35Z</time>
        <hdop>8.2</hdop>
        <extensions>
          <osmand:speed>243.9</osmand:speed>
        </extensions>
      </trkpt>
      <trkpt lat="48.4254977" lon="12.5662155">
        <ele>9805</ele>
        <time>2026-07-11T11:23:41Z</time>
        <hdop>7.7</hdop>
        <extensions>
          <osmand:speed>244.1</osmand:speed>
        </extensions>
      </trkpt>
      <trkpt lat="48.4225135" lon="12.5854621">
        <ele>9804</ele>
        <time>2026-07-11T11:23:47Z</time>
        <hdop>8.7</hdop>
        <extensions>
          <osmand:speed>244.1</osmand:speed>
        </extensions>
      </trkpt>
      <trkpt lat="48.4191838" lon="12.6045875">
        <ele>9803</ele>
        <time>2026-07-11T11:23:53Z</time>
        <hdop>8.7</hdop>
        <extensions>
          <osmand:speed>244.2</osmand:speed>
        </extensions>
      </trkpt>
      <trkpt lat="48.4151951" lon="12.6234276">
        <ele>9805</ele>
        <time>2026-07-11T11:23:59Z</time>
        <hdop>8.2</hdop>
        <extensions>
          <osmand:speed>244.4</osmand:speed>
        </extensions>
      </trkpt>
      <trkpt lat="48.4106045" lon="12.6419659">
        <ele>9803</ele>
        <time>2026-07-11T11:24:05Z</time>
        <hdop>7.7</hdop>
        <extensions>
          <osmand:speed>244.5</osmand:speed>
        </extensions>
      </trkpt>
      <trkpt lat="48.4053549" lon="12.6601068">
        <ele>9803</ele>
        <time>2026-07-11T11:24:11Z</time>
        <hdop>7.7</hdop>
        <extensions>
          <osmand:speed>244.6</osmand:speed>
        </extensions>
      </trkpt>
      <trkpt lat="48.3994476" lon="12.6777869">
        <ele>9802</ele>
        <time>2026-07-11T11:24:17Z</time>
        <hdop>7.7</hdop>
        <extensions>
          <osmand:speed>244.4</osmand:speed>
        </extensions>
      </trkpt>
      <trkpt lat="48.3929193" lon="12.6949513">
        <ele>9803</ele>
        <time>2026-07-11T11:24:23Z</time>
        <hdop>6.6</hdop>
        <extensions>
          <osmand:speed>244.2</osmand:speed>
        </extensions>
      </trkpt>
      <trkpt lat="48.3858101" lon="12.7115719">
        <ele>9802</ele>
        <time>2026-07-11T11:24:29Z</time>
        <hdop>7.1</hdop>
        <extensions>
          <osmand:speed>244.2</osmand:speed>
        </extensions>
      </trkpt>
      <trkpt lat="48.3781239" lon="12.7275918">
        <ele>9801</ele>
        <time>2026-07-11T11:24:35Z</time>
        <hdop>6.6</hdop>
        <extensions>
          <osmand:speed>244.1</osmand:speed>
        </extensions>
      </trkpt>
      <trkpt lat="48.3699803" lon="12.7430865">
        <ele>9802</ele>
        <time>2026-07-11T11:24:41Z</time>
        <hdop>7.1</hdop>
        <extensions>
          <osmand:speed>244.1</osmand:speed>
        </extensions>
      </trkpt>
      <trkpt lat="48.3617608" lon="12.7584919">
        <ele>9801</ele>
        <time>2026-07-11T11:24:47Z</time>
        <hdop>8.2</hdop>
        <extensions>
          <osmand:speed>244.1</osmand:speed>
        </extensions>
      </trkpt>
      <trkpt lat="48.3535066" lon="12.7738628">
        <ele>9802</ele>
        <time>2026-07-11T11:24:53Z</time>
        <hdop>8.7</hdop>
        <extensions>
          <osmand:speed>244.3</osmand:speed>
        </extensions>
      </trkpt>
      <trkpt lat="48.3452331" lon="12.7892211">
        <ele>9805</ele>
        <time>2026-07-11T11:24:59Z</time>
        <hdop>10.2</hdop>
        <extensions>
          <osmand:speed>244.3</osmand:speed>
        </extensions>
      </trkpt>
      <trkpt lat="48.3369534" lon="12.8045804">
        <ele>9806</ele>
        <time>2026-07-11T11:25:05Z</time>
        <hdop>9.7</hdop>
        <extensions>
          <osmand:speed>244.4</osmand:speed>
        </extensions>
      </trkpt>
      <trkpt lat="48.328674" lon="12.8199386">
        <ele>9806</ele>
        <time>2026-07-11T11:25:11Z</time>
        <hdop>8.7</hdop>
        <extensions>
          <osmand:speed>244.6</osmand:speed>
        </extensions>
      </trkpt>
      <trkpt lat="48.3203896" lon="12.8353059">
        <ele>9808</ele>
        <time>2026-07-11T11:25:17Z</time>
        <hdop>8.7</hdop>
        <extensions>
          <osmand:speed>244.6</osmand:speed>
        </extensions>
      </trkpt>
      <trkpt lat="48.3121072" lon="12.8506641">
        <ele>9809</ele>
        <time>2026-07-11T11:25:23Z</time>
        <hdop>7.7</hdop>
        <extensions>
          <osmand:speed>244.6</osmand:speed>
        </extensions>
      </trkpt>
      <trkpt lat="48.3038197" lon="12.8660363">
        <ele>9811</ele>
        <time>2026-07-11T11:25:29Z</time>
        <hdop>8.2</hdop>
        <extensions>
          <osmand:speed>244.8</osmand:speed>
        </extensions>
      </trkpt>
      <trkpt lat="48.2955164" lon="12.8814116">
        <ele>9811</ele>
        <time>2026-07-11T11:25:35Z</time>
        <hdop>7.7</hdop>
        <extensions>
          <osmand:speed>245</osmand:speed>
        </extensions>
      </trkpt>
      <trkpt lat="48.287218" lon="12.8967902">
        <ele>9809</ele>
        <time>2026-07-11T11:25:41Z</time>
        <hdop>8.2</hdop>
        <extensions>
          <osmand:speed>244.9</osmand:speed>
        </extensions>
      </trkpt>
      <trkpt lat="48.2789167" lon="12.9121557">
        <ele>9810</ele>
        <time>2026-07-11T11:25:47Z</time>
        <hdop>8.7</hdop>
        <extensions>
          <osmand:speed>245</osmand:speed>
        </extensions>
      </trkpt>
      <trkpt lat="48.2706136" lon="12.9275272">
        <ele>9811</ele>
        <time>2026-07-11T11:25:53Z</time>
        <hdop>8.7</hdop>
        <extensions>
          <osmand:speed>244.9</osmand:speed>
        </extensions>
      </trkpt>
      <trkpt lat="48.2623062" lon="12.9428962">
        <ele>9809</ele>
        <time>2026-07-11T11:25:59Z</time>
        <hdop>8.2</hdop>
        <extensions>
          <osmand:speed>245</osmand:speed>
        </extensions>
      </trkpt>
      <trkpt lat="48.2539986" lon="12.9582532">
        <ele>9810</ele>
        <time>2026-07-11T11:26:05Z</time>
        <hdop>9.7</hdop>
        <extensions>
          <osmand:speed>245</osmand:speed>
        </extensions>
      </trkpt>
      <trkpt lat="48.2456814" lon="12.9736141">
        <ele>9811.4</ele>
        <time>2026-07-11T11:26:11Z</time>
        <hdop>8.7</hdop>
        <extensions>
          <osmand:speed>245.1</osmand:speed>
        </extensions>
      </trkpt>
      <trkpt lat="48.2373742" lon="12.9889818">
        <ele>9812.4</ele>
        <time>2026-07-11T11:26:17Z</time>
        <hdop>8.2</hdop>
        <extensions>
          <osmand:speed>245.2</osmand:speed>
        </extensions>
      </trkpt>
      <trkpt lat="48.2290638" lon="13.0043541">
        <ele>9811.3</ele>
        <time>2026-07-11T11:26:23Z</time>
        <hdop>8.2</hdop>
        <extensions>
          <osmand:speed>245.3</osmand:speed>
        </extensions>
      </trkpt>
      <trkpt lat="48.2207477" lon="13.0197329">
        <ele>9809.3</ele>
        <time>2026-07-11T11:26:29Z</time>
        <hdop>8.2</hdop>
        <extensions>
          <osmand:speed>245.3</osmand:speed>
        </extensions>
      </trkpt>
      <trkpt lat="48.2124334" lon="13.0351017">
        <ele>9811.3</ele>
        <time>2026-07-11T11:26:35Z</time>
        <hdop>7.7</hdop>
        <extensions>
          <osmand:speed>245.3</osmand:speed>
        </extensions>
      </trkpt>
      <trkpt lat="48.2041214" lon="13.0504792">
        <ele>9811.3</ele>
        <time>2026-07-11T11:26:41Z</time>
        <hdop>8.2</hdop>
        <extensions>
          <osmand:speed>245.3</osmand:speed>
        </extensions>
      </trkpt>
      <trkpt lat="48.1957948" lon="13.0658331">
        <ele>9809.3</ele>
        <time>2026-07-11T11:26:47Z</time>
        <hdop>8.2</hdop>
        <extensions>
          <osmand:speed>245.2</osmand:speed>
        </extensions>
      </trkpt>
      <trkpt lat="48.187474" lon="13.0811699">
        <ele>9809.3</ele>
        <time>2026-07-11T11:26:53Z</time>
        <hdop>7.7</hdop>
        <extensions>
          <osmand:speed>245.1</osmand:speed>
        </extensions>
      </trkpt>
      <trkpt lat="48.1791706" lon="13.0965222">
        <ele>9809.3</ele>
        <time>2026-07-11T11:26:59Z</time>
        <hdop>8.7</hdop>
        <extensions>
          <osmand:speed>245</osmand:speed>
        </extensions>
      </trkpt>
      <trkpt lat="48.1708548" lon="13.1118525">
        <ele>9806.3</ele>
        <time>2026-07-11T11:27:05Z</time>
        <hdop>9.2</hdop>
        <extensions>
          <osmand:speed>245</osmand:speed>
        </extensions>
      </trkpt>
      <trkpt lat="48.1625235" lon="13.1271679">
        <ele>9806.3</ele>
        <time>2026-07-11T11:27:11Z</time>
        <hdop>7.7</hdop>
        <extensions>
          <osmand:speed>245</osmand:speed>
        </extensions>
      </trkpt>
      <trkpt lat="48.1542015" lon="13.1424815">
        <ele>9806.3</ele>
        <time>2026-07-11T11:27:17Z</time>
        <hdop>8.2</hdop>
        <extensions>
          <osmand:speed>244.9</osmand:speed>
        </extensions>
      </trkpt>
      <trkpt lat="48.1458797" lon="13.1577921">
        <ele>9806.3</ele>
        <time>2026-07-11T11:27:23Z</time>
        <hdop>8.2</hdop>
        <extensions>
          <osmand:speed>245</osmand:speed>
        </extensions>
      </trkpt>
      <trkpt lat="48.13754" lon="13.173096">
        <ele>9804.3</ele>
        <time>2026-07-11T11:27:29Z</time>
        <hdop>8.2</hdop>
        <extensions>
          <osmand:speed>245</osmand:speed>
        </extensions>
      </trkpt>
      <trkpt lat="48.1292136" lon="13.1883912">
        <ele>9804.3</ele>
        <time>2026-07-11T11:27:35Z</time>
        <hdop>8.2</hdop>
        <extensions>
          <osmand:speed>244.9</osmand:speed>
        </extensions>
      </trkpt>
      <trkpt lat="48.1208858" lon="13.2036724">
        <ele>9805.3</ele>
        <time>2026-07-11T11:27:41Z</time>
        <hdop>8.7</hdop>
        <extensions>
          <osmand:speed>244.9</osmand:speed>
        </extensions>
      </trkpt>
      <trkpt lat="48.1125543" lon="13.2189466">
        <ele>9802.3</ele>
        <time>2026-07-11T11:27:47Z</time>
        <hdop>8.7</hdop>
        <extensions>
          <osmand:speed>244.7</osmand:speed>
        </extensions>
      </trkpt>
      <trkpt lat="48.104227" lon="13.2342164">
        <ele>9802.3</ele>
        <time>2026-07-11T11:27:53Z</time>
        <hdop>9.2</hdop>
        <extensions>
          <osmand:speed>244.8</osmand:speed>
        </extensions>
      </trkpt>
      <trkpt lat="48.0958889" lon="13.2494749">
        <ele>9803.3</ele>
        <time>2026-07-11T11:27:59Z</time>
        <hdop>8.2</hdop>
        <extensions>
          <osmand:speed>244.7</osmand:speed>
        </extensions>
      </trkpt>
      <trkpt lat="48.0875549" lon="13.2647358">
        <ele>9805.2</ele>
        <time>2026-07-11T11:28:05Z</time>
        <hdop>8.7</hdop>
        <extensions>
          <osmand:speed>244.8</osmand:speed>
        </extensions>
      </trkpt>
      <trkpt lat="48.0792223" lon="13.2799934">
        <ele>9802.2</ele>
        <time>2026-07-11T11:28:11Z</time>
        <hdop>8.2</hdop>
        <extensions>
          <osmand:speed>244.8</osmand:speed>
        </extensions>
      </trkpt>
      <trkpt lat="48.0708858" lon="13.2952505">
        <ele>9803.2</ele>
        <time>2026-07-11T11:28:17Z</time>
        <hdop>8.2</hdop>
        <extensions>
          <osmand:speed>244.9</osmand:speed>
        </extensions>
      </trkpt>
      <trkpt lat="48.0625421" lon="13.3105293">
        <ele>9798.2</ele>
        <time>2026-07-11T11:28:23Z</time>
        <hdop>8.2</hdop>
        <extensions>
          <osmand:speed>245.5</osmand:speed>
        </extensions>
      </trkpt>
      <trkpt lat="48.054164" lon="13.325857">
        <ele>9770.2</ele>
        <time>2026-07-11T11:28:29Z</time>
        <hdop>8.7</hdop>
        <extensions>
          <osmand:speed>246.1</osmand:speed>
        </extensions>
      </trkpt>
      <trkpt lat="48.0457743" lon="13.3411769">
        <ele>9741.2</ele>
        <time>2026-07-11T11:28:35Z</time>
        <hdop>8.2</hdop>
        <extensions>
          <osmand:speed>245.9</osmand:speed>
        </extensions>
      </trkpt>
      <trkpt lat="48.0374031" lon="13.3564786">
        <ele>9705.2</ele>
        <time>2026-07-11T11:28:41Z</time>
        <hdop>11.7</hdop>
        <extensions>
          <osmand:speed>246.2</osmand:speed>
        </extensions>
      </trkpt>
      <trkpt lat="48.0290163" lon="13.3717515">
        <ele>9674.2</ele>
        <time>2026-07-11T11:28:47Z</time>
        <hdop>12.2</hdop>
        <extensions>
          <osmand:speed>245.3</osmand:speed>
        </extensions>
      </trkpt>
      <trkpt lat="48.020658" lon="13.3869773">
        <ele>9644.2</ele>
        <time>2026-07-11T11:28:53Z</time>
        <hdop>13.3</hdop>
        <extensions>
          <osmand:speed>244.8</osmand:speed>
        </extensions>
      </trkpt>
      <trkpt lat="48.0123322" lon="13.4021852">
        <ele>9614.2</ele>
        <time>2026-07-11T11:28:59Z</time>
        <hdop>14.8</hdop>
        <extensions>
          <osmand:speed>244.5</osmand:speed>
        </extensions>
      </trkpt>
      <trkpt lat="48.0040093" lon="13.4173172">
        <ele>9583.2</ele>
        <time>2026-07-11T11:29:05Z</time>
        <hdop>11.7</hdop>
        <extensions>
          <osmand:speed>243.8</osmand:speed>
        </extensions>
      </trkpt>
      <trkpt lat="47.9956973" lon="13.4324494">
        <ele>9551.2</ele>
        <time>2026-07-11T11:29:11Z</time>
        <hdop>23.5</hdop>
        <extensions>
          <osmand:speed>244.4</osmand:speed>
        </extensions>
      </trkpt>
      <trkpt lat="47.9832345" lon="13.4550359">
        <ele>9502.2</ele>
        <time>2026-07-11T11:29:20Z</time>
        <hdop>35.2</hdop>
        <extensions>
          <osmand:speed>242.8</osmand:speed>
        </extensions>
      </trkpt>
      <trkpt lat="47.9652467" lon="13.4874981">
        <ele>9429.2</ele>
        <time>2026-07-11T11:29:33Z</time>
        <hdop>46.9</hdop>
        <extensions>
          <osmand:speed>242.3</osmand:speed>
        </extensions>
      </trkpt>
      <trkpt lat="47.9389499" lon="13.5348574">
        <ele>9306.1</ele>
        <time>2026-07-11T11:29:52Z</time>
        <hdop>44.4</hdop>
        <extensions>
          <osmand:speed>241.4</osmand:speed>
        </extensions>
      </trkpt>
      <trkpt lat="47.9306942" lon="13.5498296">
        <ele>9278.1</ele>
        <time>2026-07-11T11:29:58Z</time>
        <hdop>46.4</hdop>
        <extensions>
          <osmand:speed>242.1</osmand:speed>
        </extensions>
      </trkpt>
      <trkpt lat="47.9210881" lon="13.5675492">
        <ele>9257.1</ele>
        <time>2026-07-11T11:30:05Z</time>
        <hdop>0.5</hdop>
        <extensions>
          <osmand:speed>241.6</osmand:speed>
        </extensions>
      </trkpt>
      <trkpt lat="47.9128078" lon="13.5824614">
        <ele>9228.1</ele>
        <time>2026-07-11T11:30:11Z</time>
        <hdop>5.6</hdop>
        <extensions>
          <osmand:speed>241.1</osmand:speed>
        </extensions>
      </trkpt>
      <trkpt lat="47.9046029" lon="13.5972724">
        <ele>9196.1</ele>
        <time>2026-07-11T11:30:17Z</time>
        <hdop>5.1</hdop>
        <extensions>
          <osmand:speed>239.4</osmand:speed>
        </extensions>
      </trkpt>
      <trkpt lat="47.8964299" lon="13.6121438">
        <ele>9177.1</ele>
        <time>2026-07-11T11:30:23Z</time>
        <hdop>5.1</hdop>
        <extensions>
          <osmand:speed>238.9</osmand:speed>
        </extensions>
      </trkpt>
      <trkpt lat="47.8882651" lon="13.6270358">
        <ele>9158.1</ele>
        <time>2026-07-11T11:30:29Z</time>
        <hdop>4.6</hdop>
        <extensions>
          <osmand:speed>238.9</osmand:speed>
        </extensions>
      </trkpt>
      <trkpt lat="47.8801244" lon="13.6418342">
        <ele>9129.1</ele>
        <time>2026-07-11T11:30:35Z</time>
        <hdop>0.5</hdop>
        <extensions>
          <osmand:speed>238.2</osmand:speed>
        </extensions>
      </trkpt>
      <trkpt lat="47.8719565" lon="13.6565581">
        <ele>9095.1</ele>
        <time>2026-07-11T11:30:41Z</time>
        <hdop>5.1</hdop>
        <extensions>
          <osmand:speed>237.8</osmand:speed>
        </extensions>
      </trkpt>
      <trkpt lat="47.8638366" lon="13.6712317">
        <ele>9061.1</ele>
        <time>2026-07-11T11:30:47Z</time>
        <hdop>4.1</hdop>
        <extensions>
          <osmand:speed>236.4</osmand:speed>
        </extensions>
      </trkpt>
      <trkpt lat="47.8557828" lon="13.6858164">
        <ele>9036.1</ele>
        <time>2026-07-11T11:30:53Z</time>
        <hdop>5.6</hdop>
        <extensions>
          <osmand:speed>236</osmand:speed>
        </extensions>
      </trkpt>
      <trkpt lat="47.8477069" lon="13.7003704">
        <ele>9004.1</ele>
        <time>2026-07-11T11:30:59Z</time>
        <hdop>4.6</hdop>
        <extensions>
          <osmand:speed>235.1</osmand:speed>
        </extensions>
      </trkpt>
      <trkpt lat="47.8396544" lon="13.7149171">
        <ele>8975.1</ele>
        <time>2026-07-11T11:31:05Z</time>
        <hdop>6.1</hdop>
        <extensions>
          <osmand:speed>235</osmand:speed>
        </extensions>
      </trkpt>
      <trkpt lat="47.8315717" lon="13.7294219">
        <ele>8948.1</ele>
        <time>2026-07-11T11:31:11Z</time>
        <hdop>5.1</hdop>
        <extensions>
          <osmand:speed>235.2</osmand:speed>
        </extensions>
      </trkpt>
      <trkpt lat="47.823477" lon="13.7438874">
        <ele>8914.1</ele>
        <time>2026-07-11T11:31:17Z</time>
        <hdop>5.6</hdop>
        <extensions>
          <osmand:speed>234.5</osmand:speed>
        </extensions>
      </trkpt>
      <trkpt lat="47.8154092" lon="13.7583978">
        <ele>8895</ele>
        <time>2026-07-11T11:31:23Z</time>
        <hdop>5.1</hdop>
        <extensions>
          <osmand:speed>235.3</osmand:speed>
        </extensions>
      </trkpt>
      <trkpt lat="47.8074328" lon="13.7728039">
        <ele>8892</ele>
        <time>2026-07-11T11:31:29Z</time>
        <hdop>5.1</hdop>
        <extensions>
          <osmand:speed>232.9</osmand:speed>
        </extensions>
      </trkpt>
      <trkpt lat="47.7992858" lon="13.7872361">
        <ele>8885</ele>
        <time>2026-07-11T11:31:35Z</time>
        <hdop>5.6</hdop>
        <extensions>
          <osmand:speed>234.8</osmand:speed>
        </extensions>
      </trkpt>
      <trkpt lat="47.7912628" lon="13.8017304">
        <ele>8886</ele>
        <time>2026-07-11T11:31:41Z</time>
        <hdop>5.1</hdop>
        <extensions>
          <osmand:speed>234.7</osmand:speed>
        </extensions>
      </trkpt>
      <trkpt lat="47.7831953" lon="13.8162056">
        <ele>8880</ele>
        <time>2026-07-11T11:31:47Z</time>
        <hdop>1</hdop>
        <extensions>
          <osmand:speed>234.9</osmand:speed>
        </extensions>
      </trkpt>
      <trkpt lat="47.7751585" lon="13.8306726">
        <ele>8883</ele>
        <time>2026-07-11T11:31:53Z</time>
        <hdop>1</hdop>
        <extensions>
          <osmand:speed>234.6</osmand:speed>
        </extensions>
      </trkpt>
      <trkpt lat="47.7671744" lon="13.8450045">
        <ele>8879</ele>
        <time>2026-07-11T11:31:59Z</time>
        <hdop>1</hdop>
        <extensions>
          <osmand:speed>233.5</osmand:speed>
        </extensions>
      </trkpt>
      <trkpt lat="47.7591" lon="13.8594725">
        <ele>8876</ele>
        <time>2026-07-11T11:32:05Z</time>
        <hdop>1</hdop>
        <extensions>
          <osmand:speed>234.3</osmand:speed>
        </extensions>
      </trkpt>
      <trkpt lat="47.7509781" lon="13.8738692">
        <ele>8853</ele>
        <time>2026-07-11T11:32:11Z</time>
        <hdop>1</hdop>
        <extensions>
          <osmand:speed>234.9</osmand:speed>
        </extensions>
      </trkpt>
      <trkpt lat="47.7428716" lon="13.8883241">
        <ele>8806</ele>
        <time>2026-07-11T11:32:17Z</time>
        <hdop>1</hdop>
        <extensions>
          <osmand:speed>235.2</osmand:speed>
        </extensions>
      </trkpt>
      <trkpt lat="47.7348134" lon="13.9028595">
        <ele>8761</ele>
        <time>2026-07-11T11:32:23Z</time>
        <hdop>8.2</hdop>
        <extensions>
          <osmand:speed>235</osmand:speed>
        </extensions>
      </trkpt>
      <trkpt lat="47.7266838" lon="13.9172224">
        <ele>8705</ele>
        <time>2026-07-11T11:32:29Z</time>
        <hdop>1</hdop>
        <extensions>
          <osmand:speed>235.2</osmand:speed>
        </extensions>
      </trkpt>
      <trkpt lat="47.7187064" lon="13.931641">
        <ele>8657</ele>
        <time>2026-07-11T11:32:35Z</time>
        <hdop>6.6</hdop>
        <extensions>
          <osmand:speed>233.6</osmand:speed>
        </extensions>
      </trkpt>
      <trkpt lat="47.7107103" lon="13.9460267">
        <ele>8601</ele>
        <time>2026-07-11T11:32:41Z</time>
        <hdop>6.1</hdop>
        <extensions>
          <osmand:speed>232.9</osmand:speed>
        </extensions>
      </trkpt>
      <trkpt lat="47.7026925" lon="13.9603442">
        <ele>8544</ele>
        <time>2026-07-11T11:32:47Z</time>
        <hdop>8.7</hdop>
        <extensions>
          <osmand:speed>232.3</osmand:speed>
        </extensions>
      </trkpt>
      <trkpt lat="47.6946789" lon="13.9745774">
        <ele>8487</ele>
        <time>2026-07-11T11:32:53Z</time>
        <hdop>6.6</hdop>
        <extensions>
          <osmand:speed>231.8</osmand:speed>
        </extensions>
      </trkpt>
      <trkpt lat="47.6866809" lon="13.9888268">
        <ele>8439</ele>
        <time>2026-07-11T11:32:59Z</time>
        <hdop>8.2</hdop>
        <extensions>
          <osmand:speed>231.6</osmand:speed>
        </extensions>
      </trkpt>
      <trkpt lat="47.6787226" lon="14.0029619">
        <ele>8381.9</ele>
        <time>2026-07-11T11:33:05Z</time>
        <hdop>6.6</hdop>
        <extensions>
          <osmand:speed>230.6</osmand:speed>
        </extensions>
      </trkpt>
      <trkpt lat="47.6707946" lon="14.0171778">
        <ele>8329.9</ele>
        <time>2026-07-11T11:33:11Z</time>
        <hdop>6.1</hdop>
        <extensions>
          <osmand:speed>230.7</osmand:speed>
        </extensions>
      </trkpt>
      <trkpt lat="47.662809" lon="14.0312705">
        <ele>8274.9</ele>
        <time>2026-07-11T11:33:17Z</time>
        <hdop>4.6</hdop>
        <extensions>
          <osmand:speed>230.2</osmand:speed>
        </extensions>
      </trkpt>
      <trkpt lat="47.6548919" lon="14.0452505">
        <ele>8221.9</ele>
        <time>2026-07-11T11:33:23Z</time>
        <hdop>7.7</hdop>
        <extensions>
          <osmand:speed>229.2</osmand:speed>
        </extensions>
      </trkpt>
      <trkpt lat="47.646926" lon="14.0593514">
        <ele>8165.9</ele>
        <time>2026-07-11T11:33:29Z</time>
        <hdop>6.1</hdop>
        <extensions>
          <osmand:speed>229.5</osmand:speed>
        </extensions>
      </trkpt>
      <trkpt lat="47.639031" lon="14.0733258">
        <ele>8101.9</ele>
        <time>2026-07-11T11:33:35Z</time>
        <hdop>8.7</hdop>
        <extensions>
          <osmand:speed>228.3</osmand:speed>
        </extensions>
      </trkpt>
      <trkpt lat="47.6311796" lon="14.0873411">
        <ele>8039.9</ele>
        <time>2026-07-11T11:33:41Z</time>
        <hdop>8.7</hdop>
        <extensions>
          <osmand:speed>228.1</osmand:speed>
        </extensions>
      </trkpt>
      <trkpt lat="47.6232957" lon="14.1013555">
        <ele>7976.9</ele>
        <time>2026-07-11T11:33:47Z</time>
        <hdop>8.2</hdop>
        <extensions>
          <osmand:speed>228.1</osmand:speed>
        </extensions>
      </trkpt>
      <trkpt lat="47.6154104" lon="14.1153209">
        <ele>7912.9</ele>
        <time>2026-07-11T11:33:53Z</time>
        <hdop>12.2</hdop>
        <extensions>
          <osmand:speed>227.5</osmand:speed>
        </extensions>
      </trkpt>
      <trkpt lat="47.6075548" lon="14.1291786">
        <ele>7844.9</ele>
        <time>2026-07-11T11:33:59Z</time>
        <hdop>8.2</hdop>
        <extensions>
          <osmand:speed>226.5</osmand:speed>
        </extensions>
      </trkpt>
      <trkpt lat="47.5997436" lon="14.143107">
        <ele>7780.9</ele>
        <time>2026-07-11T11:34:05Z</time>
        <hdop>8.2</hdop>
        <extensions>
          <osmand:speed>226.4</osmand:speed>
        </extensions>
      </trkpt>
      <trkpt lat="47.5919487" lon="14.1569661">
        <ele>7721.9</ele>
        <time>2026-07-11T11:34:11Z</time>
        <hdop>8.7</hdop>
        <extensions>
          <osmand:speed>225.7</osmand:speed>
        </extensions>
      </trkpt>
      <trkpt lat="47.5841271" lon="14.170803">
        <ele>7669.9</ele>
        <time>2026-07-11T11:34:17Z</time>
        <hdop>12.2</hdop>
        <extensions>
          <osmand:speed>225.5</osmand:speed>
        </extensions>
      </trkpt>
      <trkpt lat="47.5763538" lon="14.1845179">
        <ele>7607.9</ele>
        <time>2026-07-11T11:34:23Z</time>
        <hdop>11.7</hdop>
        <extensions>
          <osmand:speed>224.5</osmand:speed>
        </extensions>
      </trkpt>
      <trkpt lat="47.5686218" lon="14.1982381">
        <ele>7547.9</ele>
        <time>2026-07-11T11:34:29Z</time>
        <hdop>1</hdop>
        <extensions>
          <osmand:speed>223.4</osmand:speed>
        </extensions>
      </trkpt>
      <trkpt lat="47.5608894" lon="14.2118886">
        <ele>7483.9</ele>
        <time>2026-07-11T11:34:35Z</time>
        <hdop>8.2</hdop>
        <extensions>
          <osmand:speed>223.1</osmand:speed>
        </extensions>
      </trkpt>
      <trkpt lat="47.5531573" lon="14.2255397">
        <ele>7418.9</ele>
        <time>2026-07-11T11:34:41Z</time>
        <hdop>13.3</hdop>
        <extensions>
          <osmand:speed>223.4</osmand:speed>
        </extensions>
      </trkpt>
      <trkpt lat="47.5455523" lon="14.2390819">
        <ele>7344.9</ele>
        <time>2026-07-11T11:34:47Z</time>
        <hdop>9.2</hdop>
        <extensions>
          <osmand:speed>220.3</osmand:speed>
        </extensions>
      </trkpt>
      <trkpt lat="47.537948" lon="14.2525102">
        <ele>7276.8</ele>
        <time>2026-07-11T11:34:53Z</time>
        <hdop>2</hdop>
        <extensions>
          <osmand:speed>218.8</osmand:speed>
        </extensions>
      </trkpt>
      <trkpt lat="47.5304061" lon="14.265837">
        <ele>7226.8</ele>
        <time>2026-07-11T11:34:59Z</time>
        <hdop>1</hdop>
        <extensions>
          <osmand:speed>217.3</osmand:speed>
        </extensions>
      </trkpt>
      <trkpt lat="47.5228854" lon="14.278972">
        <ele>7176.8</ele>
        <time>2026-07-11T11:35:05Z</time>
        <hdop>1</hdop>
        <extensions>
          <osmand:speed>215.2</osmand:speed>
        </extensions>
      </trkpt>
      <trkpt lat="47.5154639" lon="14.2920529">
        <ele>7127.8</ele>
        <time>2026-07-11T11:35:11Z</time>
        <hdop>9.2</hdop>
        <extensions>
          <osmand:speed>213.2</osmand:speed>
        </extensions>
      </trkpt>
      <trkpt lat="47.5080425" lon="14.3051906">
        <ele>7072.8</ele>
        <time>2026-07-11T11:35:17Z</time>
        <hdop>1</hdop>
        <extensions>
          <osmand:speed>213.6</osmand:speed>
        </extensions>
      </trkpt>
      <trkpt lat="47.500635" lon="14.3181772">
        <ele>7023.8</ele>
        <time>2026-07-11T11:35:23Z</time>
        <hdop>1</hdop>
        <extensions>
          <osmand:speed>212.3</osmand:speed>
        </extensions>
      </trkpt>
      <trkpt lat="47.493232" lon="14.3310398">
        <ele>6965.5</ele>
        <time>2026-07-11T11:35:29Z</time>
        <hdop>1</hdop>
        <extensions>
          <osmand:speed>211.5</osmand:speed>
        </extensions>
      </trkpt>
      <trkpt lat="47.4859171" lon="14.344029">
        <ele>6911.5</ele>
        <time>2026-07-11T11:35:35Z</time>
        <hdop>5.1</hdop>
        <extensions>
          <osmand:speed>211.2</osmand:speed>
        </extensions>
      </trkpt>
      <trkpt lat="47.4786475" lon="14.3567407">
        <ele>6842.5</ele>
        <time>2026-07-11T11:35:41Z</time>
        <hdop>4.6</hdop>
        <extensions>
          <osmand:speed>209</osmand:speed>
        </extensions>
      </trkpt>
      <trkpt lat="47.4714346" lon="14.3695449">
        <ele>6791.5</ele>
        <time>2026-07-11T11:35:47Z</time>
        <hdop>5.1</hdop>
        <extensions>
          <osmand:speed>208.1</osmand:speed>
        </extensions>
      </trkpt>
      <trkpt lat="47.4642357" lon="14.3821965">
        <ele>6722.5</ele>
        <time>2026-07-11T11:35:53Z</time>
        <hdop>1</hdop>
        <extensions>
          <osmand:speed>207.7</osmand:speed>
        </extensions>
      </trkpt>
      <trkpt lat="47.4571786" lon="14.3947679">
        <ele>6657.5</ele>
        <time>2026-07-11T11:35:59Z</time>
        <hdop>1</hdop>
        <extensions>
          <osmand:speed>205.2</osmand:speed>
        </extensions>
      </trkpt>
      <trkpt lat="47.4500047" lon="14.4071875">
        <ele>6594.5</ele>
        <time>2026-07-11T11:36:05Z</time>
        <hdop>1</hdop>
        <extensions>
          <osmand:speed>203.3</osmand:speed>
        </extensions>
      </trkpt>
      <trkpt lat="47.437066" lon="14.4298317">
        <ele>6494.5</ele>
        <time>2026-07-11T11:36:16Z</time>
        <hdop>0.5</hdop>
        <extensions>
          <osmand:speed>202.3</osmand:speed>
        </extensions>
      </trkpt>
      <trkpt lat="47.430052" lon="14.4419141">
        <ele>6423.5</ele>
        <time>2026-07-11T11:36:22Z</time>
        <hdop>1</hdop>
        <extensions>
          <osmand:speed>199.7</osmand:speed>
        </extensions>
      </trkpt>
      <trkpt lat="47.4205344" lon="14.4578019">
        <ele>6317.5</ele>
        <time>2026-07-11T11:36:30Z</time>
        <hdop>44.4</hdop>
        <extensions>
          <osmand:speed>200</osmand:speed>
        </extensions>
      </trkpt>
      <trkpt lat="47.4133433" lon="14.4696981">
        <ele>6279.5</ele>
        <time>2026-07-11T11:36:36Z</time>
        <hdop>1</hdop>
        <extensions>
          <osmand:speed>198.9</osmand:speed>
        </extensions>
      </trkpt>
      <trkpt lat="47.4060593" lon="14.4811749">
        <ele>6222.5</ele>
        <time>2026-07-11T11:36:42Z</time>
        <hdop>1</hdop>
        <extensions>
          <osmand:speed>197.1</osmand:speed>
        </extensions>
      </trkpt>
      <trkpt lat="47.3986438" lon="14.4923636">
        <ele>6165.5</ele>
        <time>2026-07-11T11:36:48Z</time>
        <hdop>1.5</hdop>
        <extensions>
          <osmand:speed>196.2</osmand:speed>
        </extensions>
      </trkpt>
      <trkpt lat="47.3911059" lon="14.5035024">
        <ele>6113.6</ele>
        <time>2026-07-11T11:36:54Z</time>
        <hdop>1</hdop>
        <extensions>
          <osmand:speed>197.4</osmand:speed>
        </extensions>
      </trkpt>
      <trkpt lat="47.3835663" lon="14.514624">
        <ele>6053.6</ele>
        <time>2026-07-11T11:37:00Z</time>
        <hdop>1</hdop>
        <extensions>
          <osmand:speed>197.7</osmand:speed>
        </extensions>
      </trkpt>
      <trkpt lat="47.376016" lon="14.5256983">
        <ele>5997.6</ele>
        <time>2026-07-11T11:37:06Z</time>
        <hdop>1</hdop>
        <extensions>
          <osmand:speed>197.8</osmand:speed>
        </extensions>
      </trkpt>
      <trkpt lat="47.3685156" lon="14.536583">
        <ele>5929.6</ele>
        <time>2026-07-11T11:37:12Z</time>
        <hdop>1</hdop>
        <extensions>
          <osmand:speed>196.1</osmand:speed>
        </extensions>
      </trkpt>
      <trkpt lat="47.3609624" lon="14.547433">
        <ele>5866.6</ele>
        <time>2026-07-11T11:37:18Z</time>
        <hdop>1</hdop>
        <extensions>
          <osmand:speed>195.7</osmand:speed>
        </extensions>
      </trkpt>
      <trkpt lat="47.3534278" lon="14.5582633">
        <ele>5800.6</ele>
        <time>2026-07-11T11:37:24Z</time>
        <hdop>1</hdop>
        <extensions>
          <osmand:speed>195.1</osmand:speed>
        </extensions>
      </trkpt>
      <trkpt lat="47.3459371" lon="14.5692">
        <ele>5735.6</ele>
        <time>2026-07-11T11:37:30Z</time>
        <hdop>0.5</hdop>
        <extensions>
          <osmand:speed>195.1</osmand:speed>
        </extensions>
      </trkpt>
      <trkpt lat="47.3384421" lon="14.5799401">
        <ele>5669.6</ele>
        <time>2026-07-11T11:37:36Z</time>
        <hdop>1.5</hdop>
        <extensions>
          <osmand:speed>194.1</osmand:speed>
        </extensions>
      </trkpt>
      <trkpt lat="47.3309679" lon="14.5909675">
        <ele>5606.6</ele>
        <time>2026-07-11T11:37:42Z</time>
        <hdop>1</hdop>
        <extensions>
          <osmand:speed>194.6</osmand:speed>
        </extensions>
      </trkpt>
      <trkpt lat="47.3235304" lon="14.6017896">
        <ele>5541.6</ele>
        <time>2026-07-11T11:37:48Z</time>
        <hdop>0.5</hdop>
        <extensions>
          <osmand:speed>193.7</osmand:speed>
        </extensions>
      </trkpt>
      <trkpt lat="47.3160936" lon="14.6125411">
        <ele>5475.6</ele>
        <time>2026-07-11T11:37:54Z</time>
        <hdop>1</hdop>
        <extensions>
          <osmand:speed>193</osmand:speed>
        </extensions>
      </trkpt>
      <trkpt lat="47.3086484" lon="14.6233563">
        <ele>5424.6</ele>
        <time>2026-07-11T11:38:00Z</time>
        <hdop>2</hdop>
        <extensions>
          <osmand:speed>192.9</osmand:speed>
        </extensions>
      </trkpt>
      <trkpt lat="47.3012038" lon="14.634055">
        <ele>5363.6</ele>
        <time>2026-07-11T11:38:06Z</time>
        <hdop>1</hdop>
        <extensions>
          <osmand:speed>192.7</osmand:speed>
        </extensions>
      </trkpt>
      <trkpt lat="47.293843" lon="14.6447466">
        <ele>5304.6</ele>
        <time>2026-07-11T11:38:12Z</time>
        <hdop>1</hdop>
        <extensions>
          <osmand:speed>191.5</osmand:speed>
        </extensions>
      </trkpt>
      <trkpt lat="47.2865781" lon="14.6553421">
        <ele>5244.6</ele>
        <time>2026-07-11T11:38:18Z</time>
        <hdop>2</hdop>
        <extensions>
          <osmand:speed>189.8</osmand:speed>
        </extensions>
      </trkpt>
      <trkpt lat="47.2792467" lon="14.6658961">
        <ele>5176.6</ele>
        <time>2026-07-11T11:38:24Z</time>
        <hdop>1</hdop>
        <extensions>
          <osmand:speed>189.9</osmand:speed>
        </extensions>
      </trkpt>
      <trkpt lat="47.2718892" lon="14.6764685">
        <ele>5118.6</ele>
        <time>2026-07-11T11:38:30Z</time>
        <hdop>1</hdop>
        <extensions>
          <osmand:speed>189.8</osmand:speed>
        </extensions>
      </trkpt>
      <trkpt lat="47.2646116" lon="14.6869518">
        <ele>5058.6</ele>
        <time>2026-07-11T11:38:36Z</time>
        <hdop>1</hdop>
        <extensions>
          <osmand:speed>188.9</osmand:speed>
        </extensions>
      </trkpt>
      <trkpt lat="47.2574521" lon="14.6973568">
        <ele>5004.6</ele>
        <time>2026-07-11T11:38:42Z</time>
        <hdop>1</hdop>
        <extensions>
          <osmand:speed>187.1</osmand:speed>
        </extensions>
      </trkpt>
      <trkpt lat="47.2502514" lon="14.7076196">
        <ele>4937.6</ele>
        <time>2026-07-11T11:38:48Z</time>
        <hdop>1</hdop>
        <extensions>
          <osmand:speed>185.9</osmand:speed>
        </extensions>
      </trkpt>
      <trkpt lat="47.2430547" lon="14.7180295">
        <ele>4883.9</ele>
        <time>2026-07-11T11:38:54Z</time>
        <hdop>1</hdop>
        <extensions>
          <osmand:speed>186.4</osmand:speed>
        </extensions>
      </trkpt>
      <trkpt lat="47.2358311" lon="14.7283706">
        <ele>4829.9</ele>
        <time>2026-07-11T11:39:00Z</time>
        <hdop>1</hdop>
        <extensions>
          <osmand:speed>185.9</osmand:speed>
        </extensions>
      </trkpt>
      <trkpt lat="47.2287123" lon="14.738683">
        <ele>4774.9</ele>
        <time>2026-07-11T11:39:06Z</time>
        <hdop>1</hdop>
        <extensions>
          <osmand:speed>184.7</osmand:speed>
        </extensions>
      </trkpt>
      <trkpt lat="47.2203825" lon="14.7507554">
        <ele>4695.2</ele>
        <time>2026-07-11T11:39:13Z</time>
        <hdop>1</hdop>
        <extensions>
          <osmand:speed>184.6</osmand:speed>
        </extensions>
      </trkpt>
      <trkpt lat="47.2133561" lon="14.7609538">
        <ele>4627.2</ele>
        <time>2026-07-11T11:39:19Z</time>
        <hdop>1</hdop>
        <extensions>
          <osmand:speed>183</osmand:speed>
        </extensions>
      </trkpt>
      <trkpt lat="47.2062051" lon="14.7711383">
        <ele>4566.2</ele>
        <time>2026-07-11T11:39:25Z</time>
        <hdop>3.6</hdop>
        <extensions>
          <osmand:speed>183.2</osmand:speed>
        </extensions>
      </trkpt>
      <trkpt lat="47.1991812" lon="14.7812271">
        <ele>4495.2</ele>
        <time>2026-07-11T11:39:31Z</time>
        <hdop>3.6</hdop>
        <extensions>
          <osmand:speed>182.1</osmand:speed>
        </extensions>
      </trkpt>
      <trkpt lat="47.192008" lon="14.7914913">
        <ele>4433.2</ele>
        <time>2026-07-11T11:39:37Z</time>
        <hdop>2.6</hdop>
        <extensions>
          <osmand:speed>184.1</osmand:speed>
        </extensions>
      </trkpt>
      <trkpt lat="47.1849444" lon="14.8017364">
        <ele>4372.2</ele>
        <time>2026-07-11T11:39:43Z</time>
        <hdop>1.5</hdop>
        <extensions>
          <osmand:speed>183.4</osmand:speed>
        </extensions>
      </trkpt>
      <trkpt lat="47.1780014" lon="14.8118667">
        <ele>4317.2</ele>
        <time>2026-07-11T11:39:49Z</time>
        <hdop>1.5</hdop>
        <extensions>
          <osmand:speed>182</osmand:speed>
        </extensions>
      </trkpt>
      <trkpt lat="47.1710306" lon="14.8219351">
        <ele>4253.2</ele>
        <time>2026-07-11T11:39:55Z</time>
        <hdop>1</hdop>
        <extensions>
          <osmand:speed>181</osmand:speed>
        </extensions>
      </trkpt>
      <trkpt lat="47.1640507" lon="14.8318492">
        <ele>4186.2</ele>
        <time>2026-07-11T11:40:01Z</time>
        <hdop>1</hdop>
        <extensions>
          <osmand:speed>179.9</osmand:speed>
        </extensions>
      </trkpt>
      <trkpt lat="47.1572072" lon="14.8418389">
        <ele>4134.2</ele>
        <time>2026-07-11T11:40:07Z</time>
        <hdop>1</hdop>
        <extensions>
          <osmand:speed>178.7</osmand:speed>
        </extensions>
      </trkpt>
      <trkpt lat="47.1503404" lon="14.8517141">
        <ele>4084.2</ele>
        <time>2026-07-11T11:40:13Z</time>
        <hdop>1</hdop>
        <extensions>
          <osmand:speed>177.6</osmand:speed>
        </extensions>
      </trkpt>
      <trkpt lat="47.1434019" lon="14.8615589">
        <ele>4022.2</ele>
        <time>2026-07-11T11:40:19Z</time>
        <hdop>1</hdop>
        <extensions>
          <osmand:speed>177.8</osmand:speed>
        </extensions>
      </trkpt>
      <trkpt lat="47.1148854" lon="14.9024808">
        <ele>3787.2</ele>
        <time>2026-07-11T11:40:44Z</time>
        <hdop>42.9</hdop>
        <extensions>
          <osmand:speed>175.7</osmand:speed>
        </extensions>
      </trkpt>
      <trkpt lat="47.1081538" lon="14.9122575">
        <ele>3745.2</ele>
        <time>2026-07-11T11:40:50Z</time>
        <hdop>0.5</hdop>
        <extensions>
          <osmand:speed>175.2</osmand:speed>
        </extensions>
      </trkpt>
      <trkpt lat="47.1014334" lon="14.9219717">
        <ele>3702.2</ele>
        <time>2026-07-11T11:40:56Z</time>
        <hdop>1</hdop>
        <extensions>
          <osmand:speed>173.7</osmand:speed>
        </extensions>
      </trkpt>
      <trkpt lat="47.0947091" lon="14.931678">
        <ele>3659.2</ele>
        <time>2026-07-11T11:41:02Z</time>
        <hdop>1</hdop>
        <extensions>
          <osmand:speed>173.8</osmand:speed>
        </extensions>
      </trkpt>
      <trkpt lat="47.0881017" lon="14.9413533">
        <ele>3604.2</ele>
        <time>2026-07-11T11:41:08Z</time>
        <hdop>1</hdop>
        <extensions>
          <osmand:speed>172.6</osmand:speed>
        </extensions>
      </trkpt>
      <trkpt lat="47.0814666" lon="14.9507387">
        <ele>3533.2</ele>
        <time>2026-07-11T11:41:14Z</time>
        <hdop>1</hdop>
        <extensions>
          <osmand:speed>172.1</osmand:speed>
        </extensions>
      </trkpt>
      <trkpt lat="47.0748238" lon="14.9600991">
        <ele>3475.2</ele>
        <time>2026-07-11T11:41:20Z</time>
        <hdop>1</hdop>
        <extensions>
          <osmand:speed>171.1</osmand:speed>
        </extensions>
      </trkpt>
      <trkpt lat="47.0682111" lon="14.9694065">
        <ele>3422.2</ele>
        <time>2026-07-11T11:41:26Z</time>
        <hdop>1</hdop>
        <extensions>
          <osmand:speed>169.9</osmand:speed>
        </extensions>
      </trkpt>
      <trkpt lat="47.061678" lon="14.9786427">
        <ele>3366.2</ele>
        <time>2026-07-11T11:41:32Z</time>
        <hdop>1</hdop>
        <extensions>
          <osmand:speed>168.5</osmand:speed>
        </extensions>
      </trkpt>
      <trkpt lat="47.0552004" lon="14.9878552">
        <ele>3305.2</ele>
        <time>2026-07-11T11:41:38Z</time>
        <hdop>0.5</hdop>
        <extensions>
          <osmand:speed>167.1</osmand:speed>
        </extensions>
      </trkpt>
      <trkpt lat="47.0488238" lon="14.9970664">
        <ele>3245.2</ele>
        <time>2026-07-11T11:41:44Z</time>
        <hdop>1</hdop>
        <extensions>
          <osmand:speed>166.1</osmand:speed>
        </extensions>
      </trkpt>
      <trkpt lat="47.0424002" lon="15.0060923">
        <ele>3201.3</ele>
        <time>2026-07-11T11:41:50Z</time>
        <hdop>1</hdop>
        <extensions>
          <osmand:speed>164.2</osmand:speed>
        </extensions>
      </trkpt>
      <trkpt lat="47.0360807" lon="15.0151773">
        <ele>3150.3</ele>
        <time>2026-07-11T11:41:56Z</time>
        <hdop>1</hdop>
        <extensions>
          <osmand:speed>162.8</osmand:speed>
        </extensions>
      </trkpt>
      <trkpt lat="47.0296069" lon="15.0243146">
        <ele>3107.3</ele>
        <time>2026-07-11T11:42:02Z</time>
        <hdop>1</hdop>
        <extensions>
          <osmand:speed>164.5</osmand:speed>
        </extensions>
      </trkpt>
      <trkpt lat="47.0232873" lon="15.0334195">
        <ele>3064.3</ele>
        <time>2026-07-11T11:42:08Z</time>
        <hdop>1</hdop>
        <extensions>
          <osmand:speed>163.7</osmand:speed>
        </extensions>
      </trkpt>
      <trkpt lat="47.0169413" lon="15.0423677">
        <ele>3017.3</ele>
        <time>2026-07-11T11:42:14Z</time>
        <hdop>1</hdop>
        <extensions>
          <osmand:speed>162.7</osmand:speed>
        </extensions>
      </trkpt>
      <trkpt lat="47.0107093" lon="15.0511963">
        <ele>2969.3</ele>
        <time>2026-07-11T11:42:20Z</time>
        <hdop>1</hdop>
        <extensions>
          <osmand:speed>160.7</osmand:speed>
        </extensions>
      </trkpt>
      <trkpt lat="47.0044653" lon="15.0601265">
        <ele>2922.3</ele>
        <time>2026-07-11T11:42:26Z</time>
        <hdop>1</hdop>
        <extensions>
          <osmand:speed>161.1</osmand:speed>
        </extensions>
      </trkpt>
      <trkpt lat="46.9982308" lon="15.0690002">
        <ele>2891.2</ele>
        <time>2026-07-11T11:42:32Z</time>
        <hdop>0.5</hdop>
        <extensions>
          <osmand:speed>159.8</osmand:speed>
        </extensions>
      </trkpt>
      <trkpt lat="46.9920779" lon="15.0778145">
        <ele>2860.2</ele>
        <time>2026-07-11T11:42:38Z</time>
        <hdop>1</hdop>
        <extensions>
          <osmand:speed>158.7</osmand:speed>
        </extensions>
      </trkpt>
      <trkpt lat="46.985971" lon="15.0865118">
        <ele>2850.2</ele>
        <time>2026-07-11T11:42:44Z</time>
        <hdop>1</hdop>
        <extensions>
          <osmand:speed>157.5</osmand:speed>
        </extensions>
      </trkpt>
      <trkpt lat="46.9799645" lon="15.0950498">
        <ele>2844.2</ele>
        <time>2026-07-11T11:42:50Z</time>
        <hdop>8.7</hdop>
        <extensions>
          <osmand:speed>155.1</osmand:speed>
        </extensions>
      </trkpt>
      <trkpt lat="46.9739249" lon="15.1036905">
        <ele>2853.2</ele>
        <time>2026-07-11T11:42:56Z</time>
        <hdop>1</hdop>
        <extensions>
          <osmand:speed>156</osmand:speed>
        </extensions>
      </trkpt>
      <trkpt lat="46.9678858" lon="15.1122423">
        <ele>2851.2</ele>
        <time>2026-07-11T11:43:02Z</time>
        <hdop>1</hdop>
        <extensions>
          <osmand:speed>156.2</osmand:speed>
        </extensions>
      </trkpt>
      <trkpt lat="46.9618301" lon="15.1209627">
        <ele>2859.2</ele>
        <time>2026-07-11T11:43:08Z</time>
        <hdop>1</hdop>
        <extensions>
          <osmand:speed>157.1</osmand:speed>
        </extensions>
      </trkpt>
      <trkpt lat="46.9557612" lon="15.1294306">
        <ele>2858.2</ele>
        <time>2026-07-11T11:43:14Z</time>
        <hdop>1</hdop>
        <extensions>
          <osmand:speed>156.8</osmand:speed>
        </extensions>
      </trkpt>
      <trkpt lat="46.9496493" lon="15.1379953">
        <ele>2839.2</ele>
        <time>2026-07-11T11:43:20Z</time>
        <hdop>30.1</hdop>
        <extensions>
          <osmand:speed>157.7</osmand:speed>
        </extensions>
      </trkpt>
      <trkpt lat="46.9435638" lon="15.1468063">
        <ele>2859.2</ele>
        <time>2026-07-11T11:43:26Z</time>
        <hdop>22.4</hdop>
        <extensions>
          <osmand:speed>158.2</osmand:speed>
        </extensions>
      </trkpt>
      <trkpt lat="46.9374485" lon="15.1555226">
        <ele>2865.2</ele>
        <time>2026-07-11T11:43:32Z</time>
        <hdop>13.8</hdop>
        <extensions>
          <osmand:speed>158.1</osmand:speed>
        </extensions>
      </trkpt>
      <trkpt lat="46.9313643" lon="15.164202">
        <ele>2849.2</ele>
        <time>2026-07-11T11:43:38Z</time>
        <hdop>18.9</hdop>
        <extensions>
          <osmand:speed>157.2</osmand:speed>
        </extensions>
      </trkpt>
      <trkpt lat="46.9253391" lon="15.1728816">
        <ele>2822.2</ele>
        <time>2026-07-11T11:43:44Z</time>
        <hdop>10.2</hdop>
        <extensions>
          <osmand:speed>156</osmand:speed>
        </extensions>
      </trkpt>
      <trkpt lat="46.9193665" lon="15.181497">
        <ele>2776.2</ele>
        <time>2026-07-11T11:43:50Z</time>
        <hdop>9.7</hdop>
        <extensions>
          <osmand:speed>155.2</osmand:speed>
        </extensions>
      </trkpt>
      <trkpt lat="46.9133719" lon="15.1900608">
        <ele>2723.2</ele>
        <time>2026-07-11T11:43:56Z</time>
        <hdop>9.2</hdop>
        <extensions>
          <osmand:speed>155.5</osmand:speed>
        </extensions>
      </trkpt>
      <trkpt lat="46.9073695" lon="15.1986136">
        <ele>2678.2</ele>
        <time>2026-07-11T11:44:02Z</time>
        <hdop>9.2</hdop>
        <extensions>
          <osmand:speed>155.2</osmand:speed>
        </extensions>
      </trkpt>
      <trkpt lat="46.9013937" lon="15.2071129">
        <ele>2638.2</ele>
        <time>2026-07-11T11:44:08Z</time>
        <hdop>8.2</hdop>
        <extensions>
          <osmand:speed>154.4</osmand:speed>
        </extensions>
      </trkpt>
      <trkpt lat="46.89546" lon="15.215603">
        <ele>2593.2</ele>
        <time>2026-07-11T11:44:14Z</time>
        <hdop>8.7</hdop>
        <extensions>
          <osmand:speed>153.6</osmand:speed>
        </extensions>
      </trkpt>
      <trkpt lat="46.8895301" lon="15.2240574">
        <ele>2545.2</ele>
        <time>2026-07-11T11:44:20Z</time>
        <hdop>9.7</hdop>
        <extensions>
          <osmand:speed>153.5</osmand:speed>
        </extensions>
      </trkpt>
      <trkpt lat="46.8835727" lon="15.2324236">
        <ele>2497.2</ele>
        <time>2026-07-11T11:44:26Z</time>
        <hdop>8.2</hdop>
        <extensions>
          <osmand:speed>152.9</osmand:speed>
        </extensions>
      </trkpt>
      <trkpt lat="46.8776145" lon="15.2407351">
        <ele>2438.2</ele>
        <time>2026-07-11T11:44:32Z</time>
        <hdop>7.7</hdop>
        <extensions>
          <osmand:speed>152.9</osmand:speed>
        </extensions>
      </trkpt>
      <trkpt lat="46.8716543" lon="15.249039">
        <ele>2384.2</ele>
        <time>2026-07-11T11:44:38Z</time>
        <hdop>9.7</hdop>
        <extensions>
          <osmand:speed>152.5</osmand:speed>
        </extensions>
      </trkpt>
      <trkpt lat="46.8657151" lon="15.2572659">
        <ele>2331.4</ele>
        <time>2026-07-11T11:44:44Z</time>
        <hdop>12.2</hdop>
        <extensions>
          <osmand:speed>151.8</osmand:speed>
        </extensions>
      </trkpt>
      <trkpt lat="46.8598286" lon="15.2655024">
        <ele>2280.4</ele>
        <time>2026-07-11T11:44:50Z</time>
        <hdop>12.2</hdop>
        <extensions>
          <osmand:speed>150.4</osmand:speed>
        </extensions>
      </trkpt>
      <trkpt lat="46.8539256" lon="15.2735378">
        <ele>2227.4</ele>
        <time>2026-07-11T11:44:56Z</time>
        <hdop>10.2</hdop>
        <extensions>
          <osmand:speed>149</osmand:speed>
        </extensions>
      </trkpt>
      <trkpt lat="46.8480645" lon="15.2815079">
        <ele>2167.4</ele>
        <time>2026-07-11T11:45:02Z</time>
        <hdop>12.8</hdop>
        <extensions>
          <osmand:speed>148.2</osmand:speed>
        </extensions>
      </trkpt>
      <trkpt lat="46.8422521" lon="15.2894803">
        <ele>2109.4</ele>
        <time>2026-07-11T11:45:08Z</time>
        <hdop>10.2</hdop>
        <extensions>
          <osmand:speed>147.5</osmand:speed>
        </extensions>
      </trkpt>
      <trkpt lat="46.8365005" lon="15.297456">
        <ele>2049.4</ele>
        <time>2026-07-11T11:45:14Z</time>
        <hdop>9.2</hdop>
        <extensions>
          <osmand:speed>146.9</osmand:speed>
        </extensions>
      </trkpt>
      <trkpt lat="46.8307881" lon="15.305388">
        <ele>1988.4</ele>
        <time>2026-07-11T11:45:20Z</time>
        <hdop>10.2</hdop>
        <extensions>
          <osmand:speed>146.1</osmand:speed>
        </extensions>
      </trkpt>
      <trkpt lat="46.8250925" lon="15.3132871">
        <ele>1930.4</ele>
        <time>2026-07-11T11:45:26Z</time>
        <hdop>11.2</hdop>
        <extensions>
          <osmand:speed>145.1</osmand:speed>
        </extensions>
      </trkpt>
      <trkpt lat="46.8194348" lon="15.3211161">
        <ele>1871.4</ele>
        <time>2026-07-11T11:45:32Z</time>
        <hdop>11.2</hdop>
        <extensions>
          <osmand:speed>144.2</osmand:speed>
        </extensions>
      </trkpt>
      <trkpt lat="46.8137803" lon="15.3288669">
        <ele>1812.4</ele>
        <time>2026-07-11T11:45:38Z</time>
        <hdop>9.2</hdop>
        <extensions>
          <osmand:speed>143</osmand:speed>
        </extensions>
      </trkpt>
      <trkpt lat="46.8082257" lon="15.3365104">
        <ele>1771.4</ele>
        <time>2026-07-11T11:45:44Z</time>
        <hdop>9.2</hdop>
        <extensions>
          <osmand:speed>140.4</osmand:speed>
        </extensions>
      </trkpt>
      <trkpt lat="46.8032919" lon="15.3446325">
        <ele>1747.4</ele>
        <time>2026-07-11T11:45:50Z</time>
        <hdop>12.2</hdop>
        <extensions>
          <osmand:speed>135.8</osmand:speed>
        </extensions>
      </trkpt>
      <trkpt lat="46.7997318" lon="15.3537542">
        <ele>1739.4</ele>
        <time>2026-07-11T11:45:56Z</time>
        <hdop>5.1</hdop>
        <extensions>
          <osmand:speed>131</osmand:speed>
        </extensions>
      </trkpt>
      <trkpt lat="46.7976165" lon="15.3634266">
        <ele>1719.4</ele>
        <time>2026-07-11T11:46:02Z</time>
        <hdop>5.6</hdop>
        <extensions>
          <osmand:speed>126.7</osmand:speed>
        </extensions>
      </trkpt>
      <trkpt lat="46.7970244" lon="15.3731716">
        <ele>1701.4</ele>
        <time>2026-07-11T11:46:08Z</time>
        <hdop>6.6</hdop>
        <extensions>
          <osmand:speed>121.9</osmand:speed>
        </extensions>
      </trkpt>
      <trkpt lat="46.7978709" lon="15.3825938">
        <ele>1684.4</ele>
        <time>2026-07-11T11:46:14Z</time>
        <hdop>6.6</hdop>
        <extensions>
          <osmand:speed>119.6</osmand:speed>
        </extensions>
      </trkpt>
      <trkpt lat="46.7994108" lon="15.3915699">
        <ele>1650.4</ele>
        <time>2026-07-11T11:46:20Z</time>
        <hdop>5.6</hdop>
        <extensions>
          <osmand:speed>117</osmand:speed>
        </extensions>
      </trkpt>
      <trkpt lat="46.8011711" lon="15.4003363">
        <ele>1604.4</ele>
        <time>2026-07-11T11:46:26Z</time>
        <hdop>4.6</hdop>
        <extensions>
          <osmand:speed>115.8</osmand:speed>
        </extensions>
      </trkpt>
      <trkpt lat="46.8029757" lon="15.4089999">
        <ele>1549.4</ele>
        <time>2026-07-11T11:46:32Z</time>
        <hdop>4.6</hdop>
        <extensions>
          <osmand:speed>115.1</osmand:speed>
        </extensions>
      </trkpt>
      <trkpt lat="46.8047518" lon="15.4176147">
        <ele>1495.4</ele>
        <time>2026-07-11T11:46:38Z</time>
        <hdop>4.6</hdop>
        <extensions>
          <osmand:speed>113.7</osmand:speed>
        </extensions>
      </trkpt>
      <trkpt lat="46.8065075" lon="15.4261388">
        <ele>1434.4</ele>
        <time>2026-07-11T11:46:44Z</time>
        <hdop>4.6</hdop>
        <extensions>
          <osmand:speed>112.7</osmand:speed>
        </extensions>
      </trkpt>
      <trkpt lat="46.8082549" lon="15.4345754">
        <ele>1384.4</ele>
        <time>2026-07-11T11:46:50Z</time>
        <hdop>5.1</hdop>
        <extensions>
          <osmand:speed>111.4</osmand:speed>
        </extensions>
      </trkpt>
      <trkpt lat="46.8100567" lon="15.4428368">
        <ele>1358.4</ele>
        <time>2026-07-11T11:46:56Z</time>
        <hdop>6.1</hdop>
        <extensions>
          <osmand:speed>109</osmand:speed>
        </extensions>
      </trkpt>
      <trkpt lat="46.8119307" lon="15.4508739">
        <ele>1332.4</ele>
        <time>2026-07-11T11:47:02Z</time>
        <hdop>6.6</hdop>
        <extensions>
          <osmand:speed>106.5</osmand:speed>
        </extensions>
      </trkpt>
      <trkpt lat="46.81457" lon="15.4582263">
        <ele>1317.4</ele>
        <time>2026-07-11T11:47:08Z</time>
        <hdop>4.6</hdop>
        <extensions>
          <osmand:speed>104.4</osmand:speed>
        </extensions>
      </trkpt>
      <trkpt lat="46.818347" lon="15.4641635">
        <ele>1309.4</ele>
        <time>2026-07-11T11:47:14Z</time>
        <hdop>2</hdop>
        <extensions>
          <osmand:speed>101.8</osmand:speed>
        </extensions>
      </trkpt>
      <trkpt lat="46.8230406" lon="15.4682939">
        <ele>1301.4</ele>
        <time>2026-07-11T11:47:20Z</time>
        <hdop>4.1</hdop>
        <extensions>
          <osmand:speed>100.8</osmand:speed>
        </extensions>
      </trkpt>
      <trkpt lat="46.8281474" lon="15.4707888">
        <ele>1265.4</ele>
        <time>2026-07-11T11:47:26Z</time>
        <hdop>4.6</hdop>
        <extensions>
          <osmand:speed>100.4</osmand:speed>
        </extensions>
      </trkpt>
      <trkpt lat="46.833379" lon="15.4726286">
        <ele>1232.4</ele>
        <time>2026-07-11T11:47:32Z</time>
        <hdop>5.6</hdop>
        <extensions>
          <osmand:speed>99.4</osmand:speed>
        </extensions>
      </trkpt>
      <trkpt lat="46.8386111" lon="15.474171">
        <ele>1198.4</ele>
        <time>2026-07-11T11:47:38Z</time>
        <hdop>4.6</hdop>
        <extensions>
          <osmand:speed>98.7</osmand:speed>
        </extensions>
      </trkpt>
      <trkpt lat="46.8438646" lon="15.4754889">
        <ele>1167.4</ele>
        <time>2026-07-11T11:47:44Z</time>
        <hdop>6.1</hdop>
        <extensions>
          <osmand:speed>98.7</osmand:speed>
        </extensions>
      </trkpt>
      <trkpt lat="46.8492142" lon="15.4761752">
        <ele>1117.4</ele>
        <time>2026-07-11T11:47:50Z</time>
        <hdop>7.1</hdop>
        <extensions>
          <osmand:speed>99.7</osmand:speed>
        </extensions>
      </trkpt>
      <trkpt lat="46.8545569" lon="15.4758429">
        <ele>1084.4</ele>
        <time>2026-07-11T11:47:56Z</time>
        <hdop>7.7</hdop>
        <extensions>
          <osmand:speed>99.4</osmand:speed>
        </extensions>
      </trkpt>
      <trkpt lat="46.8598063" lon="15.4747571">
        <ele>1052.4</ele>
        <time>2026-07-11T11:48:02Z</time>
        <hdop>6.6</hdop>
        <extensions>
          <osmand:speed>98.3</osmand:speed>
        </extensions>
      </trkpt>
      <trkpt lat="46.8649667" lon="15.4733937">
        <ele>1017.4</ele>
        <time>2026-07-11T11:48:08Z</time>
        <hdop>9.2</hdop>
        <extensions>
          <osmand:speed>97.2</osmand:speed>
        </extensions>
      </trkpt>
      <trkpt lat="46.8700826" lon="15.4719206">
        <ele>983.4</ele>
        <time>2026-07-11T11:48:14Z</time>
        <hdop>7.7</hdop>
        <extensions>
          <osmand:speed>96.7</osmand:speed>
        </extensions>
      </trkpt>
      <trkpt lat="46.8751755" lon="15.4704944">
        <ele>952.4</ele>
        <time>2026-07-11T11:48:20Z</time>
        <hdop>9.2</hdop>
        <extensions>
          <osmand:speed>95.6</osmand:speed>
        </extensions>
      </trkpt>
      <trkpt lat="46.8801813" lon="15.4691771">
        <ele>928.4</ele>
        <time>2026-07-11T11:48:26Z</time>
        <hdop>11.2</hdop>
        <extensions>
          <osmand:speed>93.2</osmand:speed>
        </extensions>
      </trkpt>
      <trkpt lat="46.8850431" lon="15.4678684">
        <ele>895.4</ele>
        <time>2026-07-11T11:48:32Z</time>
        <hdop>10.2</hdop>
        <extensions>
          <osmand:speed>90.1</osmand:speed>
        </extensions>
      </trkpt>
      <trkpt lat="46.889737" lon="15.4666783">
        <ele>863.4</ele>
        <time>2026-07-11T11:48:38Z</time>
        <hdop>10.7</hdop>
        <extensions>
          <osmand:speed>86.9</osmand:speed>
        </extensions>
      </trkpt>
      <trkpt lat="46.8942644" lon="15.4655381">
        <ele>836.4</ele>
        <time>2026-07-11T11:48:44Z</time>
        <hdop>12.8</hdop>
        <extensions>
          <osmand:speed>83.4</osmand:speed>
        </extensions>
      </trkpt>
      <trkpt lat="46.8986195" lon="15.4645215">
        <ele>810.4</ele>
        <time>2026-07-11T11:48:50Z</time>
        <hdop>10.7</hdop>
        <extensions>
          <osmand:speed>80.7</osmand:speed>
        </extensions>
      </trkpt>
      <trkpt lat="46.9028706" lon="15.4635161">
        <ele>785.4</ele>
        <time>2026-07-11T11:48:56Z</time>
        <hdop>11.7</hdop>
        <extensions>
          <osmand:speed>79.1</osmand:speed>
        </extensions>
      </trkpt>
      <trkpt lat="46.9070241" lon="15.4624125">
        <ele>757.4</ele>
        <time>2026-07-11T11:49:02Z</time>
        <hdop>12.8</hdop>
        <extensions>
          <osmand:speed>77.9</osmand:speed>
        </extensions>
      </trkpt>
      <trkpt lat="46.9110983" lon="15.4613794">
        <ele>733.4</ele>
        <time>2026-07-11T11:49:08Z</time>
        <hdop>13.3</hdop>
        <extensions>
          <osmand:speed>76.2</osmand:speed>
        </extensions>
      </trkpt>
      <trkpt lat="46.9150777" lon="15.460347">
        <ele>711.4</ele>
        <time>2026-07-11T11:49:14Z</time>
        <hdop>12.8</hdop>
        <extensions>
          <osmand:speed>75.3</osmand:speed>
        </extensions>
      </trkpt>
      <trkpt lat="46.9190533" lon="15.4593011">
        <ele>691.4</ele>
        <time>2026-07-11T11:49:20Z</time>
        <hdop>12.8</hdop>
        <extensions>
          <osmand:speed>74.7</osmand:speed>
        </extensions>
      </trkpt>
      <trkpt lat="46.9230316" lon="15.4582199">
        <ele>668.4</ele>
        <time>2026-07-11T11:49:26Z</time>
        <hdop>12.2</hdop>
        <extensions>
          <osmand:speed>75.1</osmand:speed>
        </extensions>
      </trkpt>
      <trkpt lat="46.9270267" lon="15.4571552">
        <ele>647.4</ele>
        <time>2026-07-11T11:49:32Z</time>
        <hdop>10.2</hdop>
        <extensions>
          <osmand:speed>74.8</osmand:speed>
        </extensions>
      </trkpt>
      <trkpt lat="46.9310129" lon="15.4560253">
        <ele>624.4</ele>
        <time>2026-07-11T11:49:38Z</time>
        <hdop>13.3</hdop>
        <extensions>
          <osmand:speed>74.7</osmand:speed>
        </extensions>
      </trkpt>
      <trkpt lat="46.9349362" lon="15.4549355">
        <ele>596.4</ele>
        <time>2026-07-11T11:49:44Z</time>
        <hdop>12.2</hdop>
        <extensions>
          <osmand:speed>73.9</osmand:speed>
        </extensions>
      </trkpt>
      <trkpt lat="46.9388474" lon="15.4538997">
        <ele>579.4</ele>
        <time>2026-07-11T11:49:50Z</time>
        <hdop>16.3</hdop>
        <extensions>
          <osmand:speed>73.2</osmand:speed>
        </extensions>
      </trkpt>
      <trkpt lat="46.9427279" lon="15.452851">
        <ele>553.4</ele>
        <time>2026-07-11T11:49:56Z</time>
        <hdop>12.8</hdop>
        <extensions>
          <osmand:speed>73</osmand:speed>
        </extensions>
      </trkpt>
      <trkpt lat="46.9466432" lon="15.4517646">
        <ele>525.4</ele>
        <time>2026-07-11T11:50:02Z</time>
        <hdop>11.2</hdop>
        <extensions>
          <osmand:speed>74.5</osmand:speed>
        </extensions>
      </trkpt>
      <trkpt lat="46.9505942" lon="15.4506308">
        <ele>503.4</ele>
        <time>2026-07-11T11:50:08Z</time>
        <hdop>12.8</hdop>
        <extensions>
          <osmand:speed>75.4</osmand:speed>
        </extensions>
      </trkpt>
      <trkpt lat="46.9545943" lon="15.4495152">
        <ele>482.4</ele>
        <time>2026-07-11T11:50:14Z</time>
        <hdop>15.3</hdop>
        <extensions>
          <osmand:speed>75.8</osmand:speed>
        </extensions>
      </trkpt>
      <trkpt lat="46.9585936" lon="15.4483837">
        <ele>462.4</ele>
        <time>2026-07-11T11:50:20Z</time>
        <hdop>11.7</hdop>
        <extensions>
          <osmand:speed>75.6</osmand:speed>
        </extensions>
      </trkpt>
      <trkpt lat="46.9625737" lon="15.4472926">
        <ele>437.4</ele>
        <time>2026-07-11T11:50:26Z</time>
        <hdop>7.1</hdop>
        <extensions>
          <osmand:speed>73.1</osmand:speed>
        </extensions>
      </trkpt>
      <trkpt lat="46.9664022" lon="15.4462577">
        <ele>409.4</ele>
        <time>2026-07-11T11:50:32Z</time>
        <hdop>8.7</hdop>
        <extensions>
          <osmand:speed>71.6</osmand:speed>
        </extensions>
      </trkpt>
      <trkpt lat="46.9702592" lon="15.4452145">
        <ele>391.4</ele>
        <time>2026-07-11T11:50:38Z</time>
        <hdop>8.7</hdop>
        <extensions>
          <osmand:speed>73.1</osmand:speed>
        </extensions>
      </trkpt>
      <trkpt lat="46.9741906" lon="15.4441831">
        <ele>366.4</ele>
        <time>2026-07-11T11:50:44Z</time>
        <hdop>7.1</hdop>
        <extensions>
          <osmand:speed>74.7</osmand:speed>
        </extensions>
      </trkpt>
      <trkpt lat="46.9781543" lon="15.4430925">
        <ele>345.4</ele>
        <time>2026-07-11T11:50:50Z</time>
        <hdop>14.3</hdop>
        <extensions>
          <osmand:speed>75.4</osmand:speed>
        </extensions>
      </trkpt>
      <trkpt lat="46.9821098" lon="15.4420339">
        <ele>337.4</ele>
        <time>2026-07-11T11:50:56Z</time>
        <hdop>11.7</hdop>
        <extensions>
          <osmand:speed>72.5</osmand:speed>
        </extensions>
      </trkpt>
      <trkpt lat="46.985835" lon="15.4409926">
        <ele>338.4</ele>
        <time>2026-07-11T11:51:02Z</time>
        <hdop>11.2</hdop>
        <extensions>
          <osmand:speed>67.3</osmand:speed>
        </extensions>
      </trkpt>
      <trkpt lat="46.9890892" lon="15.4401188">
        <ele>335.4</ele>
        <time>2026-07-11T11:51:08Z</time>
        <hdop>10.7</hdop>
        <extensions>
          <osmand:speed>55.6</osmand:speed>
        </extensions>
      </trkpt>
      <trkpt lat="46.9918551" lon="15.4393769">
        <ele>336.4</ele>
        <time>2026-07-11T11:51:14Z</time>
        <hdop>10.7</hdop>
        <extensions>
          <osmand:speed>46.4</osmand:speed>
        </extensions>
      </trkpt>
      <trkpt lat="46.9939558" lon="15.4387921">
        <ele>339.4</ele>
        <time>2026-07-11T11:51:20Z</time>
        <hdop>9.2</hdop>
        <extensions>
          <osmand:speed>32.2</osmand:speed>
        </extensions>
      </trkpt>
      <trkpt lat="46.9953872" lon="15.4384884">
        <ele>343.4</ele>
        <time>2026-07-11T11:51:26Z</time>
        <hdop>10.7</hdop>
        <extensions>
          <osmand:speed>22.9</osmand:speed>
        </extensions>
      </trkpt>
      <trkpt lat="46.9965859" lon="15.4384586">
        <ele>345.4</ele>
        <time>2026-07-11T11:51:32Z</time>
        <hdop>10.7</hdop>
        <extensions>
          <osmand:speed>20.6</osmand:speed>
        </extensions>
      </trkpt>
      <trkpt lat="46.9975824" lon="15.4387444">
        <ele>342.4</ele>
        <time>2026-07-11T11:51:38Z</time>
        <hdop>11.7</hdop>
        <extensions>
          <osmand:speed>17.1</osmand:speed>
        </extensions>
      </trkpt>
      <trkpt lat="46.9983711" lon="15.4390799">
        <ele>342.4</ele>
        <time>2026-07-11T11:51:44Z</time>
        <hdop>8.7</hdop>
        <extensions>
          <osmand:speed>12.6</osmand:speed>
        </extensions>
      </trkpt>
      <trkpt lat="46.9989223" lon="15.4394139">
        <ele>340.4</ele>
        <time>2026-07-11T11:51:50Z</time>
        <hdop>10.2</hdop>
        <extensions>
          <osmand:speed>11</osmand:speed>
        </extensions>
      </trkpt>
      <trkpt lat="46.9992624" lon="15.4401145">
        <ele>342.4</ele>
        <time>2026-07-11T11:51:56Z</time>
        <hdop>11.7</hdop>
        <extensions>
          <osmand:speed>11.8</osmand:speed>
        </extensions>
      </trkpt>
      <trkpt lat="46.9992632" lon="15.440937">
        <ele>341.4</ele>
        <time>2026-07-11T11:52:02Z</time>
        <hdop>10.7</hdop>
        <extensions>
          <osmand:speed>11.1</osmand:speed>
        </extensions>
      </trkpt>
      <trkpt lat="46.9988634" lon="15.4415375">
        <ele>338.4</ele>
        <time>2026-07-11T11:52:08Z</time>
        <hdop>11.7</hdop>
        <extensions>
          <osmand:speed>10.5</osmand:speed>
        </extensions>
      </trkpt>
      <trkpt lat="46.998373" lon="15.4416629">
        <ele>336.4</ele>
        <time>2026-07-11T11:52:14Z</time>
        <hdop>9.2</hdop>
        <extensions>
          <osmand:speed>9.1</osmand:speed>
        </extensions>
      </trkpt>
      <trkpt lat="46.997951" lon="15.4417807">
        <ele>335.4</ele>
        <time>2026-07-11T11:52:20Z</time>
        <hdop>9.2</hdop>
        <extensions>
          <osmand:speed>6.5</osmand:speed>
        </extensions>
      </trkpt>
      <trkpt lat="46.9976316" lon="15.4418637">
        <ele>334.4</ele>
        <time>2026-07-11T11:52:26Z</time>
        <hdop>7.7</hdop>
        <extensions>
          <osmand:speed>6.1</osmand:speed>
        </extensions>
      </trkpt>
      <trkpt lat="46.9973102" lon="15.441949">
        <ele>334.4</ele>
        <time>2026-07-11T11:52:32Z</time>
        <hdop>7.1</hdop>
        <extensions>
          <osmand:speed>5.2</osmand:speed>
        </extensions>
      </trkpt>
      <trkpt lat="46.9970341" lon="15.4419866">
        <ele>333.4</ele>
        <time>2026-07-11T11:52:38Z</time>
        <hdop>40.8</hdop>
        <extensions>
          <osmand:speed>5.6</osmand:speed>
        </extensions>
      </trkpt>
      <trkpt lat="46.9968097" lon="15.44231">
        <ele>332.4</ele>
        <time>2026-07-11T11:52:46Z</time>
        <hdop>44.4</hdop>
        <extensions>
          <osmand:speed>4.2</osmand:speed>
        </extensions>
      </trkpt>
      <trkpt lat="46.996716" lon="15.4426212">
        <ele>330.4</ele>
        <time>2026-07-11T11:52:52Z</time>
        <hdop>23.5</hdop>
        <extensions>
          <osmand:speed>3.9</osmand:speed>
        </extensions>
      </trkpt>
      <trkpt lat="46.9966053" lon="15.4429591">
        <ele>332.4</ele>
        <time>2026-07-11T11:53:10Z</time>
        <hdop>48</hdop>
        <extensions>
          <osmand:speed>3</osmand:speed>
        </extensions>
      </trkpt>
      <trkpt lat="46.9964982" lon="15.4429821">
        <ele>331.4</ele>
        <time>2026-07-11T11:53:16Z</time>
        <hdop>24.5</hdop>
        <extensions>
          <osmand:speed>0.6</osmand:speed>
        </extensions>
      </trkpt>
      <trkpt lat="46.9965189" lon="15.4429486">
        <ele>331.4</ele>
        <time>2026-07-11T11:53:22Z</time>
        <hdop>32.1</hdop>
      </trkpt>
      <trkpt lat="46.9965189" lon="15.4429486">
        <ele>331.4</ele>
        <time>2026-07-11T11:53:28Z</time>
        <hdop>31.1</hdop>
      </trkpt>
      <trkpt lat="46.9963777" lon="15.4429509">
        <ele>328.4</ele>
        <time>2026-07-11T11:53:34Z</time>
        <hdop>35.7</hdop>
        <extensions>
          <osmand:speed>2</osmand:speed>
        </extensions>
      </trkpt>
      <trkpt lat="46.996354" lon="15.4429406">
        <ele>328.4</ele>
        <time>2026-07-11T11:53:40Z</time>
        <hdop>37.2</hdop>
        <extensions>
          <osmand:speed>2.1</osmand:speed>
        </extensions>
      </trkpt>
      <trkpt lat="46.9962606" lon="15.4426154">
        <ele>324.4</ele>
        <time>2026-07-11T11:54:11Z</time>
        <hdop>44.9</hdop>
        <extensions>
          <osmand:speed>2.5</osmand:speed>
        </extensions>
      </trkpt>
      <trkpt lat="46.9965158" lon="15.4428712">
        <ele>323.4</ele>
        <time>2026-07-11T11:54:33Z</time>
        <hdop>49</hdop>
        <extensions>
          <osmand:speed>2</osmand:speed>
        </extensions>
      </trkpt>
      <trkpt lat="46.9965252" lon="15.4428796">
        <ele>324.4</ele>
        <time>2026-07-11T11:54:39Z</time>
        <hdop>38.8</hdop>
      </trkpt>
    </trkseg>
  </trk>
  <extensions>
    <osmand:show_arrows>false</osmand:show_arrows>
    <osmand:show_start_finish>true</osmand:show_start_finish>
    <osmand:split_interval>0.0</osmand:split_interval>
    <osmand:split_type>no_split</osmand:split_type>
    <osmand:line_3d_visualization_by_type>none</osmand:line_3d_visualization_by_type>
    <osmand:line_3d_visualization_wall_color_type>none</osmand:line_3d_visualization_wall_color_type>
    <osmand:line_3d_visualization_position_type>top</osmand:line_3d_visualization_position_type>
    <osmand:vertical_exaggeration_scale>1.0</osmand:vertical_exaggeration_scale>
    <osmand:elevation_meters>1000.0</osmand:elevation_meters>
    <osmand:width></osmand:width>
    <osmand:coloring_type>solid</osmand:coloring_type>
  </extensions>
</gpx>