<?xml version='1.0' encoding='UTF-8' standalone='yes' ?>
<gpx version="1.1" creator="OsmAnd~ 5.3.10" xmlns="http://www.topografix.com/GPX/1/1" xmlns:osmand="https://osmand.net/docs/technical/osmand-file-formats/osmand-gpx" xmlns:gpxtpx="https://www8.garmin.com/xmlschemas/TrackPointExtensionv1.xsd" xmlns:xsi="http://www.w3.org/2001/XMLSchema-instance" xsi:schemaLocation="http://www.topografix.com/GPX/1/1 https://www.topografix.com/GPX/1/1/gpx.xsd">
  <metadata>
    <name>2026-07-13_18-50_Mon VIE - FRA</name>
    <time>2026-07-13T18:12:38Z</time>
  </metadata>
  <trk>
    <trkseg>
      <trkpt lat="48.1191342" lon="16.5669898">
        <ele>187.6</ele>
        <time>2026-07-13T16:50:18Z</time>
        <hdop>39.8</hdop>
        <extensions>
          <osmand:speed>1.4</osmand:speed>
        </extensions>
      </trkpt>
      <trkpt lat="48.1191514" lon="16.5670232">
        <ele>185.6</ele>
        <time>2026-07-13T16:50:24Z</time>
        <hdop>15.3</hdop>
        <extensions>
          <osmand:speed>0.6</osmand:speed>
        </extensions>
      </trkpt>
      <trkpt lat="48.119152" lon="16.5669907">
        <ele>190.6</ele>
        <time>2026-07-13T16:50:30Z</time>
        <hdop>40.8</hdop>
        <extensions>
          <osmand:speed>0.4</osmand:speed>
        </extensions>
      </trkpt>
      <trkpt lat="48.1191341" lon="16.5670173">
        <ele>185.6</ele>
        <time>2026-07-13T16:50:36Z</time>
        <hdop>19.9</hdop>
        <extensions>
          <osmand:speed>0.7</osmand:speed>
        </extensions>
      </trkpt>
      <trkpt lat="48.1191376" lon="16.567023">
        <ele>181.6</ele>
        <time>2026-07-13T16:50:42Z</time>
        <hdop>32.7</hdop>
        <extensions>
          <osmand:speed>0.2</osmand:speed>
        </extensions>
      </trkpt>
      <trkpt lat="48.1191303" lon="16.5670209">
        <ele>180.6</ele>
        <time>2026-07-13T16:50:48Z</time>
        <hdop>32.1</hdop>
      </trkpt>
      <trkpt lat="48.1191231" lon="16.5670121">
        <ele>181.6</ele>
        <time>2026-07-13T16:50:54Z</time>
        <hdop>28.6</hdop>
      </trkpt>
      <trkpt lat="48.1191225" lon="16.5670224">
        <ele>181.6</ele>
        <time>2026-07-13T16:51:00Z</time>
        <hdop>34.2</hdop>
        <extensions>
          <osmand:speed>0.4</osmand:speed>
        </extensions>
      </trkpt>
      <trkpt lat="48.1191271" lon="16.5670339">
        <ele>180.6</ele>
        <time>2026-07-13T16:51:06Z</time>
        <hdop>27.6</hdop>
      </trkpt>
      <trkpt lat="48.1190965" lon="16.5670489">
        <ele>181.6</ele>
        <time>2026-07-13T16:51:12Z</time>
        <hdop>32.7</hdop>
        <extensions>
          <osmand:speed>1.2</osmand:speed>
        </extensions>
      </trkpt>
      <trkpt lat="48.1188464" lon="16.567106">
        <ele>165.6</ele>
        <time>2026-07-13T16:52:42Z</time>
        <hdop>48</hdop>
      </trkpt>
      <trkpt lat="48.1190301" lon="16.5670635">
        <ele>182.6</ele>
        <time>2026-07-13T16:52:48Z</time>
        <hdop>26.5</hdop>
        <extensions>
          <osmand:speed>0.2</osmand:speed>
        </extensions>
      </trkpt>
      <trkpt lat="48.1190681" lon="16.5670499">
        <ele>185.6</ele>
        <time>2026-07-13T16:52:54Z</time>
        <hdop>47.4</hdop>
        <extensions>
          <osmand:speed>0.8</osmand:speed>
        </extensions>
      </trkpt>
      <trkpt lat="48.1190576" lon="16.5670784">
        <ele>185.6</ele>
        <time>2026-07-13T16:53:00Z</time>
        <hdop>25</hdop>
        <extensions>
          <osmand:speed>0.5</osmand:speed>
        </extensions>
      </trkpt>
      <trkpt lat="48.1190765" lon="16.5671079">
        <ele>182.6</ele>
        <time>2026-07-13T16:53:06Z</time>
        <hdop>41.3</hdop>
        <extensions>
          <osmand:speed>0.2</osmand:speed>
        </extensions>
      </trkpt>
      <trkpt lat="48.1190928" lon="16.5671214">
        <ele>177.6</ele>
        <time>2026-07-13T16:53:12Z</time>
        <hdop>23</hdop>
        <extensions>
          <osmand:speed>0.9</osmand:speed>
        </extensions>
      </trkpt>
      <trkpt lat="48.1191031" lon="16.5671504">
        <ele>174.6</ele>
        <time>2026-07-13T16:53:18Z</time>
        <hdop>38.8</hdop>
        <extensions>
          <osmand:speed>0.8</osmand:speed>
        </extensions>
      </trkpt>
      <trkpt lat="48.1190754" lon="16.5671573">
        <ele>172.6</ele>
        <time>2026-07-13T16:53:24Z</time>
        <hdop>41.8</hdop>
        <extensions>
          <osmand:speed>0.3</osmand:speed>
        </extensions>
      </trkpt>
      <trkpt lat="48.1191043" lon="16.5672271">
        <ele>173.6</ele>
        <time>2026-07-13T16:53:30Z</time>
        <hdop>25</hdop>
        <extensions>
          <osmand:speed>1.1</osmand:speed>
        </extensions>
      </trkpt>
      <trkpt lat="48.1191291" lon="16.5672578">
        <ele>172.6</ele>
        <time>2026-07-13T16:53:36Z</time>
        <hdop>31.1</hdop>
        <extensions>
          <osmand:speed>0.4</osmand:speed>
        </extensions>
      </trkpt>
      <trkpt lat="48.119133" lon="16.5672091">
        <ele>174.6</ele>
        <time>2026-07-13T16:53:42Z</time>
        <hdop>39.8</hdop>
        <extensions>
          <osmand:speed>0.4</osmand:speed>
        </extensions>
      </trkpt>
      <trkpt lat="48.1191513" lon="16.5671947">
        <ele>175.6</ele>
        <time>2026-07-13T16:53:48Z</time>
        <hdop>35.2</hdop>
        <extensions>
          <osmand:speed>0.1</osmand:speed>
        </extensions>
      </trkpt>
      <trkpt lat="48.1191635" lon="16.567193">
        <ele>174.6</ele>
        <time>2026-07-13T16:53:54Z</time>
        <hdop>16.3</hdop>
      </trkpt>
      <trkpt lat="48.1191709" lon="16.5671737">
        <ele>174.6</ele>
        <time>2026-07-13T16:54:00Z</time>
        <hdop>28.1</hdop>
        <extensions>
          <osmand:speed>0.4</osmand:speed>
        </extensions>
      </trkpt>
      <trkpt lat="48.1192224" lon="16.5672057">
        <ele>172.6</ele>
        <time>2026-07-13T16:54:06Z</time>
        <hdop>26</hdop>
        <extensions>
          <osmand:speed>1.1</osmand:speed>
        </extensions>
      </trkpt>
      <trkpt lat="48.1192825" lon="16.5672157">
        <ele>174.6</ele>
        <time>2026-07-13T16:54:12Z</time>
        <hdop>24.5</hdop>
        <extensions>
          <osmand:speed>1.1</osmand:speed>
        </extensions>
      </trkpt>
      <trkpt lat="48.1193756" lon="16.5672746">
        <ele>175.6</ele>
        <time>2026-07-13T16:54:18Z</time>
        <hdop>28.6</hdop>
        <extensions>
          <osmand:speed>1.6</osmand:speed>
        </extensions>
      </trkpt>
      <trkpt lat="48.1194352" lon="16.567339">
        <ele>176.6</ele>
        <time>2026-07-13T16:54:24Z</time>
        <hdop>16.3</hdop>
        <extensions>
          <osmand:speed>1.1</osmand:speed>
        </extensions>
      </trkpt>
      <trkpt lat="48.1194869" lon="16.5674023">
        <ele>177.6</ele>
        <time>2026-07-13T16:54:30Z</time>
        <hdop>27.6</hdop>
        <extensions>
          <osmand:speed>1.1</osmand:speed>
        </extensions>
      </trkpt>
      <trkpt lat="48.1195372" lon="16.5674668">
        <ele>176.6</ele>
        <time>2026-07-13T16:54:36Z</time>
        <hdop>27</hdop>
        <extensions>
          <osmand:speed>0.8</osmand:speed>
        </extensions>
      </trkpt>
      <trkpt lat="48.1195794" lon="16.5675171">
        <ele>176.6</ele>
        <time>2026-07-13T16:54:42Z</time>
        <hdop>14.8</hdop>
        <extensions>
          <osmand:speed>1.1</osmand:speed>
        </extensions>
      </trkpt>
      <trkpt lat="48.1196348" lon="16.5675802">
        <ele>176.6</ele>
        <time>2026-07-13T16:54:48Z</time>
        <hdop>12.8</hdop>
        <extensions>
          <osmand:speed>1.2</osmand:speed>
        </extensions>
      </trkpt>
      <trkpt lat="48.119682" lon="16.5675421">
        <ele>177.6</ele>
        <time>2026-07-13T16:54:54Z</time>
        <hdop>21.4</hdop>
        <extensions>
          <osmand:speed>0.6</osmand:speed>
        </extensions>
      </trkpt>
      <trkpt lat="48.1197113" lon="16.567507">
        <ele>177.6</ele>
        <time>2026-07-13T16:55:00Z</time>
        <hdop>32.1</hdop>
        <extensions>
          <osmand:speed>0.6</osmand:speed>
        </extensions>
      </trkpt>
      <trkpt lat="48.1197651" lon="16.567473">
        <ele>175.6</ele>
        <time>2026-07-13T16:55:06Z</time>
        <hdop>19.4</hdop>
        <extensions>
          <osmand:speed>0.7</osmand:speed>
        </extensions>
      </trkpt>
      <trkpt lat="48.1197954" lon="16.5674478">
        <ele>175.6</ele>
        <time>2026-07-13T16:55:12Z</time>
        <hdop>33.2</hdop>
        <extensions>
          <osmand:speed>0.7</osmand:speed>
        </extensions>
      </trkpt>
      <trkpt lat="48.1198061" lon="16.5674111">
        <ele>175.6</ele>
        <time>2026-07-13T16:55:18Z</time>
        <hdop>31.1</hdop>
        <extensions>
          <osmand:speed>0.5</osmand:speed>
        </extensions>
      </trkpt>
      <trkpt lat="48.1198285" lon="16.5673701">
        <ele>176.6</ele>
        <time>2026-07-13T16:55:24Z</time>
        <hdop>17.3</hdop>
        <extensions>
          <osmand:speed>0.4</osmand:speed>
        </extensions>
      </trkpt>
      <trkpt lat="48.1198507" lon="16.5674059">
        <ele>176.6</ele>
        <time>2026-07-13T16:55:30Z</time>
        <hdop>16.8</hdop>
        <extensions>
          <osmand:speed>0.3</osmand:speed>
        </extensions>
      </trkpt>
      <trkpt lat="48.1198647" lon="16.5673614">
        <ele>174.6</ele>
        <time>2026-07-13T16:55:37Z</time>
        <hdop>24</hdop>
        <extensions>
          <osmand:speed>1.1</osmand:speed>
        </extensions>
      </trkpt>
      <trkpt lat="48.1198344" lon="16.5673619">
        <ele>173.6</ele>
        <time>2026-07-13T16:55:43Z</time>
        <hdop>29.1</hdop>
        <extensions>
          <osmand:speed>0.9</osmand:speed>
        </extensions>
      </trkpt>
      <trkpt lat="48.1198486" lon="16.5673947">
        <ele>173.6</ele>
        <time>2026-07-13T16:55:49Z</time>
        <hdop>28.6</hdop>
      </trkpt>
      <trkpt lat="48.1198661" lon="16.5674224">
        <ele>173.6</ele>
        <time>2026-07-13T16:55:57Z</time>
        <hdop>38.3</hdop>
        <extensions>
          <osmand:speed>0.1</osmand:speed>
        </extensions>
      </trkpt>
      <trkpt lat="48.1198222" lon="16.5674064">
        <ele>170.6</ele>
        <time>2026-07-13T16:56:03Z</time>
        <hdop>36.7</hdop>
        <extensions>
          <osmand:speed>0.2</osmand:speed>
        </extensions>
      </trkpt>
      <trkpt lat="48.1198237" lon="16.567436">
        <ele>172.6</ele>
        <time>2026-07-13T16:56:09Z</time>
        <hdop>32.1</hdop>
        <extensions>
          <osmand:speed>0.3</osmand:speed>
        </extensions>
      </trkpt>
      <trkpt lat="48.1198074" lon="16.567408">
        <ele>172.6</ele>
        <time>2026-07-13T16:56:18Z</time>
        <hdop>33.7</hdop>
        <extensions>
          <osmand:speed>1</osmand:speed>
        </extensions>
      </trkpt>
      <trkpt lat="48.1197981" lon="16.5674415">
        <ele>171.6</ele>
        <time>2026-07-13T16:56:24Z</time>
        <hdop>34.7</hdop>
        <extensions>
          <osmand:speed>0.3</osmand:speed>
        </extensions>
      </trkpt>
      <trkpt lat="48.1198034" lon="16.5674395">
        <ele>171.6</ele>
        <time>2026-07-13T16:56:30Z</time>
        <hdop>34.7</hdop>
      </trkpt>
      <trkpt lat="48.1198126" lon="16.56744">
        <ele>171.6</ele>
        <time>2026-07-13T16:56:36Z</time>
        <hdop>45.4</hdop>
        <extensions>
          <osmand:speed>0.7</osmand:speed>
        </extensions>
      </trkpt>
      <trkpt lat="48.1198375" lon="16.567479">
        <ele>168.6</ele>
        <time>2026-07-13T16:56:42Z</time>
        <hdop>42.9</hdop>
        <extensions>
          <osmand:speed>1.4</osmand:speed>
        </extensions>
      </trkpt>
      <trkpt lat="48.119785" lon="16.5675027">
        <ele>165.6</ele>
        <time>2026-07-13T16:56:48Z</time>
        <hdop>46.9</hdop>
        <extensions>
          <osmand:speed>1.5</osmand:speed>
        </extensions>
      </trkpt>
      <trkpt lat="48.1200278" lon="16.5674586">
        <ele>162.6</ele>
        <time>2026-07-13T16:57:28Z</time>
        <hdop>50</hdop>
        <extensions>
          <osmand:speed>1.2</osmand:speed>
        </extensions>
      </trkpt>
      <trkpt lat="48.1199831" lon="16.5675556">
        <ele>162.6</ele>
        <time>2026-07-13T16:57:34Z</time>
        <hdop>49</hdop>
        <extensions>
          <osmand:speed>3.1</osmand:speed>
        </extensions>
      </trkpt>
      <trkpt lat="48.1197729" lon="16.568045">
        <ele>165.6</ele>
        <time>2026-07-13T16:57:49Z</time>
        <hdop>35.2</hdop>
        <extensions>
          <osmand:speed>2.3</osmand:speed>
        </extensions>
      </trkpt>
      <trkpt lat="48.1196281" lon="16.5683289">
        <ele>168.6</ele>
        <time>2026-07-13T16:57:56Z</time>
        <hdop>48</hdop>
        <extensions>
          <osmand:speed>4.2</osmand:speed>
        </extensions>
      </trkpt>
      <trkpt lat="48.1195204" lon="16.5686485">
        <ele>171.6</ele>
        <time>2026-07-13T16:58:02Z</time>
        <hdop>45.4</hdop>
        <extensions>
          <osmand:speed>5</osmand:speed>
        </extensions>
      </trkpt>
      <trkpt lat="48.119391" lon="16.5690191">
        <ele>172.6</ele>
        <time>2026-07-13T16:58:08Z</time>
        <hdop>26.5</hdop>
        <extensions>
          <osmand:speed>4.3</osmand:speed>
        </extensions>
      </trkpt>
      <trkpt lat="48.1192573" lon="16.5693561">
        <ele>173.6</ele>
        <time>2026-07-13T16:58:14Z</time>
        <hdop>26</hdop>
        <extensions>
          <osmand:speed>4.7</osmand:speed>
        </extensions>
      </trkpt>
      <trkpt lat="48.1191169" lon="16.5697308">
        <ele>174.6</ele>
        <time>2026-07-13T16:58:20Z</time>
        <hdop>29.1</hdop>
        <extensions>
          <osmand:speed>5.5</osmand:speed>
        </extensions>
      </trkpt>
      <trkpt lat="48.1189747" lon="16.5701569">
        <ele>173.6</ele>
        <time>2026-07-13T16:58:27Z</time>
        <hdop>37.2</hdop>
        <extensions>
          <osmand:speed>5.1</osmand:speed>
        </extensions>
      </trkpt>
      <trkpt lat="48.1188592" lon="16.5705075">
        <ele>172.6</ele>
        <time>2026-07-13T16:58:33Z</time>
        <hdop>29.1</hdop>
        <extensions>
          <osmand:speed>5.3</osmand:speed>
        </extensions>
      </trkpt>
      <trkpt lat="48.1187374" lon="16.5708692">
        <ele>171.6</ele>
        <time>2026-07-13T16:58:39Z</time>
        <hdop>30.6</hdop>
        <extensions>
          <osmand:speed>5.5</osmand:speed>
        </extensions>
      </trkpt>
      <trkpt lat="48.1186025" lon="16.5712975">
        <ele>170.6</ele>
        <time>2026-07-13T16:58:45Z</time>
        <hdop>39.3</hdop>
        <extensions>
          <osmand:speed>6</osmand:speed>
        </extensions>
      </trkpt>
      <trkpt lat="48.1185343" lon="16.5717937">
        <ele>170.6</ele>
        <time>2026-07-13T16:58:51Z</time>
        <hdop>40.8</hdop>
        <extensions>
          <osmand:speed>6.1</osmand:speed>
        </extensions>
      </trkpt>
      <trkpt lat="48.118522" lon="16.5723004">
        <ele>169.6</ele>
        <time>2026-07-13T16:58:58Z</time>
        <hdop>29.1</hdop>
        <extensions>
          <osmand:speed>6</osmand:speed>
        </extensions>
      </trkpt>
      <trkpt lat="48.1183804" lon="16.572837">
        <ele>170.6</ele>
        <time>2026-07-13T16:59:05Z</time>
        <hdop>29.6</hdop>
        <extensions>
          <osmand:speed>6</osmand:speed>
        </extensions>
      </trkpt>
      <trkpt lat="48.1182197" lon="16.5732112">
        <ele>174.6</ele>
        <time>2026-07-13T16:59:11Z</time>
        <hdop>31.6</hdop>
        <extensions>
          <osmand:speed>6</osmand:speed>
        </extensions>
      </trkpt>
      <trkpt lat="48.1180097" lon="16.5735841">
        <ele>173.6</ele>
        <time>2026-07-13T16:59:17Z</time>
        <hdop>37.8</hdop>
        <extensions>
          <osmand:speed>6.8</osmand:speed>
        </extensions>
      </trkpt>
      <trkpt lat="48.1170306" lon="16.5738761">
        <ele>171.6</ele>
        <time>2026-07-13T16:59:35Z</time>
        <hdop>33.7</hdop>
        <extensions>
          <osmand:speed>5.3</osmand:speed>
        </extensions>
      </trkpt>
      <trkpt lat="48.1167484" lon="16.5739958">
        <ele>179.6</ele>
        <time>2026-07-13T16:59:41Z</time>
        <hdop>32.1</hdop>
        <extensions>
          <osmand:speed>6.5</osmand:speed>
        </extensions>
      </trkpt>
      <trkpt lat="48.1164146" lon="16.5741273">
        <ele>181.6</ele>
        <time>2026-07-13T16:59:47Z</time>
        <hdop>30.6</hdop>
        <extensions>
          <osmand:speed>6.5</osmand:speed>
        </extensions>
      </trkpt>
      <trkpt lat="48.1160912" lon="16.5742696">
        <ele>182.6</ele>
        <time>2026-07-13T16:59:53Z</time>
        <hdop>29.6</hdop>
        <extensions>
          <osmand:speed>6.6</osmand:speed>
        </extensions>
      </trkpt>
      <trkpt lat="48.115743" lon="16.5744612">
        <ele>186.6</ele>
        <time>2026-07-13T16:59:59Z</time>
        <hdop>28.6</hdop>
        <extensions>
          <osmand:speed>7.5</osmand:speed>
        </extensions>
      </trkpt>
      <trkpt lat="48.1153445" lon="16.57461">
        <ele>184.6</ele>
        <time>2026-07-13T17:00:05Z</time>
        <hdop>28.1</hdop>
        <extensions>
          <osmand:speed>7.1</osmand:speed>
        </extensions>
      </trkpt>
      <trkpt lat="48.1149474" lon="16.5746158">
        <ele>183.6</ele>
        <time>2026-07-13T17:00:11Z</time>
        <hdop>25</hdop>
        <extensions>
          <osmand:speed>6.6</osmand:speed>
        </extensions>
      </trkpt>
      <trkpt lat="48.1145687" lon="16.5744305">
        <ele>183.6</ele>
        <time>2026-07-13T17:00:17Z</time>
        <hdop>24</hdop>
        <extensions>
          <osmand:speed>7.3</osmand:speed>
        </extensions>
      </trkpt>
      <trkpt lat="48.1142269" lon="16.5741498">
        <ele>183.6</ele>
        <time>2026-07-13T17:00:23Z</time>
        <hdop>27.6</hdop>
        <extensions>
          <osmand:speed>7.5</osmand:speed>
        </extensions>
      </trkpt>
      <trkpt lat="48.1139235" lon="16.5738904">
        <ele>183.6</ele>
        <time>2026-07-13T17:00:29Z</time>
        <hdop>29.1</hdop>
        <extensions>
          <osmand:speed>5.3</osmand:speed>
        </extensions>
      </trkpt>
      <trkpt lat="48.1136679" lon="16.5737115">
        <ele>184.6</ele>
        <time>2026-07-13T17:00:35Z</time>
        <hdop>28.1</hdop>
        <extensions>
          <osmand:speed>5.7</osmand:speed>
        </extensions>
      </trkpt>
      <trkpt lat="48.1133205" lon="16.5734482">
        <ele>185.6</ele>
        <time>2026-07-13T17:00:41Z</time>
        <hdop>27.6</hdop>
        <extensions>
          <osmand:speed>6.7</osmand:speed>
        </extensions>
      </trkpt>
      <trkpt lat="48.113009" lon="16.5732656">
        <ele>185.6</ele>
        <time>2026-07-13T17:00:47Z</time>
        <hdop>34.7</hdop>
        <extensions>
          <osmand:speed>5.9</osmand:speed>
        </extensions>
      </trkpt>
      <trkpt lat="48.1126654" lon="16.5730357">
        <ele>185.6</ele>
        <time>2026-07-13T17:00:53Z</time>
        <hdop>20.9</hdop>
        <extensions>
          <osmand:speed>7</osmand:speed>
        </extensions>
      </trkpt>
      <trkpt lat="48.1123171" lon="16.5728277">
        <ele>184.6</ele>
        <time>2026-07-13T17:00:59Z</time>
        <hdop>20.4</hdop>
        <extensions>
          <osmand:speed>6.9</osmand:speed>
        </extensions>
      </trkpt>
      <trkpt lat="48.1120084" lon="16.5725567">
        <ele>183.6</ele>
        <time>2026-07-13T17:01:05Z</time>
        <hdop>22.4</hdop>
        <extensions>
          <osmand:speed>6.7</osmand:speed>
        </extensions>
      </trkpt>
      <trkpt lat="48.1117275" lon="16.5723243">
        <ele>182.6</ele>
        <time>2026-07-13T17:01:11Z</time>
        <hdop>21.9</hdop>
        <extensions>
          <osmand:speed>4.7</osmand:speed>
        </extensions>
      </trkpt>
      <trkpt lat="48.1115643" lon="16.5722131">
        <ele>182.6</ele>
        <time>2026-07-13T17:01:17Z</time>
        <hdop>10.7</hdop>
        <extensions>
          <osmand:speed>2.2</osmand:speed>
        </extensions>
      </trkpt>
      <trkpt lat="48.1114615" lon="16.5721489">
        <ele>183.6</ele>
        <time>2026-07-13T17:01:23Z</time>
        <hdop>12.2</hdop>
        <extensions>
          <osmand:speed>2.9</osmand:speed>
        </extensions>
      </trkpt>
      <trkpt lat="48.1113352" lon="16.572061">
        <ele>183.6</ele>
        <time>2026-07-13T17:01:29Z</time>
        <hdop>16.8</hdop>
        <extensions>
          <osmand:speed>2.8</osmand:speed>
        </extensions>
      </trkpt>
      <trkpt lat="48.1111683" lon="16.5719293">
        <ele>183.6</ele>
        <time>2026-07-13T17:01:35Z</time>
        <hdop>17.9</hdop>
        <extensions>
          <osmand:speed>2.8</osmand:speed>
        </extensions>
      </trkpt>
      <trkpt lat="48.1110197" lon="16.5718274">
        <ele>183.6</ele>
        <time>2026-07-13T17:01:41Z</time>
        <hdop>19.9</hdop>
        <extensions>
          <osmand:speed>2.7</osmand:speed>
        </extensions>
      </trkpt>
      <trkpt lat="48.1109025" lon="16.5717656">
        <ele>183.6</ele>
        <time>2026-07-13T17:01:47Z</time>
        <hdop>19.4</hdop>
        <extensions>
          <osmand:speed>3</osmand:speed>
        </extensions>
      </trkpt>
      <trkpt lat="48.1107458" lon="16.571621">
        <ele>183.6</ele>
        <time>2026-07-13T17:01:53Z</time>
        <hdop>25</hdop>
        <extensions>
          <osmand:speed>4</osmand:speed>
        </extensions>
      </trkpt>
      <trkpt lat="48.1106034" lon="16.5714982">
        <ele>182.6</ele>
        <time>2026-07-13T17:01:59Z</time>
        <hdop>47.4</hdop>
        <extensions>
          <osmand:speed>3.3</osmand:speed>
        </extensions>
      </trkpt>
      <trkpt lat="48.1104548" lon="16.5712646">
        <ele>181.6</ele>
        <time>2026-07-13T17:02:05Z</time>
        <hdop>48.5</hdop>
        <extensions>
          <osmand:speed>3.2</osmand:speed>
        </extensions>
      </trkpt>
      <trkpt lat="48.1105487" lon="16.570917">
        <ele>181.6</ele>
        <time>2026-07-13T17:02:16Z</time>
        <hdop>29.6</hdop>
        <extensions>
          <osmand:speed>1</osmand:speed>
        </extensions>
      </trkpt>
      <trkpt lat="48.1106158" lon="16.5707262">
        <ele>181.6</ele>
        <time>2026-07-13T17:02:22Z</time>
        <hdop>26.5</hdop>
        <extensions>
          <osmand:speed>4</osmand:speed>
        </extensions>
      </trkpt>
      <trkpt lat="48.1108858" lon="16.5697506">
        <ele>180.6</ele>
        <time>2026-07-13T17:02:29Z</time>
        <hdop>44.9</hdop>
        <extensions>
          <osmand:speed>15.5</osmand:speed>
        </extensions>
      </trkpt>
      <trkpt lat="48.111638" lon="16.5674785">
        <ele>178.6</ele>
        <time>2026-07-13T17:02:36Z</time>
        <hdop>33.2</hdop>
        <extensions>
          <osmand:speed>29.1</osmand:speed>
        </extensions>
      </trkpt>
      <trkpt lat="48.1127727" lon="16.5641803">
        <ele>183.6</ele>
        <time>2026-07-13T17:02:42Z</time>
        <hdop>27</hdop>
        <extensions>
          <osmand:speed>42.8</osmand:speed>
        </extensions>
      </trkpt>
      <trkpt lat="48.1141998" lon="16.5598434">
        <ele>177.6</ele>
        <time>2026-07-13T17:02:48Z</time>
        <hdop>23</hdop>
        <extensions>
          <osmand:speed>57.5</osmand:speed>
        </extensions>
      </trkpt>
      <trkpt lat="48.1158942" lon="16.5545988">
        <ele>171.6</ele>
        <time>2026-07-13T17:02:54Z</time>
        <hdop>17.3</hdop>
        <extensions>
          <osmand:speed>71.3</osmand:speed>
        </extensions>
      </trkpt>
      <trkpt lat="48.1181446" lon="16.5479231">
        <ele>171.6</ele>
        <time>2026-07-13T17:03:01Z</time>
        <hdop>19.4</hdop>
        <extensions>
          <osmand:speed>79.2</osmand:speed>
        </extensions>
      </trkpt>
      <trkpt lat="48.1214562" lon="16.5374725">
        <ele>286.6</ele>
        <time>2026-07-13T17:03:11Z</time>
        <hdop>42.3</hdop>
        <extensions>
          <osmand:speed>85</osmand:speed>
        </extensions>
      </trkpt>
      <trkpt lat="48.1239718" lon="16.5276217">
        <ele>387.6</ele>
        <time>2026-07-13T17:03:20Z</time>
        <hdop>40.8</hdop>
        <extensions>
          <osmand:speed>85.5</osmand:speed>
        </extensions>
      </trkpt>
      <trkpt lat="48.1240077" lon="16.5137033">
        <ele>563.6</ele>
        <time>2026-07-13T17:03:32Z</time>
        <hdop>46.4</hdop>
        <extensions>
          <osmand:speed>88.8</osmand:speed>
        </extensions>
      </trkpt>
      <trkpt lat="48.1228185" lon="16.5066195">
        <ele>633.6</ele>
        <time>2026-07-13T17:03:38Z</time>
        <hdop>44.9</hdop>
        <extensions>
          <osmand:speed>91.4</osmand:speed>
        </extensions>
      </trkpt>
      <trkpt lat="48.1213988" lon="16.4993757">
        <ele>671</ele>
        <time>2026-07-13T17:03:44Z</time>
        <hdop>45.4</hdop>
        <extensions>
          <osmand:speed>95.3</osmand:speed>
        </extensions>
      </trkpt>
      <trkpt lat="48.1196987" lon="16.4918883">
        <ele>702</ele>
        <time>2026-07-13T17:03:50Z</time>
        <hdop>14.3</hdop>
        <extensions>
          <osmand:speed>99.3</osmand:speed>
        </extensions>
      </trkpt>
      <trkpt lat="48.1178886" lon="16.484163">
        <ele>736</ele>
        <time>2026-07-13T17:03:56Z</time>
        <hdop>23</hdop>
        <extensions>
          <osmand:speed>102.5</osmand:speed>
        </extensions>
      </trkpt>
      <trkpt lat="48.1159649" lon="16.4761521">
        <ele>767</ele>
        <time>2026-07-13T17:04:02Z</time>
        <hdop>28.6</hdop>
        <extensions>
          <osmand:speed>107.4</osmand:speed>
        </extensions>
      </trkpt>
      <trkpt lat="48.1141732" lon="16.4677376">
        <ele>808</ele>
        <time>2026-07-13T17:04:08Z</time>
        <hdop>27.6</hdop>
        <extensions>
          <osmand:speed>111</osmand:speed>
        </extensions>
      </trkpt>
      <trkpt lat="48.1125277" lon="16.4589293">
        <ele>851</ele>
        <time>2026-07-13T17:04:14Z</time>
        <hdop>24.5</hdop>
        <extensions>
          <osmand:speed>114.2</osmand:speed>
        </extensions>
      </trkpt>
      <trkpt lat="48.1108725" lon="16.4496988">
        <ele>871</ele>
        <time>2026-07-13T17:04:20Z</time>
        <hdop>27</hdop>
        <extensions>
          <osmand:speed>120.9</osmand:speed>
        </extensions>
      </trkpt>
      <trkpt lat="48.1091696" lon="16.4399066">
        <ele>882</ele>
        <time>2026-07-13T17:04:26Z</time>
        <hdop>27</hdop>
        <extensions>
          <osmand:speed>127.1</osmand:speed>
        </extensions>
      </trkpt>
      <trkpt lat="48.1074316" lon="16.4297854">
        <ele>930</ele>
        <time>2026-07-13T17:04:32Z</time>
        <hdop>28.1</hdop>
        <extensions>
          <osmand:speed>131</osmand:speed>
        </extensions>
      </trkpt>
      <trkpt lat="48.1056657" lon="16.419279">
        <ele>979</ele>
        <time>2026-07-13T17:04:38Z</time>
        <hdop>31.1</hdop>
        <extensions>
          <osmand:speed>135.9</osmand:speed>
        </extensions>
      </trkpt>
      <trkpt lat="48.1039071" lon="16.4085121">
        <ele>1050</ele>
        <time>2026-07-13T17:04:44Z</time>
        <hdop>29.1</hdop>
        <extensions>
          <osmand:speed>138.5</osmand:speed>
        </extensions>
      </trkpt>
      <trkpt lat="48.1021011" lon="16.3976214">
        <ele>1141</ele>
        <time>2026-07-13T17:04:50Z</time>
        <hdop>24</hdop>
        <extensions>
          <osmand:speed>139.9</osmand:speed>
        </extensions>
      </trkpt>
      <trkpt lat="48.1002685" lon="16.3866498">
        <ele>1244</ele>
        <time>2026-07-13T17:04:56Z</time>
        <hdop>22.4</hdop>
        <extensions>
          <osmand:speed>140.1</osmand:speed>
        </extensions>
      </trkpt>
      <trkpt lat="48.0988208" lon="16.3756084">
        <ele>1349</ele>
        <time>2026-07-13T17:05:02Z</time>
        <hdop>28.1</hdop>
        <extensions>
          <osmand:speed>139.9</osmand:speed>
        </extensions>
      </trkpt>
      <trkpt lat="48.098172" lon="16.364392">
        <ele>1467</ele>
        <time>2026-07-13T17:05:08Z</time>
        <hdop>29.6</hdop>
        <extensions>
          <osmand:speed>138.8</osmand:speed>
        </extensions>
      </trkpt>
      <trkpt lat="48.0981871" lon="16.3531358">
        <ele>1578</ele>
        <time>2026-07-13T17:05:14Z</time>
        <hdop>28.1</hdop>
        <extensions>
          <osmand:speed>140.1</osmand:speed>
        </extensions>
      </trkpt>
      <trkpt lat="48.0984086" lon="16.3418657">
        <ele>1689</ele>
        <time>2026-07-13T17:05:20Z</time>
        <hdop>26</hdop>
        <extensions>
          <osmand:speed>139.6</osmand:speed>
        </extensions>
      </trkpt>
      <trkpt lat="48.0986151" lon="16.3306602">
        <ele>1804</ele>
        <time>2026-07-13T17:05:26Z</time>
        <hdop>23.5</hdop>
        <extensions>
          <osmand:speed>139.1</osmand:speed>
        </extensions>
      </trkpt>
      <trkpt lat="48.0988314" lon="16.3194641">
        <ele>1908</ele>
        <time>2026-07-13T17:05:32Z</time>
        <hdop>19.4</hdop>
        <extensions>
          <osmand:speed>138.9</osmand:speed>
        </extensions>
      </trkpt>
      <trkpt lat="48.0990872" lon="16.3082488">
        <ele>1999</ele>
        <time>2026-07-13T17:05:38Z</time>
        <hdop>24</hdop>
        <extensions>
          <osmand:speed>139.5</osmand:speed>
        </extensions>
      </trkpt>
      <trkpt lat="48.0997451" lon="16.2969861">
        <ele>2099</ele>
        <time>2026-07-13T17:05:44Z</time>
        <hdop>29.1</hdop>
        <extensions>
          <osmand:speed>140.8</osmand:speed>
        </extensions>
      </trkpt>
      <trkpt lat="48.101082" lon="16.2839539">
        <ele>2226</ele>
        <time>2026-07-13T17:05:51Z</time>
        <hdop>19.4</hdop>
        <extensions>
          <osmand:speed>139.7</osmand:speed>
        </extensions>
      </trkpt>
      <trkpt lat="48.1024806" lon="16.2728898">
        <ele>2338</ele>
        <time>2026-07-13T17:05:57Z</time>
        <hdop>38.8</hdop>
        <extensions>
          <osmand:speed>140.3</osmand:speed>
        </extensions>
      </trkpt>
      <trkpt lat="48.1039051" lon="16.2618077">
        <ele>2448</ele>
        <time>2026-07-13T17:06:03Z</time>
        <hdop>45.9</hdop>
        <extensions>
          <osmand:speed>139.6</osmand:speed>
        </extensions>
      </trkpt>
      <trkpt lat="48.1053018" lon="16.2507809">
        <ele>2552</ele>
        <time>2026-07-13T17:06:09Z</time>
        <hdop>42.3</hdop>
        <extensions>
          <osmand:speed>139.8</osmand:speed>
        </extensions>
      </trkpt>
      <trkpt lat="48.1066996" lon="16.2396776">
        <ele>2635.3</ele>
        <time>2026-07-13T17:06:15Z</time>
        <hdop>48.5</hdop>
        <extensions>
          <osmand:speed>141</osmand:speed>
        </extensions>
      </trkpt>
      <trkpt lat="48.1088216" lon="16.2229166">
        <ele>2786.3</ele>
        <time>2026-07-13T17:06:24Z</time>
        <hdop>38.3</hdop>
        <extensions>
          <osmand:speed>142.2</osmand:speed>
        </extensions>
      </trkpt>
      <trkpt lat="48.1104656" lon="16.2097847">
        <ele>2898.3</ele>
        <time>2026-07-13T17:06:31Z</time>
        <hdop>36.2</hdop>
        <extensions>
          <osmand:speed>142.9</osmand:speed>
        </extensions>
      </trkpt>
      <trkpt lat="48.1121673" lon="16.1965057">
        <ele>2995.3</ele>
        <time>2026-07-13T17:06:38Z</time>
        <hdop>47.4</hdop>
        <extensions>
          <osmand:speed>144.9</osmand:speed>
        </extensions>
      </trkpt>
      <trkpt lat="48.113903" lon="16.183022">
        <ele>3087.3</ele>
        <time>2026-07-13T17:06:45Z</time>
        <hdop>45.9</hdop>
        <extensions>
          <osmand:speed>146.4</osmand:speed>
        </extensions>
      </trkpt>
      <trkpt lat="48.1156557" lon="16.1694652">
        <ele>3198.3</ele>
        <time>2026-07-13T17:06:52Z</time>
        <hdop>47.4</hdop>
        <extensions>
          <osmand:speed>146.1</osmand:speed>
        </extensions>
      </trkpt>
      <trkpt lat="48.1171139" lon="16.1578428">
        <ele>3295.3</ele>
        <time>2026-07-13T17:06:58Z</time>
        <hdop>43.9</hdop>
        <extensions>
          <osmand:speed>147.3</osmand:speed>
        </extensions>
      </trkpt>
      <trkpt lat="48.1188158" lon="16.1439385">
        <ele>3364.3</ele>
        <time>2026-07-13T17:07:05Z</time>
        <hdop>40.8</hdop>
        <extensions>
          <osmand:speed>151.3</osmand:speed>
        </extensions>
      </trkpt>
      <trkpt lat="48.1203835" lon="16.1316782">
        <ele>3402.3</ele>
        <time>2026-07-13T17:07:11Z</time>
        <hdop>36.7</hdop>
        <extensions>
          <osmand:speed>155.3</osmand:speed>
        </extensions>
      </trkpt>
      <trkpt lat="48.121998" lon="16.1192129">
        <ele>3437.3</ele>
        <time>2026-07-13T17:07:17Z</time>
        <hdop>37.2</hdop>
        <extensions>
          <osmand:speed>159.4</osmand:speed>
        </extensions>
      </trkpt>
      <trkpt lat="48.123602" lon="16.1064056">
        <ele>3465.3</ele>
        <time>2026-07-13T17:07:23Z</time>
        <hdop>34.2</hdop>
        <extensions>
          <osmand:speed>163.4</osmand:speed>
        </extensions>
      </trkpt>
      <trkpt lat="48.1252654" lon="16.0932598">
        <ele>3492.3</ele>
        <time>2026-07-13T17:07:29Z</time>
        <hdop>45.9</hdop>
        <extensions>
          <osmand:speed>166.6</osmand:speed>
        </extensions>
      </trkpt>
      <trkpt lat="48.1271355" lon="16.0776633">
        <ele>3520.3</ele>
        <time>2026-07-13T17:07:36Z</time>
        <hdop>33.7</hdop>
        <extensions>
          <osmand:speed>169.7</osmand:speed>
        </extensions>
      </trkpt>
      <trkpt lat="48.1288721" lon="16.0638687">
        <ele>3558.3</ele>
        <time>2026-07-13T17:07:42Z</time>
        <hdop>34.2</hdop>
        <extensions>
          <osmand:speed>175.1</osmand:speed>
        </extensions>
      </trkpt>
      <trkpt lat="48.1306846" lon="16.0498578">
        <ele>3597.3</ele>
        <time>2026-07-13T17:07:48Z</time>
        <hdop>28.1</hdop>
        <extensions>
          <osmand:speed>178.1</osmand:speed>
        </extensions>
      </trkpt>
      <trkpt lat="48.1325579" lon="16.0355989">
        <ele>3634.3</ele>
        <time>2026-07-13T17:07:54Z</time>
        <hdop>16.3</hdop>
        <extensions>
          <osmand:speed>181.8</osmand:speed>
        </extensions>
      </trkpt>
      <trkpt lat="48.1343932" lon="16.0210781">
        <ele>3666.3</ele>
        <time>2026-07-13T17:08:00Z</time>
        <hdop>15.8</hdop>
        <extensions>
          <osmand:speed>185.1</osmand:speed>
        </extensions>
      </trkpt>
      <trkpt lat="48.136217" lon="16.006276">
        <ele>3697.3</ele>
        <time>2026-07-13T17:08:06Z</time>
        <hdop>41.3</hdop>
        <extensions>
          <osmand:speed>187.9</osmand:speed>
        </extensions>
      </trkpt>
      <trkpt lat="48.1380807" lon="15.991283">
        <ele>3726.7</ele>
        <time>2026-07-13T17:08:12Z</time>
        <hdop>48</hdop>
        <extensions>
          <osmand:speed>191.6</osmand:speed>
        </extensions>
      </trkpt>
      <trkpt lat="48.1400618" lon="15.9760082">
        <ele>3759.7</ele>
        <time>2026-07-13T17:08:18Z</time>
        <hdop>23</hdop>
        <extensions>
          <osmand:speed>193.9</osmand:speed>
        </extensions>
      </trkpt>
      <trkpt lat="48.1419778" lon="15.960521">
        <ele>3810.7</ele>
        <time>2026-07-13T17:08:24Z</time>
        <hdop>25</hdop>
        <extensions>
          <osmand:speed>195.4</osmand:speed>
        </extensions>
      </trkpt>
      <trkpt lat="48.1439253" lon="15.9449887">
        <ele>3871.7</ele>
        <time>2026-07-13T17:08:30Z</time>
        <hdop>26.5</hdop>
        <extensions>
          <osmand:speed>196.8</osmand:speed>
        </extensions>
      </trkpt>
      <trkpt lat="48.1458887" lon="15.9293542">
        <ele>3943.7</ele>
        <time>2026-07-13T17:08:36Z</time>
        <hdop>23</hdop>
        <extensions>
          <osmand:speed>198</osmand:speed>
        </extensions>
      </trkpt>
      <trkpt lat="48.1478493" lon="15.9135936">
        <ele>4015.7</ele>
        <time>2026-07-13T17:08:42Z</time>
        <hdop>16.3</hdop>
        <extensions>
          <osmand:speed>199.2</osmand:speed>
        </extensions>
      </trkpt>
      <trkpt lat="48.149826" lon="15.8977507">
        <ele>4083.7</ele>
        <time>2026-07-13T17:08:48Z</time>
        <hdop>18.4</hdop>
        <extensions>
          <osmand:speed>200.8</osmand:speed>
        </extensions>
      </trkpt>
      <trkpt lat="48.1518038" lon="15.8818861">
        <ele>4147.7</ele>
        <time>2026-07-13T17:08:54Z</time>
        <hdop>29.1</hdop>
        <extensions>
          <osmand:speed>200.1</osmand:speed>
        </extensions>
      </trkpt>
      <trkpt lat="48.1537591" lon="15.8660044">
        <ele>4225.7</ele>
        <time>2026-07-13T17:09:00Z</time>
        <hdop>18.4</hdop>
        <extensions>
          <osmand:speed>201.6</osmand:speed>
        </extensions>
      </trkpt>
      <trkpt lat="48.1557342" lon="15.8500309">
        <ele>4295.7</ele>
        <time>2026-07-13T17:09:06Z</time>
        <hdop>30.1</hdop>
        <extensions>
          <osmand:speed>202</osmand:speed>
        </extensions>
      </trkpt>
      <trkpt lat="48.1581682" lon="15.835879">
        <ele>4355.7</ele>
        <time>2026-07-13T17:09:12Z</time>
        <hdop>44.4</hdop>
        <extensions>
          <osmand:speed>181.1</osmand:speed>
        </extensions>
      </trkpt>
      <trkpt lat="48.1603576" lon="15.8204856">
        <ele>4436.7</ele>
        <time>2026-07-13T17:09:18Z</time>
        <hdop>35.2</hdop>
        <extensions>
          <osmand:speed>194.5</osmand:speed>
        </extensions>
      </trkpt>
      <trkpt lat="48.1616291" lon="15.8017855">
        <ele>4512.7</ele>
        <time>2026-07-13T17:09:24Z</time>
        <hdop>25</hdop>
        <extensions>
          <osmand:speed>204.4</osmand:speed>
        </extensions>
      </trkpt>
      <trkpt lat="48.1635893" lon="15.7855103">
        <ele>4586.7</ele>
        <time>2026-07-13T17:09:30Z</time>
        <hdop>13.3</hdop>
        <extensions>
          <osmand:speed>204.3</osmand:speed>
        </extensions>
      </trkpt>
      <trkpt lat="48.1655802" lon="15.7693241">
        <ele>4675.7</ele>
        <time>2026-07-13T17:09:36Z</time>
        <hdop>15.8</hdop>
        <extensions>
          <osmand:speed>204.2</osmand:speed>
        </extensions>
      </trkpt>
      <trkpt lat="48.1675475" lon="15.7531597">
        <ele>4768.7</ele>
        <time>2026-07-13T17:09:42Z</time>
        <hdop>8.2</hdop>
        <extensions>
          <osmand:speed>203.6</osmand:speed>
        </extensions>
      </trkpt>
      <trkpt lat="48.1695074" lon="15.7370088">
        <ele>4851.4</ele>
        <time>2026-07-13T17:09:48Z</time>
        <hdop>6.6</hdop>
        <extensions>
          <osmand:speed>203.7</osmand:speed>
        </extensions>
      </trkpt>
      <trkpt lat="48.1714766" lon="15.7208499">
        <ele>4918.4</ele>
        <time>2026-07-13T17:09:54Z</time>
        <hdop>7.1</hdop>
        <extensions>
          <osmand:speed>204.2</osmand:speed>
        </extensions>
      </trkpt>
      <trkpt lat="48.1734406" lon="15.704613">
        <ele>4976.4</ele>
        <time>2026-07-13T17:10:00Z</time>
        <hdop>6.1</hdop>
        <extensions>
          <osmand:speed>205.1</osmand:speed>
        </extensions>
      </trkpt>
      <trkpt lat="48.1754234" lon="15.6883143">
        <ele>5037.4</ele>
        <time>2026-07-13T17:10:06Z</time>
        <hdop>6.1</hdop>
        <extensions>
          <osmand:speed>205.7</osmand:speed>
        </extensions>
      </trkpt>
      <trkpt lat="48.1774191" lon="15.6719739">
        <ele>5102.4</ele>
        <time>2026-07-13T17:10:12Z</time>
        <hdop>5.6</hdop>
        <extensions>
          <osmand:speed>206.2</osmand:speed>
        </extensions>
      </trkpt>
      <trkpt lat="48.1794282" lon="15.6556028">
        <ele>5171.4</ele>
        <time>2026-07-13T17:10:18Z</time>
        <hdop>6.6</hdop>
        <extensions>
          <osmand:speed>206.8</osmand:speed>
        </extensions>
      </trkpt>
      <trkpt lat="48.1814359" lon="15.6391895">
        <ele>5241.4</ele>
        <time>2026-07-13T17:10:24Z</time>
        <hdop>6.6</hdop>
        <extensions>
          <osmand:speed>207.3</osmand:speed>
        </extensions>
      </trkpt>
      <trkpt lat="48.1834595" lon="15.6227235">
        <ele>5307.4</ele>
        <time>2026-07-13T17:10:30Z</time>
        <hdop>6.6</hdop>
        <extensions>
          <osmand:speed>207.9</osmand:speed>
        </extensions>
      </trkpt>
      <trkpt lat="48.185477" lon="15.6062109">
        <ele>5370.4</ele>
        <time>2026-07-13T17:10:36Z</time>
        <hdop>8.2</hdop>
        <extensions>
          <osmand:speed>208.4</osmand:speed>
        </extensions>
      </trkpt>
      <trkpt lat="48.1874903" lon="15.5896501">
        <ele>5429.4</ele>
        <time>2026-07-13T17:10:42Z</time>
        <hdop>8.2</hdop>
        <extensions>
          <osmand:speed>208.9</osmand:speed>
        </extensions>
      </trkpt>
      <trkpt lat="48.1895032" lon="15.5730733">
        <ele>5490.4</ele>
        <time>2026-07-13T17:10:48Z</time>
        <hdop>6.6</hdop>
        <extensions>
          <osmand:speed>209.2</osmand:speed>
        </extensions>
      </trkpt>
      <trkpt lat="48.1915074" lon="15.5564532">
        <ele>5551.4</ele>
        <time>2026-07-13T17:10:54Z</time>
        <hdop>6.6</hdop>
        <extensions>
          <osmand:speed>209.5</osmand:speed>
        </extensions>
      </trkpt>
      <trkpt lat="48.1935091" lon="15.5398059">
        <ele>5612.4</ele>
        <time>2026-07-13T17:11:00Z</time>
        <hdop>8.7</hdop>
        <extensions>
          <osmand:speed>209.9</osmand:speed>
        </extensions>
      </trkpt>
      <trkpt lat="48.1955101" lon="15.5231165">
        <ele>5668.4</ele>
        <time>2026-07-13T17:11:06Z</time>
        <hdop>8.2</hdop>
        <extensions>
          <osmand:speed>210.7</osmand:speed>
        </extensions>
      </trkpt>
      <trkpt lat="48.1975228" lon="15.5063527">
        <ele>5713.4</ele>
        <time>2026-07-13T17:11:12Z</time>
        <hdop>8.2</hdop>
        <extensions>
          <osmand:speed>211.8</osmand:speed>
        </extensions>
      </trkpt>
      <trkpt lat="48.1995295" lon="15.4895095">
        <ele>5767.3</ele>
        <time>2026-07-13T17:11:18Z</time>
        <hdop>6.6</hdop>
        <extensions>
          <osmand:speed>212.4</osmand:speed>
        </extensions>
      </trkpt>
      <trkpt lat="48.201544" lon="15.4726457">
        <ele>5829.3</ele>
        <time>2026-07-13T17:11:24Z</time>
        <hdop>6.6</hdop>
        <extensions>
          <osmand:speed>212.5</osmand:speed>
        </extensions>
      </trkpt>
      <trkpt lat="48.2035691" lon="15.4557669">
        <ele>5889.3</ele>
        <time>2026-07-13T17:11:30Z</time>
        <hdop>8.2</hdop>
        <extensions>
          <osmand:speed>212.9</osmand:speed>
        </extensions>
      </trkpt>
      <trkpt lat="48.205605" lon="15.4388448">
        <ele>5946.3</ele>
        <time>2026-07-13T17:11:36Z</time>
        <hdop>11.2</hdop>
        <extensions>
          <osmand:speed>213.5</osmand:speed>
        </extensions>
      </trkpt>
      <trkpt lat="48.2076207" lon="15.4218649">
        <ele>6001.3</ele>
        <time>2026-07-13T17:11:42Z</time>
        <hdop>11.2</hdop>
        <extensions>
          <osmand:speed>214</osmand:speed>
        </extensions>
      </trkpt>
      <trkpt lat="48.2096316" lon="15.4048362">
        <ele>6061.3</ele>
        <time>2026-07-13T17:11:48Z</time>
        <hdop>10.7</hdop>
        <extensions>
          <osmand:speed>214.3</osmand:speed>
        </extensions>
      </trkpt>
      <trkpt lat="48.2116628" lon="15.387794">
        <ele>6119.3</ele>
        <time>2026-07-13T17:11:54Z</time>
        <hdop>11.2</hdop>
        <extensions>
          <osmand:speed>215</osmand:speed>
        </extensions>
      </trkpt>
      <trkpt lat="48.2136904" lon="15.3706703">
        <ele>6167.3</ele>
        <time>2026-07-13T17:12:00Z</time>
        <hdop>10.7</hdop>
        <extensions>
          <osmand:speed>215.9</osmand:speed>
        </extensions>
      </trkpt>
      <trkpt lat="48.2157086" lon="15.3535018">
        <ele>6216.3</ele>
        <time>2026-07-13T17:12:06Z</time>
        <hdop>9.7</hdop>
        <extensions>
          <osmand:speed>216.3</osmand:speed>
        </extensions>
      </trkpt>
      <trkpt lat="48.2177357" lon="15.3363068">
        <ele>6271.3</ele>
        <time>2026-07-13T17:12:12Z</time>
        <hdop>9.7</hdop>
        <extensions>
          <osmand:speed>216.6</osmand:speed>
        </extensions>
      </trkpt>
      <trkpt lat="48.2197652" lon="15.3190979">
        <ele>6328.3</ele>
        <time>2026-07-13T17:12:18Z</time>
        <hdop>8.7</hdop>
        <extensions>
          <osmand:speed>217</osmand:speed>
        </extensions>
      </trkpt>
      <trkpt lat="48.2217997" lon="15.3018469">
        <ele>6381.3</ele>
        <time>2026-07-13T17:12:24Z</time>
        <hdop>8.2</hdop>
        <extensions>
          <osmand:speed>217.3</osmand:speed>
        </extensions>
      </trkpt>
      <trkpt lat="48.2238433" lon="15.2845594">
        <ele>6431.3</ele>
        <time>2026-07-13T17:12:30Z</time>
        <hdop>7.7</hdop>
        <extensions>
          <osmand:speed>217.8</osmand:speed>
        </extensions>
      </trkpt>
      <trkpt lat="48.2259005" lon="15.2672243">
        <ele>6480.3</ele>
        <time>2026-07-13T17:12:36Z</time>
        <hdop>7.1</hdop>
        <extensions>
          <osmand:speed>218.6</osmand:speed>
        </extensions>
      </trkpt>
      <trkpt lat="48.227954" lon="15.2498512">
        <ele>6536.6</ele>
        <time>2026-07-13T17:12:42Z</time>
        <hdop>8.7</hdop>
        <extensions>
          <osmand:speed>218.7</osmand:speed>
        </extensions>
      </trkpt>
      <trkpt lat="48.2300083" lon="15.232476">
        <ele>6596.6</ele>
        <time>2026-07-13T17:12:48Z</time>
        <hdop>8.7</hdop>
        <extensions>
          <osmand:speed>218.7</osmand:speed>
        </extensions>
      </trkpt>
      <trkpt lat="48.2320503" lon="15.2150698">
        <ele>6643.6</ele>
        <time>2026-07-13T17:12:54Z</time>
        <hdop>8.2</hdop>
        <extensions>
          <osmand:speed>219.4</osmand:speed>
        </extensions>
      </trkpt>
      <trkpt lat="48.234094" lon="15.1975981">
        <ele>6683.6</ele>
        <time>2026-07-13T17:13:00Z</time>
        <hdop>8.2</hdop>
        <extensions>
          <osmand:speed>220.3</osmand:speed>
        </extensions>
      </trkpt>
      <trkpt lat="48.2361495" lon="15.1800738">
        <ele>6722.6</ele>
        <time>2026-07-13T17:13:06Z</time>
        <hdop>8.2</hdop>
        <extensions>
          <osmand:speed>221</osmand:speed>
        </extensions>
      </trkpt>
      <trkpt lat="48.2381941" lon="15.1624712">
        <ele>6768.6</ele>
        <time>2026-07-13T17:13:12Z</time>
        <hdop>7.1</hdop>
        <extensions>
          <osmand:speed>221.4</osmand:speed>
        </extensions>
      </trkpt>
      <trkpt lat="48.2402436" lon="15.1448464">
        <ele>6814.6</ele>
        <time>2026-07-13T17:13:18Z</time>
        <hdop>7.1</hdop>
        <extensions>
          <osmand:speed>222</osmand:speed>
        </extensions>
      </trkpt>
      <trkpt lat="48.2422943" lon="15.1271834">
        <ele>6857.6</ele>
        <time>2026-07-13T17:13:24Z</time>
        <hdop>6.6</hdop>
        <extensions>
          <osmand:speed>222.5</osmand:speed>
        </extensions>
      </trkpt>
      <trkpt lat="48.2443508" lon="15.109482">
        <ele>6906.6</ele>
        <time>2026-07-13T17:13:30Z</time>
        <hdop>6.1</hdop>
        <extensions>
          <osmand:speed>222.9</osmand:speed>
        </extensions>
      </trkpt>
      <trkpt lat="48.246424" lon="15.0917415">
        <ele>6952.6</ele>
        <time>2026-07-13T17:13:36Z</time>
        <hdop>6.6</hdop>
        <extensions>
          <osmand:speed>223.3</osmand:speed>
        </extensions>
      </trkpt>
      <trkpt lat="48.2484987" lon="15.0739699">
        <ele>6997.6</ele>
        <time>2026-07-13T17:13:42Z</time>
        <hdop>6.1</hdop>
        <extensions>
          <osmand:speed>223.8</osmand:speed>
        </extensions>
      </trkpt>
      <trkpt lat="48.2505712" lon="15.0561499">
        <ele>7044.4</ele>
        <time>2026-07-13T17:13:48Z</time>
        <hdop>7.7</hdop>
        <extensions>
          <osmand:speed>224.4</osmand:speed>
        </extensions>
      </trkpt>
      <trkpt lat="48.2526602" lon="15.0383047">
        <ele>7097.4</ele>
        <time>2026-07-13T17:13:54Z</time>
        <hdop>7.7</hdop>
        <extensions>
          <osmand:speed>224.6</osmand:speed>
        </extensions>
      </trkpt>
      <trkpt lat="48.2547272" lon="15.0204314">
        <ele>7146.4</ele>
        <time>2026-07-13T17:14:00Z</time>
        <hdop>8.7</hdop>
        <extensions>
          <osmand:speed>224.9</osmand:speed>
        </extensions>
      </trkpt>
      <trkpt lat="48.2567969" lon="15.002538">
        <ele>7191.4</ele>
        <time>2026-07-13T17:14:06Z</time>
        <hdop>7.7</hdop>
        <extensions>
          <osmand:speed>225.5</osmand:speed>
        </extensions>
      </trkpt>
      <trkpt lat="48.2588755" lon="14.9845851">
        <ele>7234.6</ele>
        <time>2026-07-13T17:14:12Z</time>
        <hdop>7.1</hdop>
        <extensions>
          <osmand:speed>226</osmand:speed>
        </extensions>
      </trkpt>
      <trkpt lat="48.2609589" lon="14.9665831">
        <ele>7271.6</ele>
        <time>2026-07-13T17:14:18Z</time>
        <hdop>6.6</hdop>
        <extensions>
          <osmand:speed>226.6</osmand:speed>
        </extensions>
      </trkpt>
      <trkpt lat="48.2630394" lon="14.9485217">
        <ele>7299.6</ele>
        <time>2026-07-13T17:14:24Z</time>
        <hdop>7.7</hdop>
        <extensions>
          <osmand:speed>227.7</osmand:speed>
        </extensions>
      </trkpt>
      <trkpt lat="48.265126" lon="14.9303903">
        <ele>7330.6</ele>
        <time>2026-07-13T17:14:30Z</time>
        <hdop>8.7</hdop>
        <extensions>
          <osmand:speed>228.4</osmand:speed>
        </extensions>
      </trkpt>
      <trkpt lat="48.2672083" lon="14.9122095">
        <ele>7373.6</ele>
        <time>2026-07-13T17:14:36Z</time>
        <hdop>8.2</hdop>
        <extensions>
          <osmand:speed>228.5</osmand:speed>
        </extensions>
      </trkpt>
      <trkpt lat="48.2692935" lon="14.8940084">
        <ele>7416.6</ele>
        <time>2026-07-13T17:14:42Z</time>
        <hdop>8.2</hdop>
        <extensions>
          <osmand:speed>228.8</osmand:speed>
        </extensions>
      </trkpt>
      <trkpt lat="48.2713744" lon="14.8758022">
        <ele>7460.6</ele>
        <time>2026-07-13T17:14:48Z</time>
        <hdop>7.7</hdop>
        <extensions>
          <osmand:speed>228.9</osmand:speed>
        </extensions>
      </trkpt>
      <trkpt lat="48.2734532" lon="14.8575613">
        <ele>7504.6</ele>
        <time>2026-07-13T17:14:54Z</time>
        <hdop>8.2</hdop>
        <extensions>
          <osmand:speed>229.1</osmand:speed>
        </extensions>
      </trkpt>
      <trkpt lat="48.2755164" lon="14.8393245">
        <ele>7549.6</ele>
        <time>2026-07-13T17:15:00Z</time>
        <hdop>7.1</hdop>
        <extensions>
          <osmand:speed>229.4</osmand:speed>
        </extensions>
      </trkpt>
      <trkpt lat="48.2775906" lon="14.8210548">
        <ele>7595.6</ele>
        <time>2026-07-13T17:15:06Z</time>
        <hdop>6.1</hdop>
        <extensions>
          <osmand:speed>229.5</osmand:speed>
        </extensions>
      </trkpt>
      <trkpt lat="48.279661" lon="14.8027899">
        <ele>7643.6</ele>
        <time>2026-07-13T17:15:12Z</time>
        <hdop>6.6</hdop>
        <extensions>
          <osmand:speed>229.5</osmand:speed>
        </extensions>
      </trkpt>
      <trkpt lat="48.2817421" lon="14.7845159">
        <ele>7689.6</ele>
        <time>2026-07-13T17:15:18Z</time>
        <hdop>7.1</hdop>
        <extensions>
          <osmand:speed>229.8</osmand:speed>
        </extensions>
      </trkpt>
      <trkpt lat="48.2838209" lon="14.7661983">
        <ele>7726.6</ele>
        <time>2026-07-13T17:15:24Z</time>
        <hdop>8.7</hdop>
        <extensions>
          <osmand:speed>230.3</osmand:speed>
        </extensions>
      </trkpt>
      <trkpt lat="48.2858963" lon="14.7478512">
        <ele>7758.8</ele>
        <time>2026-07-13T17:15:30Z</time>
        <hdop>6.1</hdop>
        <extensions>
          <osmand:speed>230.8</osmand:speed>
        </extensions>
      </trkpt>
      <trkpt lat="48.2879827" lon="14.7294539">
        <ele>7792.8</ele>
        <time>2026-07-13T17:15:36Z</time>
        <hdop>7.7</hdop>
        <extensions>
          <osmand:speed>231.1</osmand:speed>
        </extensions>
      </trkpt>
      <trkpt lat="48.2900711" lon="14.7110374">
        <ele>7830.8</ele>
        <time>2026-07-13T17:15:42Z</time>
        <hdop>6.6</hdop>
        <extensions>
          <osmand:speed>231.4</osmand:speed>
        </extensions>
      </trkpt>
      <trkpt lat="48.2921483" lon="14.6926009">
        <ele>7869.8</ele>
        <time>2026-07-13T17:15:48Z</time>
        <hdop>5.6</hdop>
        <extensions>
          <osmand:speed>231.6</osmand:speed>
        </extensions>
      </trkpt>
      <trkpt lat="48.2942177" lon="14.6741225">
        <ele>7902.8</ele>
        <time>2026-07-13T17:15:54Z</time>
        <hdop>6.6</hdop>
        <extensions>
          <osmand:speed>232.3</osmand:speed>
        </extensions>
      </trkpt>
      <trkpt lat="48.2963056" lon="14.6555873">
        <ele>7925.8</ele>
        <time>2026-07-13T17:16:00Z</time>
        <hdop>7.1</hdop>
        <extensions>
          <osmand:speed>233.1</osmand:speed>
        </extensions>
      </trkpt>
      <trkpt lat="48.2983853" lon="14.6370111">
        <ele>7959.8</ele>
        <time>2026-07-13T17:16:06Z</time>
        <hdop>7.1</hdop>
        <extensions>
          <osmand:speed>233.3</osmand:speed>
        </extensions>
      </trkpt>
      <trkpt lat="48.3004793" lon="14.6184444">
        <ele>8002.8</ele>
        <time>2026-07-13T17:16:12Z</time>
        <hdop>7.7</hdop>
        <extensions>
          <osmand:speed>233.2</osmand:speed>
        </extensions>
      </trkpt>
      <trkpt lat="48.3025678" lon="14.5998656">
        <ele>8040.8</ele>
        <time>2026-07-13T17:16:18Z</time>
        <hdop>7.7</hdop>
        <extensions>
          <osmand:speed>233.5</osmand:speed>
        </extensions>
      </trkpt>
      <trkpt lat="48.3046626" lon="14.5812418">
        <ele>8064.8</ele>
        <time>2026-07-13T17:16:24Z</time>
        <hdop>9.7</hdop>
        <extensions>
          <osmand:speed>234.3</osmand:speed>
        </extensions>
      </trkpt>
      <trkpt lat="48.306764" lon="14.5625325">
        <ele>8084.8</ele>
        <time>2026-07-13T17:16:30Z</time>
        <hdop>10.2</hdop>
        <extensions>
          <osmand:speed>235.3</osmand:speed>
        </extensions>
      </trkpt>
      <trkpt lat="48.3088484" lon="14.5437398">
        <ele>8103.8</ele>
        <time>2026-07-13T17:16:36Z</time>
        <hdop>7.7</hdop>
        <extensions>
          <osmand:speed>236.2</osmand:speed>
        </extensions>
      </trkpt>
      <trkpt lat="48.3109432" lon="14.5248945">
        <ele>8127.8</ele>
        <time>2026-07-13T17:16:42Z</time>
        <hdop>4.6</hdop>
        <extensions>
          <osmand:speed>236.8</osmand:speed>
        </extensions>
      </trkpt>
      <trkpt lat="48.3130442" lon="14.5060092">
        <ele>8154.8</ele>
        <time>2026-07-13T17:16:48Z</time>
        <hdop>6.6</hdop>
        <extensions>
          <osmand:speed>237.3</osmand:speed>
        </extensions>
      </trkpt>
      <trkpt lat="48.3151455" lon="14.4870841">
        <ele>8186.9</ele>
        <time>2026-07-13T17:16:54Z</time>
        <hdop>6.1</hdop>
        <extensions>
          <osmand:speed>237.5</osmand:speed>
        </extensions>
      </trkpt>
      <trkpt lat="48.3172321" lon="14.4681665">
        <ele>8228.9</ele>
        <time>2026-07-13T17:17:00Z</time>
        <hdop>6.1</hdop>
        <extensions>
          <osmand:speed>237.2</osmand:speed>
        </extensions>
      </trkpt>
      <trkpt lat="48.3193049" lon="14.4492867">
        <ele>8285.9</ele>
        <time>2026-07-13T17:17:06Z</time>
        <hdop>6.6</hdop>
        <extensions>
          <osmand:speed>236.4</osmand:speed>
        </extensions>
      </trkpt>
      <trkpt lat="48.3213799" lon="14.4304787">
        <ele>8343.9</ele>
        <time>2026-07-13T17:17:12Z</time>
        <hdop>6.6</hdop>
        <extensions>
          <osmand:speed>235.6</osmand:speed>
        </extensions>
      </trkpt>
      <trkpt lat="48.3234473" lon="14.4116971">
        <ele>8395.9</ele>
        <time>2026-07-13T17:17:18Z</time>
        <hdop>8.7</hdop>
        <extensions>
          <osmand:speed>235.4</osmand:speed>
        </extensions>
      </trkpt>
      <trkpt lat="48.3255128" lon="14.3929354">
        <ele>8438.9</ele>
        <time>2026-07-13T17:17:24Z</time>
        <hdop>10.7</hdop>
        <extensions>
          <osmand:speed>235.1</osmand:speed>
        </extensions>
      </trkpt>
      <trkpt lat="48.3275661" lon="14.3742022">
        <ele>8489.9</ele>
        <time>2026-07-13T17:17:30Z</time>
        <hdop>7.1</hdop>
        <extensions>
          <osmand:speed>234.7</osmand:speed>
        </extensions>
      </trkpt>
      <trkpt lat="48.3296074" lon="14.3555153">
        <ele>8546.9</ele>
        <time>2026-07-13T17:17:36Z</time>
        <hdop>5.1</hdop>
        <extensions>
          <osmand:speed>234</osmand:speed>
        </extensions>
      </trkpt>
      <trkpt lat="48.3316663" lon="14.3368685">
        <ele>8600.9</ele>
        <time>2026-07-13T17:17:42Z</time>
        <hdop>5.6</hdop>
        <extensions>
          <osmand:speed>233.6</osmand:speed>
        </extensions>
      </trkpt>
      <trkpt lat="48.3337125" lon="14.3182553">
        <ele>8645.9</ele>
        <time>2026-07-13T17:17:48Z</time>
        <hdop>6.1</hdop>
        <extensions>
          <osmand:speed>233.4</osmand:speed>
        </extensions>
      </trkpt>
      <trkpt lat="48.3357496" lon="14.2996578">
        <ele>8688.9</ele>
        <time>2026-07-13T17:17:54Z</time>
        <hdop>6.1</hdop>
        <extensions>
          <osmand:speed>233.3</osmand:speed>
        </extensions>
      </trkpt>
      <trkpt lat="48.3377771" lon="14.281059">
        <ele>8735.9</ele>
        <time>2026-07-13T17:18:00Z</time>
        <hdop>5.6</hdop>
        <extensions>
          <osmand:speed>233.1</osmand:speed>
        </extensions>
      </trkpt>
      <trkpt lat="48.3397986" lon="14.2624856">
        <ele>8778.9</ele>
        <time>2026-07-13T17:18:06Z</time>
        <hdop>6.6</hdop>
        <extensions>
          <osmand:speed>232.8</osmand:speed>
        </extensions>
      </trkpt>
      <trkpt lat="48.3418178" lon="14.2439139">
        <ele>8817</ele>
        <time>2026-07-13T17:18:12Z</time>
        <hdop>5.1</hdop>
        <extensions>
          <osmand:speed>232.8</osmand:speed>
        </extensions>
      </trkpt>
      <trkpt lat="48.3438285" lon="14.2253341">
        <ele>8853</ele>
        <time>2026-07-13T17:18:18Z</time>
        <hdop>4.1</hdop>
        <extensions>
          <osmand:speed>233</osmand:speed>
        </extensions>
      </trkpt>
      <trkpt lat="48.3458374" lon="14.2067517">
        <ele>8892</ele>
        <time>2026-07-13T17:18:24Z</time>
        <hdop>4.6</hdop>
        <extensions>
          <osmand:speed>232.9</osmand:speed>
        </extensions>
      </trkpt>
      <trkpt lat="48.3478515" lon="14.1881789">
        <ele>8935</ele>
        <time>2026-07-13T17:18:30Z</time>
        <hdop>4.1</hdop>
        <extensions>
          <osmand:speed>232.8</osmand:speed>
        </extensions>
      </trkpt>
      <trkpt lat="48.3498543" lon="14.1696361">
        <ele>8983</ele>
        <time>2026-07-13T17:18:36Z</time>
        <hdop>5.6</hdop>
        <extensions>
          <osmand:speed>232.1</osmand:speed>
        </extensions>
      </trkpt>
      <trkpt lat="48.351844" lon="14.1511376">
        <ele>9032</ele>
        <time>2026-07-13T17:18:42Z</time>
        <hdop>6.6</hdop>
        <extensions>
          <osmand:speed>231.6</osmand:speed>
        </extensions>
      </trkpt>
      <trkpt lat="48.3538317" lon="14.1326834">
        <ele>9082</ele>
        <time>2026-07-13T17:18:48Z</time>
        <hdop>4.6</hdop>
        <extensions>
          <osmand:speed>231.1</osmand:speed>
        </extensions>
      </trkpt>
      <trkpt lat="48.3558004" lon="14.1142537">
        <ele>9131</ele>
        <time>2026-07-13T17:18:54Z</time>
        <hdop>4.6</hdop>
        <extensions>
          <osmand:speed>230.6</osmand:speed>
        </extensions>
      </trkpt>
      <trkpt lat="48.3577725" lon="14.095863">
        <ele>9178</ele>
        <time>2026-07-13T17:19:00Z</time>
        <hdop>5.1</hdop>
        <extensions>
          <osmand:speed>230.2</osmand:speed>
        </extensions>
      </trkpt>
      <trkpt lat="48.3597446" lon="14.0775023">
        <ele>9225</ele>
        <time>2026-07-13T17:19:06Z</time>
        <hdop>3.6</hdop>
        <extensions>
          <osmand:speed>229.8</osmand:speed>
        </extensions>
      </trkpt>
      <trkpt lat="48.361717" lon="14.0591777">
        <ele>9272</ele>
        <time>2026-07-13T17:19:12Z</time>
        <hdop>7.7</hdop>
        <extensions>
          <osmand:speed>229.4</osmand:speed>
        </extensions>
      </trkpt>
      <trkpt lat="48.3636738" lon="14.0408821">
        <ele>9319</ele>
        <time>2026-07-13T17:19:18Z</time>
        <hdop>6.1</hdop>
        <extensions>
          <osmand:speed>229.1</osmand:speed>
        </extensions>
      </trkpt>
      <trkpt lat="48.3656253" lon="14.0226111">
        <ele>9362</ele>
        <time>2026-07-13T17:19:24Z</time>
        <hdop>6.1</hdop>
        <extensions>
          <osmand:speed>228.8</osmand:speed>
        </extensions>
      </trkpt>
      <trkpt lat="48.3675678" lon="14.0043661">
        <ele>9397</ele>
        <time>2026-07-13T17:19:30Z</time>
        <hdop>6.1</hdop>
        <extensions>
          <osmand:speed>228.1</osmand:speed>
        </extensions>
      </trkpt>
      <trkpt lat="48.3695169" lon="13.9861923">
        <ele>9429.1</ele>
        <time>2026-07-13T17:19:36Z</time>
        <hdop>6.6</hdop>
        <extensions>
          <osmand:speed>227.3</osmand:speed>
        </extensions>
      </trkpt>
      <trkpt lat="48.3714531" lon="13.9680715">
        <ele>9462.1</ele>
        <time>2026-07-13T17:19:42Z</time>
        <hdop>6.6</hdop>
        <extensions>
          <osmand:speed>226.8</osmand:speed>
        </extensions>
      </trkpt>
      <trkpt lat="48.3733792" lon="13.9499931">
        <ele>9497.1</ele>
        <time>2026-07-13T17:19:48Z</time>
        <hdop>7.1</hdop>
        <extensions>
          <osmand:speed>226.2</osmand:speed>
        </extensions>
      </trkpt>
      <trkpt lat="48.3752846" lon="13.9319669">
        <ele>9526.1</ele>
        <time>2026-07-13T17:19:54Z</time>
        <hdop>5.6</hdop>
        <extensions>
          <osmand:speed>225.3</osmand:speed>
        </extensions>
      </trkpt>
      <trkpt lat="48.3771785" lon="13.9140305">
        <ele>9543.1</ele>
        <time>2026-07-13T17:20:00Z</time>
        <hdop>7.7</hdop>
        <extensions>
          <osmand:speed>224.2</osmand:speed>
        </extensions>
      </trkpt>
      <trkpt lat="48.3790526" lon="13.8961502">
        <ele>9551.1</ele>
        <time>2026-07-13T17:20:06Z</time>
        <hdop>7.7</hdop>
        <extensions>
          <osmand:speed>223.1</osmand:speed>
        </extensions>
      </trkpt>
      <trkpt lat="48.3808976" lon="13.8783684">
        <ele>9555.1</ele>
        <time>2026-07-13T17:20:12Z</time>
        <hdop>7.7</hdop>
        <extensions>
          <osmand:speed>222.3</osmand:speed>
        </extensions>
      </trkpt>
      <trkpt lat="48.3827703" lon="13.860616">
        <ele>9556.1</ele>
        <time>2026-07-13T17:20:18Z</time>
        <hdop>7.1</hdop>
        <extensions>
          <osmand:speed>221.7</osmand:speed>
        </extensions>
      </trkpt>
      <trkpt lat="48.3846154" lon="13.8429169">
        <ele>9556.1</ele>
        <time>2026-07-13T17:20:24Z</time>
        <hdop>8.7</hdop>
        <extensions>
          <osmand:speed>221.6</osmand:speed>
        </extensions>
      </trkpt>
      <trkpt lat="48.3864611" lon="13.8252747">
        <ele>9554.1</ele>
        <time>2026-07-13T17:20:30Z</time>
        <hdop>7.7</hdop>
        <extensions>
          <osmand:speed>220.4</osmand:speed>
        </extensions>
      </trkpt>
      <trkpt lat="48.3883084" lon="13.8077093">
        <ele>9555.1</ele>
        <time>2026-07-13T17:20:36Z</time>
        <hdop>8.2</hdop>
        <extensions>
          <osmand:speed>219.4</osmand:speed>
        </extensions>
      </trkpt>
      <trkpt lat="48.3901481" lon="13.7901825">
        <ele>9555.1</ele>
        <time>2026-07-13T17:20:42Z</time>
        <hdop>9.7</hdop>
        <extensions>
          <osmand:speed>218.8</osmand:speed>
        </extensions>
      </trkpt>
      <trkpt lat="48.3919704" lon="13.7726933">
        <ele>9552.1</ele>
        <time>2026-07-13T17:20:48Z</time>
        <hdop>8.7</hdop>
        <extensions>
          <osmand:speed>218.6</osmand:speed>
        </extensions>
      </trkpt>
      <trkpt lat="48.39381" lon="13.75524">
        <ele>9550.1</ele>
        <time>2026-07-13T17:20:54Z</time>
        <hdop>8.7</hdop>
        <extensions>
          <osmand:speed>218.1</osmand:speed>
        </extensions>
      </trkpt>
      <trkpt lat="48.3956409" lon="13.7378369">
        <ele>9548.3</ele>
        <time>2026-07-13T17:21:00Z</time>
        <hdop>8.2</hdop>
        <extensions>
          <osmand:speed>217.9</osmand:speed>
        </extensions>
      </trkpt>
      <trkpt lat="48.3974613" lon="13.720437">
        <ele>9539.3</ele>
        <time>2026-07-13T17:21:06Z</time>
        <hdop>8.2</hdop>
        <extensions>
          <osmand:speed>217.8</osmand:speed>
        </extensions>
      </trkpt>
      <trkpt lat="48.3992788" lon="13.7030485">
        <ele>9517.3</ele>
        <time>2026-07-13T17:21:12Z</time>
        <hdop>7.7</hdop>
        <extensions>
          <osmand:speed>217.5</osmand:speed>
        </extensions>
      </trkpt>
      <trkpt lat="48.4010891" lon="13.6856634">
        <ele>9488.3</ele>
        <time>2026-07-13T17:21:18Z</time>
        <hdop>7.7</hdop>
        <extensions>
          <osmand:speed>217.1</osmand:speed>
        </extensions>
      </trkpt>
      <trkpt lat="48.4029094" lon="13.6683164">
        <ele>9458.3</ele>
        <time>2026-07-13T17:21:24Z</time>
        <hdop>7.7</hdop>
        <extensions>
          <osmand:speed>217</osmand:speed>
        </extensions>
      </trkpt>
      <trkpt lat="48.4047116" lon="13.6509566">
        <ele>9429.3</ele>
        <time>2026-07-13T17:21:30Z</time>
        <hdop>7.1</hdop>
        <extensions>
          <osmand:speed>217.3</osmand:speed>
        </extensions>
      </trkpt>
      <trkpt lat="48.4065039" lon="13.6335423">
        <ele>9401.3</ele>
        <time>2026-07-13T17:21:36Z</time>
        <hdop>6.6</hdop>
        <extensions>
          <osmand:speed>218.1</osmand:speed>
        </extensions>
      </trkpt>
      <trkpt lat="48.4083222" lon="13.6160706">
        <ele>9371.3</ele>
        <time>2026-07-13T17:21:42Z</time>
        <hdop>5.6</hdop>
        <extensions>
          <osmand:speed>219.1</osmand:speed>
        </extensions>
      </trkpt>
      <trkpt lat="48.4101369" lon="13.5985191">
        <ele>9341.3</ele>
        <time>2026-07-13T17:21:48Z</time>
        <hdop>6.1</hdop>
        <extensions>
          <osmand:speed>219.8</osmand:speed>
        </extensions>
      </trkpt>
      <trkpt lat="48.4119533" lon="13.5809058">
        <ele>9309.3</ele>
        <time>2026-07-13T17:21:54Z</time>
        <hdop>7.1</hdop>
        <extensions>
          <osmand:speed>220.4</osmand:speed>
        </extensions>
      </trkpt>
      <trkpt lat="48.4137689" lon="13.5632488">
        <ele>9277.3</ele>
        <time>2026-07-13T17:22:00Z</time>
        <hdop>5.6</hdop>
        <extensions>
          <osmand:speed>220.9</osmand:speed>
        </extensions>
      </trkpt>
      <trkpt lat="48.4155785" lon="13.5455628">
        <ele>9244.3</ele>
        <time>2026-07-13T17:22:06Z</time>
        <hdop>5.6</hdop>
        <extensions>
          <osmand:speed>221.2</osmand:speed>
        </extensions>
      </trkpt>
      <trkpt lat="48.4173805" lon="13.5278484">
        <ele>9213.3</ele>
        <time>2026-07-13T17:22:12Z</time>
        <hdop>7.7</hdop>
        <extensions>
          <osmand:speed>221.5</osmand:speed>
        </extensions>
      </trkpt>
      <trkpt lat="48.4191807" lon="13.510111">
        <ele>9182.3</ele>
        <time>2026-07-13T17:22:18Z</time>
        <hdop>7.1</hdop>
        <extensions>
          <osmand:speed>221.8</osmand:speed>
        </extensions>
      </trkpt>
      <trkpt lat="48.4209761" lon="13.4923445">
        <ele>9153.6</ele>
        <time>2026-07-13T17:22:24Z</time>
        <hdop>8.2</hdop>
        <extensions>
          <osmand:speed>222</osmand:speed>
        </extensions>
      </trkpt>
      <trkpt lat="48.4227669" lon="13.474569">
        <ele>9123.6</ele>
        <time>2026-07-13T17:22:30Z</time>
        <hdop>7.7</hdop>
        <extensions>
          <osmand:speed>222.1</osmand:speed>
        </extensions>
      </trkpt>
      <trkpt lat="48.4245512" lon="13.4567762">
        <ele>9093.6</ele>
        <time>2026-07-13T17:22:36Z</time>
        <hdop>6.1</hdop>
        <extensions>
          <osmand:speed>222.3</osmand:speed>
        </extensions>
      </trkpt>
      <trkpt lat="48.4263465" lon="13.4389699">
        <ele>9062.6</ele>
        <time>2026-07-13T17:22:42Z</time>
        <hdop>5.6</hdop>
        <extensions>
          <osmand:speed>222.5</osmand:speed>
        </extensions>
      </trkpt>
      <trkpt lat="48.4281572" lon="13.4211439">
        <ele>9031.6</ele>
        <time>2026-07-13T17:22:48Z</time>
        <hdop>5.6</hdop>
        <extensions>
          <osmand:speed>222.8</osmand:speed>
        </extensions>
      </trkpt>
      <trkpt lat="48.4300953" lon="13.4033395">
        <ele>9000.6</ele>
        <time>2026-07-13T17:22:54Z</time>
        <hdop>6.1</hdop>
        <extensions>
          <osmand:speed>222.8</osmand:speed>
        </extensions>
      </trkpt>
      <trkpt lat="48.4322662" lon="13.3855741">
        <ele>8969.6</ele>
        <time>2026-07-13T17:23:00Z</time>
        <hdop>7.1</hdop>
        <extensions>
          <osmand:speed>223</osmand:speed>
        </extensions>
      </trkpt>
      <trkpt lat="48.4349267" lon="13.3679364">
        <ele>8947.6</ele>
        <time>2026-07-13T17:23:06Z</time>
        <hdop>6.1</hdop>
        <extensions>
          <osmand:speed>223.3</osmand:speed>
        </extensions>
      </trkpt>
      <trkpt lat="48.437749" lon="13.3503381">
        <ele>8937.6</ele>
        <time>2026-07-13T17:23:12Z</time>
        <hdop>6.1</hdop>
        <extensions>
          <osmand:speed>223.8</osmand:speed>
        </extensions>
      </trkpt>
      <trkpt lat="48.4409275" lon="13.3327863">
        <ele>8930.6</ele>
        <time>2026-07-13T17:23:18Z</time>
        <hdop>6.6</hdop>
        <extensions>
          <osmand:speed>224.6</osmand:speed>
        </extensions>
      </trkpt>
      <trkpt lat="48.4443438" lon="13.3153168">
        <ele>8925.6</ele>
        <time>2026-07-13T17:23:24Z</time>
        <hdop>5.6</hdop>
        <extensions>
          <osmand:speed>225</osmand:speed>
        </extensions>
      </trkpt>
      <trkpt lat="48.4482066" lon="13.2980642">
        <ele>8922.6</ele>
        <time>2026-07-13T17:23:30Z</time>
        <hdop>6.6</hdop>
        <extensions>
          <osmand:speed>225</osmand:speed>
        </extensions>
      </trkpt>
      <trkpt lat="48.4524302" lon="13.280975">
        <ele>8923.6</ele>
        <time>2026-07-13T17:23:36Z</time>
        <hdop>6.6</hdop>
        <extensions>
          <osmand:speed>224.9</osmand:speed>
        </extensions>
      </trkpt>
      <trkpt lat="48.4569896" lon="13.2641054">
        <ele>8925.6</ele>
        <time>2026-07-13T17:23:42Z</time>
        <hdop>6.1</hdop>
        <extensions>
          <osmand:speed>224.6</osmand:speed>
        </extensions>
      </trkpt>
      <trkpt lat="48.4618172" lon="13.2474017">
        <ele>8927.9</ele>
        <time>2026-07-13T17:23:48Z</time>
        <hdop>5.6</hdop>
        <extensions>
          <osmand:speed>225.1</osmand:speed>
        </extensions>
      </trkpt>
      <trkpt lat="48.4669538" lon="13.2309092">
        <ele>8932.9</ele>
        <time>2026-07-13T17:23:54Z</time>
        <hdop>10.7</hdop>
        <extensions>
          <osmand:speed>225.1</osmand:speed>
        </extensions>
      </trkpt>
      <trkpt lat="48.4724923" lon="13.2147659">
        <ele>8935.9</ele>
        <time>2026-07-13T17:24:00Z</time>
        <hdop>9.2</hdop>
        <extensions>
          <osmand:speed>224.8</osmand:speed>
        </extensions>
      </trkpt>
      <trkpt lat="48.4781154" lon="13.1987275">
        <ele>8933.9</ele>
        <time>2026-07-13T17:24:06Z</time>
        <hdop>5.6</hdop>
        <extensions>
          <osmand:speed>223.8</osmand:speed>
        </extensions>
      </trkpt>
      <trkpt lat="48.4836397" lon="13.1826102">
        <ele>8931.9</ele>
        <time>2026-07-13T17:24:12Z</time>
        <hdop>5.1</hdop>
        <extensions>
          <osmand:speed>223.7</osmand:speed>
        </extensions>
      </trkpt>
      <trkpt lat="48.4891471" lon="13.1664843">
        <ele>8930.9</ele>
        <time>2026-07-13T17:24:18Z</time>
        <hdop>4.1</hdop>
        <extensions>
          <osmand:speed>223.7</osmand:speed>
        </extensions>
      </trkpt>
      <trkpt lat="48.4946471" lon="13.1503342">
        <ele>8930.9</ele>
        <time>2026-07-13T17:24:24Z</time>
        <hdop>4.6</hdop>
        <extensions>
          <osmand:speed>223.8</osmand:speed>
        </extensions>
      </trkpt>
      <trkpt lat="48.5001294" lon="13.1341765">
        <ele>8930.1</ele>
        <time>2026-07-13T17:24:30Z</time>
        <hdop>5.6</hdop>
        <extensions>
          <osmand:speed>223.8</osmand:speed>
        </extensions>
      </trkpt>
      <trkpt lat="48.5056061" lon="13.1180213">
        <ele>8928.1</ele>
        <time>2026-07-13T17:24:36Z</time>
        <hdop>5.1</hdop>
        <extensions>
          <osmand:speed>223.6</osmand:speed>
        </extensions>
      </trkpt>
      <trkpt lat="48.5110781" lon="13.1018552">
        <ele>8932.1</ele>
        <time>2026-07-13T17:24:42Z</time>
        <hdop>2</hdop>
        <extensions>
          <osmand:speed>223.5</osmand:speed>
        </extensions>
      </trkpt>
      <trkpt lat="48.5165383" lon="13.0856969">
        <ele>8933.1</ele>
        <time>2026-07-13T17:24:48Z</time>
        <hdop>2.6</hdop>
        <extensions>
          <osmand:speed>223.5</osmand:speed>
        </extensions>
      </trkpt>
      <trkpt lat="48.521999" lon="13.069529">
        <ele>8934.1</ele>
        <time>2026-07-13T17:24:54Z</time>
        <hdop>2.6</hdop>
        <extensions>
          <osmand:speed>223.7</osmand:speed>
        </extensions>
      </trkpt>
      <trkpt lat="48.5274716" lon="13.0533495">
        <ele>8933.1</ele>
        <time>2026-07-13T17:25:00Z</time>
        <hdop>2.6</hdop>
        <extensions>
          <osmand:speed>224</osmand:speed>
        </extensions>
      </trkpt>
      <trkpt lat="48.5329478" lon="13.0371525">
        <ele>8932.1</ele>
        <time>2026-07-13T17:25:06Z</time>
        <hdop>2</hdop>
        <extensions>
          <osmand:speed>224.1</osmand:speed>
        </extensions>
      </trkpt>
      <trkpt lat="48.5384243" lon="13.0209544">
        <ele>8932.1</ele>
        <time>2026-07-13T17:25:12Z</time>
        <hdop>2</hdop>
        <extensions>
          <osmand:speed>224</osmand:speed>
        </extensions>
      </trkpt>
      <trkpt lat="48.5438927" lon="13.0047565">
        <ele>8931.1</ele>
        <time>2026-07-13T17:25:18Z</time>
        <hdop>2</hdop>
        <extensions>
          <osmand:speed>223.9</osmand:speed>
        </extensions>
      </trkpt>
      <trkpt lat="48.549364" lon="12.9885667">
        <ele>8932.3</ele>
        <time>2026-07-13T17:25:24Z</time>
        <hdop>2.6</hdop>
        <extensions>
          <osmand:speed>223.8</osmand:speed>
        </extensions>
      </trkpt>
      <trkpt lat="48.5548339" lon="12.9723762">
        <ele>8934.3</ele>
        <time>2026-07-13T17:25:30Z</time>
        <hdop>2</hdop>
        <extensions>
          <osmand:speed>223.8</osmand:speed>
        </extensions>
      </trkpt>
      <trkpt lat="48.5603064" lon="12.9561936">
        <ele>8933.3</ele>
        <time>2026-07-13T17:25:36Z</time>
        <hdop>2.6</hdop>
        <extensions>
          <osmand:speed>223.8</osmand:speed>
        </extensions>
      </trkpt>
      <trkpt lat="48.5657746" lon="12.939997">
        <ele>8933.3</ele>
        <time>2026-07-13T17:25:42Z</time>
        <hdop>2.6</hdop>
        <extensions>
          <osmand:speed>223.8</osmand:speed>
        </extensions>
      </trkpt>
      <trkpt lat="48.5712317" lon="12.9237916">
        <ele>8933.3</ele>
        <time>2026-07-13T17:25:48Z</time>
        <hdop>2</hdop>
        <extensions>
          <osmand:speed>223.8</osmand:speed>
        </extensions>
      </trkpt>
      <trkpt lat="48.5766871" lon="12.9075825">
        <ele>8933.3</ele>
        <time>2026-07-13T17:25:54Z</time>
        <hdop>2.6</hdop>
        <extensions>
          <osmand:speed>223.8</osmand:speed>
        </extensions>
      </trkpt>
      <trkpt lat="48.5821337" lon="12.8913687">
        <ele>8933.3</ele>
        <time>2026-07-13T17:26:00Z</time>
        <hdop>3.1</hdop>
        <extensions>
          <osmand:speed>223.8</osmand:speed>
        </extensions>
      </trkpt>
      <trkpt lat="48.5875827" lon="12.8751597">
        <ele>8933.3</ele>
        <time>2026-07-13T17:26:06Z</time>
        <hdop>2.6</hdop>
        <extensions>
          <osmand:speed>223.7</osmand:speed>
        </extensions>
      </trkpt>
      <trkpt lat="48.5930394" lon="12.8589602">
        <ele>8934.3</ele>
        <time>2026-07-13T17:26:12Z</time>
        <hdop>2</hdop>
        <extensions>
          <osmand:speed>223.6</osmand:speed>
        </extensions>
      </trkpt>
      <trkpt lat="48.598492" lon="12.8427603">
        <ele>8934.3</ele>
        <time>2026-07-13T17:26:18Z</time>
        <hdop>2</hdop>
        <extensions>
          <osmand:speed>223.5</osmand:speed>
        </extensions>
      </trkpt>
      <trkpt lat="48.6039377" lon="12.8265621">
        <ele>8934.3</ele>
        <time>2026-07-13T17:26:24Z</time>
        <hdop>2</hdop>
        <extensions>
          <osmand:speed>223.5</osmand:speed>
        </extensions>
      </trkpt>
      <trkpt lat="48.6093832" lon="12.8103645">
        <ele>8933.3</ele>
        <time>2026-07-13T17:26:30Z</time>
        <hdop>2</hdop>
        <extensions>
          <osmand:speed>223.6</osmand:speed>
        </extensions>
      </trkpt>
      <trkpt lat="48.61483" lon="12.7941544">
        <ele>8933.3</ele>
        <time>2026-07-13T17:26:36Z</time>
        <hdop>2</hdop>
        <extensions>
          <osmand:speed>223.7</osmand:speed>
        </extensions>
      </trkpt>
      <trkpt lat="48.6202721" lon="12.7779156">
        <ele>8932.3</ele>
        <time>2026-07-13T17:26:42Z</time>
        <hdop>1.5</hdop>
        <extensions>
          <osmand:speed>224.1</osmand:speed>
        </extensions>
      </trkpt>
      <trkpt lat="48.6257577" lon="12.7616174">
        <ele>8927.3</ele>
        <time>2026-07-13T17:26:48Z</time>
        <hdop>6.1</hdop>
        <extensions>
          <osmand:speed>225.8</osmand:speed>
        </extensions>
      </trkpt>
      <trkpt lat="48.6312454" lon="12.7451936">
        <ele>8923.4</ele>
        <time>2026-07-13T17:26:54Z</time>
        <hdop>7.7</hdop>
        <extensions>
          <osmand:speed>226.9</osmand:speed>
        </extensions>
      </trkpt>
      <trkpt lat="48.6367503" lon="12.7286614">
        <ele>8922.4</ele>
        <time>2026-07-13T17:27:00Z</time>
        <hdop>7.1</hdop>
        <extensions>
          <osmand:speed>227.8</osmand:speed>
        </extensions>
      </trkpt>
      <trkpt lat="48.6422559" lon="12.7121043">
        <ele>8921.4</ele>
        <time>2026-07-13T17:27:06Z</time>
        <hdop>6.1</hdop>
        <extensions>
          <osmand:speed>228.2</osmand:speed>
        </extensions>
      </trkpt>
      <trkpt lat="48.6477822" lon="12.6955227">
        <ele>8922.4</ele>
        <time>2026-07-13T17:27:12Z</time>
        <hdop>6.1</hdop>
        <extensions>
          <osmand:speed>228.4</osmand:speed>
        </extensions>
      </trkpt>
      <trkpt lat="48.6533045" lon="12.6789162">
        <ele>8923.4</ele>
        <time>2026-07-13T17:27:18Z</time>
        <hdop>7.1</hdop>
        <extensions>
          <osmand:speed>228.5</osmand:speed>
        </extensions>
      </trkpt>
      <trkpt lat="48.6588552" lon="12.6623103">
        <ele>8924.4</ele>
        <time>2026-07-13T17:27:24Z</time>
        <hdop>8.2</hdop>
        <extensions>
          <osmand:speed>228.5</osmand:speed>
        </extensions>
      </trkpt>
      <trkpt lat="48.664395" lon="12.6457099">
        <ele>8924.4</ele>
        <time>2026-07-13T17:27:30Z</time>
        <hdop>8.2</hdop>
        <extensions>
          <osmand:speed>228.2</osmand:speed>
        </extensions>
      </trkpt>
      <trkpt lat="48.6699335" lon="12.6291384">
        <ele>8925.4</ele>
        <time>2026-07-13T17:27:36Z</time>
        <hdop>7.1</hdop>
        <extensions>
          <osmand:speed>228</osmand:speed>
        </extensions>
      </trkpt>
      <trkpt lat="48.6754654" lon="12.6125643">
        <ele>8925.4</ele>
        <time>2026-07-13T17:27:42Z</time>
        <hdop>8.2</hdop>
        <extensions>
          <osmand:speed>228.1</osmand:speed>
        </extensions>
      </trkpt>
      <trkpt lat="48.6809833" lon="12.5959894">
        <ele>8925.4</ele>
        <time>2026-07-13T17:27:48Z</time>
        <hdop>8.2</hdop>
        <extensions>
          <osmand:speed>228</osmand:speed>
        </extensions>
      </trkpt>
      <trkpt lat="48.6865142" lon="12.5794076">
        <ele>8925.4</ele>
        <time>2026-07-13T17:27:54Z</time>
        <hdop>7.7</hdop>
        <extensions>
          <osmand:speed>228</osmand:speed>
        </extensions>
      </trkpt>
      <trkpt lat="48.6920457" lon="12.5628299">
        <ele>8924.4</ele>
        <time>2026-07-13T17:28:00Z</time>
        <hdop>8.7</hdop>
        <extensions>
          <osmand:speed>227.9</osmand:speed>
        </extensions>
      </trkpt>
      <trkpt lat="48.6975634" lon="12.5462649">
        <ele>8924.4</ele>
        <time>2026-07-13T17:28:06Z</time>
        <hdop>8.7</hdop>
        <extensions>
          <osmand:speed>228</osmand:speed>
        </extensions>
      </trkpt>
      <trkpt lat="48.7030964" lon="12.5296903">
        <ele>8921.4</ele>
        <time>2026-07-13T17:28:12Z</time>
        <hdop>8.7</hdop>
        <extensions>
          <osmand:speed>227.9</osmand:speed>
        </extensions>
      </trkpt>
      <trkpt lat="48.7086112" lon="12.5131126">
        <ele>8920.4</ele>
        <time>2026-07-13T17:28:18Z</time>
        <hdop>8.2</hdop>
        <extensions>
          <osmand:speed>227.8</osmand:speed>
        </extensions>
      </trkpt>
      <trkpt lat="48.7140729" lon="12.496532">
        <ele>8923.3</ele>
        <time>2026-07-13T17:28:24Z</time>
        <hdop>8.2</hdop>
        <extensions>
          <osmand:speed>227.7</osmand:speed>
        </extensions>
      </trkpt>
      <trkpt lat="48.7195492" lon="12.4799528">
        <ele>8924.3</ele>
        <time>2026-07-13T17:28:30Z</time>
        <hdop>7.1</hdop>
        <extensions>
          <osmand:speed>227.7</osmand:speed>
        </extensions>
      </trkpt>
      <trkpt lat="48.7250557" lon="12.4633653">
        <ele>8923.3</ele>
        <time>2026-07-13T17:28:36Z</time>
        <hdop>9.2</hdop>
        <extensions>
          <osmand:speed>228</osmand:speed>
        </extensions>
      </trkpt>
      <trkpt lat="48.7305564" lon="12.4467643">
        <ele>8924.3</ele>
        <time>2026-07-13T17:28:42Z</time>
        <hdop>8.7</hdop>
        <extensions>
          <osmand:speed>228.1</osmand:speed>
        </extensions>
      </trkpt>
      <trkpt lat="48.7360777" lon="12.4301515">
        <ele>8922.3</ele>
        <time>2026-07-13T17:28:48Z</time>
        <hdop>9.2</hdop>
        <extensions>
          <osmand:speed>228.3</osmand:speed>
        </extensions>
      </trkpt>
      <trkpt lat="48.7415921" lon="12.4135125">
        <ele>8922.3</ele>
        <time>2026-07-13T17:28:54Z</time>
        <hdop>11.2</hdop>
        <extensions>
          <osmand:speed>228.4</osmand:speed>
        </extensions>
      </trkpt>
      <trkpt lat="48.7470847" lon="12.3968654">
        <ele>8919.3</ele>
        <time>2026-07-13T17:29:00Z</time>
        <hdop>9.7</hdop>
        <extensions>
          <osmand:speed>228.5</osmand:speed>
        </extensions>
      </trkpt>
      <trkpt lat="48.7525926" lon="12.3802116">
        <ele>8916.8</ele>
        <time>2026-07-13T17:29:06Z</time>
        <hdop>7.1</hdop>
        <extensions>
          <osmand:speed>228.5</osmand:speed>
        </extensions>
      </trkpt>
      <trkpt lat="48.7581001" lon="12.3635545">
        <ele>8919.8</ele>
        <time>2026-07-13T17:29:12Z</time>
        <hdop>9.2</hdop>
        <extensions>
          <osmand:speed>228.6</osmand:speed>
        </extensions>
      </trkpt>
      <trkpt lat="48.7636029" lon="12.3468777">
        <ele>8917.8</ele>
        <time>2026-07-13T17:29:18Z</time>
        <hdop>11.2</hdop>
        <extensions>
          <osmand:speed>228.8</osmand:speed>
        </extensions>
      </trkpt>
      <trkpt lat="48.7690946" lon="12.3301805">
        <ele>8919.8</ele>
        <time>2026-07-13T17:29:24Z</time>
        <hdop>9.7</hdop>
        <extensions>
          <osmand:speed>228.9</osmand:speed>
        </extensions>
      </trkpt>
      <trkpt lat="48.774588" lon="12.3134619">
        <ele>8920.8</ele>
        <time>2026-07-13T17:29:30Z</time>
        <hdop>7.7</hdop>
        <extensions>
          <osmand:speed>229</osmand:speed>
        </extensions>
      </trkpt>
      <trkpt lat="48.7800815" lon="12.2967335">
        <ele>8920.8</ele>
        <time>2026-07-13T17:29:36Z</time>
        <hdop>7.1</hdop>
        <extensions>
          <osmand:speed>229.2</osmand:speed>
        </extensions>
      </trkpt>
      <trkpt lat="48.7855794" lon="12.2799953">
        <ele>8919.8</ele>
        <time>2026-07-13T17:29:42Z</time>
        <hdop>6.6</hdop>
        <extensions>
          <osmand:speed>229.3</osmand:speed>
        </extensions>
      </trkpt>
      <trkpt lat="48.7910897" lon="12.2632464">
        <ele>8919.8</ele>
        <time>2026-07-13T17:29:48Z</time>
        <hdop>8.2</hdop>
        <extensions>
          <osmand:speed>229.2</osmand:speed>
        </extensions>
      </trkpt>
      <trkpt lat="48.7966013" lon="12.2465167">
        <ele>8921.8</ele>
        <time>2026-07-13T17:29:54Z</time>
        <hdop>5.6</hdop>
        <extensions>
          <osmand:speed>229.3</osmand:speed>
        </extensions>
      </trkpt>
      <trkpt lat="48.8020721" lon="12.2297679">
        <ele>8934.8</ele>
        <time>2026-07-13T17:30:00Z</time>
        <hdop>2.6</hdop>
        <extensions>
          <osmand:speed>229.2</osmand:speed>
        </extensions>
      </trkpt>
      <trkpt lat="48.8075637" lon="12.2130158">
        <ele>8935.8</ele>
        <time>2026-07-13T17:30:06Z</time>
        <hdop>2.6</hdop>
        <extensions>
          <osmand:speed>229.2</osmand:speed>
        </extensions>
      </trkpt>
      <trkpt lat="48.813046" lon="12.1962532">
        <ele>8934.8</ele>
        <time>2026-07-13T17:30:12Z</time>
        <hdop>2.6</hdop>
        <extensions>
          <osmand:speed>229.2</osmand:speed>
        </extensions>
      </trkpt>
      <trkpt lat="48.818519" lon="12.1795023">
        <ele>8934.8</ele>
        <time>2026-07-13T17:30:18Z</time>
        <hdop>2.6</hdop>
        <extensions>
          <osmand:speed>229.2</osmand:speed>
        </extensions>
      </trkpt>
      <trkpt lat="48.8239928" lon="12.1627496">
        <ele>8934.8</ele>
        <time>2026-07-13T17:30:24Z</time>
        <hdop>2.6</hdop>
        <extensions>
          <osmand:speed>229.1</osmand:speed>
        </extensions>
      </trkpt>
      <trkpt lat="48.8294693" lon="12.1460019">
        <ele>8934.8</ele>
        <time>2026-07-13T17:30:30Z</time>
        <hdop>3.1</hdop>
        <extensions>
          <osmand:speed>229</osmand:speed>
        </extensions>
      </trkpt>
      <trkpt lat="48.8349432" lon="12.1292478">
        <ele>8934.8</ele>
        <time>2026-07-13T17:30:36Z</time>
        <hdop>3.1</hdop>
        <extensions>
          <osmand:speed>229</osmand:speed>
        </extensions>
      </trkpt>
      <trkpt lat="48.8404165" lon="12.1125">
        <ele>8934.8</ele>
        <time>2026-07-13T17:30:42Z</time>
        <hdop>2.6</hdop>
        <extensions>
          <osmand:speed>229</osmand:speed>
        </extensions>
      </trkpt>
      <trkpt lat="48.8458889" lon="12.0957417">
        <ele>8934.8</ele>
        <time>2026-07-13T17:30:48Z</time>
        <hdop>2.6</hdop>
        <extensions>
          <osmand:speed>229.1</osmand:speed>
        </extensions>
      </trkpt>
      <trkpt lat="48.8513601" lon="12.0789865">
        <ele>8933.8</ele>
        <time>2026-07-13T17:30:54Z</time>
        <hdop>2.6</hdop>
        <extensions>
          <osmand:speed>229.1</osmand:speed>
        </extensions>
      </trkpt>
      <trkpt lat="48.8568313" lon="12.0622194">
        <ele>8933.8</ele>
        <time>2026-07-13T17:31:00Z</time>
        <hdop>2.6</hdop>
        <extensions>
          <osmand:speed>229</osmand:speed>
        </extensions>
      </trkpt>
      <trkpt lat="48.8622947" lon="12.0454611">
        <ele>8934.8</ele>
        <time>2026-07-13T17:31:06Z</time>
        <hdop>2.6</hdop>
        <extensions>
          <osmand:speed>229</osmand:speed>
        </extensions>
      </trkpt>
      <trkpt lat="48.8677544" lon="12.0286854">
        <ele>8932.8</ele>
        <time>2026-07-13T17:31:12Z</time>
        <hdop>2</hdop>
        <extensions>
          <osmand:speed>229</osmand:speed>
        </extensions>
      </trkpt>
      <trkpt lat="48.8732169" lon="12.0119092">
        <ele>8931.8</ele>
        <time>2026-07-13T17:31:18Z</time>
        <hdop>2</hdop>
        <extensions>
          <osmand:speed>229</osmand:speed>
        </extensions>
      </trkpt>
      <trkpt lat="48.8786767" lon="11.9951273">
        <ele>8930.7</ele>
        <time>2026-07-13T17:31:24Z</time>
        <hdop>2</hdop>
        <extensions>
          <osmand:speed>229.1</osmand:speed>
        </extensions>
      </trkpt>
      <trkpt lat="48.8841352" lon="11.9783376">
        <ele>8928.7</ele>
        <time>2026-07-13T17:31:30Z</time>
        <hdop>2.6</hdop>
        <extensions>
          <osmand:speed>229.1</osmand:speed>
        </extensions>
      </trkpt>
      <trkpt lat="48.8895907" lon="11.9615496">
        <ele>8929.7</ele>
        <time>2026-07-13T17:31:36Z</time>
        <hdop>2.6</hdop>
        <extensions>
          <osmand:speed>229.3</osmand:speed>
        </extensions>
      </trkpt>
      <trkpt lat="48.8950494" lon="11.9447348">
        <ele>8927.7</ele>
        <time>2026-07-13T17:31:42Z</time>
        <hdop>2</hdop>
        <extensions>
          <osmand:speed>229.3</osmand:speed>
        </extensions>
      </trkpt>
      <trkpt lat="48.900501" lon="11.9279113">
        <ele>8925.7</ele>
        <time>2026-07-13T17:31:48Z</time>
        <hdop>2</hdop>
        <extensions>
          <osmand:speed>229.4</osmand:speed>
        </extensions>
      </trkpt>
      <trkpt lat="48.9059482" lon="11.9110791">
        <ele>8927.7</ele>
        <time>2026-07-13T17:31:54Z</time>
        <hdop>2</hdop>
        <extensions>
          <osmand:speed>229.4</osmand:speed>
        </extensions>
      </trkpt>
      <trkpt lat="48.9114066" lon="11.8942384">
        <ele>8926.7</ele>
        <time>2026-07-13T17:32:00Z</time>
        <hdop>2.6</hdop>
        <extensions>
          <osmand:speed>229.6</osmand:speed>
        </extensions>
      </trkpt>
      <trkpt lat="48.9168571" lon="11.8773863">
        <ele>8927.7</ele>
        <time>2026-07-13T17:32:06Z</time>
        <hdop>2.6</hdop>
        <extensions>
          <osmand:speed>229.6</osmand:speed>
        </extensions>
      </trkpt>
      <trkpt lat="48.922305" lon="11.8605201">
        <ele>8927.7</ele>
        <time>2026-07-13T17:32:12Z</time>
        <hdop>2.6</hdop>
        <extensions>
          <osmand:speed>229.7</osmand:speed>
        </extensions>
      </trkpt>
      <trkpt lat="48.9277548" lon="11.8436428">
        <ele>8926.7</ele>
        <time>2026-07-13T17:32:18Z</time>
        <hdop>2.6</hdop>
        <extensions>
          <osmand:speed>229.8</osmand:speed>
        </extensions>
      </trkpt>
      <trkpt lat="48.9332082" lon="11.826765">
        <ele>8926.7</ele>
        <time>2026-07-13T17:32:24Z</time>
        <hdop>2.6</hdop>
        <extensions>
          <osmand:speed>229.9</osmand:speed>
        </extensions>
      </trkpt>
      <trkpt lat="48.9386671" lon="11.8098813">
        <ele>8925.7</ele>
        <time>2026-07-13T17:32:30Z</time>
        <hdop>2.6</hdop>
        <extensions>
          <osmand:speed>229.9</osmand:speed>
        </extensions>
      </trkpt>
      <trkpt lat="48.9441272" lon="11.7930115">
        <ele>8920.7</ele>
        <time>2026-07-13T17:32:36Z</time>
        <hdop>5.6</hdop>
        <extensions>
          <osmand:speed>229.8</osmand:speed>
        </extensions>
      </trkpt>
      <trkpt lat="48.9495934" lon="11.776117">
        <ele>8921.7</ele>
        <time>2026-07-13T17:32:42Z</time>
        <hdop>7.7</hdop>
        <extensions>
          <osmand:speed>229.9</osmand:speed>
        </extensions>
      </trkpt>
      <trkpt lat="48.9550456" lon="11.7592199">
        <ele>8922.7</ele>
        <time>2026-07-13T17:32:48Z</time>
        <hdop>11.2</hdop>
        <extensions>
          <osmand:speed>229.7</osmand:speed>
        </extensions>
      </trkpt>
      <trkpt lat="48.9604865" lon="11.7423028">
        <ele>8923.5</ele>
        <time>2026-07-13T17:32:54Z</time>
        <hdop>8.7</hdop>
        <extensions>
          <osmand:speed>229.9</osmand:speed>
        </extensions>
      </trkpt>
      <trkpt lat="48.9659003" lon="11.7254108">
        <ele>8924.5</ele>
        <time>2026-07-13T17:33:00Z</time>
        <hdop>8.7</hdop>
        <extensions>
          <osmand:speed>229.6</osmand:speed>
        </extensions>
      </trkpt>
      <trkpt lat="48.9713277" lon="11.7085297">
        <ele>8927.5</ele>
        <time>2026-07-13T17:33:06Z</time>
        <hdop>7.7</hdop>
        <extensions>
          <osmand:speed>229.7</osmand:speed>
        </extensions>
      </trkpt>
      <trkpt lat="48.9767499" lon="11.6916418">
        <ele>8929.5</ele>
        <time>2026-07-13T17:33:12Z</time>
        <hdop>6.1</hdop>
        <extensions>
          <osmand:speed>229.7</osmand:speed>
        </extensions>
      </trkpt>
      <trkpt lat="48.9821757" lon="11.674745">
        <ele>8930.5</ele>
        <time>2026-07-13T17:33:18Z</time>
        <hdop>5.6</hdop>
        <extensions>
          <osmand:speed>229.6</osmand:speed>
        </extensions>
      </trkpt>
      <trkpt lat="48.9875896" lon="11.6578571">
        <ele>8929.5</ele>
        <time>2026-07-13T17:33:24Z</time>
        <hdop>5.1</hdop>
        <extensions>
          <osmand:speed>229.4</osmand:speed>
        </extensions>
      </trkpt>
      <trkpt lat="48.9930003" lon="11.6409858">
        <ele>8929.5</ele>
        <time>2026-07-13T17:33:30Z</time>
        <hdop>5.6</hdop>
        <extensions>
          <osmand:speed>229.2</osmand:speed>
        </extensions>
      </trkpt>
      <trkpt lat="48.9984032" lon="11.6241017">
        <ele>8929.5</ele>
        <time>2026-07-13T17:33:36Z</time>
        <hdop>6.6</hdop>
        <extensions>
          <osmand:speed>229</osmand:speed>
        </extensions>
      </trkpt>
      <trkpt lat="49.0038031" lon="11.6072481">
        <ele>8931.5</ele>
        <time>2026-07-13T17:33:42Z</time>
        <hdop>7.1</hdop>
        <extensions>
          <osmand:speed>228.9</osmand:speed>
        </extensions>
      </trkpt>
      <trkpt lat="49.0091945" lon="11.5904041">
        <ele>8931.5</ele>
        <time>2026-07-13T17:33:48Z</time>
        <hdop>5.6</hdop>
        <extensions>
          <osmand:speed>228.9</osmand:speed>
        </extensions>
      </trkpt>
      <trkpt lat="49.0145979" lon="11.5735521">
        <ele>8932.5</ele>
        <time>2026-07-13T17:33:54Z</time>
        <hdop>6.6</hdop>
        <extensions>
          <osmand:speed>228.8</osmand:speed>
        </extensions>
      </trkpt>
      <trkpt lat="49.0199923" lon="11.55669">
        <ele>8931.5</ele>
        <time>2026-07-13T17:34:00Z</time>
        <hdop>7.7</hdop>
        <extensions>
          <osmand:speed>228.7</osmand:speed>
        </extensions>
      </trkpt>
      <trkpt lat="49.0253743" lon="11.5398383">
        <ele>8930.5</ele>
        <time>2026-07-13T17:34:06Z</time>
        <hdop>8.2</hdop>
        <extensions>
          <osmand:speed>228.8</osmand:speed>
        </extensions>
      </trkpt>
      <trkpt lat="49.0307535" lon="11.522996">
        <ele>8928.5</ele>
        <time>2026-07-13T17:34:12Z</time>
        <hdop>6.1</hdop>
        <extensions>
          <osmand:speed>228.7</osmand:speed>
        </extensions>
      </trkpt>
      <trkpt lat="49.0361373" lon="11.506128">
        <ele>8928.5</ele>
        <time>2026-07-13T17:34:18Z</time>
        <hdop>6.6</hdop>
        <extensions>
          <osmand:speed>228.8</osmand:speed>
        </extensions>
      </trkpt>
      <trkpt lat="49.0415169" lon="11.489275">
        <ele>8927.3</ele>
        <time>2026-07-13T17:34:24Z</time>
        <hdop>5.6</hdop>
        <extensions>
          <osmand:speed>228.7</osmand:speed>
        </extensions>
      </trkpt>
      <trkpt lat="49.046909" lon="11.4723985">
        <ele>8927.3</ele>
        <time>2026-07-13T17:34:30Z</time>
        <hdop>6.6</hdop>
        <extensions>
          <osmand:speed>228.7</osmand:speed>
        </extensions>
      </trkpt>
      <trkpt lat="49.052289" lon="11.4555399">
        <ele>8926.3</ele>
        <time>2026-07-13T17:34:36Z</time>
        <hdop>4.6</hdop>
        <extensions>
          <osmand:speed>228.7</osmand:speed>
        </extensions>
      </trkpt>
      <trkpt lat="49.0576625" lon="11.4386713">
        <ele>8925.3</ele>
        <time>2026-07-13T17:34:42Z</time>
        <hdop>5.6</hdop>
        <extensions>
          <osmand:speed>228.7</osmand:speed>
        </extensions>
      </trkpt>
      <trkpt lat="49.0630329" lon="11.4217838">
        <ele>8924.3</ele>
        <time>2026-07-13T17:34:48Z</time>
        <hdop>5.6</hdop>
        <extensions>
          <osmand:speed>228.9</osmand:speed>
        </extensions>
      </trkpt>
      <trkpt lat="49.068382" lon="11.4048761">
        <ele>8923.3</ele>
        <time>2026-07-13T17:34:54Z</time>
        <hdop>7.1</hdop>
        <extensions>
          <osmand:speed>229.2</osmand:speed>
        </extensions>
      </trkpt>
      <trkpt lat="49.0737483" lon="11.3879402">
        <ele>8920.3</ele>
        <time>2026-07-13T17:35:00Z</time>
        <hdop>6.6</hdop>
        <extensions>
          <osmand:speed>229.7</osmand:speed>
        </extensions>
      </trkpt>
      <trkpt lat="49.0791147" lon="11.3709677">
        <ele>8918.3</ele>
        <time>2026-07-13T17:35:06Z</time>
        <hdop>5.1</hdop>
        <extensions>
          <osmand:speed>229.9</osmand:speed>
        </extensions>
      </trkpt>
      <trkpt lat="49.0845147" lon="11.3539426">
        <ele>8911.3</ele>
        <time>2026-07-13T17:35:12Z</time>
        <hdop>5.6</hdop>
        <extensions>
          <osmand:speed>230.8</osmand:speed>
        </extensions>
      </trkpt>
      <trkpt lat="49.089915" lon="11.3368895">
        <ele>8890.3</ele>
        <time>2026-07-13T17:35:18Z</time>
        <hdop>5.6</hdop>
        <extensions>
          <osmand:speed>230.8</osmand:speed>
        </extensions>
      </trkpt>
      <trkpt lat="49.0953132" lon="11.319841">
        <ele>8862.3</ele>
        <time>2026-07-13T17:35:24Z</time>
        <hdop>6.1</hdop>
        <extensions>
          <osmand:speed>230.6</osmand:speed>
        </extensions>
      </trkpt>
      <trkpt lat="49.1007222" lon="11.30279">
        <ele>8835.3</ele>
        <time>2026-07-13T17:35:30Z</time>
        <hdop>6.1</hdop>
        <extensions>
          <osmand:speed>230.6</osmand:speed>
        </extensions>
      </trkpt>
      <trkpt lat="49.10612" lon="11.2857562">
        <ele>8806.3</ele>
        <time>2026-07-13T17:35:36Z</time>
        <hdop>6.1</hdop>
        <extensions>
          <osmand:speed>230.4</osmand:speed>
        </extensions>
      </trkpt>
      <trkpt lat="49.1114967" lon="11.2687236">
        <ele>8777.3</ele>
        <time>2026-07-13T17:35:42Z</time>
        <hdop>6.6</hdop>
        <extensions>
          <osmand:speed>230.5</osmand:speed>
        </extensions>
      </trkpt>
      <trkpt lat="49.1168775" lon="11.2516736">
        <ele>8750.3</ele>
        <time>2026-07-13T17:35:48Z</time>
        <hdop>6.1</hdop>
        <extensions>
          <osmand:speed>230.7</osmand:speed>
        </extensions>
      </trkpt>
      <trkpt lat="49.1222543" lon="11.2346019">
        <ele>8718</ele>
        <time>2026-07-13T17:35:54Z</time>
        <hdop>6.6</hdop>
        <extensions>
          <osmand:speed>230.7</osmand:speed>
        </extensions>
      </trkpt>
      <trkpt lat="49.1276328" lon="11.2175264">
        <ele>8688</ele>
        <time>2026-07-13T17:36:00Z</time>
        <hdop>7.7</hdop>
        <extensions>
          <osmand:speed>230.7</osmand:speed>
        </extensions>
      </trkpt>
      <trkpt lat="49.1330246" lon="11.2004446">
        <ele>8659</ele>
        <time>2026-07-13T17:36:06Z</time>
        <hdop>6.6</hdop>
        <extensions>
          <osmand:speed>231</osmand:speed>
        </extensions>
      </trkpt>
      <trkpt lat="49.1384123" lon="11.1833462">
        <ele>8628</ele>
        <time>2026-07-13T17:36:12Z</time>
        <hdop>6.6</hdop>
        <extensions>
          <osmand:speed>231</osmand:speed>
        </extensions>
      </trkpt>
      <trkpt lat="49.1437859" lon="11.1662779">
        <ele>8597</ele>
        <time>2026-07-13T17:36:18Z</time>
        <hdop>6.1</hdop>
        <extensions>
          <osmand:speed>230.6</osmand:speed>
        </extensions>
      </trkpt>
      <trkpt lat="49.149148" lon="11.1492127">
        <ele>8563</ele>
        <time>2026-07-13T17:36:24Z</time>
        <hdop>6.1</hdop>
        <extensions>
          <osmand:speed>230.1</osmand:speed>
        </extensions>
      </trkpt>
      <trkpt lat="49.1544968" lon="11.1321618">
        <ele>8532</ele>
        <time>2026-07-13T17:36:30Z</time>
        <hdop>6.1</hdop>
        <extensions>
          <osmand:speed>229.6</osmand:speed>
        </extensions>
      </trkpt>
      <trkpt lat="49.1598421" lon="11.1151576">
        <ele>8503</ele>
        <time>2026-07-13T17:36:36Z</time>
        <hdop>6.1</hdop>
        <extensions>
          <osmand:speed>229.3</osmand:speed>
        </extensions>
      </trkpt>
      <trkpt lat="49.1651759" lon="11.0981566">
        <ele>8474</ele>
        <time>2026-07-13T17:36:42Z</time>
        <hdop>7.1</hdop>
        <extensions>
          <osmand:speed>229.3</osmand:speed>
        </extensions>
      </trkpt>
      <trkpt lat="49.1705129" lon="11.0811668">
        <ele>8444</ele>
        <time>2026-07-13T17:36:48Z</time>
        <hdop>7.1</hdop>
        <extensions>
          <osmand:speed>229.3</osmand:speed>
        </extensions>
      </trkpt>
      <trkpt lat="49.1758369" lon="11.0641819">
        <ele>8414</ele>
        <time>2026-07-13T17:36:54Z</time>
        <hdop>6.6</hdop>
        <extensions>
          <osmand:speed>229.2</osmand:speed>
        </extensions>
      </trkpt>
      <trkpt lat="49.1811699" lon="11.0471759">
        <ele>8382</ele>
        <time>2026-07-13T17:37:00Z</time>
        <hdop>10.7</hdop>
        <extensions>
          <osmand:speed>229.3</osmand:speed>
        </extensions>
      </trkpt>
      <trkpt lat="49.1864806" lon="11.0301642">
        <ele>8351</ele>
        <time>2026-07-13T17:37:06Z</time>
        <hdop>9.7</hdop>
        <extensions>
          <osmand:speed>229.1</osmand:speed>
        </extensions>
      </trkpt>
      <trkpt lat="49.191788" lon="11.0131766">
        <ele>8323</ele>
        <time>2026-07-13T17:37:12Z</time>
        <hdop>8.7</hdop>
        <extensions>
          <osmand:speed>228.9</osmand:speed>
        </extensions>
      </trkpt>
      <trkpt lat="49.1970881" lon="10.9961692">
        <ele>8294.6</ele>
        <time>2026-07-13T17:37:18Z</time>
        <hdop>8.7</hdop>
        <extensions>
          <osmand:speed>229</osmand:speed>
        </extensions>
      </trkpt>
      <trkpt lat="49.2023814" lon="10.9791448">
        <ele>8266.6</ele>
        <time>2026-07-13T17:37:24Z</time>
        <hdop>11.2</hdop>
        <extensions>
          <osmand:speed>229.2</osmand:speed>
        </extensions>
      </trkpt>
      <trkpt lat="49.2077019" lon="10.9621005">
        <ele>8234.6</ele>
        <time>2026-07-13T17:37:30Z</time>
        <hdop>11.2</hdop>
        <extensions>
          <osmand:speed>229.6</osmand:speed>
        </extensions>
      </trkpt>
      <trkpt lat="49.2130172" lon="10.9450321">
        <ele>8201.6</ele>
        <time>2026-07-13T17:37:36Z</time>
        <hdop>8.7</hdop>
        <extensions>
          <osmand:speed>229.8</osmand:speed>
        </extensions>
      </trkpt>
      <trkpt lat="49.2183371" lon="10.9279419">
        <ele>8165.6</ele>
        <time>2026-07-13T17:37:42Z</time>
        <hdop>8.7</hdop>
        <extensions>
          <osmand:speed>230.3</osmand:speed>
        </extensions>
      </trkpt>
      <trkpt lat="49.2236581" lon="10.9108129">
        <ele>8129.6</ele>
        <time>2026-07-13T17:37:48Z</time>
        <hdop>8.2</hdop>
        <extensions>
          <osmand:speed>230.5</osmand:speed>
        </extensions>
      </trkpt>
      <trkpt lat="49.2289693" lon="10.8936733">
        <ele>8096.6</ele>
        <time>2026-07-13T17:37:54Z</time>
        <hdop>7.7</hdop>
        <extensions>
          <osmand:speed>230.7</osmand:speed>
        </extensions>
      </trkpt>
      <trkpt lat="49.2342919" lon="10.8765085">
        <ele>8061.6</ele>
        <time>2026-07-13T17:38:00Z</time>
        <hdop>7.7</hdop>
        <extensions>
          <osmand:speed>230.9</osmand:speed>
        </extensions>
      </trkpt>
      <trkpt lat="49.23963" lon="10.8593216">
        <ele>8026.6</ele>
        <time>2026-07-13T17:38:06Z</time>
        <hdop>5.6</hdop>
        <extensions>
          <osmand:speed>231.2</osmand:speed>
        </extensions>
      </trkpt>
      <trkpt lat="49.2449625" lon="10.8420963">
        <ele>7993.6</ele>
        <time>2026-07-13T17:38:12Z</time>
        <hdop>5.1</hdop>
        <extensions>
          <osmand:speed>231.7</osmand:speed>
        </extensions>
      </trkpt>
      <trkpt lat="49.2503213" lon="10.8248267">
        <ele>7959.7</ele>
        <time>2026-07-13T17:38:18Z</time>
        <hdop>5.1</hdop>
        <extensions>
          <osmand:speed>232.4</osmand:speed>
        </extensions>
      </trkpt>
      <trkpt lat="49.2556861" lon="10.8075237">
        <ele>7924.7</ele>
        <time>2026-07-13T17:38:24Z</time>
        <hdop>4.6</hdop>
        <extensions>
          <osmand:speed>232.7</osmand:speed>
        </extensions>
      </trkpt>
      <trkpt lat="49.2611312" lon="10.790278">
        <ele>7887.7</ele>
        <time>2026-07-13T17:38:30Z</time>
        <hdop>6.1</hdop>
        <extensions>
          <osmand:speed>232.5</osmand:speed>
        </extensions>
      </trkpt>
      <trkpt lat="49.266906" lon="10.773296">
        <ele>7851.7</ele>
        <time>2026-07-13T17:38:36Z</time>
        <hdop>7.1</hdop>
        <extensions>
          <osmand:speed>232.4</osmand:speed>
        </extensions>
      </trkpt>
      <trkpt lat="49.2729262" lon="10.756492">
        <ele>7812.7</ele>
        <time>2026-07-13T17:38:42Z</time>
        <hdop>9.2</hdop>
        <extensions>
          <osmand:speed>232.5</osmand:speed>
        </extensions>
      </trkpt>
      <trkpt lat="49.2795258" lon="10.7402016">
        <ele>7783.3</ele>
        <time>2026-07-13T17:38:48Z</time>
        <hdop>13.3</hdop>
        <extensions>
          <osmand:speed>234.7</osmand:speed>
        </extensions>
      </trkpt>
      <trkpt lat="49.2863959" lon="10.7241356">
        <ele>7751.3</ele>
        <time>2026-07-13T17:38:54Z</time>
        <hdop>15.8</hdop>
        <extensions>
          <osmand:speed>233</osmand:speed>
        </extensions>
      </trkpt>
      <trkpt lat="49.2933315" lon="10.708106">
        <ele>7720.3</ele>
        <time>2026-07-13T17:39:00Z</time>
        <hdop>9.2</hdop>
        <extensions>
          <osmand:speed>233.2</osmand:speed>
        </extensions>
      </trkpt>
      <trkpt lat="49.3001968" lon="10.6920327">
        <ele>7682.3</ele>
        <time>2026-07-13T17:39:06Z</time>
        <hdop>7.1</hdop>
        <extensions>
          <osmand:speed>233.5</osmand:speed>
        </extensions>
      </trkpt>
      <trkpt lat="49.3070671" lon="10.6759176">
        <ele>7648.3</ele>
        <time>2026-07-13T17:39:12Z</time>
        <hdop>5.6</hdop>
        <extensions>
          <osmand:speed>233.6</osmand:speed>
        </extensions>
      </trkpt>
      <trkpt lat="49.31395" lon="10.6598004">
        <ele>7610.3</ele>
        <time>2026-07-13T17:39:18Z</time>
        <hdop>5.6</hdop>
        <extensions>
          <osmand:speed>233.2</osmand:speed>
        </extensions>
      </trkpt>
      <trkpt lat="49.3208155" lon="10.6437133">
        <ele>7572.3</ele>
        <time>2026-07-13T17:39:24Z</time>
        <hdop>5.6</hdop>
        <extensions>
          <osmand:speed>232.8</osmand:speed>
        </extensions>
      </trkpt>
      <trkpt lat="49.3276585" lon="10.6276434">
        <ele>7535.3</ele>
        <time>2026-07-13T17:39:30Z</time>
        <hdop>5.6</hdop>
        <extensions>
          <osmand:speed>232.4</osmand:speed>
        </extensions>
      </trkpt>
      <trkpt lat="49.3344851" lon="10.6116187">
        <ele>7502.3</ele>
        <time>2026-07-13T17:39:36Z</time>
        <hdop>6.6</hdop>
        <extensions>
          <osmand:speed>231.7</osmand:speed>
        </extensions>
      </trkpt>
      <trkpt lat="49.3412884" lon="10.5956547">
        <ele>7468.3</ele>
        <time>2026-07-13T17:39:42Z</time>
        <hdop>6.1</hdop>
        <extensions>
          <osmand:speed>230.9</osmand:speed>
        </extensions>
      </trkpt>
      <trkpt lat="49.348072" lon="10.5797346">
        <ele>7435.3</ele>
        <time>2026-07-13T17:39:48Z</time>
        <hdop>4.6</hdop>
        <extensions>
          <osmand:speed>230.4</osmand:speed>
        </extensions>
      </trkpt>
      <trkpt lat="49.3548599" lon="10.5638069">
        <ele>7403.3</ele>
        <time>2026-07-13T17:39:54Z</time>
        <hdop>4.1</hdop>
        <extensions>
          <osmand:speed>230.6</osmand:speed>
        </extensions>
      </trkpt>
      <trkpt lat="49.3616485" lon="10.5478736">
        <ele>7371.3</ele>
        <time>2026-07-13T17:40:00Z</time>
        <hdop>3.6</hdop>
        <extensions>
          <osmand:speed>230.5</osmand:speed>
        </extensions>
      </trkpt>
      <trkpt lat="49.3684318" lon="10.5319501">
        <ele>7335.3</ele>
        <time>2026-07-13T17:40:06Z</time>
        <hdop>4.6</hdop>
        <extensions>
          <osmand:speed>230.1</osmand:speed>
        </extensions>
      </trkpt>
      <trkpt lat="49.3752036" lon="10.5160537">
        <ele>7300.3</ele>
        <time>2026-07-13T17:40:12Z</time>
        <hdop>5.6</hdop>
        <extensions>
          <osmand:speed>229.6</osmand:speed>
        </extensions>
      </trkpt>
      <trkpt lat="49.3819414" lon="10.5002067">
        <ele>7265.3</ele>
        <time>2026-07-13T17:40:18Z</time>
        <hdop>5.1</hdop>
        <extensions>
          <osmand:speed>229.1</osmand:speed>
        </extensions>
      </trkpt>
      <trkpt lat="49.3886749" lon="10.4843885">
        <ele>7230.9</ele>
        <time>2026-07-13T17:40:24Z</time>
        <hdop>4.6</hdop>
        <extensions>
          <osmand:speed>228.4</osmand:speed>
        </extensions>
      </trkpt>
      <trkpt lat="49.3953893" lon="10.468594">
        <ele>7198.9</ele>
        <time>2026-07-13T17:40:30Z</time>
        <hdop>4.1</hdop>
        <extensions>
          <osmand:speed>228.1</osmand:speed>
        </extensions>
      </trkpt>
      <trkpt lat="49.4020953" lon="10.4528212">
        <ele>7166.9</ele>
        <time>2026-07-13T17:40:36Z</time>
        <hdop>4.6</hdop>
        <extensions>
          <osmand:speed>227.9</osmand:speed>
        </extensions>
      </trkpt>
      <trkpt lat="49.4087914" lon="10.4370717">
        <ele>7133.9</ele>
        <time>2026-07-13T17:40:42Z</time>
        <hdop>5.6</hdop>
        <extensions>
          <osmand:speed>227.4</osmand:speed>
        </extensions>
      </trkpt>
      <trkpt lat="49.4154734" lon="10.421356">
        <ele>7099.9</ele>
        <time>2026-07-13T17:40:48Z</time>
        <hdop>5.1</hdop>
        <extensions>
          <osmand:speed>226.8</osmand:speed>
        </extensions>
      </trkpt>
      <trkpt lat="49.4221235" lon="10.4056651">
        <ele>7068.9</ele>
        <time>2026-07-13T17:40:54Z</time>
        <hdop>13.3</hdop>
        <extensions>
          <osmand:speed>226.3</osmand:speed>
        </extensions>
      </trkpt>
      <trkpt lat="49.4287729" lon="10.3900287">
        <ele>7034.9</ele>
        <time>2026-07-13T17:41:00Z</time>
        <hdop>12.8</hdop>
        <extensions>
          <osmand:speed>225.8</osmand:speed>
        </extensions>
      </trkpt>
      <trkpt lat="49.4354143" lon="10.3744132">
        <ele>7002.9</ele>
        <time>2026-07-13T17:41:06Z</time>
        <hdop>14.3</hdop>
        <extensions>
          <osmand:speed>225.5</osmand:speed>
        </extensions>
      </trkpt>
      <trkpt lat="49.44203" lon="10.3587953">
        <ele>6968.9</ele>
        <time>2026-07-13T17:41:12Z</time>
        <hdop>12.2</hdop>
        <extensions>
          <osmand:speed>225.1</osmand:speed>
        </extensions>
      </trkpt>
      <trkpt lat="49.4486179" lon="10.3431917">
        <ele>6938.9</ele>
        <time>2026-07-13T17:41:18Z</time>
        <hdop>8.2</hdop>
        <extensions>
          <osmand:speed>224.9</osmand:speed>
        </extensions>
      </trkpt>
      <trkpt lat="49.4552178" lon="10.3275699">
        <ele>6905.9</ele>
        <time>2026-07-13T17:41:24Z</time>
        <hdop>8.7</hdop>
        <extensions>
          <osmand:speed>225.1</osmand:speed>
        </extensions>
      </trkpt>
      <trkpt lat="49.4618234" lon="10.3119405">
        <ele>6871.9</ele>
        <time>2026-07-13T17:41:30Z</time>
        <hdop>11.7</hdop>
        <extensions>
          <osmand:speed>225.3</osmand:speed>
        </extensions>
      </trkpt>
      <trkpt lat="49.4684255" lon="10.2963097">
        <ele>6837.9</ele>
        <time>2026-07-13T17:41:36Z</time>
        <hdop>8.7</hdop>
        <extensions>
          <osmand:speed>225.3</osmand:speed>
        </extensions>
      </trkpt>
      <trkpt lat="49.475027" lon="10.2806874">
        <ele>6804.9</ele>
        <time>2026-07-13T17:41:42Z</time>
        <hdop>11.2</hdop>
        <extensions>
          <osmand:speed>225.1</osmand:speed>
        </extensions>
      </trkpt>
      <trkpt lat="49.4816351" lon="10.2650727">
        <ele>6770.9</ele>
        <time>2026-07-13T17:41:48Z</time>
        <hdop>8.7</hdop>
        <extensions>
          <osmand:speed>225.1</osmand:speed>
        </extensions>
      </trkpt>
      <trkpt lat="49.4882362" lon="10.2494422">
        <ele>6735.5</ele>
        <time>2026-07-13T17:41:54Z</time>
        <hdop>8.7</hdop>
        <extensions>
          <osmand:speed>225.2</osmand:speed>
        </extensions>
      </trkpt>
      <trkpt lat="49.4948437" lon="10.2337921">
        <ele>6700.5</ele>
        <time>2026-07-13T17:42:00Z</time>
        <hdop>8.7</hdop>
        <extensions>
          <osmand:speed>225.6</osmand:speed>
        </extensions>
      </trkpt>
      <trkpt lat="49.5014547" lon="10.2180964">
        <ele>6664.8</ele>
        <time>2026-07-13T17:42:06Z</time>
        <hdop>6.6</hdop>
        <extensions>
          <osmand:speed>225.8</osmand:speed>
        </extensions>
      </trkpt>
      <trkpt lat="49.5080519" lon="10.2023823">
        <ele>6629.8</ele>
        <time>2026-07-13T17:42:12Z</time>
        <hdop>6.6</hdop>
        <extensions>
          <osmand:speed>225.8</osmand:speed>
        </extensions>
      </trkpt>
      <trkpt lat="49.5146455" lon="10.1866584">
        <ele>6595.8</ele>
        <time>2026-07-13T17:42:18Z</time>
        <hdop>5.6</hdop>
        <extensions>
          <osmand:speed>226.5</osmand:speed>
        </extensions>
      </trkpt>
      <trkpt lat="49.5212564" lon="10.1709012">
        <ele>6558.8</ele>
        <time>2026-07-13T17:42:24Z</time>
        <hdop>5.1</hdop>
        <extensions>
          <osmand:speed>226.4</osmand:speed>
        </extensions>
      </trkpt>
      <trkpt lat="49.5278609" lon="10.1551962">
        <ele>6523.8</ele>
        <time>2026-07-13T17:42:30Z</time>
        <hdop>5.1</hdop>
        <extensions>
          <osmand:speed>225.5</osmand:speed>
        </extensions>
      </trkpt>
      <trkpt lat="49.5344406" lon="10.1395747">
        <ele>6490.8</ele>
        <time>2026-07-13T17:42:36Z</time>
        <hdop>5.6</hdop>
        <extensions>
          <osmand:speed>224.3</osmand:speed>
        </extensions>
      </trkpt>
      <trkpt lat="49.541001" lon="10.1240077">
        <ele>6453.8</ele>
        <time>2026-07-13T17:42:42Z</time>
        <hdop>3.6</hdop>
        <extensions>
          <osmand:speed>223.1</osmand:speed>
        </extensions>
      </trkpt>
      <trkpt lat="49.5475263" lon="10.1085172">
        <ele>6421.8</ele>
        <time>2026-07-13T17:42:48Z</time>
        <hdop>4.6</hdop>
        <extensions>
          <osmand:speed>222.5</osmand:speed>
        </extensions>
      </trkpt>
      <trkpt lat="49.5540219" lon="10.0930763">
        <ele>6390.8</ele>
        <time>2026-07-13T17:42:54Z</time>
        <hdop>6.6</hdop>
        <extensions>
          <osmand:speed>221.6</osmand:speed>
        </extensions>
      </trkpt>
      <trkpt lat="49.5604852" lon="10.077638">
        <ele>6359.8</ele>
        <time>2026-07-13T17:43:00Z</time>
        <hdop>7.7</hdop>
        <extensions>
          <osmand:speed>221.6</osmand:speed>
        </extensions>
      </trkpt>
      <trkpt lat="49.5669421" lon="10.0621821">
        <ele>6327.8</ele>
        <time>2026-07-13T17:43:06Z</time>
        <hdop>7.7</hdop>
        <extensions>
          <osmand:speed>221.8</osmand:speed>
        </extensions>
      </trkpt>
      <trkpt lat="49.5733801" lon="10.0467169">
        <ele>6294.8</ele>
        <time>2026-07-13T17:43:12Z</time>
        <hdop>7.1</hdop>
        <extensions>
          <osmand:speed>221.5</osmand:speed>
        </extensions>
      </trkpt>
      <trkpt lat="49.5798214" lon="10.031282">
        <ele>6258.8</ele>
        <time>2026-07-13T17:43:18Z</time>
        <hdop>6.1</hdop>
        <extensions>
          <osmand:speed>221.2</osmand:speed>
        </extensions>
      </trkpt>
      <trkpt lat="49.5862594" lon="10.0158528">
        <ele>6223.8</ele>
        <time>2026-07-13T17:43:24Z</time>
        <hdop>5.6</hdop>
        <extensions>
          <osmand:speed>221</osmand:speed>
        </extensions>
      </trkpt>
      <trkpt lat="49.5926957" lon="10.0004457">
        <ele>6187.8</ele>
        <time>2026-07-13T17:43:30Z</time>
        <hdop>5.6</hdop>
        <extensions>
          <osmand:speed>220.8</osmand:speed>
        </extensions>
      </trkpt>
      <trkpt lat="49.5991316" lon="9.9850756">
        <ele>6152.5</ele>
        <time>2026-07-13T17:43:36Z</time>
        <hdop>5.6</hdop>
        <extensions>
          <osmand:speed>220.6</osmand:speed>
        </extensions>
      </trkpt>
      <trkpt lat="49.6055852" lon="9.9697082">
        <ele>6117.5</ele>
        <time>2026-07-13T17:43:42Z</time>
        <hdop>4.6</hdop>
        <extensions>
          <osmand:speed>220.4</osmand:speed>
        </extensions>
      </trkpt>
      <trkpt lat="49.6120315" lon="9.9543672">
        <ele>6082.5</ele>
        <time>2026-07-13T17:43:48Z</time>
        <hdop>6.6</hdop>
        <extensions>
          <osmand:speed>220.2</osmand:speed>
        </extensions>
      </trkpt>
      <trkpt lat="49.6184761" lon="9.9390408">
        <ele>6049.5</ele>
        <time>2026-07-13T17:43:54Z</time>
        <hdop>7.1</hdop>
        <extensions>
          <osmand:speed>220</osmand:speed>
        </extensions>
      </trkpt>
      <trkpt lat="49.624913" lon="9.9236988">
        <ele>6015.5</ele>
        <time>2026-07-13T17:44:00Z</time>
        <hdop>8.2</hdop>
        <extensions>
          <osmand:speed>220</osmand:speed>
        </extensions>
      </trkpt>
      <trkpt lat="49.6313448" lon="9.908381">
        <ele>5981.5</ele>
        <time>2026-07-13T17:44:06Z</time>
        <hdop>8.2</hdop>
        <extensions>
          <osmand:speed>220</osmand:speed>
        </extensions>
      </trkpt>
      <trkpt lat="49.6377556" lon="9.8930306">
        <ele>5949.5</ele>
        <time>2026-07-13T17:44:12Z</time>
        <hdop>7.7</hdop>
        <extensions>
          <osmand:speed>219.8</osmand:speed>
        </extensions>
      </trkpt>
      <trkpt lat="49.6441528" lon="9.8776938">
        <ele>5916.5</ele>
        <time>2026-07-13T17:44:18Z</time>
        <hdop>9.7</hdop>
        <extensions>
          <osmand:speed>219.5</osmand:speed>
        </extensions>
      </trkpt>
      <trkpt lat="49.6505312" lon="9.862384">
        <ele>5883.5</ele>
        <time>2026-07-13T17:44:24Z</time>
        <hdop>9.2</hdop>
        <extensions>
          <osmand:speed>218.8</osmand:speed>
        </extensions>
      </trkpt>
      <trkpt lat="49.6568878" lon="9.8470778">
        <ele>5850.5</ele>
        <time>2026-07-13T17:44:30Z</time>
        <hdop>11.2</hdop>
        <extensions>
          <osmand:speed>218.5</osmand:speed>
        </extensions>
      </trkpt>
      <trkpt lat="49.6632182" lon="9.8317926">
        <ele>5815.5</ele>
        <time>2026-07-13T17:44:36Z</time>
        <hdop>9.7</hdop>
        <extensions>
          <osmand:speed>218.2</osmand:speed>
        </extensions>
      </trkpt>
      <trkpt lat="49.6695449" lon="9.8165428">
        <ele>5780.5</ele>
        <time>2026-07-13T17:44:42Z</time>
        <hdop>11.2</hdop>
        <extensions>
          <osmand:speed>217.8</osmand:speed>
        </extensions>
      </trkpt>
      <trkpt lat="49.6758591" lon="9.8013038">
        <ele>5747.5</ele>
        <time>2026-07-13T17:44:48Z</time>
        <hdop>10.7</hdop>
        <extensions>
          <osmand:speed>217.5</osmand:speed>
        </extensions>
      </trkpt>
      <trkpt lat="49.6821668" lon="9.7860456">
        <ele>5715.5</ele>
        <time>2026-07-13T17:44:54Z</time>
        <hdop>11.2</hdop>
        <extensions>
          <osmand:speed>217.9</osmand:speed>
        </extensions>
      </trkpt>
      <trkpt lat="49.6884868" lon="9.7707807">
        <ele>5681.5</ele>
        <time>2026-07-13T17:45:00Z</time>
        <hdop>9.7</hdop>
        <extensions>
          <osmand:speed>218.4</osmand:speed>
        </extensions>
      </trkpt>
      <trkpt lat="49.6948066" lon="9.7554479">
        <ele>5647.5</ele>
        <time>2026-07-13T17:45:06Z</time>
        <hdop>6.1</hdop>
        <extensions>
          <osmand:speed>219.4</osmand:speed>
        </extensions>
      </trkpt>
      <trkpt lat="49.7011743" lon="9.7400426">
        <ele>5610.5</ele>
        <time>2026-07-13T17:45:12Z</time>
        <hdop>6.1</hdop>
        <extensions>
          <osmand:speed>219.8</osmand:speed>
        </extensions>
      </trkpt>
      <trkpt lat="49.7075496" lon="9.724659">
        <ele>5572.5</ele>
        <time>2026-07-13T17:45:18Z</time>
        <hdop>6.1</hdop>
        <extensions>
          <osmand:speed>219.6</osmand:speed>
        </extensions>
      </trkpt>
      <trkpt lat="49.7139215" lon="9.7092947">
        <ele>5535.5</ele>
        <time>2026-07-13T17:45:24Z</time>
        <hdop>6.1</hdop>
        <extensions>
          <osmand:speed>219.1</osmand:speed>
        </extensions>
      </trkpt>
      <trkpt lat="49.7202751" lon="9.6939399">
        <ele>5501.5</ele>
        <time>2026-07-13T17:45:30Z</time>
        <hdop>4.6</hdop>
        <extensions>
          <osmand:speed>218.8</osmand:speed>
        </extensions>
      </trkpt>
      <trkpt lat="49.7266522" lon="9.6786464">
        <ele>5472.5</ele>
        <time>2026-07-13T17:45:36Z</time>
        <hdop>10.7</hdop>
        <extensions>
          <osmand:speed>218.2</osmand:speed>
        </extensions>
      </trkpt>
      <trkpt lat="49.732988" lon="9.6633655">
        <ele>5438.5</ele>
        <time>2026-07-13T17:45:42Z</time>
        <hdop>10.7</hdop>
        <extensions>
          <osmand:speed>217.8</osmand:speed>
        </extensions>
      </trkpt>
      <trkpt lat="49.739281" lon="9.6480957">
        <ele>5403.5</ele>
        <time>2026-07-13T17:45:48Z</time>
        <hdop>10.7</hdop>
        <extensions>
          <osmand:speed>217.5</osmand:speed>
        </extensions>
      </trkpt>
      <trkpt lat="49.7455342" lon="9.6328411">
        <ele>5371.5</ele>
        <time>2026-07-13T17:45:54Z</time>
        <hdop>10.2</hdop>
        <extensions>
          <osmand:speed>216.8</osmand:speed>
        </extensions>
      </trkpt>
      <trkpt lat="49.7517681" lon="9.6176605">
        <ele>5336.6</ele>
        <time>2026-07-13T17:46:00Z</time>
        <hdop>9.7</hdop>
        <extensions>
          <osmand:speed>215.6</osmand:speed>
        </extensions>
      </trkpt>
      <trkpt lat="49.7579915" lon="9.6025638">
        <ele>5303.6</ele>
        <time>2026-07-13T17:46:06Z</time>
        <hdop>8.7</hdop>
        <extensions>
          <osmand:speed>214.5</osmand:speed>
        </extensions>
      </trkpt>
      <trkpt lat="49.7641829" lon="9.5875422">
        <ele>5270.6</ele>
        <time>2026-07-13T17:46:12Z</time>
        <hdop>9.2</hdop>
        <extensions>
          <osmand:speed>213.3</osmand:speed>
        </extensions>
      </trkpt>
      <trkpt lat="49.7703357" lon="9.5725902">
        <ele>5230.6</ele>
        <time>2026-07-13T17:46:18Z</time>
        <hdop>9.7</hdop>
        <extensions>
          <osmand:speed>212.3</osmand:speed>
        </extensions>
      </trkpt>
      <trkpt lat="49.7764526" lon="9.5577085">
        <ele>5186.6</ele>
        <time>2026-07-13T17:46:24Z</time>
        <hdop>8.2</hdop>
        <extensions>
          <osmand:speed>211.5</osmand:speed>
        </extensions>
      </trkpt>
      <trkpt lat="49.7825472" lon="9.5428908">
        <ele>5141.6</ele>
        <time>2026-07-13T17:46:30Z</time>
        <hdop>9.2</hdop>
        <extensions>
          <osmand:speed>210.3</osmand:speed>
        </extensions>
      </trkpt>
      <trkpt lat="49.7886207" lon="9.5281647">
        <ele>5092.6</ele>
        <time>2026-07-13T17:46:36Z</time>
        <hdop>9.7</hdop>
        <extensions>
          <osmand:speed>208.6</osmand:speed>
        </extensions>
      </trkpt>
      <trkpt lat="49.7945901" lon="9.5136225">
        <ele>5042.6</ele>
        <time>2026-07-13T17:46:42Z</time>
        <hdop>10.7</hdop>
        <extensions>
          <osmand:speed>205.5</osmand:speed>
        </extensions>
      </trkpt>
      <trkpt lat="49.800476" lon="9.4992778">
        <ele>4992.6</ele>
        <time>2026-07-13T17:46:48Z</time>
        <hdop>12.2</hdop>
        <extensions>
          <osmand:speed>202.1</osmand:speed>
        </extensions>
      </trkpt>
      <trkpt lat="49.8062697" lon="9.4851385">
        <ele>4947.6</ele>
        <time>2026-07-13T17:46:54Z</time>
        <hdop>9.7</hdop>
        <extensions>
          <osmand:speed>199.5</osmand:speed>
        </extensions>
      </trkpt>
      <trkpt lat="49.8120044" lon="9.4711873">
        <ele>4902.6</ele>
        <time>2026-07-13T17:47:00Z</time>
        <hdop>11.2</hdop>
        <extensions>
          <osmand:speed>197</osmand:speed>
        </extensions>
      </trkpt>
      <trkpt lat="49.8176514" lon="9.4574497">
        <ele>4858.6</ele>
        <time>2026-07-13T17:47:06Z</time>
        <hdop>10.2</hdop>
        <extensions>
          <osmand:speed>194.2</osmand:speed>
        </extensions>
      </trkpt>
      <trkpt lat="49.823208" lon="9.4438884">
        <ele>4811.6</ele>
        <time>2026-07-13T17:47:12Z</time>
        <hdop>9.7</hdop>
        <extensions>
          <osmand:speed>191.8</osmand:speed>
        </extensions>
      </trkpt>
      <trkpt lat="49.8287043" lon="9.4304831">
        <ele>4763.6</ele>
        <time>2026-07-13T17:47:18Z</time>
        <hdop>11.2</hdop>
        <extensions>
          <osmand:speed>189.5</osmand:speed>
        </extensions>
      </trkpt>
      <trkpt lat="49.8341372" lon="9.4172177">
        <ele>4717.6</ele>
        <time>2026-07-13T17:47:24Z</time>
        <hdop>9.7</hdop>
        <extensions>
          <osmand:speed>187.2</osmand:speed>
        </extensions>
      </trkpt>
      <trkpt lat="49.8395225" lon="9.4041069">
        <ele>4671.6</ele>
        <time>2026-07-13T17:47:30Z</time>
        <hdop>10.7</hdop>
        <extensions>
          <osmand:speed>185.5</osmand:speed>
        </extensions>
      </trkpt>
      <trkpt lat="49.8448563" lon="9.3911162">
        <ele>4623.6</ele>
        <time>2026-07-13T17:47:36Z</time>
        <hdop>9.2</hdop>
        <extensions>
          <osmand:speed>183.6</osmand:speed>
        </extensions>
      </trkpt>
      <trkpt lat="49.8501217" lon="9.3782467">
        <ele>4570.6</ele>
        <time>2026-07-13T17:47:42Z</time>
        <hdop>10.2</hdop>
        <extensions>
          <osmand:speed>182.1</osmand:speed>
        </extensions>
      </trkpt>
      <trkpt lat="49.8552388" lon="9.3652639">
        <ele>4523.6</ele>
        <time>2026-07-13T17:47:48Z</time>
        <hdop>14.3</hdop>
        <extensions>
          <osmand:speed>182.3</osmand:speed>
        </extensions>
      </trkpt>
      <trkpt lat="49.8597592" lon="9.3517729">
        <ele>4477.6</ele>
        <time>2026-07-13T17:47:54Z</time>
        <hdop>16.3</hdop>
        <extensions>
          <osmand:speed>182.3</osmand:speed>
        </extensions>
      </trkpt>
      <trkpt lat="49.8635867" lon="9.3377734">
        <ele>4425.6</ele>
        <time>2026-07-13T17:48:00Z</time>
        <hdop>15.8</hdop>
        <extensions>
          <osmand:speed>182.2</osmand:speed>
        </extensions>
      </trkpt>
      <trkpt lat="49.8667049" lon="9.3233155">
        <ele>4377.6</ele>
        <time>2026-07-13T17:48:06Z</time>
        <hdop>11.7</hdop>
        <extensions>
          <osmand:speed>182.8</osmand:speed>
        </extensions>
      </trkpt>
      <trkpt lat="49.8696189" lon="9.3087183">
        <ele>4325.6</ele>
        <time>2026-07-13T17:48:12Z</time>
        <hdop>9.7</hdop>
        <extensions>
          <osmand:speed>183.2</osmand:speed>
        </extensions>
      </trkpt>
      <trkpt lat="49.8724791" lon="9.2941133">
        <ele>4275.6</ele>
        <time>2026-07-13T17:48:18Z</time>
        <hdop>10.7</hdop>
        <extensions>
          <osmand:speed>182.8</osmand:speed>
        </extensions>
      </trkpt>
      <trkpt lat="49.8752889" lon="9.2795289">
        <ele>4223.6</ele>
        <time>2026-07-13T17:48:24Z</time>
        <hdop>5.6</hdop>
        <extensions>
          <osmand:speed>182.9</osmand:speed>
        </extensions>
      </trkpt>
      <trkpt lat="49.8781147" lon="9.264923">
        <ele>4170.6</ele>
        <time>2026-07-13T17:48:30Z</time>
        <hdop>2</hdop>
        <extensions>
          <osmand:speed>182.6</osmand:speed>
        </extensions>
      </trkpt>
      <trkpt lat="49.8809338" lon="9.2503342">
        <ele>4115.6</ele>
        <time>2026-07-13T17:48:36Z</time>
        <hdop>2.6</hdop>
        <extensions>
          <osmand:speed>182.7</osmand:speed>
        </extensions>
      </trkpt>
      <trkpt lat="49.8837469" lon="9.2357253">
        <ele>4061.8</ele>
        <time>2026-07-13T17:48:42Z</time>
        <hdop>2</hdop>
        <extensions>
          <osmand:speed>182.5</osmand:speed>
        </extensions>
      </trkpt>
      <trkpt lat="49.8865611" lon="9.221129">
        <ele>4010.8</ele>
        <time>2026-07-13T17:48:48Z</time>
        <hdop>1.5</hdop>
        <extensions>
          <osmand:speed>182.5</osmand:speed>
        </extensions>
      </trkpt>
      <trkpt lat="49.8893661" lon="9.2065282">
        <ele>3960.8</ele>
        <time>2026-07-13T17:48:54Z</time>
        <hdop>2</hdop>
        <extensions>
          <osmand:speed>182.4</osmand:speed>
        </extensions>
      </trkpt>
      <trkpt lat="49.8921688" lon="9.1919533">
        <ele>3910.8</ele>
        <time>2026-07-13T17:49:00Z</time>
        <hdop>2</hdop>
        <extensions>
          <osmand:speed>182</osmand:speed>
        </extensions>
      </trkpt>
      <trkpt lat="49.8949597" lon="9.1773935">
        <ele>3860.8</ele>
        <time>2026-07-13T17:49:06Z</time>
        <hdop>2</hdop>
        <extensions>
          <osmand:speed>181.8</osmand:speed>
        </extensions>
      </trkpt>
      <trkpt lat="49.8977407" lon="9.1628423">
        <ele>3809.8</ele>
        <time>2026-07-13T17:49:12Z</time>
        <hdop>1</hdop>
        <extensions>
          <osmand:speed>181.8</osmand:speed>
        </extensions>
      </trkpt>
      <trkpt lat="49.9005217" lon="9.1482863">
        <ele>3760.8</ele>
        <time>2026-07-13T17:49:18Z</time>
        <hdop>2</hdop>
        <extensions>
          <osmand:speed>181.9</osmand:speed>
        </extensions>
      </trkpt>
      <trkpt lat="49.903311" lon="9.133698">
        <ele>3710.8</ele>
        <time>2026-07-13T17:49:24Z</time>
        <hdop>1.5</hdop>
        <extensions>
          <osmand:speed>182.4</osmand:speed>
        </extensions>
      </trkpt>
      <trkpt lat="49.9061053" lon="9.1190604">
        <ele>3661.8</ele>
        <time>2026-07-13T17:49:30Z</time>
        <hdop>2</hdop>
        <extensions>
          <osmand:speed>183.2</osmand:speed>
        </extensions>
      </trkpt>
      <trkpt lat="49.9088936" lon="9.1043658">
        <ele>3613.8</ele>
        <time>2026-07-13T17:49:36Z</time>
        <hdop>1.5</hdop>
        <extensions>
          <osmand:speed>183.7</osmand:speed>
        </extensions>
      </trkpt>
      <trkpt lat="49.9116981" lon="9.0896275">
        <ele>3576.8</ele>
        <time>2026-07-13T17:49:42Z</time>
        <hdop>1.5</hdop>
        <extensions>
          <osmand:speed>184.4</osmand:speed>
        </extensions>
      </trkpt>
      <trkpt lat="49.9145132" lon="9.0748017">
        <ele>3552.8</ele>
        <time>2026-07-13T17:49:48Z</time>
        <hdop>2.6</hdop>
        <extensions>
          <osmand:speed>185.8</osmand:speed>
        </extensions>
      </trkpt>
      <trkpt lat="49.9173429" lon="9.0598196">
        <ele>3540.8</ele>
        <time>2026-07-13T17:49:54Z</time>
        <hdop>7.7</hdop>
        <extensions>
          <osmand:speed>187.8</osmand:speed>
        </extensions>
      </trkpt>
      <trkpt lat="49.9201803" lon="9.0447136">
        <ele>3535.8</ele>
        <time>2026-07-13T17:50:00Z</time>
        <hdop>7.1</hdop>
        <extensions>
          <osmand:speed>189</osmand:speed>
        </extensions>
      </trkpt>
      <trkpt lat="49.9230337" lon="9.0295503">
        <ele>3534.8</ele>
        <time>2026-07-13T17:50:06Z</time>
        <hdop>7.7</hdop>
        <extensions>
          <osmand:speed>189.4</osmand:speed>
        </extensions>
      </trkpt>
      <trkpt lat="49.9258961" lon="9.0143698">
        <ele>3535.8</ele>
        <time>2026-07-13T17:50:12Z</time>
        <hdop>6.1</hdop>
        <extensions>
          <osmand:speed>189.3</osmand:speed>
        </extensions>
      </trkpt>
      <trkpt lat="49.9287699" lon="8.9992067">
        <ele>3538.9</ele>
        <time>2026-07-13T17:50:18Z</time>
        <hdop>6.1</hdop>
        <extensions>
          <osmand:speed>189.1</osmand:speed>
        </extensions>
      </trkpt>
      <trkpt lat="49.9316641" lon="8.9840942">
        <ele>3540.9</ele>
        <time>2026-07-13T17:50:24Z</time>
        <hdop>8.7</hdop>
        <extensions>
          <osmand:speed>188.4</osmand:speed>
        </extensions>
      </trkpt>
      <trkpt lat="49.9345977" lon="8.9690168">
        <ele>3542.9</ele>
        <time>2026-07-13T17:50:30Z</time>
        <hdop>24.5</hdop>
        <extensions>
          <osmand:speed>188.8</osmand:speed>
        </extensions>
      </trkpt>
      <trkpt lat="49.9375036" lon="8.9538925">
        <ele>3547.9</ele>
        <time>2026-07-13T17:50:36Z</time>
        <hdop>27.6</hdop>
        <extensions>
          <osmand:speed>189.1</osmand:speed>
        </extensions>
      </trkpt>
      <trkpt lat="49.9403656" lon="8.9388531">
        <ele>3545.9</ele>
        <time>2026-07-13T17:50:42Z</time>
        <hdop>33.7</hdop>
        <extensions>
          <osmand:speed>188</osmand:speed>
        </extensions>
      </trkpt>
      <trkpt lat="49.9440684" lon="8.9237394">
        <ele>3574.9</ele>
        <time>2026-07-13T17:50:50Z</time>
        <hdop>22.4</hdop>
        <extensions>
          <osmand:speed>120.9</osmand:speed>
        </extensions>
      </trkpt>
      <trkpt lat="49.9639198" lon="8.8148452">
        <ele>3546.9</ele>
        <time>2026-07-13T17:51:32Z</time>
        <hdop>14.8</hdop>
        <extensions>
          <osmand:speed>193.5</osmand:speed>
        </extensions>
      </trkpt>
      <trkpt lat="49.9667961" lon="8.799928">
        <ele>3539.9</ele>
        <time>2026-07-13T17:51:38Z</time>
        <hdop>4.6</hdop>
        <extensions>
          <osmand:speed>186.9</osmand:speed>
        </extensions>
      </trkpt>
      <trkpt lat="49.9696486" lon="8.7849415">
        <ele>3536.9</ele>
        <time>2026-07-13T17:51:44Z</time>
        <hdop>9.7</hdop>
        <extensions>
          <osmand:speed>186.6</osmand:speed>
        </extensions>
      </trkpt>
      <trkpt lat="49.9725094" lon="8.7699182">
        <ele>3523.9</ele>
        <time>2026-07-13T17:51:50Z</time>
        <hdop>14.8</hdop>
        <extensions>
          <osmand:speed>186.9</osmand:speed>
        </extensions>
      </trkpt>
      <trkpt lat="49.9753563" lon="8.7549426">
        <ele>3494.9</ele>
        <time>2026-07-13T17:51:56Z</time>
        <hdop>18.4</hdop>
        <extensions>
          <osmand:speed>186.8</osmand:speed>
        </extensions>
      </trkpt>
      <trkpt lat="49.9778071" lon="8.7399141">
        <ele>3460.9</ele>
        <time>2026-07-13T17:52:02Z</time>
        <hdop>36.7</hdop>
        <extensions>
          <osmand:speed>184.2</osmand:speed>
        </extensions>
      </trkpt>
      <trkpt lat="49.9791205" lon="8.7245439">
        <ele>3423.9</ele>
        <time>2026-07-13T17:52:08Z</time>
        <hdop>33.2</hdop>
        <extensions>
          <osmand:speed>184.6</osmand:speed>
        </extensions>
      </trkpt>
      <trkpt lat="49.9588924" lon="8.6141333">
        <ele>3178.9</ele>
        <time>2026-07-13T17:52:53Z</time>
        <hdop>49.5</hdop>
        <extensions>
          <osmand:speed>182.5</osmand:speed>
        </extensions>
      </trkpt>
      <trkpt lat="49.9549836" lon="8.6001096">
        <ele>3174.9</ele>
        <time>2026-07-13T17:52:59Z</time>
        <hdop>15.8</hdop>
        <extensions>
          <osmand:speed>182.1</osmand:speed>
        </extensions>
      </trkpt>
      <trkpt lat="49.9514052" lon="8.5859443">
        <ele>3147.9</ele>
        <time>2026-07-13T17:53:05Z</time>
        <hdop>18.9</hdop>
        <extensions>
          <osmand:speed>182</osmand:speed>
        </extensions>
      </trkpt>
      <trkpt lat="49.9478475" lon="8.5716818">
        <ele>3118.9</ele>
        <time>2026-07-13T17:53:11Z</time>
        <hdop>18.9</hdop>
        <extensions>
          <osmand:speed>183.3</osmand:speed>
        </extensions>
      </trkpt>
      <trkpt lat="49.9443058" lon="8.5574042">
        <ele>3091.9</ele>
        <time>2026-07-13T17:53:17Z</time>
        <hdop>19.4</hdop>
        <extensions>
          <osmand:speed>183.6</osmand:speed>
        </extensions>
      </trkpt>
      <trkpt lat="49.9407832" lon="8.5430147">
        <ele>3060.9</ele>
        <time>2026-07-13T17:53:23Z</time>
        <hdop>18.4</hdop>
        <extensions>
          <osmand:speed>184.2</osmand:speed>
        </extensions>
      </trkpt>
      <trkpt lat="49.9372535" lon="8.5286362">
        <ele>3029.9</ele>
        <time>2026-07-13T17:53:29Z</time>
        <hdop>17.9</hdop>
        <extensions>
          <osmand:speed>184.5</osmand:speed>
        </extensions>
      </trkpt>
      <trkpt lat="49.9337252" lon="8.5142611">
        <ele>2995.9</ele>
        <time>2026-07-13T17:53:35Z</time>
        <hdop>17.9</hdop>
        <extensions>
          <osmand:speed>183.9</osmand:speed>
        </extensions>
      </trkpt>
      <trkpt lat="49.9301859" lon="8.4998964">
        <ele>2959.7</ele>
        <time>2026-07-13T17:53:41Z</time>
        <hdop>17.3</hdop>
        <extensions>
          <osmand:speed>184.2</osmand:speed>
        </extensions>
      </trkpt>
      <trkpt lat="49.9266733" lon="8.4855092">
        <ele>2930.7</ele>
        <time>2026-07-13T17:53:47Z</time>
        <hdop>18.9</hdop>
        <extensions>
          <osmand:speed>184</osmand:speed>
        </extensions>
      </trkpt>
      <trkpt lat="49.9231778" lon="8.4711343">
        <ele>2897.7</ele>
        <time>2026-07-13T17:53:53Z</time>
        <hdop>17.9</hdop>
        <extensions>
          <osmand:speed>183.1</osmand:speed>
        </extensions>
      </trkpt>
      <trkpt lat="49.9197857" lon="8.4568481">
        <ele>2846.7</ele>
        <time>2026-07-13T17:53:59Z</time>
        <hdop>17.3</hdop>
        <extensions>
          <osmand:speed>182.2</osmand:speed>
        </extensions>
      </trkpt>
      <trkpt lat="49.9163566" lon="8.4427535">
        <ele>2789.7</ele>
        <time>2026-07-13T17:54:05Z</time>
        <hdop>18.4</hdop>
        <extensions>
          <osmand:speed>179.4</osmand:speed>
        </extensions>
      </trkpt>
      <trkpt lat="49.9129893" lon="8.4287819">
        <ele>2732.7</ele>
        <time>2026-07-13T17:54:11Z</time>
        <hdop>18.9</hdop>
        <extensions>
          <osmand:speed>178.6</osmand:speed>
        </extensions>
      </trkpt>
      <trkpt lat="49.9096651" lon="8.4150125">
        <ele>2668.7</ele>
        <time>2026-07-13T17:54:17Z</time>
        <hdop>16.3</hdop>
        <extensions>
          <osmand:speed>174.4</osmand:speed>
        </extensions>
      </trkpt>
      <trkpt lat="49.9064414" lon="8.4015032">
        <ele>2611.7</ele>
        <time>2026-07-13T17:54:23Z</time>
        <hdop>15.3</hdop>
        <extensions>
          <osmand:speed>171.2</osmand:speed>
        </extensions>
      </trkpt>
      <trkpt lat="49.9032512" lon="8.3882179">
        <ele>2553.7</ele>
        <time>2026-07-13T17:54:29Z</time>
        <hdop>15.3</hdop>
        <extensions>
          <osmand:speed>168.4</osmand:speed>
        </extensions>
      </trkpt>
      <trkpt lat="49.9001087" lon="8.3751552">
        <ele>2493.7</ele>
        <time>2026-07-13T17:54:35Z</time>
        <hdop>13.3</hdop>
        <extensions>
          <osmand:speed>165.7</osmand:speed>
        </extensions>
      </trkpt>
      <trkpt lat="49.8970177" lon="8.3622674">
        <ele>2431.7</ele>
        <time>2026-07-13T17:54:41Z</time>
        <hdop>12.8</hdop>
        <extensions>
          <osmand:speed>163.6</osmand:speed>
        </extensions>
      </trkpt>
      <trkpt lat="49.8939423" lon="8.3495775">
        <ele>2363.7</ele>
        <time>2026-07-13T17:54:47Z</time>
        <hdop>7.7</hdop>
        <extensions>
          <osmand:speed>161.3</osmand:speed>
        </extensions>
      </trkpt>
      <trkpt lat="49.8909068" lon="8.3370288">
        <ele>2296.7</ele>
        <time>2026-07-13T17:54:53Z</time>
        <hdop>7.7</hdop>
        <extensions>
          <osmand:speed>159.7</osmand:speed>
        </extensions>
      </trkpt>
      <trkpt lat="49.8878837" lon="8.3246203">
        <ele>2229.7</ele>
        <time>2026-07-13T17:54:59Z</time>
        <hdop>6.6</hdop>
        <extensions>
          <osmand:speed>158.1</osmand:speed>
        </extensions>
      </trkpt>
      <trkpt lat="49.8848932" lon="8.3123379">
        <ele>2165.7</ele>
        <time>2026-07-13T17:55:05Z</time>
        <hdop>6.6</hdop>
        <extensions>
          <osmand:speed>156.5</osmand:speed>
        </extensions>
      </trkpt>
      <trkpt lat="49.881932" lon="8.3001332">
        <ele>2104.7</ele>
        <time>2026-07-13T17:55:11Z</time>
        <hdop>5.6</hdop>
        <extensions>
          <osmand:speed>156.2</osmand:speed>
        </extensions>
      </trkpt>
      <trkpt lat="49.8789616" lon="8.2879368">
        <ele>2041.7</ele>
        <time>2026-07-13T17:55:17Z</time>
        <hdop>6.6</hdop>
        <extensions>
          <osmand:speed>156.4</osmand:speed>
        </extensions>
      </trkpt>
      <trkpt lat="49.87597" lon="8.2757121">
        <ele>1974.7</ele>
        <time>2026-07-13T17:55:23Z</time>
        <hdop>6.6</hdop>
        <extensions>
          <osmand:speed>157</osmand:speed>
        </extensions>
      </trkpt>
      <trkpt lat="49.8729662" lon="8.2634391">
        <ele>1904.7</ele>
        <time>2026-07-13T17:55:29Z</time>
        <hdop>6.6</hdop>
        <extensions>
          <osmand:speed>157.4</osmand:speed>
        </extensions>
      </trkpt>
      <trkpt lat="49.8699657" lon="8.2511334">
        <ele>1834.7</ele>
        <time>2026-07-13T17:55:35Z</time>
        <hdop>6.6</hdop>
        <extensions>
          <osmand:speed>157.9</osmand:speed>
        </extensions>
      </trkpt>
      <trkpt lat="49.8669513" lon="8.2387863">
        <ele>1763.5</ele>
        <time>2026-07-13T17:55:41Z</time>
        <hdop>6.1</hdop>
        <extensions>
          <osmand:speed>158.3</osmand:speed>
        </extensions>
      </trkpt>
      <trkpt lat="49.8639273" lon="8.22642">
        <ele>1694.5</ele>
        <time>2026-07-13T17:55:47Z</time>
        <hdop>7.1</hdop>
        <extensions>
          <osmand:speed>158.7</osmand:speed>
        </extensions>
      </trkpt>
      <trkpt lat="49.8608989" lon="8.2140414">
        <ele>1628.5</ele>
        <time>2026-07-13T17:55:53Z</time>
        <hdop>6.1</hdop>
        <extensions>
          <osmand:speed>158.9</osmand:speed>
        </extensions>
      </trkpt>
      <trkpt lat="49.8578652" lon="8.2016164">
        <ele>1562.5</ele>
        <time>2026-07-13T17:55:59Z</time>
        <hdop>5.6</hdop>
        <extensions>
          <osmand:speed>159.2</osmand:speed>
        </extensions>
      </trkpt>
      <trkpt lat="49.854827" lon="8.1891992">
        <ele>1495.5</ele>
        <time>2026-07-13T17:56:05Z</time>
        <hdop>7.1</hdop>
        <extensions>
          <osmand:speed>159.4</osmand:speed>
        </extensions>
      </trkpt>
      <trkpt lat="49.8517942" lon="8.1767306">
        <ele>1431.5</ele>
        <time>2026-07-13T17:56:11Z</time>
        <hdop>6.1</hdop>
        <extensions>
          <osmand:speed>159.6</osmand:speed>
        </extensions>
      </trkpt>
      <trkpt lat="49.8487692" lon="8.1642749">
        <ele>1378.5</ele>
        <time>2026-07-13T17:56:17Z</time>
        <hdop>6.1</hdop>
        <extensions>
          <osmand:speed>159.2</osmand:speed>
        </extensions>
      </trkpt>
      <trkpt lat="49.8457913" lon="8.1518838">
        <ele>1337.5</ele>
        <time>2026-07-13T17:56:23Z</time>
        <hdop>7.1</hdop>
        <extensions>
          <osmand:speed>157.7</osmand:speed>
        </extensions>
      </trkpt>
      <trkpt lat="49.8428899" lon="8.139608">
        <ele>1310.5</ele>
        <time>2026-07-13T17:56:29Z</time>
        <hdop>7.7</hdop>
        <extensions>
          <osmand:speed>155.3</osmand:speed>
        </extensions>
      </trkpt>
      <trkpt lat="49.8408143" lon="8.1272473">
        <ele>1298.5</ele>
        <time>2026-07-13T17:56:35Z</time>
        <hdop>10.7</hdop>
        <extensions>
          <osmand:speed>151</osmand:speed>
        </extensions>
      </trkpt>
      <trkpt lat="49.8401684" lon="8.1149465">
        <ele>1298.5</ele>
        <time>2026-07-13T17:56:41Z</time>
        <hdop>8.2</hdop>
        <extensions>
          <osmand:speed>145.2</osmand:speed>
        </extensions>
      </trkpt>
      <trkpt lat="49.8409307" lon="8.103153">
        <ele>1299.5</ele>
        <time>2026-07-13T17:56:47Z</time>
        <hdop>5.6</hdop>
        <extensions>
          <osmand:speed>140.4</osmand:speed>
        </extensions>
      </trkpt>
      <trkpt lat="49.8428278" lon="8.0919684">
        <ele>1298.5</ele>
        <time>2026-07-13T17:56:53Z</time>
        <hdop>5.1</hdop>
        <extensions>
          <osmand:speed>137.3</osmand:speed>
        </extensions>
      </trkpt>
      <trkpt lat="49.8452395" lon="8.0812474">
        <ele>1295.5</ele>
        <time>2026-07-13T17:56:59Z</time>
        <hdop>5.6</hdop>
        <extensions>
          <osmand:speed>135.5</osmand:speed>
        </extensions>
      </trkpt>
      <trkpt lat="49.8480674" lon="8.07088">
        <ele>1291.5</ele>
        <time>2026-07-13T17:57:05Z</time>
        <hdop>7.1</hdop>
        <extensions>
          <osmand:speed>133.9</osmand:speed>
        </extensions>
      </trkpt>
      <trkpt lat="49.8518716" lon="8.061529">
        <ele>1288.5</ele>
        <time>2026-07-13T17:57:11Z</time>
        <hdop>7.1</hdop>
        <extensions>
          <osmand:speed>131.6</osmand:speed>
        </extensions>
      </trkpt>
      <trkpt lat="49.8567311" lon="8.0536844">
        <ele>1293.5</ele>
        <time>2026-07-13T17:57:17Z</time>
        <hdop>3.6</hdop>
        <extensions>
          <osmand:speed>129.3</osmand:speed>
        </extensions>
      </trkpt>
      <trkpt lat="49.8623997" lon="8.047594">
        <ele>1294.5</ele>
        <time>2026-07-13T17:57:23Z</time>
        <hdop>4.1</hdop>
        <extensions>
          <osmand:speed>127.2</osmand:speed>
        </extensions>
      </trkpt>
      <trkpt lat="49.8685756" lon="8.0431749">
        <ele>1296.5</ele>
        <time>2026-07-13T17:57:29Z</time>
        <hdop>5.6</hdop>
        <extensions>
          <osmand:speed>125.6</osmand:speed>
        </extensions>
      </trkpt>
      <trkpt lat="49.8750793" lon="8.0405158">
        <ele>1296.5</ele>
        <time>2026-07-13T17:57:35Z</time>
        <hdop>5.1</hdop>
        <extensions>
          <osmand:speed>124.2</osmand:speed>
        </extensions>
      </trkpt>
      <trkpt lat="49.8817071" lon="8.0400239">
        <ele>1297.5</ele>
        <time>2026-07-13T17:57:41Z</time>
        <hdop>4.1</hdop>
        <extensions>
          <osmand:speed>122.4</osmand:speed>
        </extensions>
      </trkpt>
      <trkpt lat="49.8881633" lon="8.0417082">
        <ele>1298.5</ele>
        <time>2026-07-13T17:57:47Z</time>
        <hdop>5.6</hdop>
        <extensions>
          <osmand:speed>121.1</osmand:speed>
        </extensions>
      </trkpt>
      <trkpt lat="49.8941674" lon="8.0454561">
        <ele>1297.5</ele>
        <time>2026-07-13T17:57:53Z</time>
        <hdop>4.6</hdop>
        <extensions>
          <osmand:speed>119.6</osmand:speed>
        </extensions>
      </trkpt>
      <trkpt lat="49.8995277" lon="8.0509225">
        <ele>1298.5</ele>
        <time>2026-07-13T17:57:59Z</time>
        <hdop>4.1</hdop>
        <extensions>
          <osmand:speed>118.6</osmand:speed>
        </extensions>
      </trkpt>
      <trkpt lat="49.9044646" lon="8.0572037">
        <ele>1297.5</ele>
        <time>2026-07-13T17:58:05Z</time>
        <hdop>3.1</hdop>
        <extensions>
          <osmand:speed>118.5</osmand:speed>
        </extensions>
      </trkpt>
      <trkpt lat="49.9088479" lon="8.0643799">
        <ele>1297.5</ele>
        <time>2026-07-13T17:58:11Z</time>
        <hdop>4.6</hdop>
        <extensions>
          <osmand:speed>118.6</osmand:speed>
        </extensions>
      </trkpt>
      <trkpt lat="49.9126553" lon="8.0723079">
        <ele>1300.5</ele>
        <time>2026-07-13T17:58:17Z</time>
        <hdop>4.6</hdop>
        <extensions>
          <osmand:speed>118.2</osmand:speed>
        </extensions>
      </trkpt>
      <trkpt lat="49.9159612" lon="8.0807542">
        <ele>1302.5</ele>
        <time>2026-07-13T17:58:23Z</time>
        <hdop>5.1</hdop>
        <extensions>
          <osmand:speed>118.6</osmand:speed>
        </extensions>
      </trkpt>
      <trkpt lat="49.918977" lon="8.0894627">
        <ele>1300.5</ele>
        <time>2026-07-13T17:58:29Z</time>
        <hdop>6.6</hdop>
        <extensions>
          <osmand:speed>118.3</osmand:speed>
        </extensions>
      </trkpt>
      <trkpt lat="49.9217106" lon="8.0984198">
        <ele>1297.5</ele>
        <time>2026-07-13T17:58:35Z</time>
        <hdop>6.6</hdop>
        <extensions>
          <osmand:speed>118.9</osmand:speed>
        </extensions>
      </trkpt>
      <trkpt lat="49.9242281" lon="8.1075518">
        <ele>1295.5</ele>
        <time>2026-07-13T17:58:41Z</time>
        <hdop>6.1</hdop>
        <extensions>
          <osmand:speed>119.1</osmand:speed>
        </extensions>
      </trkpt>
      <trkpt lat="49.9266519" lon="8.1167615">
        <ele>1293.5</ele>
        <time>2026-07-13T17:58:47Z</time>
        <hdop>5.6</hdop>
        <extensions>
          <osmand:speed>119</osmand:speed>
        </extensions>
      </trkpt>
      <trkpt lat="49.9289921" lon="8.1260051">
        <ele>1291.5</ele>
        <time>2026-07-13T17:58:53Z</time>
        <hdop>5.6</hdop>
        <extensions>
          <osmand:speed>118.9</osmand:speed>
        </extensions>
      </trkpt>
      <trkpt lat="49.9312905" lon="8.1352649">
        <ele>1290.5</ele>
        <time>2026-07-13T17:58:59Z</time>
        <hdop>5.1</hdop>
        <extensions>
          <osmand:speed>118.6</osmand:speed>
        </extensions>
      </trkpt>
      <trkpt lat="49.9335055" lon="8.144534">
        <ele>1289.5</ele>
        <time>2026-07-13T17:59:05Z</time>
        <hdop>6.1</hdop>
        <extensions>
          <osmand:speed>118.2</osmand:speed>
        </extensions>
      </trkpt>
      <trkpt lat="49.9357316" lon="8.1537943">
        <ele>1290.5</ele>
        <time>2026-07-13T17:59:11Z</time>
        <hdop>7.1</hdop>
        <extensions>
          <osmand:speed>118.3</osmand:speed>
        </extensions>
      </trkpt>
      <trkpt lat="49.9379994" lon="8.1630565">
        <ele>1290.5</ele>
        <time>2026-07-13T17:59:17Z</time>
        <hdop>5.6</hdop>
        <extensions>
          <osmand:speed>118.4</osmand:speed>
        </extensions>
      </trkpt>
      <trkpt lat="49.9402722" lon="8.1723049">
        <ele>1291.5</ele>
        <time>2026-07-13T17:59:23Z</time>
        <hdop>7.1</hdop>
        <extensions>
          <osmand:speed>118.5</osmand:speed>
        </extensions>
      </trkpt>
      <trkpt lat="49.9425194" lon="8.1815964">
        <ele>1291.5</ele>
        <time>2026-07-13T17:59:29Z</time>
        <hdop>2.6</hdop>
        <extensions>
          <osmand:speed>118.5</osmand:speed>
        </extensions>
      </trkpt>
      <trkpt lat="49.9447307" lon="8.1907475">
        <ele>1288.5</ele>
        <time>2026-07-13T17:59:35Z</time>
        <hdop>3.1</hdop>
        <extensions>
          <osmand:speed>115.6</osmand:speed>
        </extensions>
      </trkpt>
      <trkpt lat="49.9469393" lon="8.1996332">
        <ele>1292.5</ele>
        <time>2026-07-13T17:59:41Z</time>
        <hdop>2.6</hdop>
        <extensions>
          <osmand:speed>111.6</osmand:speed>
        </extensions>
      </trkpt>
      <trkpt lat="49.9490575" lon="8.2082788">
        <ele>1292.5</ele>
        <time>2026-07-13T17:59:47Z</time>
        <hdop>3.1</hdop>
        <extensions>
          <osmand:speed>108.1</osmand:speed>
        </extensions>
      </trkpt>
      <trkpt lat="49.9511082" lon="8.2165697">
        <ele>1299.5</ele>
        <time>2026-07-13T17:59:53Z</time>
        <hdop>5.1</hdop>
        <extensions>
          <osmand:speed>105.2</osmand:speed>
        </extensions>
      </trkpt>
      <trkpt lat="49.9530835" lon="8.2247147">
        <ele>1301.5</ele>
        <time>2026-07-13T17:59:59Z</time>
        <hdop>6.1</hdop>
        <extensions>
          <osmand:speed>103</osmand:speed>
        </extensions>
      </trkpt>
      <trkpt lat="49.9550152" lon="8.2327079">
        <ele>1301.5</ele>
        <time>2026-07-13T18:00:05Z</time>
        <hdop>9.7</hdop>
        <extensions>
          <osmand:speed>101.2</osmand:speed>
        </extensions>
      </trkpt>
      <trkpt lat="49.9568753" lon="8.2405899">
        <ele>1292.5</ele>
        <time>2026-07-13T18:00:11Z</time>
        <hdop>6.6</hdop>
        <extensions>
          <osmand:speed>99.9</osmand:speed>
        </extensions>
      </trkpt>
      <trkpt lat="49.95876" lon="8.2483922">
        <ele>1276.5</ele>
        <time>2026-07-13T18:00:17Z</time>
        <hdop>5.6</hdop>
        <extensions>
          <osmand:speed>99.6</osmand:speed>
        </extensions>
      </trkpt>
      <trkpt lat="49.96067" lon="8.256169">
        <ele>1258.7</ele>
        <time>2026-07-13T18:00:23Z</time>
        <hdop>4.6</hdop>
        <extensions>
          <osmand:speed>99.4</osmand:speed>
        </extensions>
      </trkpt>
      <trkpt lat="49.9625696" lon="8.2639277">
        <ele>1237.7</ele>
        <time>2026-07-13T18:00:29Z</time>
        <hdop>3.6</hdop>
        <extensions>
          <osmand:speed>99.1</osmand:speed>
        </extensions>
      </trkpt>
      <trkpt lat="49.9644602" lon="8.2716647">
        <ele>1213.7</ele>
        <time>2026-07-13T18:00:35Z</time>
        <hdop>8.7</hdop>
        <extensions>
          <osmand:speed>98.5</osmand:speed>
        </extensions>
      </trkpt>
      <trkpt lat="49.9663266" lon="8.2793771">
        <ele>1184.7</ele>
        <time>2026-07-13T18:00:41Z</time>
        <hdop>12.8</hdop>
        <extensions>
          <osmand:speed>98.4</osmand:speed>
        </extensions>
      </trkpt>
      <trkpt lat="49.9681711" lon="8.287039">
        <ele>1154.7</ele>
        <time>2026-07-13T18:00:47Z</time>
        <hdop>13.3</hdop>
        <extensions>
          <osmand:speed>97.8</osmand:speed>
        </extensions>
      </trkpt>
      <trkpt lat="49.9700154" lon="8.2946736">
        <ele>1120.7</ele>
        <time>2026-07-13T18:00:53Z</time>
        <hdop>13.3</hdop>
        <extensions>
          <osmand:speed>97.4</osmand:speed>
        </extensions>
      </trkpt>
      <trkpt lat="49.9718506" lon="8.3022909">
        <ele>1084.7</ele>
        <time>2026-07-13T18:00:59Z</time>
        <hdop>13.8</hdop>
        <extensions>
          <osmand:speed>97.3</osmand:speed>
        </extensions>
      </trkpt>
      <trkpt lat="49.9736922" lon="8.3099127">
        <ele>1046.7</ele>
        <time>2026-07-13T18:01:05Z</time>
        <hdop>13.3</hdop>
        <extensions>
          <osmand:speed>97.5</osmand:speed>
        </extensions>
      </trkpt>
      <trkpt lat="49.9755434" lon="8.3175704">
        <ele>1006.7</ele>
        <time>2026-07-13T18:01:11Z</time>
        <hdop>11.2</hdop>
        <extensions>
          <osmand:speed>97.8</osmand:speed>
        </extensions>
      </trkpt>
      <trkpt lat="49.9774153" lon="8.3252182">
        <ele>969.7</ele>
        <time>2026-07-13T18:01:17Z</time>
        <hdop>10.2</hdop>
        <extensions>
          <osmand:speed>97.7</osmand:speed>
        </extensions>
      </trkpt>
      <trkpt lat="49.9792566" lon="8.3328701">
        <ele>934.7</ele>
        <time>2026-07-13T18:01:23Z</time>
        <hdop>11.2</hdop>
        <extensions>
          <osmand:speed>97.8</osmand:speed>
        </extensions>
      </trkpt>
      <trkpt lat="49.9810926" lon="8.3405158">
        <ele>900.7</ele>
        <time>2026-07-13T18:01:29Z</time>
        <hdop>8.2</hdop>
        <extensions>
          <osmand:speed>97.3</osmand:speed>
        </extensions>
      </trkpt>
      <trkpt lat="49.9829927" lon="8.3481197">
        <ele>875.7</ele>
        <time>2026-07-13T18:01:35Z</time>
        <hdop>4.6</hdop>
        <extensions>
          <osmand:speed>96.4</osmand:speed>
        </extensions>
      </trkpt>
      <trkpt lat="49.9847909" lon="8.3556553">
        <ele>848.7</ele>
        <time>2026-07-13T18:01:41Z</time>
        <hdop>4.1</hdop>
        <extensions>
          <osmand:speed>95.3</osmand:speed>
        </extensions>
      </trkpt>
      <trkpt lat="49.9866206" lon="8.3631184">
        <ele>825.7</ele>
        <time>2026-07-13T18:01:47Z</time>
        <hdop>5.1</hdop>
        <extensions>
          <osmand:speed>95.2</osmand:speed>
        </extensions>
      </trkpt>
      <trkpt lat="49.988421" lon="8.3705547">
        <ele>799.7</ele>
        <time>2026-07-13T18:01:53Z</time>
        <hdop>4.1</hdop>
        <extensions>
          <osmand:speed>94.9</osmand:speed>
        </extensions>
      </trkpt>
      <trkpt lat="49.9902092" lon="8.3779998">
        <ele>767.7</ele>
        <time>2026-07-13T18:01:59Z</time>
        <hdop>4.6</hdop>
        <extensions>
          <osmand:speed>94.9</osmand:speed>
        </extensions>
      </trkpt>
      <trkpt lat="49.9919756" lon="8.3854343">
        <ele>733.7</ele>
        <time>2026-07-13T18:02:05Z</time>
        <hdop>5.1</hdop>
        <extensions>
          <osmand:speed>94.5</osmand:speed>
        </extensions>
      </trkpt>
      <trkpt lat="49.993752" lon="8.3928977">
        <ele>695.7</ele>
        <time>2026-07-13T18:02:11Z</time>
        <hdop>12.2</hdop>
        <extensions>
          <osmand:speed>95</osmand:speed>
        </extensions>
      </trkpt>
      <trkpt lat="49.9955285" lon="8.4002919">
        <ele>666.7</ele>
        <time>2026-07-13T18:02:17Z</time>
        <hdop>11.2</hdop>
        <extensions>
          <osmand:speed>93.6</osmand:speed>
        </extensions>
      </trkpt>
      <trkpt lat="49.9972955" lon="8.4075714">
        <ele>643.7</ele>
        <time>2026-07-13T18:02:23Z</time>
        <hdop>9.7</hdop>
        <extensions>
          <osmand:speed>92.4</osmand:speed>
        </extensions>
      </trkpt>
      <trkpt lat="49.9993053" lon="8.4158991">
        <ele>602.7</ele>
        <time>2026-07-13T18:02:30Z</time>
        <hdop>12.2</hdop>
        <extensions>
          <osmand:speed>90</osmand:speed>
        </extensions>
      </trkpt>
      <trkpt lat="50.0009791" lon="8.4228048">
        <ele>573.6</ele>
        <time>2026-07-13T18:02:36Z</time>
        <hdop>3.6</hdop>
        <extensions>
          <osmand:speed>87.1</osmand:speed>
        </extensions>
      </trkpt>
      <trkpt lat="50.0026026" lon="8.4295755">
        <ele>541.6</ele>
        <time>2026-07-13T18:02:42Z</time>
        <hdop>4.6</hdop>
        <extensions>
          <osmand:speed>84.7</osmand:speed>
        </extensions>
      </trkpt>
      <trkpt lat="50.0041762" lon="8.436066">
        <ele>513.6</ele>
        <time>2026-07-13T18:02:48Z</time>
        <hdop>5.6</hdop>
        <extensions>
          <osmand:speed>81.6</osmand:speed>
        </extensions>
      </trkpt>
      <trkpt lat="50.0057058" lon="8.4424073">
        <ele>486.6</ele>
        <time>2026-07-13T18:02:54Z</time>
        <hdop>5.1</hdop>
        <extensions>
          <osmand:speed>80.2</osmand:speed>
        </extensions>
      </trkpt>
      <trkpt lat="50.0071593" lon="8.4485105">
        <ele>464.6</ele>
        <time>2026-07-13T18:03:00Z</time>
        <hdop>5.6</hdop>
        <extensions>
          <osmand:speed>76.6</osmand:speed>
        </extensions>
      </trkpt>
      <trkpt lat="50.0085542" lon="8.4543296">
        <ele>445.6</ele>
        <time>2026-07-13T18:03:06Z</time>
        <hdop>5.1</hdop>
        <extensions>
          <osmand:speed>73.2</osmand:speed>
        </extensions>
      </trkpt>
      <trkpt lat="50.0099186" lon="8.4599542">
        <ele>426.6</ele>
        <time>2026-07-13T18:03:12Z</time>
        <hdop>5.1</hdop>
        <extensions>
          <osmand:speed>70.2</osmand:speed>
        </extensions>
      </trkpt>
      <trkpt lat="50.0112257" lon="8.4654381">
        <ele>401.6</ele>
        <time>2026-07-13T18:03:18Z</time>
        <hdop>6.1</hdop>
        <extensions>
          <osmand:speed>69.7</osmand:speed>
        </extensions>
      </trkpt>
      <trkpt lat="50.0125083" lon="8.47087">
        <ele>376.6</ele>
        <time>2026-07-13T18:03:24Z</time>
        <hdop>5.6</hdop>
        <extensions>
          <osmand:speed>68.9</osmand:speed>
        </extensions>
      </trkpt>
      <trkpt lat="50.0138037" lon="8.4762719">
        <ele>356.6</ele>
        <time>2026-07-13T18:03:30Z</time>
        <hdop>12.2</hdop>
        <extensions>
          <osmand:speed>68.4</osmand:speed>
        </extensions>
      </trkpt>
      <trkpt lat="50.0150983" lon="8.4816368">
        <ele>333.6</ele>
        <time>2026-07-13T18:03:36Z</time>
        <hdop>13.3</hdop>
        <extensions>
          <osmand:speed>69</osmand:speed>
        </extensions>
      </trkpt>
      <trkpt lat="50.0163924" lon="8.4870736">
        <ele>311.6</ele>
        <time>2026-07-13T18:03:42Z</time>
        <hdop>10.7</hdop>
        <extensions>
          <osmand:speed>69.4</osmand:speed>
        </extensions>
      </trkpt>
      <trkpt lat="50.0176777" lon="8.4925244">
        <ele>289.6</ele>
        <time>2026-07-13T18:03:48Z</time>
        <hdop>10.2</hdop>
        <extensions>
          <osmand:speed>69.5</osmand:speed>
        </extensions>
      </trkpt>
      <trkpt lat="50.0189893" lon="8.4979274">
        <ele>266.6</ele>
        <time>2026-07-13T18:03:54Z</time>
        <hdop>10.7</hdop>
        <extensions>
          <osmand:speed>68.9</osmand:speed>
        </extensions>
      </trkpt>
      <trkpt lat="50.0203425" lon="8.5032974">
        <ele>245.7</ele>
        <time>2026-07-13T18:04:00Z</time>
        <hdop>4.6</hdop>
        <extensions>
          <osmand:speed>68.9</osmand:speed>
        </extensions>
      </trkpt>
      <trkpt lat="50.0216163" lon="8.5087489">
        <ele>222.7</ele>
        <time>2026-07-13T18:04:06Z</time>
        <hdop>5.6</hdop>
        <extensions>
          <osmand:speed>69.9</osmand:speed>
        </extensions>
      </trkpt>
      <trkpt lat="50.0228955" lon="8.5142385">
        <ele>199.7</ele>
        <time>2026-07-13T18:04:12Z</time>
        <hdop>6.6</hdop>
        <extensions>
          <osmand:speed>69.9</osmand:speed>
        </extensions>
      </trkpt>
      <trkpt lat="50.0241856" lon="8.5197225">
        <ele>174.7</ele>
        <time>2026-07-13T18:04:18Z</time>
        <hdop>11.7</hdop>
        <extensions>
          <osmand:speed>69.5</osmand:speed>
        </extensions>
      </trkpt>
      <trkpt lat="50.0254841" lon="8.525232">
        <ele>152.7</ele>
        <time>2026-07-13T18:04:24Z</time>
        <hdop>10.7</hdop>
        <extensions>
          <osmand:speed>69.9</osmand:speed>
        </extensions>
      </trkpt>
      <trkpt lat="50.0267874" lon="8.5306876">
        <ele>130.7</ele>
        <time>2026-07-13T18:04:30Z</time>
        <hdop>8.7</hdop>
        <extensions>
          <osmand:speed>69.3</osmand:speed>
        </extensions>
      </trkpt>
      <trkpt lat="50.0280745" lon="8.5360677">
        <ele>113.7</ele>
        <time>2026-07-13T18:04:36Z</time>
        <hdop>8.7</hdop>
        <extensions>
          <osmand:speed>68.2</osmand:speed>
        </extensions>
      </trkpt>
      <trkpt lat="50.0293381" lon="8.5413882">
        <ele>105.7</ele>
        <time>2026-07-13T18:04:42Z</time>
        <hdop>9.2</hdop>
        <extensions>
          <osmand:speed>66.8</osmand:speed>
        </extensions>
      </trkpt>
      <trkpt lat="50.0305623" lon="8.5462775">
        <ele>107.7</ele>
        <time>2026-07-13T18:04:48Z</time>
        <hdop>4.1</hdop>
        <extensions>
          <osmand:speed>56.5</osmand:speed>
        </extensions>
      </trkpt>
      <trkpt lat="50.0314888" lon="8.5502327">
        <ele>107.7</ele>
        <time>2026-07-13T18:04:54Z</time>
        <hdop>3.1</hdop>
        <extensions>
          <osmand:speed>44.4</osmand:speed>
        </extensions>
      </trkpt>
      <trkpt lat="50.032212" lon="8.5533365">
        <ele>104.7</ele>
        <time>2026-07-13T18:05:00Z</time>
        <hdop>2.6</hdop>
        <extensions>
          <osmand:speed>33.1</osmand:speed>
        </extensions>
      </trkpt>
      <trkpt lat="50.0327381" lon="8.5554719">
        <ele>104.7</ele>
        <time>2026-07-13T18:05:06Z</time>
        <hdop>2.6</hdop>
        <extensions>
          <osmand:speed>22.2</osmand:speed>
        </extensions>
      </trkpt>
      <trkpt lat="50.0333603" lon="8.5569776">
        <ele>105.7</ele>
        <time>2026-07-13T18:05:12Z</time>
        <hdop>2</hdop>
        <extensions>
          <osmand:speed>20.9</osmand:speed>
        </extensions>
      </trkpt>
      <trkpt lat="50.0341354" lon="8.5581768">
        <ele>104.7</ele>
        <time>2026-07-13T18:05:18Z</time>
        <hdop>3.6</hdop>
        <extensions>
          <osmand:speed>18.2</osmand:speed>
        </extensions>
      </trkpt>
      <trkpt lat="50.0348349" lon="8.5590842">
        <ele>104.7</ele>
        <time>2026-07-13T18:05:24Z</time>
        <hdop>4.6</hdop>
        <extensions>
          <osmand:speed>16.3</osmand:speed>
        </extensions>
      </trkpt>
      <trkpt lat="50.0355063" lon="8.5598879">
        <ele>101.7</ele>
        <time>2026-07-13T18:05:30Z</time>
        <hdop>4.6</hdop>
        <extensions>
          <osmand:speed>16.1</osmand:speed>
        </extensions>
      </trkpt>
      <trkpt lat="50.0361827" lon="8.5606706">
        <ele>104.7</ele>
        <time>2026-07-13T18:05:36Z</time>
        <hdop>5.6</hdop>
        <extensions>
          <osmand:speed>15.9</osmand:speed>
        </extensions>
      </trkpt>
      <trkpt lat="50.0366773" lon="8.5616562">
        <ele>107.7</ele>
        <time>2026-07-13T18:05:42Z</time>
        <hdop>5.1</hdop>
        <extensions>
          <osmand:speed>14.9</osmand:speed>
        </extensions>
      </trkpt>
      <trkpt lat="50.0369224" lon="8.5628219">
        <ele>107.7</ele>
        <time>2026-07-13T18:05:48Z</time>
        <hdop>4.6</hdop>
        <extensions>
          <osmand:speed>14.9</osmand:speed>
        </extensions>
      </trkpt>
      <trkpt lat="50.0371922" lon="8.5640024">
        <ele>112.7</ele>
        <time>2026-07-13T18:05:54Z</time>
        <hdop>2.6</hdop>
        <extensions>
          <osmand:speed>14.6</osmand:speed>
        </extensions>
      </trkpt>
      <trkpt lat="50.0375023" lon="8.565199">
        <ele>108.7</ele>
        <time>2026-07-13T18:06:00Z</time>
        <hdop>1.5</hdop>
        <extensions>
          <osmand:speed>15.3</osmand:speed>
        </extensions>
      </trkpt>
      <trkpt lat="50.0377776" lon="8.5663641">
        <ele>108.7</ele>
        <time>2026-07-13T18:06:06Z</time>
        <hdop>2</hdop>
        <extensions>
          <osmand:speed>15.1</osmand:speed>
        </extensions>
      </trkpt>
      <trkpt lat="50.0380578" lon="8.5675632">
        <ele>107.7</ele>
        <time>2026-07-13T18:06:12Z</time>
        <hdop>2</hdop>
        <extensions>
          <osmand:speed>15.2</osmand:speed>
        </extensions>
      </trkpt>
      <trkpt lat="50.0383492" lon="8.5687569">
        <ele>107.7</ele>
        <time>2026-07-13T18:06:18Z</time>
        <hdop>4.1</hdop>
        <extensions>
          <osmand:speed>15.1</osmand:speed>
        </extensions>
      </trkpt>
      <trkpt lat="50.0385972" lon="8.5699501">
        <ele>104.7</ele>
        <time>2026-07-13T18:06:24Z</time>
        <hdop>3.1</hdop>
        <extensions>
          <osmand:speed>15.1</osmand:speed>
        </extensions>
      </trkpt>
      <trkpt lat="50.0388734" lon="8.5711024">
        <ele>104.7</ele>
        <time>2026-07-13T18:06:30Z</time>
        <hdop>2.6</hdop>
        <extensions>
          <osmand:speed>14.4</osmand:speed>
        </extensions>
      </trkpt>
      <trkpt lat="50.0391231" lon="8.5722215">
        <ele>103.7</ele>
        <time>2026-07-13T18:06:36Z</time>
        <hdop>4.1</hdop>
        <extensions>
          <osmand:speed>13.9</osmand:speed>
        </extensions>
      </trkpt>
      <trkpt lat="50.0394013" lon="8.5733121">
        <ele>104.7</ele>
        <time>2026-07-13T18:06:42Z</time>
        <hdop>4.1</hdop>
        <extensions>
          <osmand:speed>13.7</osmand:speed>
        </extensions>
      </trkpt>
      <trkpt lat="50.0396579" lon="8.5743704">
        <ele>105.7</ele>
        <time>2026-07-13T18:06:48Z</time>
        <hdop>2.6</hdop>
        <extensions>
          <osmand:speed>13.3</osmand:speed>
        </extensions>
      </trkpt>
      <trkpt lat="50.039901" lon="8.5754129">
        <ele>103.7</ele>
        <time>2026-07-13T18:06:54Z</time>
        <hdop>2</hdop>
        <extensions>
          <osmand:speed>13.2</osmand:speed>
        </extensions>
      </trkpt>
      <trkpt lat="50.0401488" lon="8.5764692">
        <ele>103.7</ele>
        <time>2026-07-13T18:07:00Z</time>
        <hdop>4.6</hdop>
        <extensions>
          <osmand:speed>13</osmand:speed>
        </extensions>
      </trkpt>
      <trkpt lat="50.0403801" lon="8.577401">
        <ele>104.7</ele>
        <time>2026-07-13T18:07:06Z</time>
        <hdop>4.1</hdop>
        <extensions>
          <osmand:speed>9.9</osmand:speed>
        </extensions>
      </trkpt>
      <trkpt lat="50.0407266" lon="8.5779488">
        <ele>103.7</ele>
        <time>2026-07-13T18:07:12Z</time>
        <hdop>4.1</hdop>
        <extensions>
          <osmand:speed>9.3</osmand:speed>
        </extensions>
      </trkpt>
      <trkpt lat="50.0412585" lon="8.5780537">
        <ele>103.7</ele>
        <time>2026-07-13T18:07:18Z</time>
        <hdop>3.6</hdop>
        <extensions>
          <osmand:speed>10.4</osmand:speed>
        </extensions>
      </trkpt>
      <trkpt lat="50.0417744" lon="8.5777724">
        <ele>101.7</ele>
        <time>2026-07-13T18:07:24Z</time>
        <hdop>4.1</hdop>
        <extensions>
          <osmand:speed>10.9</osmand:speed>
        </extensions>
      </trkpt>
      <trkpt lat="50.0423313" lon="8.5774779">
        <ele>102.7</ele>
        <time>2026-07-13T18:07:30Z</time>
        <hdop>3.1</hdop>
        <extensions>
          <osmand:speed>11</osmand:speed>
        </extensions>
      </trkpt>
      <trkpt lat="50.0428737" lon="8.5771583">
        <ele>103.7</ele>
        <time>2026-07-13T18:07:36Z</time>
        <hdop>3.6</hdop>
        <extensions>
          <osmand:speed>10.5</osmand:speed>
        </extensions>
      </trkpt>
      <trkpt lat="50.0433818" lon="8.5768396">
        <ele>103.7</ele>
        <time>2026-07-13T18:07:42Z</time>
        <hdop>2</hdop>
        <extensions>
          <osmand:speed>9.1</osmand:speed>
        </extensions>
      </trkpt>
      <trkpt lat="50.0438133" lon="8.5765774">
        <ele>105.7</ele>
        <time>2026-07-13T18:07:48Z</time>
        <hdop>5.1</hdop>
        <extensions>
          <osmand:speed>8</osmand:speed>
        </extensions>
      </trkpt>
      <trkpt lat="50.0441576" lon="8.5762315">
        <ele>104.7</ele>
        <time>2026-07-13T18:07:54Z</time>
        <hdop>4.1</hdop>
        <extensions>
          <osmand:speed>7.4</osmand:speed>
        </extensions>
      </trkpt>
      <trkpt lat="50.0442707" lon="8.5755344">
        <ele>103.7</ele>
        <time>2026-07-13T18:08:00Z</time>
        <hdop>4.1</hdop>
        <extensions>
          <osmand:speed>8.7</osmand:speed>
        </extensions>
      </trkpt>
      <trkpt lat="50.0441349" lon="8.5748206">
        <ele>104.7</ele>
        <time>2026-07-13T18:08:06Z</time>
        <hdop>5.1</hdop>
        <extensions>
          <osmand:speed>8.7</osmand:speed>
        </extensions>
      </trkpt>
      <trkpt lat="50.0439536" lon="8.5740789">
        <ele>104.7</ele>
        <time>2026-07-13T18:08:12Z</time>
        <hdop>2.6</hdop>
        <extensions>
          <osmand:speed>9.5</osmand:speed>
        </extensions>
      </trkpt>
      <trkpt lat="50.0437676" lon="8.5733126">
        <ele>104.7</ele>
        <time>2026-07-13T18:08:18Z</time>
        <hdop>3.1</hdop>
        <extensions>
          <osmand:speed>9.9</osmand:speed>
        </extensions>
      </trkpt>
      <trkpt lat="50.0435855" lon="8.5724979">
        <ele>104.7</ele>
        <time>2026-07-13T18:08:24Z</time>
        <hdop>3.6</hdop>
        <extensions>
          <osmand:speed>10.2</osmand:speed>
        </extensions>
      </trkpt>
      <trkpt lat="50.043389" lon="8.5716742">
        <ele>104.7</ele>
        <time>2026-07-13T18:08:30Z</time>
        <hdop>3.6</hdop>
        <extensions>
          <osmand:speed>10.5</osmand:speed>
        </extensions>
      </trkpt>
      <trkpt lat="50.043197" lon="8.5708336">
        <ele>102.7</ele>
        <time>2026-07-13T18:08:36Z</time>
        <hdop>3.1</hdop>
        <extensions>
          <osmand:speed>10.8</osmand:speed>
        </extensions>
      </trkpt>
      <trkpt lat="50.0429882" lon="8.5699647">
        <ele>102.7</ele>
        <time>2026-07-13T18:08:42Z</time>
        <hdop>3.6</hdop>
        <extensions>
          <osmand:speed>11.1</osmand:speed>
        </extensions>
      </trkpt>
      <trkpt lat="50.0427744" lon="8.5690842">
        <ele>103.7</ele>
        <time>2026-07-13T18:08:48Z</time>
        <hdop>3.1</hdop>
        <extensions>
          <osmand:speed>11.1</osmand:speed>
        </extensions>
      </trkpt>
      <trkpt lat="50.0425641" lon="8.5682277">
        <ele>103.7</ele>
        <time>2026-07-13T18:08:54Z</time>
        <hdop>3.6</hdop>
        <extensions>
          <osmand:speed>10.8</osmand:speed>
        </extensions>
      </trkpt>
      <trkpt lat="50.0423551" lon="8.5673472">
        <ele>103.7</ele>
        <time>2026-07-13T18:09:00Z</time>
        <hdop>2.6</hdop>
        <extensions>
          <osmand:speed>11.5</osmand:speed>
        </extensions>
      </trkpt>
      <trkpt lat="50.0421235" lon="8.5664226">
        <ele>102.7</ele>
        <time>2026-07-13T18:09:06Z</time>
        <hdop>3.1</hdop>
        <extensions>
          <osmand:speed>12</osmand:speed>
        </extensions>
      </trkpt>
      <trkpt lat="50.0419093" lon="8.5654824">
        <ele>102.7</ele>
        <time>2026-07-13T18:09:12Z</time>
        <hdop>3.6</hdop>
        <extensions>
          <osmand:speed>11.7</osmand:speed>
        </extensions>
      </trkpt>
      <trkpt lat="50.0416837" lon="8.5645615">
        <ele>100.7</ele>
        <time>2026-07-13T18:09:18Z</time>
        <hdop>3.1</hdop>
        <extensions>
          <osmand:speed>11.9</osmand:speed>
        </extensions>
      </trkpt>
      <trkpt lat="50.0414537" lon="8.5636123">
        <ele>99.7</ele>
        <time>2026-07-13T18:09:24Z</time>
        <hdop>3.6</hdop>
        <extensions>
          <osmand:speed>12.3</osmand:speed>
        </extensions>
      </trkpt>
      <trkpt lat="50.0412267" lon="8.5626503">
        <ele>101.7</ele>
        <time>2026-07-13T18:09:30Z</time>
        <hdop>2.6</hdop>
        <extensions>
          <osmand:speed>12</osmand:speed>
        </extensions>
      </trkpt>
      <trkpt lat="50.04101" lon="8.561755">
        <ele>102.7</ele>
        <time>2026-07-13T18:09:36Z</time>
        <hdop>3.6</hdop>
        <extensions>
          <osmand:speed>10.6</osmand:speed>
        </extensions>
      </trkpt>
      <trkpt lat="50.040823" lon="8.5610265">
        <ele>103.7</ele>
        <time>2026-07-13T18:09:42Z</time>
        <hdop>2.6</hdop>
        <extensions>
          <osmand:speed>8.2</osmand:speed>
        </extensions>
      </trkpt>
      <trkpt lat="50.0407279" lon="8.5604408">
        <ele>99.7</ele>
        <time>2026-07-13T18:09:48Z</time>
        <hdop>12.2</hdop>
        <extensions>
          <osmand:speed>7</osmand:speed>
        </extensions>
      </trkpt>
      <trkpt lat="50.0408704" lon="8.5598814">
        <ele>98.7</ele>
        <time>2026-07-13T18:09:54Z</time>
        <hdop>8.7</hdop>
        <extensions>
          <osmand:speed>7.1</osmand:speed>
        </extensions>
      </trkpt>
      <trkpt lat="50.0411799" lon="8.5596137">
        <ele>100.7</ele>
        <time>2026-07-13T18:10:00Z</time>
        <hdop>9.2</hdop>
        <extensions>
          <osmand:speed>6.5</osmand:speed>
        </extensions>
      </trkpt>
      <trkpt lat="50.0415038" lon="8.5593828">
        <ele>104.7</ele>
        <time>2026-07-13T18:10:06Z</time>
        <hdop>8.2</hdop>
        <extensions>
          <osmand:speed>6.9</osmand:speed>
        </extensions>
      </trkpt>
      <trkpt lat="50.0418499" lon="8.5591313">
        <ele>103.7</ele>
        <time>2026-07-13T18:10:12Z</time>
        <hdop>7.7</hdop>
        <extensions>
          <osmand:speed>6.8</osmand:speed>
        </extensions>
      </trkpt>
      <trkpt lat="50.0421151" lon="8.5586144">
        <ele>103.7</ele>
        <time>2026-07-13T18:10:20Z</time>
        <hdop>9.7</hdop>
        <extensions>
          <osmand:speed>6.3</osmand:speed>
        </extensions>
      </trkpt>
      <trkpt lat="50.0420384" lon="8.5581292">
        <ele>106.7</ele>
        <time>2026-07-13T18:10:26Z</time>
        <hdop>14.3</hdop>
        <extensions>
          <osmand:speed>6</osmand:speed>
        </extensions>
      </trkpt>
      <trkpt lat="50.0418989" lon="8.5578562">
        <ele>106.7</ele>
        <time>2026-07-13T18:10:32Z</time>
        <hdop>10.2</hdop>
        <extensions>
          <osmand:speed>4</osmand:speed>
        </extensions>
      </trkpt>
      <trkpt lat="50.0416849" lon="8.5579314">
        <ele>105.7</ele>
        <time>2026-07-13T18:10:38Z</time>
        <hdop>7.7</hdop>
        <extensions>
          <osmand:speed>4.4</osmand:speed>
        </extensions>
      </trkpt>
      <trkpt lat="50.0414701" lon="8.5581051">
        <ele>106.7</ele>
        <time>2026-07-13T18:10:44Z</time>
        <hdop>8.7</hdop>
        <extensions>
          <osmand:speed>4.7</osmand:speed>
        </extensions>
      </trkpt>
      <trkpt lat="50.0412569" lon="8.5582057">
        <ele>106.7</ele>
        <time>2026-07-13T18:10:50Z</time>
        <hdop>10.2</hdop>
        <extensions>
          <osmand:speed>3</osmand:speed>
        </extensions>
      </trkpt>
      <trkpt lat="50.0411662" lon="8.5582525">
        <ele>106.7</ele>
        <time>2026-07-13T18:10:56Z</time>
        <hdop>10.2</hdop>
        <extensions>
          <osmand:speed>0.3</osmand:speed>
        </extensions>
      </trkpt>
      <trkpt lat="50.0411754" lon="8.5582569">
        <ele>106.7</ele>
        <time>2026-07-13T18:11:02Z</time>
        <hdop>10.2</hdop>
        <extensions>
          <osmand:speed>0</osmand:speed>
        </extensions>
      </trkpt>
      <trkpt lat="50.0411802" lon="8.5582466">
        <ele>106.7</ele>
        <time>2026-07-13T18:11:08Z</time>
        <hdop>5.1</hdop>
      </trkpt>
      <trkpt lat="50.0411802" lon="8.5582466">
        <ele>106.7</ele>
        <time>2026-07-13T18:11:14Z</time>
        <hdop>8.7</hdop>
      </trkpt>
      <trkpt lat="50.0411802" lon="8.5582466">
        <ele>106.7</ele>
        <time>2026-07-13T18:11:20Z</time>
        <hdop>8.7</hdop>
      </trkpt>
      <trkpt lat="50.0411663" lon="8.558357">
        <ele>105.7</ele>
        <time>2026-07-13T18:11:26Z</time>
        <hdop>7.7</hdop>
      </trkpt>
      <trkpt lat="50.0411663" lon="8.558357">
        <ele>105.7</ele>
        <time>2026-07-13T18:11:32Z</time>
        <hdop>7.7</hdop>
      </trkpt>
      <trkpt lat="50.0411663" lon="8.558357">
        <ele>105.7</ele>
        <time>2026-07-13T18:11:38Z</time>
        <hdop>8.7</hdop>
      </trkpt>
      <trkpt lat="50.0411663" lon="8.558357">
        <ele>105.7</ele>
        <time>2026-07-13T18:11:44Z</time>
        <hdop>10.2</hdop>
      </trkpt>
      <trkpt lat="50.0411663" lon="8.558357">
        <ele>105.7</ele>
        <time>2026-07-13T18:11:50Z</time>
        <hdop>6.1</hdop>
      </trkpt>
      <trkpt lat="50.0411663" lon="8.558357">
        <ele>105.7</ele>
        <time>2026-07-13T18:11:56Z</time>
        <hdop>8.7</hdop>
      </trkpt>
      <trkpt lat="50.0411663" lon="8.558357">
        <ele>105.7</ele>
        <time>2026-07-13T18:12:02Z</time>
        <hdop>8.7</hdop>
      </trkpt>
      <trkpt lat="50.0411663" lon="8.558357">
        <ele>105.7</ele>
        <time>2026-07-13T18:12:08Z</time>
        <hdop>7.7</hdop>
      </trkpt>
      <trkpt lat="50.0411663" lon="8.558357">
        <ele>105.7</ele>
        <time>2026-07-13T18:12:14Z</time>
        <hdop>8.2</hdop>
      </trkpt>
      <trkpt lat="50.0411663" lon="8.558357">
        <ele>105.7</ele>
        <time>2026-07-13T18:12:20Z</time>
        <hdop>8.2</hdop>
      </trkpt>
      <trkpt lat="50.0411663" lon="8.558357">
        <ele>105.7</ele>
        <time>2026-07-13T18:12:26Z</time>
        <hdop>9.2</hdop>
      </trkpt>
      <trkpt lat="50.0411663" lon="8.558357">
        <ele>105.7</ele>
        <time>2026-07-13T18:12:32Z</time>
        <hdop>9.7</hdop>
      </trkpt>
      <trkpt lat="50.0411663" lon="8.558357">
        <ele>105.7</ele>
        <time>2026-07-13T18:12:38Z</time>
        <hdop>9.2</hdop>
      </trkpt>
    </trkseg>
  </trk>
  <extensions>
    <osmand:show_arrows>false</osmand:show_arrows>
    <osmand:show_start_finish>true</osmand:show_start_finish>
    <osmand:split_interval>0.0</osmand:split_interval>
    <osmand:split_type>no_split</osmand:split_type>
    <osmand:line_3d_visualization_by_type>none</osmand:line_3d_visualization_by_type>
    <osmand:line_3d_visualization_wall_color_type>none</osmand:line_3d_visualization_wall_color_type>
    <osmand:line_3d_visualization_position_type>top</osmand:line_3d_visualization_position_type>
    <osmand:vertical_exaggeration_scale>1.0</osmand:vertical_exaggeration_scale>
    <osmand:elevation_meters>1000.0</osmand:elevation_meters>
    <osmand:color>#A71DE1</osmand:color>
    <osmand:width></osmand:width>
    <osmand:coloring_type>solid</osmand:coloring_type>
  </extensions>
</gpx>