<?xml version='1.0' encoding='UTF-8' standalone='yes' ?>
<gpx version="1.1" creator="OsmAnd~ 5.3.10" xmlns="http://www.topografix.com/GPX/1/1" xmlns:osmand="https://osmand.net/docs/technical/osmand-file-formats/osmand-gpx" xmlns:gpxtpx="https://www8.garmin.com/xmlschemas/TrackPointExtensionv1.xsd" xmlns:xsi="http://www.w3.org/2001/XMLSchema-instance" xsi:schemaLocation="http://www.topografix.com/GPX/1/1 https://www.topografix.com/GPX/1/1/gpx.xsd">
  <metadata>
    <name>SK 4724 BER - OSL</name>
    <time>2026-08-24T12:31:07Z</time>
  </metadata>
  <trk>
    <trkseg>
      <trkpt lat="52.3614921" lon="13.5142886">
        <ele>52.5</ele>
        <time>2026-08-24T10:35:37Z</time>
        <hdop>13.3</hdop>
      </trkpt>
      <trkpt lat="52.3615576" lon="13.5142659">
        <ele>54.5</ele>
        <time>2026-08-24T10:35:43Z</time>
        <hdop>18.4</hdop>
      </trkpt>
      <trkpt lat="52.3615751" lon="13.5142375">
        <ele>51.5</ele>
        <time>2026-08-24T10:35:49Z</time>
        <hdop>29.6</hdop>
      </trkpt>
      <trkpt lat="52.3615896" lon="13.5142083">
        <ele>50.5</ele>
        <time>2026-08-24T10:35:55Z</time>
        <hdop>26.5</hdop>
        <extensions>
          <osmand:speed>0.2</osmand:speed>
        </extensions>
      </trkpt>
      <trkpt lat="52.3615902" lon="13.5142044">
        <ele>49.5</ele>
        <time>2026-08-24T10:36:01Z</time>
        <hdop>19.9</hdop>
      </trkpt>
      <trkpt lat="52.361608" lon="13.5142012">
        <ele>46.5</ele>
        <time>2026-08-24T10:36:07Z</time>
        <hdop>13.8</hdop>
        <extensions>
          <osmand:speed>0.2</osmand:speed>
        </extensions>
      </trkpt>
      <trkpt lat="52.3616197" lon="13.5142072">
        <ele>46.5</ele>
        <time>2026-08-24T10:36:13Z</time>
        <hdop>25.5</hdop>
        <extensions>
          <osmand:speed>0.2</osmand:speed>
        </extensions>
      </trkpt>
      <trkpt lat="52.3616189" lon="13.5142094">
        <ele>45.5</ele>
        <time>2026-08-24T10:36:19Z</time>
        <hdop>25.5</hdop>
      </trkpt>
      <trkpt lat="52.3616766" lon="13.5142136">
        <ele>44.5</ele>
        <time>2026-08-24T10:36:25Z</time>
        <hdop>30.1</hdop>
        <extensions>
          <osmand:speed>0.7</osmand:speed>
        </extensions>
      </trkpt>
      <trkpt lat="52.3616819" lon="13.5142101">
        <ele>41.5</ele>
        <time>2026-08-24T10:36:31Z</time>
        <hdop>18.4</hdop>
        <extensions>
          <osmand:speed>0.3</osmand:speed>
        </extensions>
      </trkpt>
      <trkpt lat="52.3616723" lon="13.5141914">
        <ele>41.5</ele>
        <time>2026-08-24T10:36:37Z</time>
        <hdop>12.8</hdop>
      </trkpt>
      <trkpt lat="52.3616689" lon="13.5141691">
        <ele>42.5</ele>
        <time>2026-08-24T10:36:43Z</time>
        <hdop>1</hdop>
        <extensions>
          <osmand:speed>0.2</osmand:speed>
        </extensions>
      </trkpt>
      <trkpt lat="52.3617001" lon="13.5141443">
        <ele>39.5</ele>
        <time>2026-08-24T10:36:49Z</time>
        <hdop>18.4</hdop>
        <extensions>
          <osmand:speed>0.1</osmand:speed>
        </extensions>
      </trkpt>
      <trkpt lat="52.3617031" lon="13.5141386">
        <ele>41.5</ele>
        <time>2026-08-24T10:36:55Z</time>
        <hdop>17.9</hdop>
        <extensions>
          <osmand:speed>0.1</osmand:speed>
        </extensions>
      </trkpt>
      <trkpt lat="52.3616839" lon="13.5141001">
        <ele>42.5</ele>
        <time>2026-08-24T10:37:01Z</time>
        <hdop>29.1</hdop>
      </trkpt>
      <trkpt lat="52.3616994" lon="13.5140417">
        <ele>41.5</ele>
        <time>2026-08-24T10:37:08Z</time>
        <hdop>23</hdop>
        <extensions>
          <osmand:speed>2.3</osmand:speed>
        </extensions>
      </trkpt>
      <trkpt lat="52.361765" lon="13.5139622">
        <ele>40.5</ele>
        <time>2026-08-24T10:37:14Z</time>
        <hdop>37.2</hdop>
        <extensions>
          <osmand:speed>0.2</osmand:speed>
        </extensions>
      </trkpt>
      <trkpt lat="52.3617342" lon="13.5139816">
        <ele>40.5</ele>
        <time>2026-08-24T10:37:20Z</time>
        <hdop>25.5</hdop>
      </trkpt>
      <trkpt lat="52.3617342" lon="13.5139816">
        <ele>40.5</ele>
        <time>2026-08-24T10:37:26Z</time>
        <hdop>26</hdop>
      </trkpt>
      <trkpt lat="52.3617342" lon="13.5139816">
        <ele>40.5</ele>
        <time>2026-08-24T10:37:32Z</time>
        <hdop>23</hdop>
      </trkpt>
      <trkpt lat="52.3617318" lon="13.5140243">
        <ele>41.5</ele>
        <time>2026-08-24T10:37:38Z</time>
        <hdop>19.9</hdop>
      </trkpt>
      <trkpt lat="52.3616966" lon="13.5140838">
        <ele>42.5</ele>
        <time>2026-08-24T10:37:44Z</time>
        <hdop>15.3</hdop>
      </trkpt>
      <trkpt lat="52.3616966" lon="13.5140838">
        <ele>42.5</ele>
        <time>2026-08-24T10:37:50Z</time>
        <hdop>20.4</hdop>
      </trkpt>
      <trkpt lat="52.3616966" lon="13.5140838">
        <ele>42.5</ele>
        <time>2026-08-24T10:37:56Z</time>
        <hdop>20.4</hdop>
      </trkpt>
      <trkpt lat="52.3616966" lon="13.5140838">
        <ele>42.5</ele>
        <time>2026-08-24T10:38:02Z</time>
        <hdop>19.9</hdop>
      </trkpt>
      <trkpt lat="52.3616966" lon="13.5140838">
        <ele>42.5</ele>
        <time>2026-08-24T10:38:08Z</time>
        <hdop>16.8</hdop>
      </trkpt>
      <trkpt lat="52.3616966" lon="13.5140838">
        <ele>42.5</ele>
        <time>2026-08-24T10:38:14Z</time>
        <hdop>14.3</hdop>
      </trkpt>
      <trkpt lat="52.3616966" lon="13.5140838">
        <ele>42.5</ele>
        <time>2026-08-24T10:38:20Z</time>
        <hdop>14.3</hdop>
      </trkpt>
      <trkpt lat="52.3616966" lon="13.5140838">
        <ele>42.5</ele>
        <time>2026-08-24T10:38:26Z</time>
        <hdop>15.8</hdop>
      </trkpt>
      <trkpt lat="52.3616966" lon="13.5140838">
        <ele>42.5</ele>
        <time>2026-08-24T10:38:32Z</time>
        <hdop>15.8</hdop>
      </trkpt>
      <trkpt lat="52.3616966" lon="13.5140838">
        <ele>42.5</ele>
        <time>2026-08-24T10:38:38Z</time>
        <hdop>16.3</hdop>
      </trkpt>
      <trkpt lat="52.3616966" lon="13.5140838">
        <ele>42.5</ele>
        <time>2026-08-24T10:38:44Z</time>
        <hdop>15.8</hdop>
      </trkpt>
      <trkpt lat="52.3616966" lon="13.5140838">
        <ele>42.5</ele>
        <time>2026-08-24T10:38:50Z</time>
        <hdop>16.3</hdop>
      </trkpt>
      <trkpt lat="52.3616966" lon="13.5140838">
        <ele>42.5</ele>
        <time>2026-08-24T10:38:56Z</time>
        <hdop>16.3</hdop>
      </trkpt>
      <trkpt lat="52.3616621" lon="13.5140884">
        <ele>41.5</ele>
        <time>2026-08-24T10:39:02Z</time>
        <hdop>16.3</hdop>
        <extensions>
          <osmand:speed>0.2</osmand:speed>
        </extensions>
      </trkpt>
      <trkpt lat="52.3616237" lon="13.5140415">
        <ele>40.5</ele>
        <time>2026-08-24T10:39:08Z</time>
        <hdop>28.6</hdop>
        <extensions>
          <osmand:speed>0.3</osmand:speed>
        </extensions>
      </trkpt>
      <trkpt lat="52.3616274" lon="13.5140659">
        <ele>38.5</ele>
        <time>2026-08-24T10:39:14Z</time>
        <hdop>29.6</hdop>
        <extensions>
          <osmand:speed>1.1</osmand:speed>
        </extensions>
      </trkpt>
      <trkpt lat="52.361603" lon="13.5140678">
        <ele>38.5</ele>
        <time>2026-08-24T10:39:20Z</time>
        <hdop>29.1</hdop>
        <extensions>
          <osmand:speed>0.1</osmand:speed>
        </extensions>
      </trkpt>
      <trkpt lat="52.3615936" lon="13.5140511">
        <ele>37.5</ele>
        <time>2026-08-24T10:39:26Z</time>
        <hdop>14.3</hdop>
        <extensions>
          <osmand:speed>0.4</osmand:speed>
        </extensions>
      </trkpt>
      <trkpt lat="52.3615961" lon="13.5140489">
        <ele>38.5</ele>
        <time>2026-08-24T10:39:32Z</time>
        <hdop>16.8</hdop>
      </trkpt>
      <trkpt lat="52.3615961" lon="13.5140489">
        <ele>38.5</ele>
        <time>2026-08-24T10:39:38Z</time>
        <hdop>12.8</hdop>
      </trkpt>
      <trkpt lat="52.3615872" lon="13.5140551">
        <ele>38.5</ele>
        <time>2026-08-24T10:39:44Z</time>
        <hdop>23</hdop>
        <extensions>
          <osmand:speed>0.7</osmand:speed>
        </extensions>
      </trkpt>
      <trkpt lat="52.3616219" lon="13.5138207">
        <ele>36.5</ele>
        <time>2026-08-24T10:39:50Z</time>
        <hdop>21.9</hdop>
        <extensions>
          <osmand:speed>2.8</osmand:speed>
        </extensions>
      </trkpt>
      <trkpt lat="52.3616208" lon="13.5138266">
        <ele>36.5</ele>
        <time>2026-08-24T10:39:56Z</time>
        <hdop>35.7</hdop>
      </trkpt>
      <trkpt lat="52.361601" lon="13.5139158">
        <ele>35.5</ele>
        <time>2026-08-24T10:40:02Z</time>
        <hdop>15.3</hdop>
        <extensions>
          <osmand:speed>0.7</osmand:speed>
        </extensions>
      </trkpt>
      <trkpt lat="52.3615639" lon="13.5139529">
        <ele>29.5</ele>
        <time>2026-08-24T10:40:08Z</time>
        <hdop>18.4</hdop>
        <extensions>
          <osmand:speed>1.2</osmand:speed>
        </extensions>
      </trkpt>
      <trkpt lat="52.3614773" lon="13.5139397">
        <ele>22.5</ele>
        <time>2026-08-24T10:40:14Z</time>
        <hdop>26.5</hdop>
        <extensions>
          <osmand:speed>1</osmand:speed>
        </extensions>
      </trkpt>
      <trkpt lat="52.3614845" lon="13.5139261">
        <ele>21.5</ele>
        <time>2026-08-24T10:40:20Z</time>
        <hdop>29.6</hdop>
      </trkpt>
      <trkpt lat="52.3614845" lon="13.5139261">
        <ele>21.5</ele>
        <time>2026-08-24T10:40:26Z</time>
        <hdop>29.6</hdop>
      </trkpt>
      <trkpt lat="52.361482" lon="13.5138689">
        <ele>20.5</ele>
        <time>2026-08-24T10:40:32Z</time>
        <hdop>37.8</hdop>
        <extensions>
          <osmand:speed>1.7</osmand:speed>
        </extensions>
      </trkpt>
      <trkpt lat="52.3614871" lon="13.5138797">
        <ele>20.5</ele>
        <time>2026-08-24T10:40:38Z</time>
        <hdop>37.2</hdop>
      </trkpt>
      <trkpt lat="52.3614871" lon="13.5138797">
        <ele>20.5</ele>
        <time>2026-08-24T10:40:45Z</time>
        <hdop>35.7</hdop>
      </trkpt>
      <trkpt lat="52.3615021" lon="13.5139912">
        <ele>22.5</ele>
        <time>2026-08-24T10:40:51Z</time>
        <hdop>34.2</hdop>
        <extensions>
          <osmand:speed>0.8</osmand:speed>
        </extensions>
      </trkpt>
      <trkpt lat="52.3615179" lon="13.5139866">
        <ele>24.5</ele>
        <time>2026-08-24T10:40:57Z</time>
        <hdop>32.1</hdop>
        <extensions>
          <osmand:speed>0.2</osmand:speed>
        </extensions>
      </trkpt>
      <trkpt lat="52.3615187" lon="13.5139867">
        <ele>24.5</ele>
        <time>2026-08-24T10:41:03Z</time>
        <hdop>25</hdop>
      </trkpt>
      <trkpt lat="52.3615187" lon="13.5139867">
        <ele>24.5</ele>
        <time>2026-08-24T10:41:09Z</time>
        <hdop>21.9</hdop>
      </trkpt>
      <trkpt lat="52.3615187" lon="13.5139867">
        <ele>24.5</ele>
        <time>2026-08-24T10:41:15Z</time>
        <hdop>24</hdop>
      </trkpt>
      <trkpt lat="52.3615252" lon="13.5139911">
        <ele>25.5</ele>
        <time>2026-08-24T10:41:21Z</time>
        <hdop>22.4</hdop>
      </trkpt>
      <trkpt lat="52.3615673" lon="13.5142509">
        <ele>49.5</ele>
        <time>2026-08-24T10:43:02Z</time>
        <hdop>21.4</hdop>
      </trkpt>
      <trkpt lat="52.3615675" lon="13.5142506">
        <ele>49.5</ele>
        <time>2026-08-24T10:43:08Z</time>
        <hdop>20.9</hdop>
      </trkpt>
      <trkpt lat="52.3615675" lon="13.5142506">
        <ele>49.5</ele>
        <time>2026-08-24T10:43:14Z</time>
        <hdop>19.9</hdop>
      </trkpt>
      <trkpt lat="52.3615675" lon="13.5142506">
        <ele>49.5</ele>
        <time>2026-08-24T10:43:20Z</time>
        <hdop>16.8</hdop>
      </trkpt>
      <trkpt lat="52.3615675" lon="13.5142506">
        <ele>49.5</ele>
        <time>2026-08-24T10:43:26Z</time>
        <hdop>16.8</hdop>
      </trkpt>
      <trkpt lat="52.3615675" lon="13.5142506">
        <ele>49.5</ele>
        <time>2026-08-24T10:43:32Z</time>
        <hdop>16.3</hdop>
      </trkpt>
      <trkpt lat="52.3615675" lon="13.5142506">
        <ele>49.5</ele>
        <time>2026-08-24T10:43:38Z</time>
        <hdop>15.8</hdop>
      </trkpt>
      <trkpt lat="52.3615675" lon="13.5142506">
        <ele>49.5</ele>
        <time>2026-08-24T10:43:44Z</time>
        <hdop>18.4</hdop>
      </trkpt>
      <trkpt lat="52.3615675" lon="13.5142506">
        <ele>49.5</ele>
        <time>2026-08-24T10:43:50Z</time>
        <hdop>15.8</hdop>
      </trkpt>
      <trkpt lat="52.3615675" lon="13.5142506">
        <ele>49.5</ele>
        <time>2026-08-24T10:43:56Z</time>
        <hdop>14.8</hdop>
      </trkpt>
      <trkpt lat="52.3615675" lon="13.5142506">
        <ele>49.5</ele>
        <time>2026-08-24T10:44:02Z</time>
        <hdop>14.8</hdop>
      </trkpt>
      <trkpt lat="52.3615675" lon="13.5142506">
        <ele>49.5</ele>
        <time>2026-08-24T10:44:08Z</time>
        <hdop>15.3</hdop>
      </trkpt>
      <trkpt lat="52.3615675" lon="13.5142506">
        <ele>49.5</ele>
        <time>2026-08-24T10:44:14Z</time>
        <hdop>14.3</hdop>
      </trkpt>
      <trkpt lat="52.3615675" lon="13.5142506">
        <ele>49.5</ele>
        <time>2026-08-24T10:44:20Z</time>
        <hdop>14.3</hdop>
      </trkpt>
      <trkpt lat="52.3615675" lon="13.5142506">
        <ele>49.5</ele>
        <time>2026-08-24T10:44:26Z</time>
        <hdop>12.8</hdop>
      </trkpt>
      <trkpt lat="52.3615675" lon="13.5142506">
        <ele>49.5</ele>
        <time>2026-08-24T10:44:32Z</time>
        <hdop>14.3</hdop>
      </trkpt>
      <trkpt lat="52.3615675" lon="13.5142506">
        <ele>49.5</ele>
        <time>2026-08-24T10:44:38Z</time>
        <hdop>13.8</hdop>
      </trkpt>
      <trkpt lat="52.3615675" lon="13.5142506">
        <ele>49.5</ele>
        <time>2026-08-24T10:44:44Z</time>
        <hdop>13.3</hdop>
      </trkpt>
      <trkpt lat="52.3615675" lon="13.5142506">
        <ele>49.5</ele>
        <time>2026-08-24T10:44:50Z</time>
        <hdop>13.8</hdop>
      </trkpt>
      <trkpt lat="52.3615675" lon="13.5142506">
        <ele>49.5</ele>
        <time>2026-08-24T10:44:56Z</time>
        <hdop>13.8</hdop>
      </trkpt>
      <trkpt lat="52.3615675" lon="13.5142506">
        <ele>49.5</ele>
        <time>2026-08-24T10:45:02Z</time>
        <hdop>11.7</hdop>
      </trkpt>
      <trkpt lat="52.3615675" lon="13.5142506">
        <ele>49.5</ele>
        <time>2026-08-24T10:45:08Z</time>
        <hdop>12.2</hdop>
      </trkpt>
      <trkpt lat="52.3615675" lon="13.5142506">
        <ele>49.5</ele>
        <time>2026-08-24T10:45:14Z</time>
        <hdop>11.2</hdop>
      </trkpt>
      <trkpt lat="52.3615675" lon="13.5142506">
        <ele>49.5</ele>
        <time>2026-08-24T10:45:20Z</time>
        <hdop>11.2</hdop>
      </trkpt>
      <trkpt lat="52.3615675" lon="13.5142506">
        <ele>49.5</ele>
        <time>2026-08-24T10:45:26Z</time>
        <hdop>11.2</hdop>
      </trkpt>
      <trkpt lat="52.3615675" lon="13.5142506">
        <ele>49.5</ele>
        <time>2026-08-24T10:45:32Z</time>
        <hdop>11.7</hdop>
      </trkpt>
      <trkpt lat="52.3615675" lon="13.5142506">
        <ele>49.5</ele>
        <time>2026-08-24T10:45:38Z</time>
        <hdop>12.2</hdop>
      </trkpt>
      <trkpt lat="52.3615675" lon="13.5142506">
        <ele>49.5</ele>
        <time>2026-08-24T10:45:44Z</time>
        <hdop>11.7</hdop>
      </trkpt>
      <trkpt lat="52.3615675" lon="13.5142506">
        <ele>49.5</ele>
        <time>2026-08-24T10:45:50Z</time>
        <hdop>11.7</hdop>
      </trkpt>
      <trkpt lat="52.3615675" lon="13.5142506">
        <ele>49.5</ele>
        <time>2026-08-24T10:45:56Z</time>
        <hdop>11.7</hdop>
      </trkpt>
      <trkpt lat="52.3615675" lon="13.5142506">
        <ele>49.5</ele>
        <time>2026-08-24T10:46:02Z</time>
        <hdop>11.7</hdop>
      </trkpt>
      <trkpt lat="52.3615675" lon="13.5142506">
        <ele>49.5</ele>
        <time>2026-08-24T10:46:08Z</time>
        <hdop>11.7</hdop>
      </trkpt>
      <trkpt lat="52.3615675" lon="13.5142506">
        <ele>49.5</ele>
        <time>2026-08-24T10:46:14Z</time>
        <hdop>11.2</hdop>
      </trkpt>
      <trkpt lat="52.3615675" lon="13.5142506">
        <ele>49.5</ele>
        <time>2026-08-24T10:46:20Z</time>
        <hdop>11.7</hdop>
      </trkpt>
      <trkpt lat="52.3615675" lon="13.5142506">
        <ele>49.5</ele>
        <time>2026-08-24T10:46:26Z</time>
        <hdop>14.8</hdop>
      </trkpt>
      <trkpt lat="52.3615675" lon="13.5142506">
        <ele>49.5</ele>
        <time>2026-08-24T10:46:32Z</time>
        <hdop>8.7</hdop>
      </trkpt>
      <trkpt lat="52.3615675" lon="13.5142506">
        <ele>49.5</ele>
        <time>2026-08-24T10:46:38Z</time>
        <hdop>12.2</hdop>
      </trkpt>
      <trkpt lat="52.3615692" lon="13.5142494">
        <ele>47.5</ele>
        <time>2026-08-24T10:46:44Z</time>
        <hdop>10.7</hdop>
      </trkpt>
      <trkpt lat="52.3615692" lon="13.5142494">
        <ele>47.5</ele>
        <time>2026-08-24T10:46:50Z</time>
        <hdop>11.2</hdop>
      </trkpt>
      <trkpt lat="52.3615692" lon="13.5142494">
        <ele>47.5</ele>
        <time>2026-08-24T10:46:56Z</time>
        <hdop>11.2</hdop>
      </trkpt>
      <trkpt lat="52.3615692" lon="13.5142494">
        <ele>47.5</ele>
        <time>2026-08-24T10:47:02Z</time>
        <hdop>13.8</hdop>
      </trkpt>
      <trkpt lat="52.3615692" lon="13.5142494">
        <ele>47.5</ele>
        <time>2026-08-24T10:47:08Z</time>
        <hdop>10.7</hdop>
      </trkpt>
      <trkpt lat="52.3615692" lon="13.5142494">
        <ele>47.5</ele>
        <time>2026-08-24T10:47:14Z</time>
        <hdop>10.7</hdop>
      </trkpt>
      <trkpt lat="52.3615692" lon="13.5142494">
        <ele>47.5</ele>
        <time>2026-08-24T10:47:20Z</time>
        <hdop>10.7</hdop>
      </trkpt>
      <trkpt lat="52.3615703" lon="13.5142354">
        <ele>46.5</ele>
        <time>2026-08-24T10:47:26Z</time>
        <hdop>8.7</hdop>
      </trkpt>
      <trkpt lat="52.3615634" lon="13.5142391">
        <ele>46.5</ele>
        <time>2026-08-24T10:47:32Z</time>
        <hdop>20.4</hdop>
        <extensions>
          <osmand:speed>0.3</osmand:speed>
        </extensions>
      </trkpt>
      <trkpt lat="52.3615632" lon="13.5142182">
        <ele>46.5</ele>
        <time>2026-08-24T10:47:38Z</time>
        <hdop>9.7</hdop>
      </trkpt>
      <trkpt lat="52.3615551" lon="13.514208">
        <ele>46.5</ele>
        <time>2026-08-24T10:47:44Z</time>
        <hdop>9.7</hdop>
      </trkpt>
      <trkpt lat="52.3615552" lon="13.5142078">
        <ele>46.5</ele>
        <time>2026-08-24T10:47:50Z</time>
        <hdop>14.8</hdop>
      </trkpt>
      <trkpt lat="52.3615552" lon="13.5142078">
        <ele>46.5</ele>
        <time>2026-08-24T10:47:56Z</time>
        <hdop>14.8</hdop>
      </trkpt>
      <trkpt lat="52.3615552" lon="13.5142078">
        <ele>46.5</ele>
        <time>2026-08-24T10:48:02Z</time>
        <hdop>9.2</hdop>
      </trkpt>
      <trkpt lat="52.3615555" lon="13.5142084">
        <ele>46.5</ele>
        <time>2026-08-24T10:48:08Z</time>
        <hdop>11.2</hdop>
      </trkpt>
      <trkpt lat="52.3615555" lon="13.5142084">
        <ele>46.5</ele>
        <time>2026-08-24T10:48:14Z</time>
        <hdop>11.2</hdop>
      </trkpt>
      <trkpt lat="52.3615555" lon="13.5142084">
        <ele>46.5</ele>
        <time>2026-08-24T10:48:20Z</time>
        <hdop>11.2</hdop>
      </trkpt>
      <trkpt lat="52.3615555" lon="13.5142084">
        <ele>46.5</ele>
        <time>2026-08-24T10:48:26Z</time>
        <hdop>12.8</hdop>
      </trkpt>
      <trkpt lat="52.3615555" lon="13.5142084">
        <ele>46.5</ele>
        <time>2026-08-24T10:48:32Z</time>
        <hdop>9.2</hdop>
      </trkpt>
      <trkpt lat="52.3615537" lon="13.5141927">
        <ele>46.5</ele>
        <time>2026-08-24T10:48:38Z</time>
        <hdop>14.8</hdop>
      </trkpt>
      <trkpt lat="52.3615536" lon="13.5141927">
        <ele>46.5</ele>
        <time>2026-08-24T10:48:44Z</time>
        <hdop>14.3</hdop>
      </trkpt>
      <trkpt lat="52.3615536" lon="13.5141927">
        <ele>46.5</ele>
        <time>2026-08-24T10:48:50Z</time>
        <hdop>14.8</hdop>
      </trkpt>
      <trkpt lat="52.3615536" lon="13.5141927">
        <ele>46.5</ele>
        <time>2026-08-24T10:48:56Z</time>
        <hdop>12.8</hdop>
      </trkpt>
      <trkpt lat="52.3615536" lon="13.5141927">
        <ele>46.5</ele>
        <time>2026-08-24T10:49:02Z</time>
        <hdop>12.2</hdop>
      </trkpt>
      <trkpt lat="52.3615536" lon="13.5141927">
        <ele>46.5</ele>
        <time>2026-08-24T10:49:08Z</time>
        <hdop>12.2</hdop>
      </trkpt>
      <trkpt lat="52.3615536" lon="13.5141927">
        <ele>46.5</ele>
        <time>2026-08-24T10:49:14Z</time>
        <hdop>12.2</hdop>
      </trkpt>
      <trkpt lat="52.3615536" lon="13.5141927">
        <ele>46.5</ele>
        <time>2026-08-24T10:49:20Z</time>
        <hdop>12.2</hdop>
      </trkpt>
      <trkpt lat="52.3615536" lon="13.5141927">
        <ele>46.5</ele>
        <time>2026-08-24T10:49:26Z</time>
        <hdop>14.8</hdop>
      </trkpt>
      <trkpt lat="52.3615536" lon="13.5141927">
        <ele>46.5</ele>
        <time>2026-08-24T10:49:32Z</time>
        <hdop>11.7</hdop>
      </trkpt>
      <trkpt lat="52.3615536" lon="13.5141927">
        <ele>46.5</ele>
        <time>2026-08-24T10:49:38Z</time>
        <hdop>10.7</hdop>
      </trkpt>
      <trkpt lat="52.3615536" lon="13.5141927">
        <ele>46.5</ele>
        <time>2026-08-24T10:49:44Z</time>
        <hdop>12.8</hdop>
      </trkpt>
      <trkpt lat="52.3615536" lon="13.5141927">
        <ele>46.5</ele>
        <time>2026-08-24T10:49:50Z</time>
        <hdop>10.7</hdop>
      </trkpt>
      <trkpt lat="52.3615536" lon="13.5141927">
        <ele>46.5</ele>
        <time>2026-08-24T10:49:56Z</time>
        <hdop>10.7</hdop>
      </trkpt>
      <trkpt lat="52.3615536" lon="13.5141927">
        <ele>46.5</ele>
        <time>2026-08-24T10:50:02Z</time>
        <hdop>10.7</hdop>
      </trkpt>
      <trkpt lat="52.3615536" lon="13.5141927">
        <ele>46.5</ele>
        <time>2026-08-24T10:50:08Z</time>
        <hdop>10.2</hdop>
      </trkpt>
      <trkpt lat="52.3615536" lon="13.5141927">
        <ele>46.5</ele>
        <time>2026-08-24T10:50:14Z</time>
        <hdop>9.7</hdop>
      </trkpt>
      <trkpt lat="52.3615536" lon="13.5141927">
        <ele>46.5</ele>
        <time>2026-08-24T10:50:20Z</time>
        <hdop>9.2</hdop>
      </trkpt>
      <trkpt lat="52.3615536" lon="13.5141927">
        <ele>46.5</ele>
        <time>2026-08-24T10:50:26Z</time>
        <hdop>9.2</hdop>
      </trkpt>
      <trkpt lat="52.3615536" lon="13.5141927">
        <ele>46.5</ele>
        <time>2026-08-24T10:50:32Z</time>
        <hdop>10.7</hdop>
      </trkpt>
      <trkpt lat="52.3615536" lon="13.5141927">
        <ele>46.5</ele>
        <time>2026-08-24T10:50:38Z</time>
        <hdop>8.7</hdop>
      </trkpt>
      <trkpt lat="52.3615536" lon="13.5141927">
        <ele>46.5</ele>
        <time>2026-08-24T10:50:44Z</time>
        <hdop>11.2</hdop>
      </trkpt>
      <trkpt lat="52.3615536" lon="13.5141927">
        <ele>46.5</ele>
        <time>2026-08-24T10:50:50Z</time>
        <hdop>10.7</hdop>
      </trkpt>
      <trkpt lat="52.3615518" lon="13.5141931">
        <ele>46.5</ele>
        <time>2026-08-24T10:50:56Z</time>
        <hdop>11.7</hdop>
        <extensions>
          <osmand:speed>0</osmand:speed>
        </extensions>
      </trkpt>
      <trkpt lat="52.361552" lon="13.5141904">
        <ele>47.5</ele>
        <time>2026-08-24T10:51:02Z</time>
        <hdop>10.7</hdop>
      </trkpt>
      <trkpt lat="52.361552" lon="13.5141904">
        <ele>47.5</ele>
        <time>2026-08-24T10:51:08Z</time>
        <hdop>7.1</hdop>
      </trkpt>
      <trkpt lat="52.361552" lon="13.5141904">
        <ele>47.5</ele>
        <time>2026-08-24T10:51:14Z</time>
        <hdop>9.2</hdop>
      </trkpt>
      <trkpt lat="52.3615511" lon="13.5141941">
        <ele>46.5</ele>
        <time>2026-08-24T10:51:20Z</time>
        <hdop>10.7</hdop>
      </trkpt>
      <trkpt lat="52.3615487" lon="13.5141953">
        <ele>46.5</ele>
        <time>2026-08-24T10:51:26Z</time>
        <hdop>7.7</hdop>
      </trkpt>
      <trkpt lat="52.3615486" lon="13.514195">
        <ele>46.5</ele>
        <time>2026-08-24T10:51:32Z</time>
        <hdop>12.8</hdop>
      </trkpt>
      <trkpt lat="52.3615486" lon="13.514195">
        <ele>46.5</ele>
        <time>2026-08-24T10:51:38Z</time>
        <hdop>10.7</hdop>
      </trkpt>
      <trkpt lat="52.3615486" lon="13.514195">
        <ele>46.5</ele>
        <time>2026-08-24T10:51:44Z</time>
        <hdop>9.2</hdop>
      </trkpt>
      <trkpt lat="52.3615486" lon="13.514195">
        <ele>46.5</ele>
        <time>2026-08-24T10:51:50Z</time>
        <hdop>8.7</hdop>
      </trkpt>
      <trkpt lat="52.3615486" lon="13.514195">
        <ele>46.5</ele>
        <time>2026-08-24T10:51:56Z</time>
        <hdop>9.7</hdop>
      </trkpt>
      <trkpt lat="52.3615486" lon="13.514195">
        <ele>46.5</ele>
        <time>2026-08-24T10:52:02Z</time>
        <hdop>9.2</hdop>
      </trkpt>
      <trkpt lat="52.3615486" lon="13.514195">
        <ele>46.5</ele>
        <time>2026-08-24T10:52:08Z</time>
        <hdop>10.2</hdop>
      </trkpt>
      <trkpt lat="52.3615469" lon="13.5141902">
        <ele>46.5</ele>
        <time>2026-08-24T10:52:14Z</time>
        <hdop>8.7</hdop>
      </trkpt>
      <trkpt lat="52.3615469" lon="13.5141902">
        <ele>46.5</ele>
        <time>2026-08-24T10:52:20Z</time>
        <hdop>9.7</hdop>
      </trkpt>
      <trkpt lat="52.3615469" lon="13.5141902">
        <ele>46.5</ele>
        <time>2026-08-24T10:52:26Z</time>
        <hdop>11.7</hdop>
      </trkpt>
      <trkpt lat="52.3615469" lon="13.5141902">
        <ele>46.5</ele>
        <time>2026-08-24T10:52:32Z</time>
        <hdop>13.3</hdop>
      </trkpt>
      <trkpt lat="52.3615432" lon="13.5141943">
        <ele>46.5</ele>
        <time>2026-08-24T10:52:38Z</time>
        <hdop>12.8</hdop>
      </trkpt>
      <trkpt lat="52.3615432" lon="13.5141943">
        <ele>46.5</ele>
        <time>2026-08-24T10:52:44Z</time>
        <hdop>11.7</hdop>
      </trkpt>
      <trkpt lat="52.3615432" lon="13.5141943">
        <ele>46.5</ele>
        <time>2026-08-24T10:52:50Z</time>
        <hdop>11.7</hdop>
      </trkpt>
      <trkpt lat="52.3615432" lon="13.5141943">
        <ele>46.5</ele>
        <time>2026-08-24T10:52:56Z</time>
        <hdop>12.8</hdop>
      </trkpt>
      <trkpt lat="52.3615304" lon="13.5141936">
        <ele>46.5</ele>
        <time>2026-08-24T10:53:02Z</time>
        <hdop>9.2</hdop>
      </trkpt>
      <trkpt lat="52.3615304" lon="13.5141936">
        <ele>46.5</ele>
        <time>2026-08-24T10:53:08Z</time>
        <hdop>11.2</hdop>
      </trkpt>
      <trkpt lat="52.3615304" lon="13.5141936">
        <ele>46.5</ele>
        <time>2026-08-24T10:53:14Z</time>
        <hdop>11.7</hdop>
      </trkpt>
      <trkpt lat="52.3615304" lon="13.5141936">
        <ele>46.5</ele>
        <time>2026-08-24T10:53:20Z</time>
        <hdop>11.2</hdop>
      </trkpt>
      <trkpt lat="52.3615304" lon="13.5141936">
        <ele>46.5</ele>
        <time>2026-08-24T10:53:26Z</time>
        <hdop>11.2</hdop>
      </trkpt>
      <trkpt lat="52.3615304" lon="13.5141936">
        <ele>46.5</ele>
        <time>2026-08-24T10:53:32Z</time>
        <hdop>11.2</hdop>
      </trkpt>
      <trkpt lat="52.3615304" lon="13.5141936">
        <ele>46.5</ele>
        <time>2026-08-24T10:53:38Z</time>
        <hdop>11.7</hdop>
      </trkpt>
      <trkpt lat="52.3615304" lon="13.5141936">
        <ele>46.5</ele>
        <time>2026-08-24T10:53:44Z</time>
        <hdop>11.7</hdop>
      </trkpt>
      <trkpt lat="52.3615304" lon="13.5141936">
        <ele>46.5</ele>
        <time>2026-08-24T10:53:50Z</time>
        <hdop>10.7</hdop>
      </trkpt>
      <trkpt lat="52.3615304" lon="13.5141936">
        <ele>46.5</ele>
        <time>2026-08-24T10:53:56Z</time>
        <hdop>9.7</hdop>
      </trkpt>
      <trkpt lat="52.3615304" lon="13.5141936">
        <ele>46.5</ele>
        <time>2026-08-24T10:54:02Z</time>
        <hdop>11.2</hdop>
      </trkpt>
      <trkpt lat="52.3615304" lon="13.5141936">
        <ele>46.5</ele>
        <time>2026-08-24T10:54:08Z</time>
        <hdop>13.8</hdop>
      </trkpt>
      <trkpt lat="52.3615292" lon="13.5141971">
        <ele>46.5</ele>
        <time>2026-08-24T10:54:14Z</time>
        <hdop>10.7</hdop>
      </trkpt>
      <trkpt lat="52.3615292" lon="13.5141971">
        <ele>46.5</ele>
        <time>2026-08-24T10:54:20Z</time>
        <hdop>12.8</hdop>
      </trkpt>
      <trkpt lat="52.3615263" lon="13.5141946">
        <ele>46.5</ele>
        <time>2026-08-24T10:54:26Z</time>
        <hdop>7.1</hdop>
      </trkpt>
      <trkpt lat="52.3615279" lon="13.514189">
        <ele>46.5</ele>
        <time>2026-08-24T10:54:32Z</time>
        <hdop>13.3</hdop>
        <extensions>
          <osmand:speed>0</osmand:speed>
        </extensions>
      </trkpt>
      <trkpt lat="52.3615278" lon="13.5141875">
        <ele>46.5</ele>
        <time>2026-08-24T10:54:38Z</time>
        <hdop>13.8</hdop>
        <extensions>
          <osmand:speed>0.1</osmand:speed>
        </extensions>
      </trkpt>
      <trkpt lat="52.3615199" lon="13.5141778">
        <ele>47.5</ele>
        <time>2026-08-24T10:54:44Z</time>
        <hdop>14.8</hdop>
        <extensions>
          <osmand:speed>0.3</osmand:speed>
        </extensions>
      </trkpt>
      <trkpt lat="52.3615189" lon="13.5141781">
        <ele>47.5</ele>
        <time>2026-08-24T10:54:50Z</time>
        <hdop>14.3</hdop>
      </trkpt>
      <trkpt lat="52.3615189" lon="13.5141781">
        <ele>47.5</ele>
        <time>2026-08-24T10:54:56Z</time>
        <hdop>9.2</hdop>
      </trkpt>
      <trkpt lat="52.3615189" lon="13.5141781">
        <ele>47.5</ele>
        <time>2026-08-24T10:55:02Z</time>
        <hdop>8.2</hdop>
      </trkpt>
      <trkpt lat="52.3615189" lon="13.5141781">
        <ele>47.5</ele>
        <time>2026-08-24T10:55:08Z</time>
        <hdop>7.7</hdop>
      </trkpt>
      <trkpt lat="52.3615189" lon="13.5141781">
        <ele>47.5</ele>
        <time>2026-08-24T10:55:14Z</time>
        <hdop>11.2</hdop>
      </trkpt>
      <trkpt lat="52.3615174" lon="13.5141827">
        <ele>47.5</ele>
        <time>2026-08-24T10:55:20Z</time>
        <hdop>15.3</hdop>
      </trkpt>
      <trkpt lat="52.3615174" lon="13.5141827">
        <ele>47.5</ele>
        <time>2026-08-24T10:55:26Z</time>
        <hdop>12.2</hdop>
      </trkpt>
      <trkpt lat="52.3615174" lon="13.5141827">
        <ele>47.5</ele>
        <time>2026-08-24T10:55:32Z</time>
        <hdop>13.3</hdop>
      </trkpt>
      <trkpt lat="52.3615164" lon="13.514179">
        <ele>47.5</ele>
        <time>2026-08-24T10:55:38Z</time>
        <hdop>12.8</hdop>
      </trkpt>
      <trkpt lat="52.3615164" lon="13.514179">
        <ele>47.5</ele>
        <time>2026-08-24T10:55:44Z</time>
        <hdop>12.8</hdop>
      </trkpt>
      <trkpt lat="52.3615179" lon="13.5141821">
        <ele>47.5</ele>
        <time>2026-08-24T10:55:50Z</time>
        <hdop>12.2</hdop>
        <extensions>
          <osmand:speed>0.9</osmand:speed>
        </extensions>
      </trkpt>
      <trkpt lat="52.3615236" lon="13.5142026">
        <ele>47.5</ele>
        <time>2026-08-24T10:55:56Z</time>
        <hdop>8.7</hdop>
      </trkpt>
      <trkpt lat="52.3615236" lon="13.5142026">
        <ele>47.5</ele>
        <time>2026-08-24T10:56:02Z</time>
        <hdop>8.7</hdop>
      </trkpt>
      <trkpt lat="52.3615236" lon="13.5142026">
        <ele>47.5</ele>
        <time>2026-08-24T10:56:08Z</time>
        <hdop>13.8</hdop>
      </trkpt>
      <trkpt lat="52.3615233" lon="13.5142049">
        <ele>47.5</ele>
        <time>2026-08-24T10:56:14Z</time>
        <hdop>12.8</hdop>
      </trkpt>
      <trkpt lat="52.3615232" lon="13.514205">
        <ele>47.5</ele>
        <time>2026-08-24T10:56:20Z</time>
        <hdop>14.3</hdop>
      </trkpt>
      <trkpt lat="52.3615232" lon="13.514205">
        <ele>47.5</ele>
        <time>2026-08-24T10:56:26Z</time>
        <hdop>8.7</hdop>
      </trkpt>
      <trkpt lat="52.3615232" lon="13.514205">
        <ele>47.5</ele>
        <time>2026-08-24T10:56:32Z</time>
        <hdop>14.3</hdop>
      </trkpt>
      <trkpt lat="52.3615232" lon="13.514205">
        <ele>47.5</ele>
        <time>2026-08-24T10:56:38Z</time>
        <hdop>13.3</hdop>
      </trkpt>
      <trkpt lat="52.3615232" lon="13.514205">
        <ele>47.5</ele>
        <time>2026-08-24T10:56:44Z</time>
        <hdop>13.8</hdop>
      </trkpt>
      <trkpt lat="52.3615232" lon="13.514205">
        <ele>47.5</ele>
        <time>2026-08-24T10:56:50Z</time>
        <hdop>13.3</hdop>
      </trkpt>
      <trkpt lat="52.3615232" lon="13.514205">
        <ele>47.5</ele>
        <time>2026-08-24T10:56:56Z</time>
        <hdop>14.8</hdop>
      </trkpt>
      <trkpt lat="52.3615232" lon="13.514205">
        <ele>47.5</ele>
        <time>2026-08-24T10:57:02Z</time>
        <hdop>13.3</hdop>
      </trkpt>
      <trkpt lat="52.3615232" lon="13.514205">
        <ele>47.5</ele>
        <time>2026-08-24T10:57:08Z</time>
        <hdop>11.7</hdop>
      </trkpt>
      <trkpt lat="52.3615232" lon="13.514205">
        <ele>47.5</ele>
        <time>2026-08-24T10:57:14Z</time>
        <hdop>13.3</hdop>
      </trkpt>
      <trkpt lat="52.3615217" lon="13.5142022">
        <ele>47.5</ele>
        <time>2026-08-24T10:57:20Z</time>
        <hdop>11.7</hdop>
      </trkpt>
      <trkpt lat="52.3615183" lon="13.5141962">
        <ele>48.5</ele>
        <time>2026-08-24T10:57:26Z</time>
        <hdop>9.7</hdop>
      </trkpt>
      <trkpt lat="52.3615183" lon="13.5141962">
        <ele>48.5</ele>
        <time>2026-08-24T10:57:32Z</time>
        <hdop>11.7</hdop>
      </trkpt>
      <trkpt lat="52.3615197" lon="13.5142017">
        <ele>47.5</ele>
        <time>2026-08-24T10:57:38Z</time>
        <hdop>10.7</hdop>
      </trkpt>
      <trkpt lat="52.3615197" lon="13.5142017">
        <ele>47.5</ele>
        <time>2026-08-24T10:57:44Z</time>
        <hdop>10.2</hdop>
      </trkpt>
      <trkpt lat="52.3615197" lon="13.5142017">
        <ele>47.5</ele>
        <time>2026-08-24T10:57:50Z</time>
        <hdop>9.7</hdop>
      </trkpt>
      <trkpt lat="52.3615197" lon="13.5142017">
        <ele>47.5</ele>
        <time>2026-08-24T10:57:56Z</time>
        <hdop>7.7</hdop>
      </trkpt>
      <trkpt lat="52.3615277" lon="13.5141824">
        <ele>47.5</ele>
        <time>2026-08-24T10:58:02Z</time>
        <hdop>11.2</hdop>
      </trkpt>
      <trkpt lat="52.3615257" lon="13.5141783">
        <ele>47.5</ele>
        <time>2026-08-24T10:58:08Z</time>
        <hdop>10.2</hdop>
      </trkpt>
      <trkpt lat="52.3615257" lon="13.5141783">
        <ele>47.5</ele>
        <time>2026-08-24T10:58:14Z</time>
        <hdop>11.7</hdop>
      </trkpt>
      <trkpt lat="52.3615257" lon="13.5141783">
        <ele>47.5</ele>
        <time>2026-08-24T10:58:20Z</time>
        <hdop>10.2</hdop>
      </trkpt>
      <trkpt lat="52.3615257" lon="13.5141783">
        <ele>47.5</ele>
        <time>2026-08-24T10:58:26Z</time>
        <hdop>9.2</hdop>
      </trkpt>
      <trkpt lat="52.3615257" lon="13.5141783">
        <ele>47.5</ele>
        <time>2026-08-24T10:58:32Z</time>
        <hdop>10.7</hdop>
      </trkpt>
      <trkpt lat="52.3615257" lon="13.5141783">
        <ele>47.5</ele>
        <time>2026-08-24T10:58:38Z</time>
        <hdop>19.4</hdop>
      </trkpt>
      <trkpt lat="52.3612564" lon="13.5143545">
        <ele>43.5</ele>
        <time>2026-08-24T10:59:08Z</time>
        <hdop>25</hdop>
        <extensions>
          <osmand:speed>1.4</osmand:speed>
        </extensions>
      </trkpt>
      <trkpt lat="52.3611963" lon="13.5143841">
        <ele>47.5</ele>
        <time>2026-08-24T10:59:14Z</time>
        <hdop>21.4</hdop>
        <extensions>
          <osmand:speed>1.5</osmand:speed>
        </extensions>
      </trkpt>
      <trkpt lat="52.3611315" lon="13.5143795">
        <ele>48.5</ele>
        <time>2026-08-24T10:59:20Z</time>
        <hdop>10.7</hdop>
        <extensions>
          <osmand:speed>1.5</osmand:speed>
        </extensions>
      </trkpt>
      <trkpt lat="52.3610338" lon="13.5144264">
        <ele>49.5</ele>
        <time>2026-08-24T10:59:26Z</time>
        <hdop>15.3</hdop>
        <extensions>
          <osmand:speed>1.8</osmand:speed>
        </extensions>
      </trkpt>
      <trkpt lat="52.3609351" lon="13.5144618">
        <ele>46.5</ele>
        <time>2026-08-24T10:59:32Z</time>
        <hdop>20.4</hdop>
        <extensions>
          <osmand:speed>1.8</osmand:speed>
        </extensions>
      </trkpt>
      <trkpt lat="52.3608463" lon="13.5145086">
        <ele>47.5</ele>
        <time>2026-08-24T10:59:38Z</time>
        <hdop>18.4</hdop>
        <extensions>
          <osmand:speed>1.6</osmand:speed>
        </extensions>
      </trkpt>
      <trkpt lat="52.3607931" lon="13.5144827">
        <ele>46.5</ele>
        <time>2026-08-24T10:59:44Z</time>
        <hdop>18.9</hdop>
        <extensions>
          <osmand:speed>1.5</osmand:speed>
        </extensions>
      </trkpt>
      <trkpt lat="52.3607428" lon="13.5144985">
        <ele>45.5</ele>
        <time>2026-08-24T10:59:50Z</time>
        <hdop>21.9</hdop>
        <extensions>
          <osmand:speed>1.4</osmand:speed>
        </extensions>
      </trkpt>
      <trkpt lat="52.3607339" lon="13.5143882">
        <ele>46.5</ele>
        <time>2026-08-24T10:59:56Z</time>
        <hdop>11.2</hdop>
        <extensions>
          <osmand:speed>1.2</osmand:speed>
        </extensions>
      </trkpt>
      <trkpt lat="52.3606884" lon="13.5143059">
        <ele>46.5</ele>
        <time>2026-08-24T11:00:02Z</time>
        <hdop>17.3</hdop>
        <extensions>
          <osmand:speed>1.3</osmand:speed>
        </extensions>
      </trkpt>
      <trkpt lat="52.360651" lon="13.5142457">
        <ele>46.5</ele>
        <time>2026-08-24T11:00:08Z</time>
        <hdop>9.2</hdop>
        <extensions>
          <osmand:speed>1.3</osmand:speed>
        </extensions>
      </trkpt>
      <trkpt lat="52.3606204" lon="13.5141706">
        <ele>46.5</ele>
        <time>2026-08-24T11:00:14Z</time>
        <hdop>10.7</hdop>
        <extensions>
          <osmand:speed>0.9</osmand:speed>
        </extensions>
      </trkpt>
      <trkpt lat="52.3605965" lon="13.51413">
        <ele>46.5</ele>
        <time>2026-08-24T11:00:20Z</time>
        <hdop>8.7</hdop>
        <extensions>
          <osmand:speed>1</osmand:speed>
        </extensions>
      </trkpt>
      <trkpt lat="52.3605714" lon="13.5140407">
        <ele>47.5</ele>
        <time>2026-08-24T11:00:26Z</time>
        <hdop>15.8</hdop>
        <extensions>
          <osmand:speed>1.2</osmand:speed>
        </extensions>
      </trkpt>
      <trkpt lat="52.3605388" lon="13.5139784">
        <ele>47.5</ele>
        <time>2026-08-24T11:00:32Z</time>
        <hdop>14.8</hdop>
        <extensions>
          <osmand:speed>1.9</osmand:speed>
        </extensions>
      </trkpt>
      <trkpt lat="52.3604857" lon="13.5139697">
        <ele>47.5</ele>
        <time>2026-08-24T11:00:38Z</time>
        <hdop>10.7</hdop>
      </trkpt>
      <trkpt lat="52.3604768" lon="13.5139639">
        <ele>47.5</ele>
        <time>2026-08-24T11:00:44Z</time>
        <hdop>11.7</hdop>
        <extensions>
          <osmand:speed>2.7</osmand:speed>
        </extensions>
      </trkpt>
      <trkpt lat="52.3604537" lon="13.5139909">
        <ele>47.5</ele>
        <time>2026-08-24T11:00:50Z</time>
        <hdop>27</hdop>
        <extensions>
          <osmand:speed>1.8</osmand:speed>
        </extensions>
      </trkpt>
      <trkpt lat="52.3603958" lon="13.5140029">
        <ele>46.5</ele>
        <time>2026-08-24T11:00:56Z</time>
        <hdop>20.4</hdop>
        <extensions>
          <osmand:speed>1.6</osmand:speed>
        </extensions>
      </trkpt>
      <trkpt lat="52.3604281" lon="13.5139682">
        <ele>45.5</ele>
        <time>2026-08-24T11:01:02Z</time>
        <hdop>17.9</hdop>
        <extensions>
          <osmand:speed>0.6</osmand:speed>
        </extensions>
      </trkpt>
      <trkpt lat="52.3604898" lon="13.5139662">
        <ele>44.5</ele>
        <time>2026-08-24T11:01:08Z</time>
        <hdop>16.8</hdop>
      </trkpt>
      <trkpt lat="52.3604898" lon="13.513966">
        <ele>44.5</ele>
        <time>2026-08-24T11:01:14Z</time>
        <hdop>13.8</hdop>
      </trkpt>
      <trkpt lat="52.3604898" lon="13.513966">
        <ele>44.5</ele>
        <time>2026-08-24T11:01:20Z</time>
        <hdop>15.8</hdop>
      </trkpt>
      <trkpt lat="52.3604898" lon="13.513966">
        <ele>44.5</ele>
        <time>2026-08-24T11:01:26Z</time>
        <hdop>25.5</hdop>
      </trkpt>
      <trkpt lat="52.3606515" lon="13.5138054">
        <ele>19.5</ele>
        <time>2026-08-24T11:02:12Z</time>
        <hdop>47.4</hdop>
        <extensions>
          <osmand:speed>0.9</osmand:speed>
        </extensions>
      </trkpt>
      <trkpt lat="52.3606406" lon="13.5138077">
        <ele>23.5</ele>
        <time>2026-08-24T11:02:18Z</time>
        <hdop>40.3</hdop>
        <extensions>
          <osmand:speed>0.9</osmand:speed>
        </extensions>
      </trkpt>
      <trkpt lat="52.3606802" lon="13.5137876">
        <ele>15.5</ele>
        <time>2026-08-24T11:02:25Z</time>
        <hdop>35.2</hdop>
        <extensions>
          <osmand:speed>1</osmand:speed>
        </extensions>
      </trkpt>
      <trkpt lat="52.3606536" lon="13.5138284">
        <ele>18.5</ele>
        <time>2026-08-24T11:02:31Z</time>
        <hdop>31.1</hdop>
        <extensions>
          <osmand:speed>1</osmand:speed>
        </extensions>
      </trkpt>
      <trkpt lat="52.3606113" lon="13.5139557">
        <ele>28.5</ele>
        <time>2026-08-24T11:02:37Z</time>
        <hdop>40.3</hdop>
        <extensions>
          <osmand:speed>0.5</osmand:speed>
        </extensions>
      </trkpt>
      <trkpt lat="52.3606122" lon="13.5139997">
        <ele>33.5</ele>
        <time>2026-08-24T11:02:43Z</time>
        <hdop>17.3</hdop>
        <extensions>
          <osmand:speed>0.3</osmand:speed>
        </extensions>
      </trkpt>
      <trkpt lat="52.360605" lon="13.5140287">
        <ele>37.5</ele>
        <time>2026-08-24T11:02:49Z</time>
        <hdop>33.2</hdop>
      </trkpt>
      <trkpt lat="52.3606266" lon="13.5140309">
        <ele>33.5</ele>
        <time>2026-08-24T11:02:55Z</time>
        <hdop>49.5</hdop>
        <extensions>
          <osmand:speed>1.1</osmand:speed>
        </extensions>
      </trkpt>
      <trkpt lat="52.3606922" lon="13.5141124">
        <ele>32.5</ele>
        <time>2026-08-24T11:03:03Z</time>
        <hdop>39.3</hdop>
        <extensions>
          <osmand:speed>3</osmand:speed>
        </extensions>
      </trkpt>
      <trkpt lat="52.3607498" lon="13.5143749">
        <ele>31.5</ele>
        <time>2026-08-24T11:03:09Z</time>
        <hdop>30.1</hdop>
        <extensions>
          <osmand:speed>3.3</osmand:speed>
        </extensions>
      </trkpt>
      <trkpt lat="52.3607783" lon="13.5147777">
        <ele>37.5</ele>
        <time>2026-08-24T11:03:15Z</time>
        <hdop>18.9</hdop>
        <extensions>
          <osmand:speed>4.4</osmand:speed>
        </extensions>
      </trkpt>
      <trkpt lat="52.360824" lon="13.515143">
        <ele>44.5</ele>
        <time>2026-08-24T11:03:21Z</time>
        <hdop>15.3</hdop>
        <extensions>
          <osmand:speed>4.3</osmand:speed>
        </extensions>
      </trkpt>
      <trkpt lat="52.3609206" lon="13.5155496">
        <ele>42.5</ele>
        <time>2026-08-24T11:03:27Z</time>
        <hdop>15.3</hdop>
        <extensions>
          <osmand:speed>5.4</osmand:speed>
        </extensions>
      </trkpt>
      <trkpt lat="52.3610448" lon="13.515983">
        <ele>41.5</ele>
        <time>2026-08-24T11:03:33Z</time>
        <hdop>20.4</hdop>
        <extensions>
          <osmand:speed>5.9</osmand:speed>
        </extensions>
      </trkpt>
      <trkpt lat="52.361155" lon="13.516488">
        <ele>41.5</ele>
        <time>2026-08-24T11:03:39Z</time>
        <hdop>23.5</hdop>
        <extensions>
          <osmand:speed>6.8</osmand:speed>
        </extensions>
      </trkpt>
      <trkpt lat="52.3612916" lon="13.5170577">
        <ele>40.5</ele>
        <time>2026-08-24T11:03:45Z</time>
        <hdop>25</hdop>
        <extensions>
          <osmand:speed>6</osmand:speed>
        </extensions>
      </trkpt>
      <trkpt lat="52.3613846" lon="13.5174469">
        <ele>41.5</ele>
        <time>2026-08-24T11:03:51Z</time>
        <hdop>27.6</hdop>
        <extensions>
          <osmand:speed>4.7</osmand:speed>
        </extensions>
      </trkpt>
      <trkpt lat="52.3613607" lon="13.5179073">
        <ele>40.5</ele>
        <time>2026-08-24T11:03:57Z</time>
        <hdop>32.1</hdop>
        <extensions>
          <osmand:speed>5.4</osmand:speed>
        </extensions>
      </trkpt>
      <trkpt lat="52.3611873" lon="13.5183305">
        <ele>40.5</ele>
        <time>2026-08-24T11:04:03Z</time>
        <hdop>33.7</hdop>
        <extensions>
          <osmand:speed>5.3</osmand:speed>
        </extensions>
      </trkpt>
      <trkpt lat="52.3609556" lon="13.5186705">
        <ele>35.5</ele>
        <time>2026-08-24T11:04:09Z</time>
        <hdop>30.1</hdop>
        <extensions>
          <osmand:speed>5.9</osmand:speed>
        </extensions>
      </trkpt>
      <trkpt lat="52.3608082" lon="13.5191893">
        <ele>35.5</ele>
        <time>2026-08-24T11:04:15Z</time>
        <hdop>34.2</hdop>
        <extensions>
          <osmand:speed>7.4</osmand:speed>
        </extensions>
      </trkpt>
      <trkpt lat="52.3610076" lon="13.5199972">
        <ele>36.5</ele>
        <time>2026-08-24T11:04:24Z</time>
        <hdop>45.9</hdop>
        <extensions>
          <osmand:speed>6.6</osmand:speed>
        </extensions>
      </trkpt>
      <trkpt lat="52.361099" lon="13.5202963">
        <ele>40.5</ele>
        <time>2026-08-24T11:04:30Z</time>
        <hdop>14.3</hdop>
        <extensions>
          <osmand:speed>4.6</osmand:speed>
        </extensions>
      </trkpt>
      <trkpt lat="52.3611318" lon="13.5207023">
        <ele>37.5</ele>
        <time>2026-08-24T11:04:36Z</time>
        <hdop>11.2</hdop>
        <extensions>
          <osmand:speed>5</osmand:speed>
        </extensions>
      </trkpt>
      <trkpt lat="52.3609653" lon="13.5211309">
        <ele>39.5</ele>
        <time>2026-08-24T11:04:42Z</time>
        <hdop>11.2</hdop>
        <extensions>
          <osmand:speed>6.1</osmand:speed>
        </extensions>
      </trkpt>
      <trkpt lat="52.360713" lon="13.521323">
        <ele>41.5</ele>
        <time>2026-08-24T11:04:48Z</time>
        <hdop>13.8</hdop>
        <extensions>
          <osmand:speed>3.5</osmand:speed>
        </extensions>
      </trkpt>
      <trkpt lat="52.3604878" lon="13.5214162">
        <ele>43.5</ele>
        <time>2026-08-24T11:04:54Z</time>
        <hdop>17.9</hdop>
        <extensions>
          <osmand:speed>2.8</osmand:speed>
        </extensions>
      </trkpt>
      <trkpt lat="52.3603441" lon="13.5215678">
        <ele>44.5</ele>
        <time>2026-08-24T11:05:00Z</time>
        <hdop>15.8</hdop>
        <extensions>
          <osmand:speed>2.9</osmand:speed>
        </extensions>
      </trkpt>
      <trkpt lat="52.360191" lon="13.5217167">
        <ele>44.5</ele>
        <time>2026-08-24T11:05:06Z</time>
        <hdop>14.3</hdop>
        <extensions>
          <osmand:speed>3</osmand:speed>
        </extensions>
      </trkpt>
      <trkpt lat="52.3600298" lon="13.5218289">
        <ele>45.5</ele>
        <time>2026-08-24T11:05:12Z</time>
        <hdop>14.8</hdop>
        <extensions>
          <osmand:speed>3.2</osmand:speed>
        </extensions>
      </trkpt>
      <trkpt lat="52.3599014" lon="13.5219227">
        <ele>45.5</ele>
        <time>2026-08-24T11:05:18Z</time>
        <hdop>9.7</hdop>
        <extensions>
          <osmand:speed>2</osmand:speed>
        </extensions>
      </trkpt>
      <trkpt lat="52.359828" lon="13.521946">
        <ele>45.5</ele>
        <time>2026-08-24T11:05:24Z</time>
        <hdop>16.8</hdop>
        <extensions>
          <osmand:speed>1.2</osmand:speed>
        </extensions>
      </trkpt>
      <trkpt lat="52.3597566" lon="13.5219988">
        <ele>45.5</ele>
        <time>2026-08-24T11:05:30Z</time>
        <hdop>16.3</hdop>
        <extensions>
          <osmand:speed>1.9</osmand:speed>
        </extensions>
      </trkpt>
      <trkpt lat="52.3596486" lon="13.5220724">
        <ele>46.5</ele>
        <time>2026-08-24T11:05:36Z</time>
        <hdop>10.2</hdop>
        <extensions>
          <osmand:speed>2.5</osmand:speed>
        </extensions>
      </trkpt>
      <trkpt lat="52.3595051" lon="13.5221587">
        <ele>46.5</ele>
        <time>2026-08-24T11:05:42Z</time>
        <hdop>9.7</hdop>
        <extensions>
          <osmand:speed>3.2</osmand:speed>
        </extensions>
      </trkpt>
      <trkpt lat="52.3593342" lon="13.5222404">
        <ele>46.5</ele>
        <time>2026-08-24T11:05:48Z</time>
        <hdop>12.2</hdop>
        <extensions>
          <osmand:speed>3.6</osmand:speed>
        </extensions>
      </trkpt>
      <trkpt lat="52.3591591" lon="13.5223666">
        <ele>49.5</ele>
        <time>2026-08-24T11:05:54Z</time>
        <hdop>13.8</hdop>
        <extensions>
          <osmand:speed>4.2</osmand:speed>
        </extensions>
      </trkpt>
      <trkpt lat="52.35893" lon="13.5225013">
        <ele>49.5</ele>
        <time>2026-08-24T11:06:00Z</time>
        <hdop>12.8</hdop>
        <extensions>
          <osmand:speed>4.7</osmand:speed>
        </extensions>
      </trkpt>
      <trkpt lat="52.3586652" lon="13.5225747">
        <ele>50.5</ele>
        <time>2026-08-24T11:06:06Z</time>
        <hdop>15.3</hdop>
        <extensions>
          <osmand:speed>5.1</osmand:speed>
        </extensions>
      </trkpt>
      <trkpt lat="52.3583623" lon="13.5224044">
        <ele>49.5</ele>
        <time>2026-08-24T11:06:12Z</time>
        <hdop>13.3</hdop>
        <extensions>
          <osmand:speed>6.9</osmand:speed>
        </extensions>
      </trkpt>
      <trkpt lat="52.3580887" lon="13.5217963">
        <ele>46.5</ele>
        <time>2026-08-24T11:06:18Z</time>
        <hdop>15.8</hdop>
        <extensions>
          <osmand:speed>10.4</osmand:speed>
        </extensions>
      </trkpt>
      <trkpt lat="52.3577597" lon="13.5203406">
        <ele>44.5</ele>
        <time>2026-08-24T11:06:24Z</time>
        <hdop>20.4</hdop>
        <extensions>
          <osmand:speed>24.1</osmand:speed>
        </extensions>
      </trkpt>
      <trkpt lat="52.3571414" lon="13.5176577">
        <ele>44.5</ele>
        <time>2026-08-24T11:06:30Z</time>
        <hdop>16.8</hdop>
        <extensions>
          <osmand:speed>38.5</osmand:speed>
        </extensions>
      </trkpt>
      <trkpt lat="52.3562698" lon="13.5139317">
        <ele>49.5</ele>
        <time>2026-08-24T11:06:36Z</time>
        <hdop>16.8</hdop>
        <extensions>
          <osmand:speed>51.5</osmand:speed>
        </extensions>
      </trkpt>
      <trkpt lat="52.3551118" lon="13.5091818">
        <ele>47.5</ele>
        <time>2026-08-24T11:06:42Z</time>
        <hdop>21.9</hdop>
        <extensions>
          <osmand:speed>63.9</osmand:speed>
        </extensions>
      </trkpt>
      <trkpt lat="52.353751" lon="13.5034434">
        <ele>48.5</ele>
        <time>2026-08-24T11:06:48Z</time>
        <hdop>21.4</hdop>
        <extensions>
          <osmand:speed>75</osmand:speed>
        </extensions>
      </trkpt>
      <trkpt lat="52.3521931" lon="13.4969186">
        <ele>47.2</ele>
        <time>2026-08-24T11:06:54Z</time>
        <hdop>19.9</hdop>
        <extensions>
          <osmand:speed>83.4</osmand:speed>
        </extensions>
      </trkpt>
      <trkpt lat="52.3505343" lon="13.490103">
        <ele>104.2</ele>
        <time>2026-08-24T11:07:00Z</time>
        <hdop>23.5</hdop>
        <extensions>
          <osmand:speed>82.3</osmand:speed>
        </extensions>
      </trkpt>
      <trkpt lat="52.3488495" lon="13.4834784">
        <ele>188.2</ele>
        <time>2026-08-24T11:07:06Z</time>
        <hdop>23</hdop>
        <extensions>
          <osmand:speed>80.7</osmand:speed>
        </extensions>
      </trkpt>
      <trkpt lat="52.3471712" lon="13.4770715">
        <ele>276.2</ele>
        <time>2026-08-24T11:07:12Z</time>
        <hdop>17.3</hdop>
        <extensions>
          <osmand:speed>78.9</osmand:speed>
        </extensions>
      </trkpt>
      <trkpt lat="52.3455038" lon="13.4707242">
        <ele>358.2</ele>
        <time>2026-08-24T11:07:18Z</time>
        <hdop>15.8</hdop>
        <extensions>
          <osmand:speed>78.4</osmand:speed>
        </extensions>
      </trkpt>
      <trkpt lat="52.3437934" lon="13.4644474">
        <ele>436.2</ele>
        <time>2026-08-24T11:07:24Z</time>
        <hdop>15.3</hdop>
        <extensions>
          <osmand:speed>77.7</osmand:speed>
        </extensions>
      </trkpt>
      <trkpt lat="52.3421075" lon="13.4581646">
        <ele>510.2</ele>
        <time>2026-08-24T11:07:30Z</time>
        <hdop>14.3</hdop>
        <extensions>
          <osmand:speed>78.1</osmand:speed>
        </extensions>
      </trkpt>
      <trkpt lat="52.3404338" lon="13.4518959">
        <ele>573.2</ele>
        <time>2026-08-24T11:07:36Z</time>
        <hdop>15.3</hdop>
        <extensions>
          <osmand:speed>77.8</osmand:speed>
        </extensions>
      </trkpt>
      <trkpt lat="52.3384105" lon="13.4458682">
        <ele>634.2</ele>
        <time>2026-08-24T11:07:42Z</time>
        <hdop>18.4</hdop>
        <extensions>
          <osmand:speed>78.5</osmand:speed>
        </extensions>
      </trkpt>
      <trkpt lat="52.335933" lon="13.440225">
        <ele>687.2</ele>
        <time>2026-08-24T11:07:48Z</time>
        <hdop>20.4</hdop>
        <extensions>
          <osmand:speed>79.5</osmand:speed>
        </extensions>
      </trkpt>
      <trkpt lat="52.3331308" lon="13.4348691">
        <ele>745.2</ele>
        <time>2026-08-24T11:07:54Z</time>
        <hdop>18.9</hdop>
        <extensions>
          <osmand:speed>80.2</osmand:speed>
        </extensions>
      </trkpt>
      <trkpt lat="52.3302558" lon="13.4295901">
        <ele>803.2</ele>
        <time>2026-08-24T11:08:00Z</time>
        <hdop>18.9</hdop>
        <extensions>
          <osmand:speed>80.3</osmand:speed>
        </extensions>
      </trkpt>
      <trkpt lat="52.3273577" lon="13.4243088">
        <ele>859.2</ele>
        <time>2026-08-24T11:08:06Z</time>
        <hdop>21.9</hdop>
        <extensions>
          <osmand:speed>80.6</osmand:speed>
        </extensions>
      </trkpt>
      <trkpt lat="52.3244283" lon="13.4190635">
        <ele>912.2</ele>
        <time>2026-08-24T11:08:12Z</time>
        <hdop>24.5</hdop>
        <extensions>
          <osmand:speed>80.9</osmand:speed>
        </extensions>
      </trkpt>
      <trkpt lat="52.321502" lon="13.4137842">
        <ele>971.2</ele>
        <time>2026-08-24T11:08:18Z</time>
        <hdop>21.9</hdop>
        <extensions>
          <osmand:speed>80.9</osmand:speed>
        </extensions>
      </trkpt>
      <trkpt lat="52.3185507" lon="13.4085293">
        <ele>1025.2</ele>
        <time>2026-08-24T11:08:24Z</time>
        <hdop>21.4</hdop>
        <extensions>
          <osmand:speed>81.3</osmand:speed>
        </extensions>
      </trkpt>
      <trkpt lat="52.3154919" lon="13.4031125">
        <ele>1055.2</ele>
        <time>2026-08-24T11:08:30Z</time>
        <hdop>23</hdop>
        <extensions>
          <osmand:speed>85.7</osmand:speed>
        </extensions>
      </trkpt>
      <trkpt lat="52.3123343" lon="13.3973945">
        <ele>1088.2</ele>
        <time>2026-08-24T11:08:36Z</time>
        <hdop>21.9</hdop>
        <extensions>
          <osmand:speed>89.2</osmand:speed>
        </extensions>
      </trkpt>
      <trkpt lat="52.3090935" lon="13.3914534">
        <ele>1123.2</ele>
        <time>2026-08-24T11:08:42Z</time>
        <hdop>11.7</hdop>
        <extensions>
          <osmand:speed>89.9</osmand:speed>
        </extensions>
      </trkpt>
      <trkpt lat="52.3056665" lon="13.3853078">
        <ele>1153.2</ele>
        <time>2026-08-24T11:08:48Z</time>
        <hdop>21.9</hdop>
        <extensions>
          <osmand:speed>96.2</osmand:speed>
        </extensions>
      </trkpt>
      <trkpt lat="52.30209" lon="13.3788918">
        <ele>1184.2</ele>
        <time>2026-08-24T11:08:54Z</time>
        <hdop>18.9</hdop>
        <extensions>
          <osmand:speed>100.5</osmand:speed>
        </extensions>
      </trkpt>
      <trkpt lat="52.2983743" lon="13.3722239">
        <ele>1211.2</ele>
        <time>2026-08-24T11:09:00Z</time>
        <hdop>24</hdop>
        <extensions>
          <osmand:speed>104.3</osmand:speed>
        </extensions>
      </trkpt>
      <trkpt lat="52.2944992" lon="13.3652044">
        <ele>1236.2</ele>
        <time>2026-08-24T11:09:06Z</time>
        <hdop>26.5</hdop>
        <extensions>
          <osmand:speed>109</osmand:speed>
        </extensions>
      </trkpt>
      <trkpt lat="52.2904404" lon="13.3576526">
        <ele>1254.2</ele>
        <time>2026-08-24T11:09:12Z</time>
        <hdop>23.5</hdop>
        <extensions>
          <osmand:speed>117.4</osmand:speed>
        </extensions>
      </trkpt>
      <trkpt lat="52.286166" lon="13.3496825">
        <ele>1293.2</ele>
        <time>2026-08-24T11:09:18Z</time>
        <hdop>27</hdop>
        <extensions>
          <osmand:speed>122.3</osmand:speed>
        </extensions>
      </trkpt>
      <trkpt lat="52.2817426" lon="13.3416533">
        <ele>1343.2</ele>
        <time>2026-08-24T11:09:24Z</time>
        <hdop>20.4</hdop>
        <extensions>
          <osmand:speed>123.2</osmand:speed>
        </extensions>
      </trkpt>
      <trkpt lat="52.2773263" lon="13.3335104">
        <ele>1363.2</ele>
        <time>2026-08-24T11:09:30Z</time>
        <hdop>30.1</hdop>
        <extensions>
          <osmand:speed>123.1</osmand:speed>
        </extensions>
      </trkpt>
      <trkpt lat="52.2730102" lon="13.3253803">
        <ele>1388.2</ele>
        <time>2026-08-24T11:09:36Z</time>
        <hdop>25</hdop>
        <extensions>
          <osmand:speed>120.9</osmand:speed>
        </extensions>
      </trkpt>
      <trkpt lat="52.2686487" lon="13.3173145">
        <ele>1426.2</ele>
        <time>2026-08-24T11:09:42Z</time>
        <hdop>17.3</hdop>
        <extensions>
          <osmand:speed>124.2</osmand:speed>
        </extensions>
      </trkpt>
      <trkpt lat="52.2640161" lon="13.3090008">
        <ele>1451.2</ele>
        <time>2026-08-24T11:09:48Z</time>
        <hdop>13.3</hdop>
        <extensions>
          <osmand:speed>130.2</osmand:speed>
        </extensions>
      </trkpt>
      <trkpt lat="52.2591271" lon="13.3003012">
        <ele>1468.2</ele>
        <time>2026-08-24T11:09:54Z</time>
        <hdop>22.4</hdop>
        <extensions>
          <osmand:speed>137.6</osmand:speed>
        </extensions>
      </trkpt>
      <trkpt lat="52.2538463" lon="13.2915186">
        <ele>1481.2</ele>
        <time>2026-08-24T11:10:00Z</time>
        <hdop>27.6</hdop>
        <extensions>
          <osmand:speed>142.5</osmand:speed>
        </extensions>
      </trkpt>
      <trkpt lat="52.2476891" lon="13.2838068">
        <ele>1489.3</ele>
        <time>2026-08-24T11:10:06Z</time>
        <hdop>31.1</hdop>
        <extensions>
          <osmand:speed>143.9</osmand:speed>
        </extensions>
      </trkpt>
      <trkpt lat="52.2407117" lon="13.2779246">
        <ele>1500.3</ele>
        <time>2026-08-24T11:10:12Z</time>
        <hdop>32.1</hdop>
        <extensions>
          <osmand:speed>145.5</osmand:speed>
        </extensions>
      </trkpt>
      <trkpt lat="52.2332777" lon="13.2738264">
        <ele>1520.3</ele>
        <time>2026-08-24T11:10:18Z</time>
        <hdop>33.2</hdop>
        <extensions>
          <osmand:speed>145.1</osmand:speed>
        </extensions>
      </trkpt>
      <trkpt lat="52.2257845" lon="13.2699612">
        <ele>1538.3</ele>
        <time>2026-08-24T11:10:24Z</time>
        <hdop>30.1</hdop>
        <extensions>
          <osmand:speed>145.8</osmand:speed>
        </extensions>
      </trkpt>
      <trkpt lat="52.2186735" lon="13.2642877">
        <ele>1577.3</ele>
        <time>2026-08-24T11:10:30Z</time>
        <hdop>34.7</hdop>
        <extensions>
          <osmand:speed>150</osmand:speed>
        </extensions>
      </trkpt>
      <trkpt lat="52.2123035" lon="13.2565247">
        <ele>1652.3</ele>
        <time>2026-08-24T11:10:36Z</time>
        <hdop>49.5</hdop>
        <extensions>
          <osmand:speed>146.5</osmand:speed>
        </extensions>
      </trkpt>
      <trkpt lat="52.2822232" lon="13.1383093">
        <ele>2644.9</ele>
        <time>2026-08-24T11:12:21Z</time>
        <hdop>41.3</hdop>
        <extensions>
          <osmand:speed>173.7</osmand:speed>
        </extensions>
      </trkpt>
      <trkpt lat="52.2920237" lon="13.1394838">
        <ele>2692.9</ele>
        <time>2026-08-24T11:12:27Z</time>
        <hdop>10.7</hdop>
        <extensions>
          <osmand:speed>177.7</osmand:speed>
        </extensions>
      </trkpt>
      <trkpt lat="52.3016992" lon="13.1405168">
        <ele>2723.9</ele>
        <time>2026-08-24T11:12:33Z</time>
        <hdop>13.3</hdop>
        <extensions>
          <osmand:speed>181.4</osmand:speed>
        </extensions>
      </trkpt>
      <trkpt lat="52.3115743" lon="13.1415189">
        <ele>2751.9</ele>
        <time>2026-08-24T11:12:39Z</time>
        <hdop>14.3</hdop>
        <extensions>
          <osmand:speed>185.1</osmand:speed>
        </extensions>
      </trkpt>
      <trkpt lat="52.3216267" lon="13.1424063">
        <ele>2787.9</ele>
        <time>2026-08-24T11:12:45Z</time>
        <hdop>14.8</hdop>
        <extensions>
          <osmand:speed>188.1</osmand:speed>
        </extensions>
      </trkpt>
      <trkpt lat="52.3318298" lon="13.1433413">
        <ele>2832.9</ele>
        <time>2026-08-24T11:12:51Z</time>
        <hdop>15.3</hdop>
        <extensions>
          <osmand:speed>190.7</osmand:speed>
        </extensions>
      </trkpt>
      <trkpt lat="52.3421432" lon="13.144241">
        <ele>2887.9</ele>
        <time>2026-08-24T11:12:57Z</time>
        <hdop>11.2</hdop>
        <extensions>
          <osmand:speed>192.5</osmand:speed>
        </extensions>
      </trkpt>
      <trkpt lat="52.3525487" lon="13.1451077">
        <ele>2952.9</ele>
        <time>2026-08-24T11:13:03Z</time>
        <hdop>18.9</hdop>
        <extensions>
          <osmand:speed>194.4</osmand:speed>
        </extensions>
      </trkpt>
      <trkpt lat="52.3630163" lon="13.1460022">
        <ele>3031.9</ele>
        <time>2026-08-24T11:13:09Z</time>
        <hdop>26.5</hdop>
        <extensions>
          <osmand:speed>194.4</osmand:speed>
        </extensions>
      </trkpt>
      <trkpt lat="52.373486" lon="13.1468642">
        <ele>3117.9</ele>
        <time>2026-08-24T11:13:15Z</time>
        <hdop>33.2</hdop>
        <extensions>
          <osmand:speed>194.8</osmand:speed>
        </extensions>
      </trkpt>
      <trkpt lat="52.3839093" lon="13.1477115">
        <ele>3211.9</ele>
        <time>2026-08-24T11:13:21Z</time>
        <hdop>15.3</hdop>
        <extensions>
          <osmand:speed>194.2</osmand:speed>
        </extensions>
      </trkpt>
      <trkpt lat="52.3943123" lon="13.1485861">
        <ele>3308.9</ele>
        <time>2026-08-24T11:13:27Z</time>
        <hdop>21.9</hdop>
        <extensions>
          <osmand:speed>194.6</osmand:speed>
        </extensions>
      </trkpt>
      <trkpt lat="52.4047228" lon="13.1494357">
        <ele>3400.9</ele>
        <time>2026-08-24T11:13:33Z</time>
        <hdop>24</hdop>
        <extensions>
          <osmand:speed>194.3</osmand:speed>
        </extensions>
      </trkpt>
      <trkpt lat="52.4152116" lon="13.1502904">
        <ele>3476.9</ele>
        <time>2026-08-24T11:13:39Z</time>
        <hdop>24</hdop>
        <extensions>
          <osmand:speed>195.8</osmand:speed>
        </extensions>
      </trkpt>
      <trkpt lat="52.4257115" lon="13.1511627">
        <ele>3550.9</ele>
        <time>2026-08-24T11:13:45Z</time>
        <hdop>30.6</hdop>
        <extensions>
          <osmand:speed>195.5</osmand:speed>
        </extensions>
      </trkpt>
      <trkpt lat="52.4362408" lon="13.1520382">
        <ele>3622.9</ele>
        <time>2026-08-24T11:13:51Z</time>
        <hdop>28.1</hdop>
        <extensions>
          <osmand:speed>195.9</osmand:speed>
        </extensions>
      </trkpt>
      <trkpt lat="52.4468397" lon="13.1529779">
        <ele>3686.9</ele>
        <time>2026-08-24T11:13:57Z</time>
        <hdop>22.4</hdop>
        <extensions>
          <osmand:speed>197.2</osmand:speed>
        </extensions>
      </trkpt>
      <trkpt lat="52.4575064" lon="13.153911">
        <ele>3746.9</ele>
        <time>2026-08-24T11:14:03Z</time>
        <hdop>19.9</hdop>
        <extensions>
          <osmand:speed>198.8</osmand:speed>
        </extensions>
      </trkpt>
      <trkpt lat="52.4682122" lon="13.1548375">
        <ele>3816.9</ele>
        <time>2026-08-24T11:14:09Z</time>
        <hdop>18.9</hdop>
        <extensions>
          <osmand:speed>199.8</osmand:speed>
        </extensions>
      </trkpt>
      <trkpt lat="52.4789789" lon="13.155778">
        <ele>3878.9</ele>
        <time>2026-08-24T11:14:15Z</time>
        <hdop>15.8</hdop>
        <extensions>
          <osmand:speed>200.6</osmand:speed>
        </extensions>
      </trkpt>
      <trkpt lat="52.4898303" lon="13.1567331">
        <ele>3937.9</ele>
        <time>2026-08-24T11:14:21Z</time>
        <hdop>14.8</hdop>
        <extensions>
          <osmand:speed>201.9</osmand:speed>
        </extensions>
      </trkpt>
      <trkpt lat="52.5007383" lon="13.1576744">
        <ele>3995.4</ele>
        <time>2026-08-24T11:14:27Z</time>
        <hdop>23</hdop>
        <extensions>
          <osmand:speed>203.7</osmand:speed>
        </extensions>
      </trkpt>
      <trkpt lat="52.5117272" lon="13.1586902">
        <ele>4050.4</ele>
        <time>2026-08-24T11:14:33Z</time>
        <hdop>20.9</hdop>
        <extensions>
          <osmand:speed>204.6</osmand:speed>
        </extensions>
      </trkpt>
      <trkpt lat="52.5227545" lon="13.1596978">
        <ele>4105.4</ele>
        <time>2026-08-24T11:14:39Z</time>
        <hdop>28.1</hdop>
        <extensions>
          <osmand:speed>205.4</osmand:speed>
        </extensions>
      </trkpt>
      <trkpt lat="52.5338509" lon="13.1607197">
        <ele>4161.4</ele>
        <time>2026-08-24T11:14:45Z</time>
        <hdop>24</hdop>
        <extensions>
          <osmand:speed>207</osmand:speed>
        </extensions>
      </trkpt>
      <trkpt lat="52.5450127" lon="13.1616336">
        <ele>4221.4</ele>
        <time>2026-08-24T11:14:51Z</time>
        <hdop>30.1</hdop>
        <extensions>
          <osmand:speed>207.5</osmand:speed>
        </extensions>
      </trkpt>
      <trkpt lat="52.5561832" lon="13.1626833">
        <ele>4289.4</ele>
        <time>2026-08-24T11:14:57Z</time>
        <hdop>36.2</hdop>
        <extensions>
          <osmand:speed>208.2</osmand:speed>
        </extensions>
      </trkpt>
      <trkpt lat="52.5674053" lon="13.1636975">
        <ele>4352.4</ele>
        <time>2026-08-24T11:15:03Z</time>
        <hdop>26.5</hdop>
        <extensions>
          <osmand:speed>209</osmand:speed>
        </extensions>
      </trkpt>
      <trkpt lat="52.578661" lon="13.1647696">
        <ele>4418.4</ele>
        <time>2026-08-24T11:15:09Z</time>
        <hdop>31.1</hdop>
        <extensions>
          <osmand:speed>209.4</osmand:speed>
        </extensions>
      </trkpt>
      <trkpt lat="52.5899339" lon="13.1657763">
        <ele>4488.4</ele>
        <time>2026-08-24T11:15:15Z</time>
        <hdop>27</hdop>
        <extensions>
          <osmand:speed>209.5</osmand:speed>
        </extensions>
      </trkpt>
      <trkpt lat="52.60124" lon="13.1667916">
        <ele>4558.4</ele>
        <time>2026-08-24T11:15:21Z</time>
        <hdop>25.5</hdop>
        <extensions>
          <osmand:speed>209.9</osmand:speed>
        </extensions>
      </trkpt>
      <trkpt lat="52.6125186" lon="13.167848">
        <ele>4639.4</ele>
        <time>2026-08-24T11:15:27Z</time>
        <hdop>19.4</hdop>
        <extensions>
          <osmand:speed>209.6</osmand:speed>
        </extensions>
      </trkpt>
      <trkpt lat="52.6237964" lon="13.1688058">
        <ele>4719.4</ele>
        <time>2026-08-24T11:15:33Z</time>
        <hdop>19.9</hdop>
        <extensions>
          <osmand:speed>209.4</osmand:speed>
        </extensions>
      </trkpt>
      <trkpt lat="52.6351151" lon="13.1697231">
        <ele>4782.4</ele>
        <time>2026-08-24T11:15:39Z</time>
        <hdop>21.9</hdop>
        <extensions>
          <osmand:speed>210.5</osmand:speed>
        </extensions>
      </trkpt>
      <trkpt lat="52.6464254" lon="13.1707682">
        <ele>4839.4</ele>
        <time>2026-08-24T11:15:45Z</time>
        <hdop>23.5</hdop>
        <extensions>
          <osmand:speed>210.6</osmand:speed>
        </extensions>
      </trkpt>
      <trkpt lat="52.6577866" lon="13.1718666">
        <ele>4889.4</ele>
        <time>2026-08-24T11:15:51Z</time>
        <hdop>27</hdop>
        <extensions>
          <osmand:speed>211.8</osmand:speed>
        </extensions>
      </trkpt>
      <trkpt lat="52.6692403" lon="13.1729139">
        <ele>4937.4</ele>
        <time>2026-08-24T11:15:57Z</time>
        <hdop>17.3</hdop>
        <extensions>
          <osmand:speed>213.6</osmand:speed>
        </extensions>
      </trkpt>
      <trkpt lat="52.6807338" lon="13.1739166">
        <ele>4996.4</ele>
        <time>2026-08-24T11:16:03Z</time>
        <hdop>14.3</hdop>
        <extensions>
          <osmand:speed>213.7</osmand:speed>
        </extensions>
      </trkpt>
      <trkpt lat="52.6922381" lon="13.1749526">
        <ele>5063.4</ele>
        <time>2026-08-24T11:16:09Z</time>
        <hdop>15.3</hdop>
        <extensions>
          <osmand:speed>214.2</osmand:speed>
        </extensions>
      </trkpt>
      <trkpt lat="52.7037649" lon="13.1759637">
        <ele>5126.4</ele>
        <time>2026-08-24T11:16:15Z</time>
        <hdop>13.3</hdop>
        <extensions>
          <osmand:speed>214.5</osmand:speed>
        </extensions>
      </trkpt>
      <trkpt lat="52.7152915" lon="13.1770031">
        <ele>5193.4</ele>
        <time>2026-08-24T11:16:21Z</time>
        <hdop>11.7</hdop>
        <extensions>
          <osmand:speed>214.6</osmand:speed>
        </extensions>
      </trkpt>
      <trkpt lat="52.7268613" lon="13.1781188">
        <ele>5275.4</ele>
        <time>2026-08-24T11:16:27Z</time>
        <hdop>31.1</hdop>
        <extensions>
          <osmand:speed>215.9</osmand:speed>
        </extensions>
      </trkpt>
      <trkpt lat="52.738374" lon="13.179136">
        <ele>5350.4</ele>
        <time>2026-08-24T11:16:33Z</time>
        <hdop>25</hdop>
        <extensions>
          <osmand:speed>214.1</osmand:speed>
        </extensions>
      </trkpt>
      <trkpt lat="52.7498774" lon="13.1802599">
        <ele>5417.4</ele>
        <time>2026-08-24T11:16:39Z</time>
        <hdop>28.6</hdop>
        <extensions>
          <osmand:speed>214.6</osmand:speed>
        </extensions>
      </trkpt>
      <trkpt lat="52.7613595" lon="13.1811767">
        <ele>5472.6</ele>
        <time>2026-08-24T11:16:45Z</time>
        <hdop>30.6</hdop>
        <extensions>
          <osmand:speed>214</osmand:speed>
        </extensions>
      </trkpt>
      <trkpt lat="52.7729298" lon="13.1822573">
        <ele>5529.6</ele>
        <time>2026-08-24T11:16:51Z</time>
        <hdop>33.7</hdop>
        <extensions>
          <osmand:speed>216.3</osmand:speed>
        </extensions>
      </trkpt>
      <trkpt lat="52.7845356" lon="13.1831998">
        <ele>5588.6</ele>
        <time>2026-08-24T11:16:57Z</time>
        <hdop>34.2</hdop>
        <extensions>
          <osmand:speed>215.5</osmand:speed>
        </extensions>
      </trkpt>
      <trkpt lat="52.7961217" lon="13.1841424">
        <ele>5646.6</ele>
        <time>2026-08-24T11:17:03Z</time>
        <hdop>43.4</hdop>
        <extensions>
          <osmand:speed>215.7</osmand:speed>
        </extensions>
      </trkpt>
      <trkpt lat="52.8077559" lon="13.1851615">
        <ele>5705.6</ele>
        <time>2026-08-24T11:17:09Z</time>
        <hdop>28.6</hdop>
        <extensions>
          <osmand:speed>216.2</osmand:speed>
        </extensions>
      </trkpt>
      <trkpt lat="52.8194322" lon="13.1863592">
        <ele>5755.6</ele>
        <time>2026-08-24T11:17:15Z</time>
        <hdop>20.9</hdop>
        <extensions>
          <osmand:speed>217</osmand:speed>
        </extensions>
      </trkpt>
      <trkpt lat="52.8311299" lon="13.1875181">
        <ele>5810.6</ele>
        <time>2026-08-24T11:17:21Z</time>
        <hdop>25.5</hdop>
        <extensions>
          <osmand:speed>217.7</osmand:speed>
        </extensions>
      </trkpt>
      <trkpt lat="52.8428325" lon="13.1885824">
        <ele>5870.6</ele>
        <time>2026-08-24T11:17:27Z</time>
        <hdop>27.6</hdop>
        <extensions>
          <osmand:speed>217.5</osmand:speed>
        </extensions>
      </trkpt>
      <trkpt lat="52.8545279" lon="13.1896602">
        <ele>5928.6</ele>
        <time>2026-08-24T11:17:33Z</time>
        <hdop>30.1</hdop>
        <extensions>
          <osmand:speed>218.1</osmand:speed>
        </extensions>
      </trkpt>
      <trkpt lat="52.866165" lon="13.1907723">
        <ele>5977.6</ele>
        <time>2026-08-24T11:17:39Z</time>
        <hdop>34.7</hdop>
        <extensions>
          <osmand:speed>215.2</osmand:speed>
        </extensions>
      </trkpt>
      <trkpt lat="52.8895989" lon="13.1926942">
        <ele>6048.6</ele>
        <time>2026-08-24T11:17:51Z</time>
        <hdop>48.5</hdop>
        <extensions>
          <osmand:speed>219.2</osmand:speed>
        </extensions>
      </trkpt>
      <trkpt lat="52.9015509" lon="13.1938364">
        <ele>6093.6</ele>
        <time>2026-08-24T11:17:57Z</time>
        <hdop>49</hdop>
        <extensions>
          <osmand:speed>220.8</osmand:speed>
        </extensions>
      </trkpt>
      <trkpt lat="52.9134683" lon="13.1949585">
        <ele>6149.6</ele>
        <time>2026-08-24T11:18:03Z</time>
        <hdop>26</hdop>
        <extensions>
          <osmand:speed>221.2</osmand:speed>
        </extensions>
      </trkpt>
      <trkpt lat="52.9253579" lon="13.1959974">
        <ele>6211.6</ele>
        <time>2026-08-24T11:18:09Z</time>
        <hdop>34.2</hdop>
        <extensions>
          <osmand:speed>220.5</osmand:speed>
        </extensions>
      </trkpt>
      <trkpt lat="52.9372218" lon="13.1970723">
        <ele>6277.6</ele>
        <time>2026-08-24T11:18:15Z</time>
        <hdop>17.9</hdop>
        <extensions>
          <osmand:speed>220.4</osmand:speed>
        </extensions>
      </trkpt>
      <trkpt lat="52.949083" lon="13.1981426">
        <ele>6349.6</ele>
        <time>2026-08-24T11:18:21Z</time>
        <hdop>26.5</hdop>
        <extensions>
          <osmand:speed>220.2</osmand:speed>
        </extensions>
      </trkpt>
      <trkpt lat="52.9609574" lon="13.1992988">
        <ele>6408.6</ele>
        <time>2026-08-24T11:18:27Z</time>
        <hdop>26.5</hdop>
        <extensions>
          <osmand:speed>220.8</osmand:speed>
        </extensions>
      </trkpt>
      <trkpt lat="52.972865" lon="13.200425">
        <ele>6452.6</ele>
        <time>2026-08-24T11:18:33Z</time>
        <hdop>20.9</hdop>
        <extensions>
          <osmand:speed>222.1</osmand:speed>
        </extensions>
      </trkpt>
      <trkpt lat="52.9848227" lon="13.2015206">
        <ele>6487.6</ele>
        <time>2026-08-24T11:18:39Z</time>
        <hdop>23.5</hdop>
        <extensions>
          <osmand:speed>222.6</osmand:speed>
        </extensions>
      </trkpt>
      <trkpt lat="52.9968266" lon="13.2026254">
        <ele>6522.6</ele>
        <time>2026-08-24T11:18:45Z</time>
        <hdop>22.4</hdop>
        <extensions>
          <osmand:speed>223.1</osmand:speed>
        </extensions>
      </trkpt>
      <trkpt lat="53.0088746" lon="13.2037402">
        <ele>6561.9</ele>
        <time>2026-08-24T11:18:51Z</time>
        <hdop>25.5</hdop>
        <extensions>
          <osmand:speed>224.3</osmand:speed>
        </extensions>
      </trkpt>
      <trkpt lat="53.0209579" lon="13.2048362">
        <ele>6604.9</ele>
        <time>2026-08-24T11:18:57Z</time>
        <hdop>28.6</hdop>
        <extensions>
          <osmand:speed>224.3</osmand:speed>
        </extensions>
      </trkpt>
      <trkpt lat="53.0330611" lon="13.2059534">
        <ele>6641.9</ele>
        <time>2026-08-24T11:19:03Z</time>
        <hdop>24</hdop>
        <extensions>
          <osmand:speed>225.4</osmand:speed>
        </extensions>
      </trkpt>
      <trkpt lat="53.0452214" lon="13.2070896">
        <ele>6675.9</ele>
        <time>2026-08-24T11:19:09Z</time>
        <hdop>28.6</hdop>
        <extensions>
          <osmand:speed>226.8</osmand:speed>
        </extensions>
      </trkpt>
      <trkpt lat="53.0574034" lon="13.2081316">
        <ele>6711.9</ele>
        <time>2026-08-24T11:19:15Z</time>
        <hdop>27.6</hdop>
        <extensions>
          <osmand:speed>226.9</osmand:speed>
        </extensions>
      </trkpt>
      <trkpt lat="53.0696251" lon="13.2092679">
        <ele>6751.9</ele>
        <time>2026-08-24T11:19:21Z</time>
        <hdop>26.5</hdop>
        <extensions>
          <osmand:speed>227.9</osmand:speed>
        </extensions>
      </trkpt>
      <trkpt lat="53.081907" lon="13.2103895">
        <ele>6790.9</ele>
        <time>2026-08-24T11:19:27Z</time>
        <hdop>28.6</hdop>
        <extensions>
          <osmand:speed>228.5</osmand:speed>
        </extensions>
      </trkpt>
      <trkpt lat="53.094226" lon="13.2115052">
        <ele>6829.9</ele>
        <time>2026-08-24T11:19:33Z</time>
        <hdop>21.4</hdop>
        <extensions>
          <osmand:speed>229</osmand:speed>
        </extensions>
      </trkpt>
      <trkpt lat="53.1065745" lon="13.21265">
        <ele>6873.9</ele>
        <time>2026-08-24T11:19:39Z</time>
        <hdop>21.9</hdop>
        <extensions>
          <osmand:speed>229.5</osmand:speed>
        </extensions>
      </trkpt>
      <trkpt lat="53.118916" lon="13.2137699">
        <ele>6923.9</ele>
        <time>2026-08-24T11:19:45Z</time>
        <hdop>19.9</hdop>
        <extensions>
          <osmand:speed>229.4</osmand:speed>
        </extensions>
      </trkpt>
      <trkpt lat="53.1312662" lon="13.2148867">
        <ele>6971.9</ele>
        <time>2026-08-24T11:19:51Z</time>
        <hdop>13.8</hdop>
        <extensions>
          <osmand:speed>229.4</osmand:speed>
        </extensions>
      </trkpt>
      <trkpt lat="53.1436157" lon="13.216024">
        <ele>7016.9</ele>
        <time>2026-08-24T11:19:57Z</time>
        <hdop>14.3</hdop>
        <extensions>
          <osmand:speed>229.5</osmand:speed>
        </extensions>
      </trkpt>
      <trkpt lat="53.1559567" lon="13.217151">
        <ele>7060.9</ele>
        <time>2026-08-24T11:20:03Z</time>
        <hdop>19.4</hdop>
        <extensions>
          <osmand:speed>229.5</osmand:speed>
        </extensions>
      </trkpt>
      <trkpt lat="53.1683128" lon="13.2183358">
        <ele>7107.9</ele>
        <time>2026-08-24T11:20:09Z</time>
        <hdop>21.4</hdop>
        <extensions>
          <osmand:speed>229.6</osmand:speed>
        </extensions>
      </trkpt>
      <trkpt lat="53.1847994" lon="13.2198302">
        <ele>7172.9</ele>
        <time>2026-08-24T11:20:17Z</time>
        <hdop>23.5</hdop>
        <extensions>
          <osmand:speed>230</osmand:speed>
        </extensions>
      </trkpt>
      <trkpt lat="53.3688451" lon="13.2369762">
        <ele>7674.5</ele>
        <time>2026-08-24T11:21:45Z</time>
        <hdop>40.8</hdop>
        <extensions>
          <osmand:speed>236.4</osmand:speed>
        </extensions>
      </trkpt>
      <trkpt lat="53.3815618" lon="13.23813">
        <ele>7703.5</ele>
        <time>2026-08-24T11:21:51Z</time>
        <hdop>49.5</hdop>
        <extensions>
          <osmand:speed>237</osmand:speed>
        </extensions>
      </trkpt>
      <trkpt lat="53.4304069" lon="13.2426737">
        <ele>7837.5</ele>
        <time>2026-08-24T11:22:14Z</time>
        <hdop>40.8</hdop>
        <extensions>
          <osmand:speed>236.9</osmand:speed>
        </extensions>
      </trkpt>
      <trkpt lat="53.4453039" lon="13.2441026">
        <ele>7877.5</ele>
        <time>2026-08-24T11:22:21Z</time>
        <hdop>46.4</hdop>
        <extensions>
          <osmand:speed>237.7</osmand:speed>
        </extensions>
      </trkpt>
      <trkpt lat="53.4580928" lon="13.2452836">
        <ele>7901.5</ele>
        <time>2026-08-24T11:22:27Z</time>
        <hdop>49.5</hdop>
        <extensions>
          <osmand:speed>238.1</osmand:speed>
        </extensions>
      </trkpt>
      <trkpt lat="53.4708653" lon="13.2463514">
        <ele>7909.5</ele>
        <time>2026-08-24T11:22:33Z</time>
        <hdop>45.9</hdop>
        <extensions>
          <osmand:speed>238.8</osmand:speed>
        </extensions>
      </trkpt>
      <trkpt lat="53.4836779" lon="13.2474474">
        <ele>7923.5</ele>
        <time>2026-08-24T11:22:39Z</time>
        <hdop>42.9</hdop>
        <extensions>
          <osmand:speed>239.1</osmand:speed>
        </extensions>
      </trkpt>
      <trkpt lat="53.4965293" lon="13.2486054">
        <ele>7951.5</ele>
        <time>2026-08-24T11:22:45Z</time>
        <hdop>38.8</hdop>
        <extensions>
          <osmand:speed>239.2</osmand:speed>
        </extensions>
      </trkpt>
      <trkpt lat="53.5093955" lon="13.2498309">
        <ele>7985.3</ele>
        <time>2026-08-24T11:22:51Z</time>
        <hdop>36.2</hdop>
        <extensions>
          <osmand:speed>239.5</osmand:speed>
        </extensions>
      </trkpt>
      <trkpt lat="53.5222661" lon="13.2510332">
        <ele>8010.7</ele>
        <time>2026-08-24T11:22:57Z</time>
        <hdop>35.2</hdop>
        <extensions>
          <osmand:speed>239.7</osmand:speed>
        </extensions>
      </trkpt>
      <trkpt lat="53.5351729" lon="13.2522035">
        <ele>8033.7</ele>
        <time>2026-08-24T11:23:03Z</time>
        <hdop>33.7</hdop>
        <extensions>
          <osmand:speed>239.9</osmand:speed>
        </extensions>
      </trkpt>
      <trkpt lat="53.5481287" lon="13.253463">
        <ele>8058.7</ele>
        <time>2026-08-24T11:23:09Z</time>
        <hdop>1</hdop>
        <extensions>
          <osmand:speed>240.6</osmand:speed>
        </extensions>
      </trkpt>
      <trkpt lat="53.5782524" lon="13.2561653">
        <ele>8129.7</ele>
        <time>2026-08-24T11:23:23Z</time>
        <hdop>48</hdop>
        <extensions>
          <osmand:speed>239.3</osmand:speed>
        </extensions>
      </trkpt>
      <trkpt lat="53.5911021" lon="13.2573649">
        <ele>8179.7</ele>
        <time>2026-08-24T11:23:29Z</time>
        <hdop>44.4</hdop>
        <extensions>
          <osmand:speed>238.5</osmand:speed>
        </extensions>
      </trkpt>
      <trkpt lat="53.6082274" lon="13.2590572">
        <ele>8267.7</ele>
        <time>2026-08-24T11:23:37Z</time>
        <hdop>48</hdop>
        <extensions>
          <osmand:speed>237.9</osmand:speed>
        </extensions>
      </trkpt>
      <trkpt lat="53.6294971" lon="13.2611027">
        <ele>8346.7</ele>
        <time>2026-08-24T11:23:47Z</time>
        <hdop>48</hdop>
        <extensions>
          <osmand:speed>237.4</osmand:speed>
        </extensions>
      </trkpt>
      <trkpt lat="53.7144049" lon="13.2690043">
        <ele>8576.7</ele>
        <time>2026-08-24T11:24:27Z</time>
        <hdop>47.4</hdop>
        <extensions>
          <osmand:speed>236.7</osmand:speed>
        </extensions>
      </trkpt>
      <trkpt lat="53.727138" lon="13.2703146">
        <ele>8624.7</ele>
        <time>2026-08-24T11:24:33Z</time>
        <hdop>40.8</hdop>
        <extensions>
          <osmand:speed>236.4</osmand:speed>
        </extensions>
      </trkpt>
      <trkpt lat="53.7398402" lon="13.2715285">
        <ele>8663.7</ele>
        <time>2026-08-24T11:24:39Z</time>
        <hdop>29.1</hdop>
        <extensions>
          <osmand:speed>236.1</osmand:speed>
        </extensions>
      </trkpt>
      <trkpt lat="53.7525377" lon="13.2727479">
        <ele>8708.2</ele>
        <time>2026-08-24T11:24:45Z</time>
        <hdop>26.5</hdop>
        <extensions>
          <osmand:speed>235.8</osmand:speed>
        </extensions>
      </trkpt>
      <trkpt lat="53.7652149" lon="13.273965">
        <ele>8755.2</ele>
        <time>2026-08-24T11:24:51Z</time>
        <hdop>31.6</hdop>
        <extensions>
          <osmand:speed>235.5</osmand:speed>
        </extensions>
      </trkpt>
      <trkpt lat="53.7778817" lon="13.275151">
        <ele>8797.2</ele>
        <time>2026-08-24T11:24:57Z</time>
        <hdop>31.6</hdop>
        <extensions>
          <osmand:speed>235.4</osmand:speed>
        </extensions>
      </trkpt>
      <trkpt lat="53.7905396" lon="13.2763604">
        <ele>8831.2</ele>
        <time>2026-08-24T11:25:03Z</time>
        <hdop>28.6</hdop>
        <extensions>
          <osmand:speed>235.5</osmand:speed>
        </extensions>
      </trkpt>
      <trkpt lat="53.8031899" lon="13.2775647">
        <ele>8865.2</ele>
        <time>2026-08-24T11:25:09Z</time>
        <hdop>26.5</hdop>
        <extensions>
          <osmand:speed>235.3</osmand:speed>
        </extensions>
      </trkpt>
      <trkpt lat="53.8158186" lon="13.2787638">
        <ele>8919.2</ele>
        <time>2026-08-24T11:25:15Z</time>
        <hdop>25</hdop>
        <extensions>
          <osmand:speed>234.5</osmand:speed>
        </extensions>
      </trkpt>
      <trkpt lat="53.8283651" lon="13.279995">
        <ele>8992.2</ele>
        <time>2026-08-24T11:25:21Z</time>
        <hdop>27</hdop>
        <extensions>
          <osmand:speed>232.8</osmand:speed>
        </extensions>
      </trkpt>
      <trkpt lat="53.8408159" lon="13.2811661">
        <ele>9078.2</ele>
        <time>2026-08-24T11:25:27Z</time>
        <hdop>30.6</hdop>
        <extensions>
          <osmand:speed>230.7</osmand:speed>
        </extensions>
      </trkpt>
      <trkpt lat="53.8531652" lon="13.2823991">
        <ele>9161.2</ele>
        <time>2026-08-24T11:25:33Z</time>
        <hdop>28.1</hdop>
        <extensions>
          <osmand:speed>228.8</osmand:speed>
        </extensions>
      </trkpt>
      <trkpt lat="53.8654273" lon="13.2836141">
        <ele>9230.2</ele>
        <time>2026-08-24T11:25:39Z</time>
        <hdop>26</hdop>
        <extensions>
          <osmand:speed>227.8</osmand:speed>
        </extensions>
      </trkpt>
      <trkpt lat="53.8776529" lon="13.2847917">
        <ele>9287.2</ele>
        <time>2026-08-24T11:25:45Z</time>
        <hdop>27</hdop>
        <extensions>
          <osmand:speed>227.2</osmand:speed>
        </extensions>
      </trkpt>
      <trkpt lat="53.8898624" lon="13.2859788">
        <ele>9331.2</ele>
        <time>2026-08-24T11:25:51Z</time>
        <hdop>20.4</hdop>
        <extensions>
          <osmand:speed>227</osmand:speed>
        </extensions>
      </trkpt>
      <trkpt lat="53.9020627" lon="13.2871084">
        <ele>9370.2</ele>
        <time>2026-08-24T11:25:57Z</time>
        <hdop>20.4</hdop>
        <extensions>
          <osmand:speed>226.9</osmand:speed>
        </extensions>
      </trkpt>
      <trkpt lat="53.9142674" lon="13.2882538">
        <ele>9400.2</ele>
        <time>2026-08-24T11:26:03Z</time>
        <hdop>23.5</hdop>
        <extensions>
          <osmand:speed>227.4</osmand:speed>
        </extensions>
      </trkpt>
      <trkpt lat="53.9265" lon="13.2894121">
        <ele>9416.2</ele>
        <time>2026-08-24T11:26:09Z</time>
        <hdop>23.5</hdop>
        <extensions>
          <osmand:speed>228.1</osmand:speed>
        </extensions>
      </trkpt>
      <trkpt lat="53.9387812" lon="13.2905664">
        <ele>9434.2</ele>
        <time>2026-08-24T11:26:15Z</time>
        <hdop>26</hdop>
        <extensions>
          <osmand:speed>228.7</osmand:speed>
        </extensions>
      </trkpt>
      <trkpt lat="53.9510933" lon="13.2917181">
        <ele>9461.2</ele>
        <time>2026-08-24T11:26:21Z</time>
        <hdop>26.5</hdop>
        <extensions>
          <osmand:speed>229</osmand:speed>
        </extensions>
      </trkpt>
      <trkpt lat="53.9633965" lon="13.2929169">
        <ele>9494.2</ele>
        <time>2026-08-24T11:26:27Z</time>
        <hdop>24.5</hdop>
        <extensions>
          <osmand:speed>228.7</osmand:speed>
        </extensions>
      </trkpt>
      <trkpt lat="53.9756746" lon="13.2941019">
        <ele>9540.2</ele>
        <time>2026-08-24T11:26:33Z</time>
        <hdop>24.5</hdop>
        <extensions>
          <osmand:speed>228.1</osmand:speed>
        </extensions>
      </trkpt>
      <trkpt lat="53.9879127" lon="13.2952622">
        <ele>9587.2</ele>
        <time>2026-08-24T11:26:39Z</time>
        <hdop>24</hdop>
        <extensions>
          <osmand:speed>227.5</osmand:speed>
        </extensions>
      </trkpt>
      <trkpt lat="54.0001232" lon="13.2964822">
        <ele>9630.5</ele>
        <time>2026-08-24T11:26:45Z</time>
        <hdop>21.4</hdop>
        <extensions>
          <osmand:speed>227</osmand:speed>
        </extensions>
      </trkpt>
      <trkpt lat="54.012322" lon="13.2976487">
        <ele>9669.5</ele>
        <time>2026-08-24T11:26:51Z</time>
        <hdop>21.9</hdop>
        <extensions>
          <osmand:speed>226.9</osmand:speed>
        </extensions>
      </trkpt>
      <trkpt lat="54.0245087" lon="13.2988308">
        <ele>9708.5</ele>
        <time>2026-08-24T11:26:57Z</time>
        <hdop>21.4</hdop>
        <extensions>
          <osmand:speed>226.8</osmand:speed>
        </extensions>
      </trkpt>
      <trkpt lat="54.0366881" lon="13.3000243">
        <ele>9746.5</ele>
        <time>2026-08-24T11:27:03Z</time>
        <hdop>24.5</hdop>
        <extensions>
          <osmand:speed>226.5</osmand:speed>
        </extensions>
      </trkpt>
      <trkpt lat="54.048864" lon="13.3012125">
        <ele>9784.5</ele>
        <time>2026-08-24T11:27:09Z</time>
        <hdop>29.1</hdop>
        <extensions>
          <osmand:speed>226.5</osmand:speed>
        </extensions>
      </trkpt>
      <trkpt lat="54.0610336" lon="13.3023831">
        <ele>9819.5</ele>
        <time>2026-08-24T11:27:15Z</time>
        <hdop>32.1</hdop>
        <extensions>
          <osmand:speed>226.7</osmand:speed>
        </extensions>
      </trkpt>
      <trkpt lat="54.0731969" lon="13.3036173">
        <ele>9860.5</ele>
        <time>2026-08-24T11:27:21Z</time>
        <hdop>32.7</hdop>
        <extensions>
          <osmand:speed>226.2</osmand:speed>
        </extensions>
      </trkpt>
      <trkpt lat="54.0853326" lon="13.3048573">
        <ele>9906.5</ele>
        <time>2026-08-24T11:27:27Z</time>
        <hdop>29.1</hdop>
        <extensions>
          <osmand:speed>225.7</osmand:speed>
        </extensions>
      </trkpt>
      <trkpt lat="54.0974251" lon="13.3060199">
        <ele>9951.5</ele>
        <time>2026-08-24T11:27:33Z</time>
        <hdop>27.6</hdop>
        <extensions>
          <osmand:speed>225.1</osmand:speed>
        </extensions>
      </trkpt>
      <trkpt lat="54.1095043" lon="13.3072011">
        <ele>9999.5</ele>
        <time>2026-08-24T11:27:39Z</time>
        <hdop>23</hdop>
        <extensions>
          <osmand:speed>224.4</osmand:speed>
        </extensions>
      </trkpt>
      <trkpt lat="54.1215533" lon="13.3083378">
        <ele>10043.5</ele>
        <time>2026-08-24T11:27:45Z</time>
        <hdop>23.5</hdop>
        <extensions>
          <osmand:speed>224</osmand:speed>
        </extensions>
      </trkpt>
      <trkpt lat="54.1335884" lon="13.3095117">
        <ele>10083.5</ele>
        <time>2026-08-24T11:27:51Z</time>
        <hdop>27.6</hdop>
        <extensions>
          <osmand:speed>223.9</osmand:speed>
        </extensions>
      </trkpt>
      <trkpt lat="54.1456245" lon="13.3108339">
        <ele>10120.5</ele>
        <time>2026-08-24T11:27:57Z</time>
        <hdop>25.5</hdop>
        <extensions>
          <osmand:speed>223.9</osmand:speed>
        </extensions>
      </trkpt>
      <trkpt lat="54.1576756" lon="13.3120632">
        <ele>10148.5</ele>
        <time>2026-08-24T11:28:03Z</time>
        <hdop>26</hdop>
        <extensions>
          <osmand:speed>224.5</osmand:speed>
        </extensions>
      </trkpt>
      <trkpt lat="54.1697267" lon="13.3132624">
        <ele>10170.5</ele>
        <time>2026-08-24T11:28:09Z</time>
        <hdop>25</hdop>
        <extensions>
          <osmand:speed>224.8</osmand:speed>
        </extensions>
      </trkpt>
      <trkpt lat="54.1818018" lon="13.3144177">
        <ele>10192.5</ele>
        <time>2026-08-24T11:28:15Z</time>
        <hdop>22.4</hdop>
        <extensions>
          <osmand:speed>225.1</osmand:speed>
        </extensions>
      </trkpt>
      <trkpt lat="54.1938931" lon="13.3155883">
        <ele>10214.5</ele>
        <time>2026-08-24T11:28:21Z</time>
        <hdop>32.7</hdop>
        <extensions>
          <osmand:speed>225.7</osmand:speed>
        </extensions>
      </trkpt>
      <trkpt lat="54.2060015" lon="13.3166943">
        <ele>10244.5</ele>
        <time>2026-08-24T11:28:27Z</time>
        <hdop>43.9</hdop>
        <extensions>
          <osmand:speed>225.2</osmand:speed>
        </extensions>
      </trkpt>
      <trkpt lat="54.2180761" lon="13.3177878">
        <ele>10280.5</ele>
        <time>2026-08-24T11:28:33Z</time>
        <hdop>46.4</hdop>
        <extensions>
          <osmand:speed>225.1</osmand:speed>
        </extensions>
      </trkpt>
      <trkpt lat="54.3605322" lon="13.3311417">
        <ele>10599.8</ele>
        <time>2026-08-24T11:29:44Z</time>
        <hdop>49</hdop>
        <extensions>
          <osmand:speed>224.9</osmand:speed>
        </extensions>
      </trkpt>
      <trkpt lat="54.3726133" lon="13.3323701">
        <ele>10633.8</ele>
        <time>2026-08-24T11:29:50Z</time>
        <hdop>48</hdop>
        <extensions>
          <osmand:speed>224.6</osmand:speed>
        </extensions>
      </trkpt>
      <trkpt lat="54.3846708" lon="13.3334549">
        <ele>10661.8</ele>
        <time>2026-08-24T11:29:56Z</time>
        <hdop>39.3</hdop>
        <extensions>
          <osmand:speed>224.6</osmand:speed>
        </extensions>
      </trkpt>
      <trkpt lat="54.3967366" lon="13.3346294">
        <ele>10690.8</ele>
        <time>2026-08-24T11:30:02Z</time>
        <hdop>37.2</hdop>
        <extensions>
          <osmand:speed>224.3</osmand:speed>
        </extensions>
      </trkpt>
      <trkpt lat="54.4087812" lon="13.3357979">
        <ele>10728.8</ele>
        <time>2026-08-24T11:30:08Z</time>
        <hdop>30.6</hdop>
        <extensions>
          <osmand:speed>223.9</osmand:speed>
        </extensions>
      </trkpt>
      <trkpt lat="54.4207935" lon="13.3370287">
        <ele>10766.8</ele>
        <time>2026-08-24T11:30:14Z</time>
        <hdop>31.6</hdop>
        <extensions>
          <osmand:speed>223.6</osmand:speed>
        </extensions>
      </trkpt>
      <trkpt lat="54.43279" lon="13.3382223">
        <ele>10801.8</ele>
        <time>2026-08-24T11:30:20Z</time>
        <hdop>24</hdop>
        <extensions>
          <osmand:speed>223.3</osmand:speed>
        </extensions>
      </trkpt>
      <trkpt lat="54.444789" lon="13.3394631">
        <ele>10835.8</ele>
        <time>2026-08-24T11:30:26Z</time>
        <hdop>18.9</hdop>
        <extensions>
          <osmand:speed>223.1</osmand:speed>
        </extensions>
      </trkpt>
      <trkpt lat="54.4567533" lon="13.3406524">
        <ele>10859.8</ele>
        <time>2026-08-24T11:30:32Z</time>
        <hdop>17.9</hdop>
        <extensions>
          <osmand:speed>223.1</osmand:speed>
        </extensions>
      </trkpt>
      <trkpt lat="54.4687496" lon="13.3418851">
        <ele>10881.8</ele>
        <time>2026-08-24T11:30:38Z</time>
        <hdop>19.4</hdop>
        <extensions>
          <osmand:speed>223.4</osmand:speed>
        </extensions>
      </trkpt>
      <trkpt lat="54.4807515" lon="13.3431062">
        <ele>10902.8</ele>
        <time>2026-08-24T11:30:44Z</time>
        <hdop>19.9</hdop>
        <extensions>
          <osmand:speed>223.5</osmand:speed>
        </extensions>
      </trkpt>
      <trkpt lat="54.4927631" lon="13.3442837">
        <ele>10926.8</ele>
        <time>2026-08-24T11:30:50Z</time>
        <hdop>18.9</hdop>
        <extensions>
          <osmand:speed>223.5</osmand:speed>
        </extensions>
      </trkpt>
      <trkpt lat="54.5047702" lon="13.3454731">
        <ele>10955.2</ele>
        <time>2026-08-24T11:30:56Z</time>
        <hdop>17.3</hdop>
        <extensions>
          <osmand:speed>223.4</osmand:speed>
        </extensions>
      </trkpt>
      <trkpt lat="54.5167723" lon="13.3466462">
        <ele>10980.2</ele>
        <time>2026-08-24T11:31:02Z</time>
        <hdop>16.3</hdop>
        <extensions>
          <osmand:speed>223.4</osmand:speed>
        </extensions>
      </trkpt>
      <trkpt lat="54.5287867" lon="13.3474294">
        <ele>11007.2</ele>
        <time>2026-08-24T11:31:08Z</time>
        <hdop>19.4</hdop>
        <extensions>
          <osmand:speed>223.1</osmand:speed>
        </extensions>
      </trkpt>
      <trkpt lat="54.5407845" lon="13.3475004">
        <ele>11033.2</ele>
        <time>2026-08-24T11:31:14Z</time>
        <hdop>21.4</hdop>
        <extensions>
          <osmand:speed>222.6</osmand:speed>
        </extensions>
      </trkpt>
      <trkpt lat="54.5527546" lon="13.3468597">
        <ele>11058.2</ele>
        <time>2026-08-24T11:31:20Z</time>
        <hdop>26.5</hdop>
        <extensions>
          <osmand:speed>222.5</osmand:speed>
        </extensions>
      </trkpt>
      <trkpt lat="54.564712" lon="13.3455314">
        <ele>11085.2</ele>
        <time>2026-08-24T11:31:26Z</time>
        <hdop>28.6</hdop>
        <extensions>
          <osmand:speed>222.5</osmand:speed>
        </extensions>
      </trkpt>
      <trkpt lat="54.576586" lon="13.3433615">
        <ele>11104.2</ele>
        <time>2026-08-24T11:31:32Z</time>
        <hdop>25.5</hdop>
        <extensions>
          <osmand:speed>222.4</osmand:speed>
        </extensions>
      </trkpt>
      <trkpt lat="54.5884546" lon="13.3405763">
        <ele>11116.2</ele>
        <time>2026-08-24T11:31:38Z</time>
        <hdop>24.5</hdop>
        <extensions>
          <osmand:speed>222.6</osmand:speed>
        </extensions>
      </trkpt>
      <trkpt lat="54.6002351" lon="13.3369397">
        <ele>11134.2</ele>
        <time>2026-08-24T11:31:44Z</time>
        <hdop>18.4</hdop>
        <extensions>
          <osmand:speed>222.6</osmand:speed>
        </extensions>
      </trkpt>
      <trkpt lat="54.6119515" lon="13.3326276">
        <ele>11146.2</ele>
        <time>2026-08-24T11:31:50Z</time>
        <hdop>29.1</hdop>
        <extensions>
          <osmand:speed>222.5</osmand:speed>
        </extensions>
      </trkpt>
      <trkpt lat="54.6235993" lon="13.3279246">
        <ele>11146.2</ele>
        <time>2026-08-24T11:31:56Z</time>
        <hdop>28.1</hdop>
        <extensions>
          <osmand:speed>221.5</osmand:speed>
        </extensions>
      </trkpt>
      <trkpt lat="54.6353024" lon="13.323404">
        <ele>11140.2</ele>
        <time>2026-08-24T11:32:02Z</time>
        <hdop>24.5</hdop>
        <extensions>
          <osmand:speed>222.2</osmand:speed>
        </extensions>
      </trkpt>
      <trkpt lat="54.6469833" lon="13.3189278">
        <ele>11139.2</ele>
        <time>2026-08-24T11:32:08Z</time>
        <hdop>19.4</hdop>
        <extensions>
          <osmand:speed>222.5</osmand:speed>
        </extensions>
      </trkpt>
      <trkpt lat="54.6586648" lon="13.3144383">
        <ele>11138.2</ele>
        <time>2026-08-24T11:32:14Z</time>
        <hdop>17.3</hdop>
        <extensions>
          <osmand:speed>222.7</osmand:speed>
        </extensions>
      </trkpt>
      <trkpt lat="54.6703714" lon="13.3099643">
        <ele>11142.2</ele>
        <time>2026-08-24T11:32:20Z</time>
        <hdop>17.9</hdop>
        <extensions>
          <osmand:speed>223.1</osmand:speed>
        </extensions>
      </trkpt>
      <trkpt lat="54.6820848" lon="13.3054181">
        <ele>11142.2</ele>
        <time>2026-08-24T11:32:26Z</time>
        <hdop>19.9</hdop>
        <extensions>
          <osmand:speed>223.7</osmand:speed>
        </extensions>
      </trkpt>
      <trkpt lat="54.6938182" lon="13.300789">
        <ele>11141.2</ele>
        <time>2026-08-24T11:32:32Z</time>
        <hdop>22.4</hdop>
        <extensions>
          <osmand:speed>223.8</osmand:speed>
        </extensions>
      </trkpt>
      <trkpt lat="54.7055431" lon="13.2962071">
        <ele>11147.2</ele>
        <time>2026-08-24T11:32:38Z</time>
        <hdop>24.5</hdop>
        <extensions>
          <osmand:speed>223.4</osmand:speed>
        </extensions>
      </trkpt>
      <trkpt lat="54.7172757" lon="13.2916091">
        <ele>11152.2</ele>
        <time>2026-08-24T11:32:44Z</time>
        <hdop>26.5</hdop>
        <extensions>
          <osmand:speed>223.8</osmand:speed>
        </extensions>
      </trkpt>
      <trkpt lat="54.7290419" lon="13.2869719">
        <ele>11149.2</ele>
        <time>2026-08-24T11:32:50Z</time>
        <hdop>24</hdop>
        <extensions>
          <osmand:speed>224.1</osmand:speed>
        </extensions>
      </trkpt>
      <trkpt lat="54.7407925" lon="13.2823244">
        <ele>11147.2</ele>
        <time>2026-08-24T11:32:56Z</time>
        <hdop>26</hdop>
        <extensions>
          <osmand:speed>223.8</osmand:speed>
        </extensions>
      </trkpt>
      <trkpt lat="54.7525412" lon="13.2776732">
        <ele>11142.7</ele>
        <time>2026-08-24T11:33:02Z</time>
        <hdop>22.4</hdop>
        <extensions>
          <osmand:speed>223.4</osmand:speed>
        </extensions>
      </trkpt>
      <trkpt lat="54.7642865" lon="13.2730986">
        <ele>11144.7</ele>
        <time>2026-08-24T11:33:08Z</time>
        <hdop>29.6</hdop>
        <extensions>
          <osmand:speed>223.3</osmand:speed>
        </extensions>
      </trkpt>
      <trkpt lat="54.7760666" lon="13.2683935">
        <ele>11131.7</ele>
        <time>2026-08-24T11:33:14Z</time>
        <hdop>33.7</hdop>
        <extensions>
          <osmand:speed>223.8</osmand:speed>
        </extensions>
      </trkpt>
      <trkpt lat="54.7876959" lon="13.2637967">
        <ele>11143.7</ele>
        <time>2026-08-24T11:33:20Z</time>
        <hdop>27.6</hdop>
        <extensions>
          <osmand:speed>222.3</osmand:speed>
        </extensions>
      </trkpt>
      <trkpt lat="54.7993876" lon="13.2591476">
        <ele>11144.7</ele>
        <time>2026-08-24T11:33:26Z</time>
        <hdop>30.6</hdop>
        <extensions>
          <osmand:speed>222.8</osmand:speed>
        </extensions>
      </trkpt>
      <trkpt lat="54.8110639" lon="13.2545472">
        <ele>11148.7</ele>
        <time>2026-08-24T11:33:32Z</time>
        <hdop>35.2</hdop>
        <extensions>
          <osmand:speed>223</osmand:speed>
        </extensions>
      </trkpt>
      <trkpt lat="54.8227607" lon="13.2499496">
        <ele>11151.2</ele>
        <time>2026-08-24T11:33:38Z</time>
        <hdop>29.1</hdop>
        <extensions>
          <osmand:speed>223.2</osmand:speed>
        </extensions>
      </trkpt>
      <trkpt lat="54.8344708" lon="13.2453421">
        <ele>11153.2</ele>
        <time>2026-08-24T11:33:44Z</time>
        <hdop>31.1</hdop>
        <extensions>
          <osmand:speed>223.2</osmand:speed>
        </extensions>
      </trkpt>
      <trkpt lat="54.8461894" lon="13.2407382">
        <ele>11157.2</ele>
        <time>2026-08-24T11:33:50Z</time>
        <hdop>30.6</hdop>
        <extensions>
          <osmand:speed>223.4</osmand:speed>
        </extensions>
      </trkpt>
      <trkpt lat="54.8579649" lon="13.2361072">
        <ele>11154.2</ele>
        <time>2026-08-24T11:33:56Z</time>
        <hdop>29.1</hdop>
        <extensions>
          <osmand:speed>223.8</osmand:speed>
        </extensions>
      </trkpt>
      <trkpt lat="54.8697587" lon="13.2314453">
        <ele>11148.2</ele>
        <time>2026-08-24T11:34:02Z</time>
        <hdop>27.6</hdop>
        <extensions>
          <osmand:speed>224.2</osmand:speed>
        </extensions>
      </trkpt>
      <trkpt lat="54.8815284" lon="13.2268542">
        <ele>11152.2</ele>
        <time>2026-08-24T11:34:08Z</time>
        <hdop>28.6</hdop>
        <extensions>
          <osmand:speed>224.3</osmand:speed>
        </extensions>
      </trkpt>
      <trkpt lat="54.8933186" lon="13.2222585">
        <ele>11152.2</ele>
        <time>2026-08-24T11:34:14Z</time>
        <hdop>23.5</hdop>
        <extensions>
          <osmand:speed>224.5</osmand:speed>
        </extensions>
      </trkpt>
      <trkpt lat="54.9050915" lon="13.2176313">
        <ele>11155.2</ele>
        <time>2026-08-24T11:34:20Z</time>
        <hdop>23.5</hdop>
        <extensions>
          <osmand:speed>224.5</osmand:speed>
        </extensions>
      </trkpt>
      <trkpt lat="54.916876" lon="13.2129317">
        <ele>11152.2</ele>
        <time>2026-08-24T11:34:26Z</time>
        <hdop>21.9</hdop>
        <extensions>
          <osmand:speed>224.4</osmand:speed>
        </extensions>
      </trkpt>
      <trkpt lat="54.9286827" lon="13.2082433">
        <ele>11148.2</ele>
        <time>2026-08-24T11:34:32Z</time>
        <hdop>20.4</hdop>
        <extensions>
          <osmand:speed>224.4</osmand:speed>
        </extensions>
      </trkpt>
      <trkpt lat="54.9404533" lon="13.2035719">
        <ele>11150.2</ele>
        <time>2026-08-24T11:34:38Z</time>
        <hdop>13.8</hdop>
        <extensions>
          <osmand:speed>224.3</osmand:speed>
        </extensions>
      </trkpt>
      <trkpt lat="54.9522223" lon="13.1989211">
        <ele>11151.2</ele>
        <time>2026-08-24T11:34:44Z</time>
        <hdop>19.4</hdop>
        <extensions>
          <osmand:speed>224.3</osmand:speed>
        </extensions>
      </trkpt>
      <trkpt lat="54.9639975" lon="13.1942732">
        <ele>11151.2</ele>
        <time>2026-08-24T11:34:50Z</time>
        <hdop>19.4</hdop>
        <extensions>
          <osmand:speed>224.2</osmand:speed>
        </extensions>
      </trkpt>
      <trkpt lat="54.9757594" lon="13.1895672">
        <ele>11150.2</ele>
        <time>2026-08-24T11:34:56Z</time>
        <hdop>19.4</hdop>
        <extensions>
          <osmand:speed>224.2</osmand:speed>
        </extensions>
      </trkpt>
      <trkpt lat="54.9875113" lon="13.1848931">
        <ele>11153.2</ele>
        <time>2026-08-24T11:35:02Z</time>
        <hdop>16.8</hdop>
        <extensions>
          <osmand:speed>224.1</osmand:speed>
        </extensions>
      </trkpt>
      <trkpt lat="54.999253" lon="13.180196">
        <ele>11154.2</ele>
        <time>2026-08-24T11:35:08Z</time>
        <hdop>16.8</hdop>
        <extensions>
          <osmand:speed>224</osmand:speed>
        </extensions>
      </trkpt>
      <trkpt lat="55.0109776" lon="13.1755603">
        <ele>11159.5</ele>
        <time>2026-08-24T11:35:14Z</time>
        <hdop>17.9</hdop>
        <extensions>
          <osmand:speed>223.7</osmand:speed>
        </extensions>
      </trkpt>
      <trkpt lat="55.0227077" lon="13.1709081">
        <ele>11160.5</ele>
        <time>2026-08-24T11:35:20Z</time>
        <hdop>19.9</hdop>
        <extensions>
          <osmand:speed>223.4</osmand:speed>
        </extensions>
      </trkpt>
      <trkpt lat="55.0344352" lon="13.1662116">
        <ele>11157.5</ele>
        <time>2026-08-24T11:35:26Z</time>
        <hdop>34.2</hdop>
        <extensions>
          <osmand:speed>223.4</osmand:speed>
        </extensions>
      </trkpt>
      <trkpt lat="55.0461565" lon="13.161566">
        <ele>11155.5</ele>
        <time>2026-08-24T11:35:32Z</time>
        <hdop>48</hdop>
        <extensions>
          <osmand:speed>223.5</osmand:speed>
        </extensions>
      </trkpt>
      <trkpt lat="55.0578947" lon="13.156882">
        <ele>11151.5</ele>
        <time>2026-08-24T11:35:38Z</time>
        <hdop>48.5</hdop>
        <extensions>
          <osmand:speed>223.5</osmand:speed>
        </extensions>
      </trkpt>
      <trkpt lat="55.0696005" lon="13.1521656">
        <ele>11148.5</ele>
        <time>2026-08-24T11:35:44Z</time>
        <hdop>46.4</hdop>
        <extensions>
          <osmand:speed>223.1</osmand:speed>
        </extensions>
      </trkpt>
      <trkpt lat="55.0813033" lon="13.1474405">
        <ele>11143.5</ele>
        <time>2026-08-24T11:35:50Z</time>
        <hdop>42.9</hdop>
        <extensions>
          <osmand:speed>222.8</osmand:speed>
        </extensions>
      </trkpt>
      <trkpt lat="55.0929752" lon="13.1427284">
        <ele>11141.5</ele>
        <time>2026-08-24T11:35:56Z</time>
        <hdop>43.9</hdop>
        <extensions>
          <osmand:speed>222.4</osmand:speed>
        </extensions>
      </trkpt>
      <trkpt lat="55.1046008" lon="13.1382047">
        <ele>11151.5</ele>
        <time>2026-08-24T11:36:02Z</time>
        <hdop>34.2</hdop>
        <extensions>
          <osmand:speed>222.1</osmand:speed>
        </extensions>
      </trkpt>
      <trkpt lat="55.1201038" lon="13.1319517">
        <ele>11149.5</ele>
        <time>2026-08-24T11:36:10Z</time>
        <hdop>35.7</hdop>
        <extensions>
          <osmand:speed>221.4</osmand:speed>
        </extensions>
      </trkpt>
      <trkpt lat="55.1317397" lon="13.1273077">
        <ele>11148.5</ele>
        <time>2026-08-24T11:36:16Z</time>
        <hdop>40.3</hdop>
        <extensions>
          <osmand:speed>221.8</osmand:speed>
        </extensions>
      </trkpt>
      <trkpt lat="55.14338" lon="13.1226861">
        <ele>11150.5</ele>
        <time>2026-08-24T11:36:22Z</time>
        <hdop>43.4</hdop>
        <extensions>
          <osmand:speed>221.9</osmand:speed>
        </extensions>
      </trkpt>
      <trkpt lat="55.1549982" lon="13.1181123">
        <ele>11154.5</ele>
        <time>2026-08-24T11:36:28Z</time>
        <hdop>35.7</hdop>
        <extensions>
          <osmand:speed>221.6</osmand:speed>
        </extensions>
      </trkpt>
      <trkpt lat="55.1665588" lon="13.1134732">
        <ele>11152.5</ele>
        <time>2026-08-24T11:36:34Z</time>
        <hdop>36.2</hdop>
        <extensions>
          <osmand:speed>221</osmand:speed>
        </extensions>
      </trkpt>
      <trkpt lat="55.1781467" lon="13.1088143">
        <ele>11150.5</ele>
        <time>2026-08-24T11:36:40Z</time>
        <hdop>21.9</hdop>
        <extensions>
          <osmand:speed>220.8</osmand:speed>
        </extensions>
      </trkpt>
      <trkpt lat="55.1897309" lon="13.1041752">
        <ele>11149.5</ele>
        <time>2026-08-24T11:36:46Z</time>
        <hdop>18.9</hdop>
        <extensions>
          <osmand:speed>220.5</osmand:speed>
        </extensions>
      </trkpt>
      <trkpt lat="55.2012959" lon="13.0995664">
        <ele>11150.5</ele>
        <time>2026-08-24T11:36:52Z</time>
        <hdop>13.3</hdop>
        <extensions>
          <osmand:speed>220.2</osmand:speed>
        </extensions>
      </trkpt>
      <trkpt lat="55.2128535" lon="13.0949816">
        <ele>11150.5</ele>
        <time>2026-08-24T11:36:58Z</time>
        <hdop>14.8</hdop>
        <extensions>
          <osmand:speed>220</osmand:speed>
        </extensions>
      </trkpt>
      <trkpt lat="55.2243786" lon="13.0903093">
        <ele>11150.5</ele>
        <time>2026-08-24T11:37:04Z</time>
        <hdop>13.8</hdop>
        <extensions>
          <osmand:speed>220</osmand:speed>
        </extensions>
      </trkpt>
      <trkpt lat="55.2359143" lon="13.0856728">
        <ele>11148.5</ele>
        <time>2026-08-24T11:37:10Z</time>
        <hdop>20.9</hdop>
        <extensions>
          <osmand:speed>219.9</osmand:speed>
        </extensions>
      </trkpt>
      <trkpt lat="55.2474167" lon="13.0810169">
        <ele>11148.5</ele>
        <time>2026-08-24T11:37:16Z</time>
        <hdop>20.4</hdop>
        <extensions>
          <osmand:speed>219.6</osmand:speed>
        </extensions>
      </trkpt>
      <trkpt lat="55.2589216" lon="13.0763582">
        <ele>11146.5</ele>
        <time>2026-08-24T11:37:22Z</time>
        <hdop>27.6</hdop>
        <extensions>
          <osmand:speed>219.5</osmand:speed>
        </extensions>
      </trkpt>
      <trkpt lat="55.2704068" lon="13.071714">
        <ele>11146.5</ele>
        <time>2026-08-24T11:37:28Z</time>
        <hdop>31.6</hdop>
        <extensions>
          <osmand:speed>219.3</osmand:speed>
        </extensions>
      </trkpt>
      <trkpt lat="55.2819337" lon="13.0671089">
        <ele>11141.5</ele>
        <time>2026-08-24T11:37:34Z</time>
        <hdop>18.9</hdop>
        <extensions>
          <osmand:speed>219.4</osmand:speed>
        </extensions>
      </trkpt>
      <trkpt lat="55.2934185" lon="13.0624806">
        <ele>11140.5</ele>
        <time>2026-08-24T11:37:40Z</time>
        <hdop>25</hdop>
        <extensions>
          <osmand:speed>219.4</osmand:speed>
        </extensions>
      </trkpt>
      <trkpt lat="55.3049027" lon="13.0578254">
        <ele>11138.5</ele>
        <time>2026-08-24T11:37:46Z</time>
        <hdop>32.1</hdop>
        <extensions>
          <osmand:speed>219.1</osmand:speed>
        </extensions>
      </trkpt>
      <trkpt lat="55.3163281" lon="13.0532396">
        <ele>11141.5</ele>
        <time>2026-08-24T11:37:52Z</time>
        <hdop>31.6</hdop>
        <extensions>
          <osmand:speed>218.3</osmand:speed>
        </extensions>
      </trkpt>
      <trkpt lat="55.3278166" lon="13.048646">
        <ele>11144.5</ele>
        <time>2026-08-24T11:37:58Z</time>
        <hdop>27.6</hdop>
        <extensions>
          <osmand:speed>218.6</osmand:speed>
        </extensions>
      </trkpt>
      <trkpt lat="55.3392986" lon="13.0439765">
        <ele>11145.5</ele>
        <time>2026-08-24T11:38:04Z</time>
        <hdop>37.2</hdop>
        <extensions>
          <osmand:speed>218.3</osmand:speed>
        </extensions>
      </trkpt>
      <trkpt lat="55.3507762" lon="13.0393249">
        <ele>11143.5</ele>
        <time>2026-08-24T11:38:10Z</time>
        <hdop>34.2</hdop>
        <extensions>
          <osmand:speed>218.8</osmand:speed>
        </extensions>
      </trkpt>
      <trkpt lat="55.3622123" lon="13.0346191">
        <ele>11139.5</ele>
        <time>2026-08-24T11:38:16Z</time>
        <hdop>18.4</hdop>
        <extensions>
          <osmand:speed>218.7</osmand:speed>
        </extensions>
      </trkpt>
      <trkpt lat="55.373698" lon="13.0299922">
        <ele>11138.5</ele>
        <time>2026-08-24T11:38:22Z</time>
        <hdop>23.5</hdop>
        <extensions>
          <osmand:speed>218.9</osmand:speed>
        </extensions>
      </trkpt>
      <trkpt lat="55.3851793" lon="13.0253668">
        <ele>11136.5</ele>
        <time>2026-08-24T11:38:28Z</time>
        <hdop>24.5</hdop>
        <extensions>
          <osmand:speed>218.9</osmand:speed>
        </extensions>
      </trkpt>
      <trkpt lat="55.3966609" lon="13.0207319">
        <ele>11136.5</ele>
        <time>2026-08-24T11:38:34Z</time>
        <hdop>24</hdop>
        <extensions>
          <osmand:speed>218.9</osmand:speed>
        </extensions>
      </trkpt>
      <trkpt lat="55.4081358" lon="13.016079">
        <ele>11134.5</ele>
        <time>2026-08-24T11:38:40Z</time>
        <hdop>23.5</hdop>
        <extensions>
          <osmand:speed>219</osmand:speed>
        </extensions>
      </trkpt>
      <trkpt lat="55.4196195" lon="13.0114585">
        <ele>11134.5</ele>
        <time>2026-08-24T11:38:46Z</time>
        <hdop>29.6</hdop>
        <extensions>
          <osmand:speed>219</osmand:speed>
        </extensions>
      </trkpt>
      <trkpt lat="55.431121" lon="13.006801">
        <ele>11134.5</ele>
        <time>2026-08-24T11:38:52Z</time>
        <hdop>20.9</hdop>
        <extensions>
          <osmand:speed>219.7</osmand:speed>
        </extensions>
      </trkpt>
      <trkpt lat="55.44263" lon="13.0021002">
        <ele>11132.5</ele>
        <time>2026-08-24T11:38:58Z</time>
        <hdop>22.4</hdop>
        <extensions>
          <osmand:speed>220.1</osmand:speed>
        </extensions>
      </trkpt>
      <trkpt lat="55.4541592" lon="12.9974148">
        <ele>11134.3</ele>
        <time>2026-08-24T11:39:04Z</time>
        <hdop>23.5</hdop>
        <extensions>
          <osmand:speed>219.8</osmand:speed>
        </extensions>
      </trkpt>
      <trkpt lat="55.4656601" lon="12.9926693">
        <ele>11136.3</ele>
        <time>2026-08-24T11:39:10Z</time>
        <hdop>13.8</hdop>
        <extensions>
          <osmand:speed>219.7</osmand:speed>
        </extensions>
      </trkpt>
      <trkpt lat="55.4771934" lon="12.9880259">
        <ele>11135.3</ele>
        <time>2026-08-24T11:39:16Z</time>
        <hdop>11.2</hdop>
        <extensions>
          <osmand:speed>219.8</osmand:speed>
        </extensions>
      </trkpt>
      <trkpt lat="55.4887211" lon="12.983343">
        <ele>11136.3</ele>
        <time>2026-08-24T11:39:22Z</time>
        <hdop>6.6</hdop>
        <extensions>
          <osmand:speed>220</osmand:speed>
        </extensions>
      </trkpt>
      <trkpt lat="55.5002575" lon="12.9786322">
        <ele>11134</ele>
        <time>2026-08-24T11:39:28Z</time>
        <hdop>8.2</hdop>
        <extensions>
          <osmand:speed>220.1</osmand:speed>
        </extensions>
      </trkpt>
      <trkpt lat="55.5117925" lon="12.9739136">
        <ele>11135</ele>
        <time>2026-08-24T11:39:34Z</time>
        <hdop>7.7</hdop>
        <extensions>
          <osmand:speed>220.3</osmand:speed>
        </extensions>
      </trkpt>
      <trkpt lat="55.5233315" lon="12.969181">
        <ele>11138</ele>
        <time>2026-08-24T11:39:40Z</time>
        <hdop>6.1</hdop>
        <extensions>
          <osmand:speed>220.5</osmand:speed>
        </extensions>
      </trkpt>
      <trkpt lat="55.5349078" lon="12.964425">
        <ele>11138</ele>
        <time>2026-08-24T11:39:46Z</time>
        <hdop>31.1</hdop>
        <extensions>
          <osmand:speed>221.4</osmand:speed>
        </extensions>
      </trkpt>
      <trkpt lat="55.5464948" lon="12.9596343">
        <ele>11131</ele>
        <time>2026-08-24T11:39:52Z</time>
        <hdop>36.7</hdop>
        <extensions>
          <osmand:speed>219.9</osmand:speed>
        </extensions>
      </trkpt>
      <trkpt lat="55.5658023" lon="12.9519933">
        <ele>11129</ele>
        <time>2026-08-24T11:40:02Z</time>
        <hdop>42.3</hdop>
        <extensions>
          <osmand:speed>221.1</osmand:speed>
        </extensions>
      </trkpt>
      <trkpt lat="55.5773632" lon="12.9472545">
        <ele>11149</ele>
        <time>2026-08-24T11:40:08Z</time>
        <hdop>15.8</hdop>
        <extensions>
          <osmand:speed>220.9</osmand:speed>
        </extensions>
      </trkpt>
      <trkpt lat="55.5889465" lon="12.942525">
        <ele>11152</ele>
        <time>2026-08-24T11:40:14Z</time>
        <hdop>10.2</hdop>
        <extensions>
          <osmand:speed>220.9</osmand:speed>
        </extensions>
      </trkpt>
      <trkpt lat="55.6005355" lon="12.9378042">
        <ele>11153</ele>
        <time>2026-08-24T11:40:20Z</time>
        <hdop>7.7</hdop>
        <extensions>
          <osmand:speed>221.2</osmand:speed>
        </extensions>
      </trkpt>
      <trkpt lat="55.6121323" lon="12.9330764">
        <ele>11153</ele>
        <time>2026-08-24T11:40:26Z</time>
        <hdop>9.7</hdop>
        <extensions>
          <osmand:speed>221.4</osmand:speed>
        </extensions>
      </trkpt>
      <trkpt lat="55.6237433" lon="12.9283592">
        <ele>11153</ele>
        <time>2026-08-24T11:40:32Z</time>
        <hdop>6.6</hdop>
        <extensions>
          <osmand:speed>221.5</osmand:speed>
        </extensions>
      </trkpt>
      <trkpt lat="55.6353511" lon="12.9236168">
        <ele>11155</ele>
        <time>2026-08-24T11:40:38Z</time>
        <hdop>6.1</hdop>
        <extensions>
          <osmand:speed>221.4</osmand:speed>
        </extensions>
      </trkpt>
      <trkpt lat="55.6469612" lon="12.9188245">
        <ele>11157</ele>
        <time>2026-08-24T11:40:44Z</time>
        <hdop>7.1</hdop>
        <extensions>
          <osmand:speed>221.4</osmand:speed>
        </extensions>
      </trkpt>
      <trkpt lat="55.6585648" lon="12.9140605">
        <ele>11158</ele>
        <time>2026-08-24T11:40:50Z</time>
        <hdop>6.6</hdop>
        <extensions>
          <osmand:speed>221.3</osmand:speed>
        </extensions>
      </trkpt>
      <trkpt lat="55.6701639" lon="12.9093076">
        <ele>11159</ele>
        <time>2026-08-24T11:40:56Z</time>
        <hdop>6.6</hdop>
        <extensions>
          <osmand:speed>221.3</osmand:speed>
        </extensions>
      </trkpt>
      <trkpt lat="55.6817596" lon="12.9045511">
        <ele>11160</ele>
        <time>2026-08-24T11:41:02Z</time>
        <hdop>5.6</hdop>
        <extensions>
          <osmand:speed>221.2</osmand:speed>
        </extensions>
      </trkpt>
      <trkpt lat="55.6933526" lon="12.8997444">
        <ele>11160</ele>
        <time>2026-08-24T11:41:08Z</time>
        <hdop>7.7</hdop>
        <extensions>
          <osmand:speed>221.2</osmand:speed>
        </extensions>
      </trkpt>
      <trkpt lat="55.7049364" lon="12.8949403">
        <ele>11160</ele>
        <time>2026-08-24T11:41:14Z</time>
        <hdop>9.2</hdop>
        <extensions>
          <osmand:speed>221.1</osmand:speed>
        </extensions>
      </trkpt>
      <trkpt lat="55.7165194" lon="12.8901433">
        <ele>11160</ele>
        <time>2026-08-24T11:41:20Z</time>
        <hdop>7.7</hdop>
        <extensions>
          <osmand:speed>221.1</osmand:speed>
        </extensions>
      </trkpt>
      <trkpt lat="55.7280846" lon="12.885359">
        <ele>11161</ele>
        <time>2026-08-24T11:41:26Z</time>
        <hdop>12.8</hdop>
        <extensions>
          <osmand:speed>221.2</osmand:speed>
        </extensions>
      </trkpt>
      <trkpt lat="55.739661" lon="12.8805885">
        <ele>11162</ele>
        <time>2026-08-24T11:41:32Z</time>
        <hdop>25</hdop>
        <extensions>
          <osmand:speed>221.5</osmand:speed>
        </extensions>
      </trkpt>
      <trkpt lat="55.7512809" lon="12.8758095">
        <ele>11161.6</ele>
        <time>2026-08-24T11:41:38Z</time>
        <hdop>29.1</hdop>
        <extensions>
          <osmand:speed>220.8</osmand:speed>
        </extensions>
      </trkpt>
      <trkpt lat="55.762853" lon="12.8709885">
        <ele>11160.6</ele>
        <time>2026-08-24T11:41:44Z</time>
        <hdop>18.9</hdop>
        <extensions>
          <osmand:speed>220.9</osmand:speed>
        </extensions>
      </trkpt>
      <trkpt lat="55.7744282" lon="12.8661835">
        <ele>11158.6</ele>
        <time>2026-08-24T11:41:50Z</time>
        <hdop>15.3</hdop>
        <extensions>
          <osmand:speed>220.8</osmand:speed>
        </extensions>
      </trkpt>
      <trkpt lat="55.7859918" lon="12.8614085">
        <ele>11158.6</ele>
        <time>2026-08-24T11:41:56Z</time>
        <hdop>14.3</hdop>
        <extensions>
          <osmand:speed>220.7</osmand:speed>
        </extensions>
      </trkpt>
      <trkpt lat="55.797553" lon="12.8566397">
        <ele>11159.6</ele>
        <time>2026-08-24T11:42:02Z</time>
        <hdop>21.4</hdop>
        <extensions>
          <osmand:speed>220.6</osmand:speed>
        </extensions>
      </trkpt>
      <trkpt lat="55.8090618" lon="12.8519032">
        <ele>11162.6</ele>
        <time>2026-08-24T11:42:08Z</time>
        <hdop>29.1</hdop>
        <extensions>
          <osmand:speed>219.7</osmand:speed>
        </extensions>
      </trkpt>
      <trkpt lat="55.8205821" lon="12.8472">
        <ele>11167.6</ele>
        <time>2026-08-24T11:42:14Z</time>
        <hdop>24</hdop>
        <extensions>
          <osmand:speed>219.8</osmand:speed>
        </extensions>
      </trkpt>
      <trkpt lat="55.8321316" lon="12.8424537">
        <ele>11169.6</ele>
        <time>2026-08-24T11:42:20Z</time>
        <hdop>15.3</hdop>
        <extensions>
          <osmand:speed>220</osmand:speed>
        </extensions>
      </trkpt>
      <trkpt lat="55.8436725" lon="12.8376832">
        <ele>11170.6</ele>
        <time>2026-08-24T11:42:26Z</time>
        <hdop>17.3</hdop>
        <extensions>
          <osmand:speed>220.1</osmand:speed>
        </extensions>
      </trkpt>
      <trkpt lat="55.8552226" lon="12.8328958">
        <ele>11169.6</ele>
        <time>2026-08-24T11:42:32Z</time>
        <hdop>16.3</hdop>
        <extensions>
          <osmand:speed>220.2</osmand:speed>
        </extensions>
      </trkpt>
      <trkpt lat="55.8667571" lon="12.8281005">
        <ele>11168.6</ele>
        <time>2026-08-24T11:42:38Z</time>
        <hdop>17.9</hdop>
        <extensions>
          <osmand:speed>220</osmand:speed>
        </extensions>
      </trkpt>
      <trkpt lat="55.8782933" lon="12.8233137">
        <ele>11169.6</ele>
        <time>2026-08-24T11:42:44Z</time>
        <hdop>13.8</hdop>
        <extensions>
          <osmand:speed>220</osmand:speed>
        </extensions>
      </trkpt>
      <trkpt lat="55.8898136" lon="12.8184994">
        <ele>11167.6</ele>
        <time>2026-08-24T11:42:50Z</time>
        <hdop>15.3</hdop>
        <extensions>
          <osmand:speed>219.8</osmand:speed>
        </extensions>
      </trkpt>
      <trkpt lat="55.9013163" lon="12.8136902">
        <ele>11166.6</ele>
        <time>2026-08-24T11:42:56Z</time>
        <hdop>17.9</hdop>
        <extensions>
          <osmand:speed>219.7</osmand:speed>
        </extensions>
      </trkpt>
      <trkpt lat="55.9128213" lon="12.8088867">
        <ele>11163.6</ele>
        <time>2026-08-24T11:43:02Z</time>
        <hdop>17.9</hdop>
        <extensions>
          <osmand:speed>219.6</osmand:speed>
        </extensions>
      </trkpt>
      <trkpt lat="55.9243056" lon="12.8040767">
        <ele>11160.6</ele>
        <time>2026-08-24T11:43:08Z</time>
        <hdop>17.9</hdop>
        <extensions>
          <osmand:speed>219.5</osmand:speed>
        </extensions>
      </trkpt>
      <trkpt lat="55.9357888" lon="12.7992633">
        <ele>11158.6</ele>
        <time>2026-08-24T11:43:14Z</time>
        <hdop>34.7</hdop>
        <extensions>
          <osmand:speed>219.4</osmand:speed>
        </extensions>
      </trkpt>
      <trkpt lat="55.9472661" lon="12.794448">
        <ele>11156.6</ele>
        <time>2026-08-24T11:43:20Z</time>
        <hdop>32.1</hdop>
        <extensions>
          <osmand:speed>219.3</osmand:speed>
        </extensions>
      </trkpt>
      <trkpt lat="55.9587383" lon="12.789618">
        <ele>11154.6</ele>
        <time>2026-08-24T11:43:26Z</time>
        <hdop>35.7</hdop>
        <extensions>
          <osmand:speed>219.2</osmand:speed>
        </extensions>
      </trkpt>
      <trkpt lat="55.9701938" lon="12.7848054">
        <ele>11155.6</ele>
        <time>2026-08-24T11:43:32Z</time>
        <hdop>40.8</hdop>
        <extensions>
          <osmand:speed>219.1</osmand:speed>
        </extensions>
      </trkpt>
      <trkpt lat="55.9816418" lon="12.7799754">
        <ele>11157.6</ele>
        <time>2026-08-24T11:43:38Z</time>
        <hdop>31.1</hdop>
        <extensions>
          <osmand:speed>219.2</osmand:speed>
        </extensions>
      </trkpt>
      <trkpt lat="55.9930757" lon="12.7751639">
        <ele>11158.6</ele>
        <time>2026-08-24T11:43:44Z</time>
        <hdop>16.3</hdop>
        <extensions>
          <osmand:speed>219</osmand:speed>
        </extensions>
      </trkpt>
      <trkpt lat="56.0045432" lon="12.7703574">
        <ele>11154.2</ele>
        <time>2026-08-24T11:43:50Z</time>
        <hdop>14.3</hdop>
        <extensions>
          <osmand:speed>219</osmand:speed>
        </extensions>
      </trkpt>
      <trkpt lat="56.0160083" lon="12.7655534">
        <ele>11148.2</ele>
        <time>2026-08-24T11:43:56Z</time>
        <hdop>16.8</hdop>
        <extensions>
          <osmand:speed>218.9</osmand:speed>
        </extensions>
      </trkpt>
      <trkpt lat="56.0274806" lon="12.7607826">
        <ele>11148.2</ele>
        <time>2026-08-24T11:44:02Z</time>
        <hdop>25</hdop>
        <extensions>
          <osmand:speed>219.3</osmand:speed>
        </extensions>
      </trkpt>
      <trkpt lat="56.0389273" lon="12.756044">
        <ele>11156.2</ele>
        <time>2026-08-24T11:44:08Z</time>
        <hdop>30.1</hdop>
        <extensions>
          <osmand:speed>218.6</osmand:speed>
        </extensions>
      </trkpt>
      <trkpt lat="56.0503787" lon="12.7511786">
        <ele>11152.2</ele>
        <time>2026-08-24T11:44:14Z</time>
        <hdop>35.2</hdop>
        <extensions>
          <osmand:speed>218.6</osmand:speed>
        </extensions>
      </trkpt>
      <trkpt lat="56.0618296" lon="12.7463112">
        <ele>11148.2</ele>
        <time>2026-08-24T11:44:20Z</time>
        <hdop>34.2</hdop>
        <extensions>
          <osmand:speed>218.4</osmand:speed>
        </extensions>
      </trkpt>
      <trkpt lat="56.0732509" lon="12.7413968">
        <ele>11146.2</ele>
        <time>2026-08-24T11:44:26Z</time>
        <hdop>44.4</hdop>
        <extensions>
          <osmand:speed>218.4</osmand:speed>
        </extensions>
      </trkpt>
      <trkpt lat="56.0847068" lon="12.7365848">
        <ele>11143.2</ele>
        <time>2026-08-24T11:44:32Z</time>
        <hdop>35.2</hdop>
        <extensions>
          <osmand:speed>218.8</osmand:speed>
        </extensions>
      </trkpt>
      <trkpt lat="56.0961879" lon="12.7319141">
        <ele>11147.2</ele>
        <time>2026-08-24T11:44:38Z</time>
        <hdop>25.5</hdop>
        <extensions>
          <osmand:speed>218.4</osmand:speed>
        </extensions>
      </trkpt>
      <trkpt lat="56.1076357" lon="12.727226">
        <ele>11152.2</ele>
        <time>2026-08-24T11:44:44Z</time>
        <hdop>23.5</hdop>
        <extensions>
          <osmand:speed>218.2</osmand:speed>
        </extensions>
      </trkpt>
      <trkpt lat="56.1190757" lon="12.722458">
        <ele>11156.2</ele>
        <time>2026-08-24T11:44:50Z</time>
        <hdop>15.3</hdop>
        <extensions>
          <osmand:speed>218</osmand:speed>
        </extensions>
      </trkpt>
      <trkpt lat="56.1304849" lon="12.7176631">
        <ele>11158.2</ele>
        <time>2026-08-24T11:44:56Z</time>
        <hdop>12.2</hdop>
        <extensions>
          <osmand:speed>217.8</osmand:speed>
        </extensions>
      </trkpt>
      <trkpt lat="56.1418843" lon="12.7128352">
        <ele>11159.2</ele>
        <time>2026-08-24T11:45:02Z</time>
        <hdop>11.2</hdop>
        <extensions>
          <osmand:speed>217.8</osmand:speed>
        </extensions>
      </trkpt>
      <trkpt lat="56.1532823" lon="12.7079937">
        <ele>11158.2</ele>
        <time>2026-08-24T11:45:08Z</time>
        <hdop>11.2</hdop>
        <extensions>
          <osmand:speed>217.8</osmand:speed>
        </extensions>
      </trkpt>
      <trkpt lat="56.1646778" lon="12.7031871">
        <ele>11155.2</ele>
        <time>2026-08-24T11:45:14Z</time>
        <hdop>13.3</hdop>
        <extensions>
          <osmand:speed>217.8</osmand:speed>
        </extensions>
      </trkpt>
      <trkpt lat="56.1760875" lon="12.6983758">
        <ele>11154.2</ele>
        <time>2026-08-24T11:45:20Z</time>
        <hdop>11.2</hdop>
        <extensions>
          <osmand:speed>217.7</osmand:speed>
        </extensions>
      </trkpt>
      <trkpt lat="56.1874952" lon="12.6935894">
        <ele>11155.2</ele>
        <time>2026-08-24T11:45:26Z</time>
        <hdop>10.7</hdop>
        <extensions>
          <osmand:speed>217.7</osmand:speed>
        </extensions>
      </trkpt>
      <trkpt lat="56.1988923" lon="12.6887654">
        <ele>11154.2</ele>
        <time>2026-08-24T11:45:32Z</time>
        <hdop>12.2</hdop>
        <extensions>
          <osmand:speed>217.6</osmand:speed>
        </extensions>
      </trkpt>
      <trkpt lat="56.2102743" lon="12.6838894">
        <ele>11153.2</ele>
        <time>2026-08-24T11:45:38Z</time>
        <hdop>11.7</hdop>
        <extensions>
          <osmand:speed>217.6</osmand:speed>
        </extensions>
      </trkpt>
      <trkpt lat="56.2216532" lon="12.6789981">
        <ele>11151.2</ele>
        <time>2026-08-24T11:45:44Z</time>
        <hdop>11.2</hdop>
        <extensions>
          <osmand:speed>217.5</osmand:speed>
        </extensions>
      </trkpt>
      <trkpt lat="56.2330295" lon="12.674134">
        <ele>11151.2</ele>
        <time>2026-08-24T11:45:50Z</time>
        <hdop>13.8</hdop>
        <extensions>
          <osmand:speed>217.5</osmand:speed>
        </extensions>
      </trkpt>
      <trkpt lat="56.2444149" lon="12.6692596">
        <ele>11149.2</ele>
        <time>2026-08-24T11:45:56Z</time>
        <hdop>11.7</hdop>
        <extensions>
          <osmand:speed>217.6</osmand:speed>
        </extensions>
      </trkpt>
      <trkpt lat="56.2558209" lon="12.6644104">
        <ele>11148.9</ele>
        <time>2026-08-24T11:46:02Z</time>
        <hdop>11.7</hdop>
        <extensions>
          <osmand:speed>217.6</osmand:speed>
        </extensions>
      </trkpt>
      <trkpt lat="56.2672116" lon="12.6595472">
        <ele>11147.9</ele>
        <time>2026-08-24T11:46:08Z</time>
        <hdop>14.8</hdop>
        <extensions>
          <osmand:speed>217.7</osmand:speed>
        </extensions>
      </trkpt>
      <trkpt lat="56.2786047" lon="12.6547238">
        <ele>11148.9</ele>
        <time>2026-08-24T11:46:14Z</time>
        <hdop>13.8</hdop>
        <extensions>
          <osmand:speed>217.6</osmand:speed>
        </extensions>
      </trkpt>
      <trkpt lat="56.2900002" lon="12.6498847">
        <ele>11148.9</ele>
        <time>2026-08-24T11:46:20Z</time>
        <hdop>19.9</hdop>
        <extensions>
          <osmand:speed>217.6</osmand:speed>
        </extensions>
      </trkpt>
      <trkpt lat="56.3013882" lon="12.6450818">
        <ele>11148.9</ele>
        <time>2026-08-24T11:46:26Z</time>
        <hdop>12.8</hdop>
        <extensions>
          <osmand:speed>217.5</osmand:speed>
        </extensions>
      </trkpt>
      <trkpt lat="56.3127738" lon="12.6402283">
        <ele>11149.9</ele>
        <time>2026-08-24T11:46:32Z</time>
        <hdop>12.8</hdop>
        <extensions>
          <osmand:speed>217.4</osmand:speed>
        </extensions>
      </trkpt>
      <trkpt lat="56.3241662" lon="12.6353627">
        <ele>11149.9</ele>
        <time>2026-08-24T11:46:38Z</time>
        <hdop>25</hdop>
        <extensions>
          <osmand:speed>218</osmand:speed>
        </extensions>
      </trkpt>
      <trkpt lat="56.3311563" lon="12.6297054">
        <ele>11136.9</ele>
        <time>2026-08-24T11:46:44Z</time>
        <hdop>38.3</hdop>
        <extensions>
          <osmand:speed>134</osmand:speed>
        </extensions>
      </trkpt>
      <trkpt lat="56.3695966" lon="12.6159529">
        <ele>11144.9</ele>
        <time>2026-08-24T11:47:02Z</time>
        <hdop>41.3</hdop>
        <extensions>
          <osmand:speed>217.6</osmand:speed>
        </extensions>
      </trkpt>
      <trkpt lat="56.3811066" lon="12.6111409">
        <ele>11143.9</ele>
        <time>2026-08-24T11:47:08Z</time>
        <hdop>30.1</hdop>
        <extensions>
          <osmand:speed>217.7</osmand:speed>
        </extensions>
      </trkpt>
      <trkpt lat="56.3925003" lon="12.6063752">
        <ele>11157.9</ele>
        <time>2026-08-24T11:47:14Z</time>
        <hdop>35.7</hdop>
        <extensions>
          <osmand:speed>217.6</osmand:speed>
        </extensions>
      </trkpt>
      <trkpt lat="56.4038816" lon="12.6015438">
        <ele>11159.9</ele>
        <time>2026-08-24T11:47:20Z</time>
        <hdop>35.2</hdop>
        <extensions>
          <osmand:speed>216.8</osmand:speed>
        </extensions>
      </trkpt>
      <trkpt lat="56.4152668" lon="12.5966496">
        <ele>11158.9</ele>
        <time>2026-08-24T11:47:26Z</time>
        <hdop>26.5</hdop>
        <extensions>
          <osmand:speed>217.4</osmand:speed>
        </extensions>
      </trkpt>
      <trkpt lat="56.4266507" lon="12.591786">
        <ele>11162.9</ele>
        <time>2026-08-24T11:47:32Z</time>
        <hdop>23</hdop>
        <extensions>
          <osmand:speed>217.4</osmand:speed>
        </extensions>
      </trkpt>
      <trkpt lat="56.4380188" lon="12.5868775">
        <ele>11158.9</ele>
        <time>2026-08-24T11:47:38Z</time>
        <hdop>16.8</hdop>
        <extensions>
          <osmand:speed>217.4</osmand:speed>
        </extensions>
      </trkpt>
      <trkpt lat="56.4493865" lon="12.5819611">
        <ele>11158.9</ele>
        <time>2026-08-24T11:47:44Z</time>
        <hdop>12.8</hdop>
        <extensions>
          <osmand:speed>217.2</osmand:speed>
        </extensions>
      </trkpt>
      <trkpt lat="56.460757" lon="12.5770704">
        <ele>11158.9</ele>
        <time>2026-08-24T11:47:50Z</time>
        <hdop>18.9</hdop>
        <extensions>
          <osmand:speed>217.2</osmand:speed>
        </extensions>
      </trkpt>
      <trkpt lat="56.4721161" lon="12.5722249">
        <ele>11157.9</ele>
        <time>2026-08-24T11:47:56Z</time>
        <hdop>17.9</hdop>
        <extensions>
          <osmand:speed>216.9</osmand:speed>
        </extensions>
      </trkpt>
      <trkpt lat="56.483472" lon="12.5673571">
        <ele>11153.9</ele>
        <time>2026-08-24T11:48:02Z</time>
        <hdop>24</hdop>
        <extensions>
          <osmand:speed>216.9</osmand:speed>
        </extensions>
      </trkpt>
      <trkpt lat="56.494812" lon="12.5624638">
        <ele>11151.9</ele>
        <time>2026-08-24T11:48:08Z</time>
        <hdop>17.3</hdop>
        <extensions>
          <osmand:speed>216.8</osmand:speed>
        </extensions>
      </trkpt>
      <trkpt lat="56.5061722" lon="12.5576267">
        <ele>11155.8</ele>
        <time>2026-08-24T11:48:14Z</time>
        <hdop>16.8</hdop>
        <extensions>
          <osmand:speed>216.9</osmand:speed>
        </extensions>
      </trkpt>
      <trkpt lat="56.5175146" lon="12.5527019">
        <ele>11156.8</ele>
        <time>2026-08-24T11:48:20Z</time>
        <hdop>14.3</hdop>
        <extensions>
          <osmand:speed>216.8</osmand:speed>
        </extensions>
      </trkpt>
      <trkpt lat="56.5288565" lon="12.5478054">
        <ele>11155.8</ele>
        <time>2026-08-24T11:48:26Z</time>
        <hdop>14.8</hdop>
        <extensions>
          <osmand:speed>216.8</osmand:speed>
        </extensions>
      </trkpt>
      <trkpt lat="56.5402191" lon="12.5429494">
        <ele>11157.8</ele>
        <time>2026-08-24T11:48:32Z</time>
        <hdop>14.3</hdop>
        <extensions>
          <osmand:speed>216.8</osmand:speed>
        </extensions>
      </trkpt>
      <trkpt lat="56.5515705" lon="12.5381254">
        <ele>11158.8</ele>
        <time>2026-08-24T11:48:38Z</time>
        <hdop>17.9</hdop>
        <extensions>
          <osmand:speed>216.8</osmand:speed>
        </extensions>
      </trkpt>
      <trkpt lat="56.5629182" lon="12.5332242">
        <ele>11158.8</ele>
        <time>2026-08-24T11:48:44Z</time>
        <hdop>19.9</hdop>
        <extensions>
          <osmand:speed>216.8</osmand:speed>
        </extensions>
      </trkpt>
      <trkpt lat="56.574242" lon="12.5283002">
        <ele>11157.8</ele>
        <time>2026-08-24T11:48:50Z</time>
        <hdop>20.4</hdop>
        <extensions>
          <osmand:speed>216.7</osmand:speed>
        </extensions>
      </trkpt>
      <trkpt lat="56.585582" lon="12.5234137">
        <ele>11158.8</ele>
        <time>2026-08-24T11:48:56Z</time>
        <hdop>23</hdop>
        <extensions>
          <osmand:speed>216.7</osmand:speed>
        </extensions>
      </trkpt>
      <trkpt lat="56.5968981" lon="12.5184796">
        <ele>11156.8</ele>
        <time>2026-08-24T11:49:02Z</time>
        <hdop>18.4</hdop>
        <extensions>
          <osmand:speed>216.4</osmand:speed>
        </extensions>
      </trkpt>
      <trkpt lat="56.6082285" lon="12.5135582">
        <ele>11157.8</ele>
        <time>2026-08-24T11:49:08Z</time>
        <hdop>21.4</hdop>
        <extensions>
          <osmand:speed>216.7</osmand:speed>
        </extensions>
      </trkpt>
      <trkpt lat="56.619585" lon="12.5086547">
        <ele>11156.8</ele>
        <time>2026-08-24T11:49:14Z</time>
        <hdop>20.4</hdop>
        <extensions>
          <osmand:speed>217</osmand:speed>
        </extensions>
      </trkpt>
      <trkpt lat="56.6309274" lon="12.5037285">
        <ele>11153.8</ele>
        <time>2026-08-24T11:49:20Z</time>
        <hdop>17.9</hdop>
        <extensions>
          <osmand:speed>216.9</osmand:speed>
        </extensions>
      </trkpt>
      <trkpt lat="56.6422761" lon="12.4987644">
        <ele>11151.7</ele>
        <time>2026-08-24T11:49:26Z</time>
        <hdop>25.5</hdop>
        <extensions>
          <osmand:speed>216.9</osmand:speed>
        </extensions>
      </trkpt>
      <trkpt lat="56.6536243" lon="12.4938999">
        <ele>11153.7</ele>
        <time>2026-08-24T11:49:32Z</time>
        <hdop>24.5</hdop>
        <extensions>
          <osmand:speed>217</osmand:speed>
        </extensions>
      </trkpt>
      <trkpt lat="56.665" lon="12.4890413">
        <ele>11158.7</ele>
        <time>2026-08-24T11:49:38Z</time>
        <hdop>27</hdop>
        <extensions>
          <osmand:speed>217</osmand:speed>
        </extensions>
      </trkpt>
      <trkpt lat="56.6763507" lon="12.4840855">
        <ele>11159.7</ele>
        <time>2026-08-24T11:49:44Z</time>
        <hdop>20.9</hdop>
        <extensions>
          <osmand:speed>216.9</osmand:speed>
        </extensions>
      </trkpt>
      <trkpt lat="56.6877029" lon="12.4791607">
        <ele>11159.7</ele>
        <time>2026-08-24T11:49:50Z</time>
        <hdop>18.9</hdop>
        <extensions>
          <osmand:speed>216.8</osmand:speed>
        </extensions>
      </trkpt>
      <trkpt lat="56.6990388" lon="12.4742076">
        <ele>11157.7</ele>
        <time>2026-08-24T11:49:56Z</time>
        <hdop>17.9</hdop>
        <extensions>
          <osmand:speed>216.8</osmand:speed>
        </extensions>
      </trkpt>
      <trkpt lat="56.7103929" lon="12.4693402">
        <ele>11159.7</ele>
        <time>2026-08-24T11:50:02Z</time>
        <hdop>18.9</hdop>
        <extensions>
          <osmand:speed>217.1</osmand:speed>
        </extensions>
      </trkpt>
      <trkpt lat="56.7217377" lon="12.4644848">
        <ele>11160.7</ele>
        <time>2026-08-24T11:50:08Z</time>
        <hdop>27.6</hdop>
        <extensions>
          <osmand:speed>216.9</osmand:speed>
        </extensions>
      </trkpt>
      <trkpt lat="56.733067" lon="12.4594219">
        <ele>11154.7</ele>
        <time>2026-08-24T11:50:14Z</time>
        <hdop>29.1</hdop>
        <extensions>
          <osmand:speed>217.2</osmand:speed>
        </extensions>
      </trkpt>
      <trkpt lat="56.7444191" lon="12.4544887">
        <ele>11152.7</ele>
        <time>2026-08-24T11:50:20Z</time>
        <hdop>28.6</hdop>
        <extensions>
          <osmand:speed>217</osmand:speed>
        </extensions>
      </trkpt>
      <trkpt lat="56.7557581" lon="12.4495261">
        <ele>11151.9</ele>
        <time>2026-08-24T11:50:26Z</time>
        <hdop>25</hdop>
        <extensions>
          <osmand:speed>216.8</osmand:speed>
        </extensions>
      </trkpt>
      <trkpt lat="56.7670982" lon="12.4445924">
        <ele>11150.9</ele>
        <time>2026-08-24T11:50:32Z</time>
        <hdop>25.5</hdop>
        <extensions>
          <osmand:speed>216.8</osmand:speed>
        </extensions>
      </trkpt>
      <trkpt lat="56.7784324" lon="12.4396506">
        <ele>11151.9</ele>
        <time>2026-08-24T11:50:38Z</time>
        <hdop>24</hdop>
        <extensions>
          <osmand:speed>217</osmand:speed>
        </extensions>
      </trkpt>
      <trkpt lat="56.7897832" lon="12.4346381">
        <ele>11151.9</ele>
        <time>2026-08-24T11:50:44Z</time>
        <hdop>34.7</hdop>
        <extensions>
          <osmand:speed>217.1</osmand:speed>
        </extensions>
      </trkpt>
      <trkpt lat="56.8011362" lon="12.4296066">
        <ele>11149.9</ele>
        <time>2026-08-24T11:50:50Z</time>
        <hdop>36.7</hdop>
        <extensions>
          <osmand:speed>216.7</osmand:speed>
        </extensions>
      </trkpt>
      <trkpt lat="56.8124841" lon="12.4247394">
        <ele>11151.9</ele>
        <time>2026-08-24T11:50:56Z</time>
        <hdop>33.7</hdop>
        <extensions>
          <osmand:speed>216.8</osmand:speed>
        </extensions>
      </trkpt>
      <trkpt lat="56.823823" lon="12.4198116">
        <ele>11157.9</ele>
        <time>2026-08-24T11:51:02Z</time>
        <hdop>28.1</hdop>
        <extensions>
          <osmand:speed>216.7</osmand:speed>
        </extensions>
      </trkpt>
      <trkpt lat="56.8351411" lon="12.4148207">
        <ele>11162.9</ele>
        <time>2026-08-24T11:51:08Z</time>
        <hdop>21.4</hdop>
        <extensions>
          <osmand:speed>216.7</osmand:speed>
        </extensions>
      </trkpt>
      <trkpt lat="56.846463" lon="12.4098113">
        <ele>11164.9</ele>
        <time>2026-08-24T11:51:14Z</time>
        <hdop>25.5</hdop>
        <extensions>
          <osmand:speed>216.6</osmand:speed>
        </extensions>
      </trkpt>
      <trkpt lat="56.8577975" lon="12.4047737">
        <ele>11166.9</ele>
        <time>2026-08-24T11:51:20Z</time>
        <hdop>25</hdop>
        <extensions>
          <osmand:speed>216.6</osmand:speed>
        </extensions>
      </trkpt>
      <trkpt lat="56.8691281" lon="12.399728">
        <ele>11166.9</ele>
        <time>2026-08-24T11:51:26Z</time>
        <hdop>22.4</hdop>
        <extensions>
          <osmand:speed>216.8</osmand:speed>
        </extensions>
      </trkpt>
      <trkpt lat="56.8804581" lon="12.3947015">
        <ele>11165.9</ele>
        <time>2026-08-24T11:51:32Z</time>
        <hdop>15.8</hdop>
        <extensions>
          <osmand:speed>216.8</osmand:speed>
        </extensions>
      </trkpt>
      <trkpt lat="56.8917718" lon="12.3896622">
        <ele>11161.9</ele>
        <time>2026-08-24T11:51:38Z</time>
        <hdop>20.9</hdop>
        <extensions>
          <osmand:speed>216.7</osmand:speed>
        </extensions>
      </trkpt>
      <trkpt lat="56.9031029" lon="12.3847432">
        <ele>11161.9</ele>
        <time>2026-08-24T11:51:44Z</time>
        <hdop>18.9</hdop>
        <extensions>
          <osmand:speed>216.7</osmand:speed>
        </extensions>
      </trkpt>
      <trkpt lat="56.9144333" lon="12.3797217">
        <ele>11159.9</ele>
        <time>2026-08-24T11:51:50Z</time>
        <hdop>16.3</hdop>
        <extensions>
          <osmand:speed>216.4</osmand:speed>
        </extensions>
      </trkpt>
      <trkpt lat="56.9257714" lon="12.3747543">
        <ele>11161.9</ele>
        <time>2026-08-24T11:51:56Z</time>
        <hdop>30.6</hdop>
        <extensions>
          <osmand:speed>216.6</osmand:speed>
        </extensions>
      </trkpt>
      <trkpt lat="56.9370853" lon="12.36988">
        <ele>11167.9</ele>
        <time>2026-08-24T11:52:02Z</time>
        <hdop>43.9</hdop>
        <extensions>
          <osmand:speed>215.4</osmand:speed>
        </extensions>
      </trkpt>
      <trkpt lat="56.9615308" lon="12.3591213">
        <ele>11165.9</ele>
        <time>2026-08-24T11:52:15Z</time>
        <hdop>42.9</hdop>
        <extensions>
          <osmand:speed>217.1</osmand:speed>
        </extensions>
      </trkpt>
      <trkpt lat="56.9729454" lon="12.354126">
        <ele>11161.9</ele>
        <time>2026-08-24T11:52:21Z</time>
        <hdop>34.2</hdop>
        <extensions>
          <osmand:speed>216.5</osmand:speed>
        </extensions>
      </trkpt>
      <trkpt lat="56.984275" lon="12.3491961">
        <ele>11160.9</ele>
        <time>2026-08-24T11:52:27Z</time>
        <hdop>32.1</hdop>
        <extensions>
          <osmand:speed>216.6</osmand:speed>
        </extensions>
      </trkpt>
      <trkpt lat="56.9956032" lon="12.3442411">
        <ele>11162.9</ele>
        <time>2026-08-24T11:52:33Z</time>
        <hdop>27</hdop>
        <extensions>
          <osmand:speed>216.5</osmand:speed>
        </extensions>
      </trkpt>
      <trkpt lat="57.0069241" lon="12.3392736">
        <ele>11163.4</ele>
        <time>2026-08-24T11:52:39Z</time>
        <hdop>37.8</hdop>
        <extensions>
          <osmand:speed>217.3</osmand:speed>
        </extensions>
      </trkpt>
      <trkpt lat="57.0151004" lon="12.3344644">
        <ele>11128.4</ele>
        <time>2026-08-24T11:52:45Z</time>
        <hdop>49</hdop>
        <extensions>
          <osmand:speed>162.4</osmand:speed>
        </extensions>
      </trkpt>
      <trkpt lat="57.0820563" lon="12.3061226">
        <ele>11179.4</ele>
        <time>2026-08-24T11:53:19Z</time>
        <hdop>36.2</hdop>
        <extensions>
          <osmand:speed>215.6</osmand:speed>
        </extensions>
      </trkpt>
      <trkpt lat="57.0933721" lon="12.3007439">
        <ele>11162.4</ele>
        <time>2026-08-24T11:53:25Z</time>
        <hdop>24.5</hdop>
        <extensions>
          <osmand:speed>215.7</osmand:speed>
        </extensions>
      </trkpt>
      <trkpt lat="57.1046291" lon="12.295672">
        <ele>11157.4</ele>
        <time>2026-08-24T11:53:31Z</time>
        <hdop>20.4</hdop>
        <extensions>
          <osmand:speed>215.8</osmand:speed>
        </extensions>
      </trkpt>
      <trkpt lat="57.1159248" lon="12.2907096">
        <ele>11156.4</ele>
        <time>2026-08-24T11:53:37Z</time>
        <hdop>19.4</hdop>
        <extensions>
          <osmand:speed>215.5</osmand:speed>
        </extensions>
      </trkpt>
      <trkpt lat="57.127213" lon="12.2857631">
        <ele>11156.4</ele>
        <time>2026-08-24T11:53:43Z</time>
        <hdop>17.3</hdop>
        <extensions>
          <osmand:speed>215.8</osmand:speed>
        </extensions>
      </trkpt>
      <trkpt lat="57.1384953" lon="12.2807468">
        <ele>11152.4</ele>
        <time>2026-08-24T11:53:49Z</time>
        <hdop>24.5</hdop>
        <extensions>
          <osmand:speed>215.9</osmand:speed>
        </extensions>
      </trkpt>
      <trkpt lat="57.1497993" lon="12.2757521">
        <ele>11153.4</ele>
        <time>2026-08-24T11:53:55Z</time>
        <hdop>29.1</hdop>
        <extensions>
          <osmand:speed>215.9</osmand:speed>
        </extensions>
      </trkpt>
      <trkpt lat="57.1610887" lon="12.2707459">
        <ele>11157.4</ele>
        <time>2026-08-24T11:54:01Z</time>
        <hdop>36.7</hdop>
        <extensions>
          <osmand:speed>215.9</osmand:speed>
        </extensions>
      </trkpt>
      <trkpt lat="57.1723861" lon="12.2657351">
        <ele>11157.4</ele>
        <time>2026-08-24T11:54:07Z</time>
        <hdop>24</hdop>
        <extensions>
          <osmand:speed>216</osmand:speed>
        </extensions>
      </trkpt>
      <trkpt lat="57.1836736" lon="12.2607412">
        <ele>11157.4</ele>
        <time>2026-08-24T11:54:13Z</time>
        <hdop>25.5</hdop>
        <extensions>
          <osmand:speed>216</osmand:speed>
        </extensions>
      </trkpt>
      <trkpt lat="57.1949618" lon="12.2557344">
        <ele>11158.4</ele>
        <time>2026-08-24T11:54:19Z</time>
        <hdop>34.2</hdop>
        <extensions>
          <osmand:speed>216</osmand:speed>
        </extensions>
      </trkpt>
      <trkpt lat="57.2062884" lon="12.2507534">
        <ele>11162.4</ele>
        <time>2026-08-24T11:54:25Z</time>
        <hdop>20.9</hdop>
        <extensions>
          <osmand:speed>216.1</osmand:speed>
        </extensions>
      </trkpt>
      <trkpt lat="57.2175968" lon="12.2457031">
        <ele>11165.2</ele>
        <time>2026-08-24T11:54:31Z</time>
        <hdop>28.1</hdop>
        <extensions>
          <osmand:speed>216.2</osmand:speed>
        </extensions>
      </trkpt>
      <trkpt lat="57.2289039" lon="12.2406104">
        <ele>11166.2</ele>
        <time>2026-08-24T11:54:37Z</time>
        <hdop>15.3</hdop>
        <extensions>
          <osmand:speed>216.3</osmand:speed>
        </extensions>
      </trkpt>
      <trkpt lat="57.2401877" lon="12.2354895">
        <ele>11165.2</ele>
        <time>2026-08-24T11:54:43Z</time>
        <hdop>12.8</hdop>
        <extensions>
          <osmand:speed>216.3</osmand:speed>
        </extensions>
      </trkpt>
      <trkpt lat="57.251484" lon="12.2303777">
        <ele>11165.8</ele>
        <time>2026-08-24T11:54:49Z</time>
        <hdop>14.3</hdop>
        <extensions>
          <osmand:speed>216.4</osmand:speed>
        </extensions>
      </trkpt>
      <trkpt lat="57.2628006" lon="12.2253601">
        <ele>11168.8</ele>
        <time>2026-08-24T11:54:55Z</time>
        <hdop>17.3</hdop>
        <extensions>
          <osmand:speed>216.3</osmand:speed>
        </extensions>
      </trkpt>
      <trkpt lat="57.2741158" lon="12.2202822">
        <ele>11168.8</ele>
        <time>2026-08-24T11:55:01Z</time>
        <hdop>14.8</hdop>
        <extensions>
          <osmand:speed>216.4</osmand:speed>
        </extensions>
      </trkpt>
      <trkpt lat="57.2854294" lon="12.2152216">
        <ele>11169.8</ele>
        <time>2026-08-24T11:55:07Z</time>
        <hdop>21.4</hdop>
        <extensions>
          <osmand:speed>216.5</osmand:speed>
        </extensions>
      </trkpt>
      <trkpt lat="57.2967431" lon="12.2101247">
        <ele>11166.8</ele>
        <time>2026-08-24T11:55:13Z</time>
        <hdop>15.3</hdop>
        <extensions>
          <osmand:speed>216.5</osmand:speed>
        </extensions>
      </trkpt>
      <trkpt lat="57.3080617" lon="12.2050569">
        <ele>11166.8</ele>
        <time>2026-08-24T11:55:19Z</time>
        <hdop>15.8</hdop>
        <extensions>
          <osmand:speed>216.4</osmand:speed>
        </extensions>
      </trkpt>
      <trkpt lat="57.3193824" lon="12.199975">
        <ele>11168.8</ele>
        <time>2026-08-24T11:55:25Z</time>
        <hdop>14.8</hdop>
        <extensions>
          <osmand:speed>216.5</osmand:speed>
        </extensions>
      </trkpt>
      <trkpt lat="57.3307012" lon="12.1949438">
        <ele>11173.8</ele>
        <time>2026-08-24T11:55:31Z</time>
        <hdop>16.8</hdop>
        <extensions>
          <osmand:speed>216.4</osmand:speed>
        </extensions>
      </trkpt>
      <trkpt lat="57.3420119" lon="12.1898962">
        <ele>11171.8</ele>
        <time>2026-08-24T11:55:37Z</time>
        <hdop>16.8</hdop>
        <extensions>
          <osmand:speed>216</osmand:speed>
        </extensions>
      </trkpt>
      <trkpt lat="57.3532893" lon="12.1847973">
        <ele>11167.8</ele>
        <time>2026-08-24T11:55:43Z</time>
        <hdop>22.4</hdop>
        <extensions>
          <osmand:speed>216.5</osmand:speed>
        </extensions>
      </trkpt>
      <trkpt lat="57.3646008" lon="12.1797407">
        <ele>11167.8</ele>
        <time>2026-08-24T11:55:49Z</time>
        <hdop>21.4</hdop>
        <extensions>
          <osmand:speed>216.3</osmand:speed>
        </extensions>
      </trkpt>
      <trkpt lat="57.3758978" lon="12.1747139">
        <ele>11172.8</ele>
        <time>2026-08-24T11:55:55Z</time>
        <hdop>24</hdop>
        <extensions>
          <osmand:speed>216.1</osmand:speed>
        </extensions>
      </trkpt>
      <trkpt lat="57.3872086" lon="12.1696077">
        <ele>11174.8</ele>
        <time>2026-08-24T11:56:01Z</time>
        <hdop>24</hdop>
        <extensions>
          <osmand:speed>216.9</osmand:speed>
        </extensions>
      </trkpt>
      <trkpt lat="57.3985454" lon="12.1644535">
        <ele>11168.8</ele>
        <time>2026-08-24T11:56:07Z</time>
        <hdop>39.3</hdop>
        <extensions>
          <osmand:speed>219.8</osmand:speed>
        </extensions>
      </trkpt>
      <trkpt lat="57.4097973" lon="12.1592559">
        <ele>11160.8</ele>
        <time>2026-08-24T11:56:13Z</time>
        <hdop>32.1</hdop>
        <extensions>
          <osmand:speed>216.5</osmand:speed>
        </extensions>
      </trkpt>
      <trkpt lat="57.4210807" lon="12.1540914">
        <ele>11163.8</ele>
        <time>2026-08-24T11:56:19Z</time>
        <hdop>36.7</hdop>
        <extensions>
          <osmand:speed>216.3</osmand:speed>
        </extensions>
      </trkpt>
      <trkpt lat="57.4323294" lon="12.1488978">
        <ele>11162.8</ele>
        <time>2026-08-24T11:56:25Z</time>
        <hdop>36.2</hdop>
        <extensions>
          <osmand:speed>215.4</osmand:speed>
        </extensions>
      </trkpt>
      <trkpt lat="57.4454497" lon="12.1428496">
        <ele>11160.8</ele>
        <time>2026-08-24T11:56:32Z</time>
        <hdop>21.4</hdop>
        <extensions>
          <osmand:speed>216</osmand:speed>
        </extensions>
      </trkpt>
      <trkpt lat="57.462373" lon="12.1352959">
        <ele>11159.8</ele>
        <time>2026-08-24T11:56:41Z</time>
        <hdop>40.3</hdop>
        <extensions>
          <osmand:speed>215.6</osmand:speed>
        </extensions>
      </trkpt>
      <trkpt lat="57.4736766" lon="12.1303458">
        <ele>11165.8</ele>
        <time>2026-08-24T11:56:47Z</time>
        <hdop>50</hdop>
        <extensions>
          <osmand:speed>215.5</osmand:speed>
        </extensions>
      </trkpt>
      <trkpt lat="57.4849408" lon="12.125168">
        <ele>11166.8</ele>
        <time>2026-08-24T11:56:53Z</time>
        <hdop>48</hdop>
        <extensions>
          <osmand:speed>215.5</osmand:speed>
        </extensions>
      </trkpt>
      <trkpt lat="57.4961955" lon="12.120081">
        <ele>11163.8</ele>
        <time>2026-08-24T11:56:59Z</time>
        <hdop>34.2</hdop>
        <extensions>
          <osmand:speed>215.1</osmand:speed>
        </extensions>
      </trkpt>
      <trkpt lat="57.5074178" lon="12.1150025">
        <ele>11148.2</ele>
        <time>2026-08-24T11:57:05Z</time>
        <hdop>21.9</hdop>
        <extensions>
          <osmand:speed>213.8</osmand:speed>
        </extensions>
      </trkpt>
      <trkpt lat="57.5185619" lon="12.1099736">
        <ele>11129.2</ele>
        <time>2026-08-24T11:57:11Z</time>
        <hdop>18.4</hdop>
        <extensions>
          <osmand:speed>212.1</osmand:speed>
        </extensions>
      </trkpt>
      <trkpt lat="57.5296002" lon="12.1049771">
        <ele>11111.2</ele>
        <time>2026-08-24T11:57:17Z</time>
        <hdop>17.3</hdop>
        <extensions>
          <osmand:speed>210.5</osmand:speed>
        </extensions>
      </trkpt>
      <trkpt lat="57.5405478" lon="12.0999381">
        <ele>11093.2</ele>
        <time>2026-08-24T11:57:23Z</time>
        <hdop>20.9</hdop>
        <extensions>
          <osmand:speed>209.5</osmand:speed>
        </extensions>
      </trkpt>
      <trkpt lat="57.5514988" lon="12.0949471">
        <ele>11081.2</ele>
        <time>2026-08-24T11:57:29Z</time>
        <hdop>18.4</hdop>
        <extensions>
          <osmand:speed>210.3</osmand:speed>
        </extensions>
      </trkpt>
      <trkpt lat="57.5625205" lon="12.0899027">
        <ele>11063.2</ele>
        <time>2026-08-24T11:57:35Z</time>
        <hdop>16.8</hdop>
        <extensions>
          <osmand:speed>211.8</osmand:speed>
        </extensions>
      </trkpt>
      <trkpt lat="57.5735879" lon="12.0848048">
        <ele>11036.2</ele>
        <time>2026-08-24T11:57:41Z</time>
        <hdop>15.8</hdop>
        <extensions>
          <osmand:speed>212</osmand:speed>
        </extensions>
      </trkpt>
      <trkpt lat="57.5846613" lon="12.0797466">
        <ele>11005.2</ele>
        <time>2026-08-24T11:57:47Z</time>
        <hdop>17.3</hdop>
        <extensions>
          <osmand:speed>211.8</osmand:speed>
        </extensions>
      </trkpt>
      <trkpt lat="57.5957258" lon="12.0746736">
        <ele>10977.2</ele>
        <time>2026-08-24T11:57:53Z</time>
        <hdop>14.3</hdop>
        <extensions>
          <osmand:speed>211.6</osmand:speed>
        </extensions>
      </trkpt>
      <trkpt lat="57.6067816" lon="12.0695902">
        <ele>10951.2</ele>
        <time>2026-08-24T11:57:59Z</time>
        <hdop>19.4</hdop>
        <extensions>
          <osmand:speed>212.1</osmand:speed>
        </extensions>
      </trkpt>
      <trkpt lat="57.6178794" lon="12.0645112">
        <ele>10929.2</ele>
        <time>2026-08-24T11:58:05Z</time>
        <hdop>17.9</hdop>
        <extensions>
          <osmand:speed>213.4</osmand:speed>
        </extensions>
      </trkpt>
      <trkpt lat="57.6290704" lon="12.0594364">
        <ele>10904.2</ele>
        <time>2026-08-24T11:58:11Z</time>
        <hdop>23.5</hdop>
        <extensions>
          <osmand:speed>214.3</osmand:speed>
        </extensions>
      </trkpt>
      <trkpt lat="57.640302" lon="12.05438">
        <ele>10882.2</ele>
        <time>2026-08-24T11:58:17Z</time>
        <hdop>24.5</hdop>
        <extensions>
          <osmand:speed>214.8</osmand:speed>
        </extensions>
      </trkpt>
      <trkpt lat="57.6515464" lon="12.0491933">
        <ele>10870.2</ele>
        <time>2026-08-24T11:58:23Z</time>
        <hdop>31.1</hdop>
        <extensions>
          <osmand:speed>215.6</osmand:speed>
        </extensions>
      </trkpt>
      <trkpt lat="57.6628432" lon="12.0439713">
        <ele>10868.2</ele>
        <time>2026-08-24T11:58:29Z</time>
        <hdop>31.1</hdop>
        <extensions>
          <osmand:speed>217.1</osmand:speed>
        </extensions>
      </trkpt>
      <trkpt lat="57.6741918" lon="12.0387701">
        <ele>10865.2</ele>
        <time>2026-08-24T11:58:35Z</time>
        <hdop>27</hdop>
        <extensions>
          <osmand:speed>217.6</osmand:speed>
        </extensions>
      </trkpt>
      <trkpt lat="57.6855841" lon="12.0335256">
        <ele>10861.2</ele>
        <time>2026-08-24T11:58:41Z</time>
        <hdop>27</hdop>
        <extensions>
          <osmand:speed>219</osmand:speed>
        </extensions>
      </trkpt>
      <trkpt lat="57.6970169" lon="12.0282414">
        <ele>10857.2</ele>
        <time>2026-08-24T11:58:47Z</time>
        <hdop>20.9</hdop>
        <extensions>
          <osmand:speed>219.4</osmand:speed>
        </extensions>
      </trkpt>
      <trkpt lat="57.7084794" lon="12.0229469">
        <ele>10859.2</ele>
        <time>2026-08-24T11:58:53Z</time>
        <hdop>17.9</hdop>
        <extensions>
          <osmand:speed>219.6</osmand:speed>
        </extensions>
      </trkpt>
      <trkpt lat="57.7199304" lon="12.0176693">
        <ele>10862.2</ele>
        <time>2026-08-24T11:58:59Z</time>
        <hdop>19.4</hdop>
        <extensions>
          <osmand:speed>219.6</osmand:speed>
        </extensions>
      </trkpt>
      <trkpt lat="57.7313739" lon="12.0123521">
        <ele>10863.2</ele>
        <time>2026-08-24T11:59:05Z</time>
        <hdop>17.3</hdop>
        <extensions>
          <osmand:speed>219.7</osmand:speed>
        </extensions>
      </trkpt>
      <trkpt lat="57.7428352" lon="12.0069481">
        <ele>10861.2</ele>
        <time>2026-08-24T11:59:11Z</time>
        <hdop>16.8</hdop>
        <extensions>
          <osmand:speed>219.1</osmand:speed>
        </extensions>
      </trkpt>
      <trkpt lat="57.7543001" lon="12.0016405">
        <ele>10864.5</ele>
        <time>2026-08-24T11:59:17Z</time>
        <hdop>22.4</hdop>
        <extensions>
          <osmand:speed>218.6</osmand:speed>
        </extensions>
      </trkpt>
      <trkpt lat="57.7657301" lon="11.9962572">
        <ele>10861.2</ele>
        <time>2026-08-24T11:59:23Z</time>
        <hdop>29.1</hdop>
        <extensions>
          <osmand:speed>219.3</osmand:speed>
        </extensions>
      </trkpt>
      <trkpt lat="57.777182" lon="11.9909953">
        <ele>10862.2</ele>
        <time>2026-08-24T11:59:29Z</time>
        <hdop>22.4</hdop>
        <extensions>
          <osmand:speed>219.5</osmand:speed>
        </extensions>
      </trkpt>
      <trkpt lat="57.7885968" lon="11.9858288">
        <ele>10865.2</ele>
        <time>2026-08-24T11:59:35Z</time>
        <hdop>23</hdop>
        <extensions>
          <osmand:speed>218.1</osmand:speed>
        </extensions>
      </trkpt>
      <trkpt lat="57.799982" lon="11.9806431">
        <ele>10869.2</ele>
        <time>2026-08-24T11:59:41Z</time>
        <hdop>21.9</hdop>
        <extensions>
          <osmand:speed>218.2</osmand:speed>
        </extensions>
      </trkpt>
      <trkpt lat="57.8113672" lon="11.9753497">
        <ele>10868.2</ele>
        <time>2026-08-24T11:59:47Z</time>
        <hdop>19.9</hdop>
        <extensions>
          <osmand:speed>217.9</osmand:speed>
        </extensions>
      </trkpt>
      <trkpt lat="57.8227387" lon="11.9700959">
        <ele>10869.2</ele>
        <time>2026-08-24T11:59:53Z</time>
        <hdop>19.9</hdop>
        <extensions>
          <osmand:speed>217.8</osmand:speed>
        </extensions>
      </trkpt>
      <trkpt lat="57.8341191" lon="11.9648411">
        <ele>10868.2</ele>
        <time>2026-08-24T11:59:59Z</time>
        <hdop>21.9</hdop>
        <extensions>
          <osmand:speed>217.6</osmand:speed>
        </extensions>
      </trkpt>
      <trkpt lat="57.8454769" lon="11.9594906">
        <ele>10868.2</ele>
        <time>2026-08-24T12:00:05Z</time>
        <hdop>15.8</hdop>
        <extensions>
          <osmand:speed>217.7</osmand:speed>
        </extensions>
      </trkpt>
      <trkpt lat="57.8568374" lon="11.9542343">
        <ele>10866.2</ele>
        <time>2026-08-24T12:00:11Z</time>
        <hdop>13.8</hdop>
        <extensions>
          <osmand:speed>217.8</osmand:speed>
        </extensions>
      </trkpt>
      <trkpt lat="57.8682282" lon="11.9489388">
        <ele>10865.2</ele>
        <time>2026-08-24T12:00:17Z</time>
        <hdop>11.2</hdop>
        <extensions>
          <osmand:speed>217.7</osmand:speed>
        </extensions>
      </trkpt>
      <trkpt lat="57.87961" lon="11.9436952">
        <ele>10865.2</ele>
        <time>2026-08-24T12:00:23Z</time>
        <hdop>11.2</hdop>
        <extensions>
          <osmand:speed>217.7</osmand:speed>
        </extensions>
      </trkpt>
      <trkpt lat="57.8909785" lon="11.9384057">
        <ele>10866.2</ele>
        <time>2026-08-24T12:00:29Z</time>
        <hdop>10.2</hdop>
        <extensions>
          <osmand:speed>217.8</osmand:speed>
        </extensions>
      </trkpt>
      <trkpt lat="57.9023245" lon="11.9330684">
        <ele>10864.2</ele>
        <time>2026-08-24T12:00:35Z</time>
        <hdop>11.2</hdop>
        <extensions>
          <osmand:speed>217.5</osmand:speed>
        </extensions>
      </trkpt>
      <trkpt lat="57.9136828" lon="11.9277418">
        <ele>10864.2</ele>
        <time>2026-08-24T12:00:41Z</time>
        <hdop>9.2</hdop>
        <extensions>
          <osmand:speed>217.6</osmand:speed>
        </extensions>
      </trkpt>
      <trkpt lat="57.9250394" lon="11.922447">
        <ele>10861.2</ele>
        <time>2026-08-24T12:00:47Z</time>
        <hdop>10.7</hdop>
        <extensions>
          <osmand:speed>217.7</osmand:speed>
        </extensions>
      </trkpt>
      <trkpt lat="57.9363986" lon="11.9171936">
        <ele>10861.2</ele>
        <time>2026-08-24T12:00:53Z</time>
        <hdop>12.2</hdop>
        <extensions>
          <osmand:speed>217.4</osmand:speed>
        </extensions>
      </trkpt>
      <trkpt lat="57.9477534" lon="11.9119413">
        <ele>10860.2</ele>
        <time>2026-08-24T12:00:59Z</time>
        <hdop>13.8</hdop>
        <extensions>
          <osmand:speed>216.9</osmand:speed>
        </extensions>
      </trkpt>
      <trkpt lat="57.9591145" lon="11.9066421">
        <ele>10862.2</ele>
        <time>2026-08-24T12:01:05Z</time>
        <hdop>9.2</hdop>
        <extensions>
          <osmand:speed>217.4</osmand:speed>
        </extensions>
      </trkpt>
      <trkpt lat="57.9704567" lon="11.9013434">
        <ele>10859.2</ele>
        <time>2026-08-24T12:01:11Z</time>
        <hdop>9.2</hdop>
        <extensions>
          <osmand:speed>217.3</osmand:speed>
        </extensions>
      </trkpt>
      <trkpt lat="57.9818053" lon="11.8960736">
        <ele>10856.2</ele>
        <time>2026-08-24T12:01:17Z</time>
        <hdop>9.2</hdop>
        <extensions>
          <osmand:speed>217.3</osmand:speed>
        </extensions>
      </trkpt>
      <trkpt lat="57.9931396" lon="11.8907544">
        <ele>10859.2</ele>
        <time>2026-08-24T12:01:23Z</time>
        <hdop>11.2</hdop>
        <extensions>
          <osmand:speed>217.7</osmand:speed>
        </extensions>
      </trkpt>
      <trkpt lat="58.0044649" lon="11.8854338">
        <ele>10863.3</ele>
        <time>2026-08-24T12:01:29Z</time>
        <hdop>10.2</hdop>
        <extensions>
          <osmand:speed>217.2</osmand:speed>
        </extensions>
      </trkpt>
      <trkpt lat="58.0158166" lon="11.8801423">
        <ele>10864.3</ele>
        <time>2026-08-24T12:01:35Z</time>
        <hdop>8.2</hdop>
        <extensions>
          <osmand:speed>217.3</osmand:speed>
        </extensions>
      </trkpt>
      <trkpt lat="58.0271618" lon="11.8748367">
        <ele>10863.3</ele>
        <time>2026-08-24T12:01:41Z</time>
        <hdop>10.2</hdop>
        <extensions>
          <osmand:speed>217.5</osmand:speed>
        </extensions>
      </trkpt>
      <trkpt lat="58.0385142" lon="11.8695086">
        <ele>10860.3</ele>
        <time>2026-08-24T12:01:47Z</time>
        <hdop>11.2</hdop>
        <extensions>
          <osmand:speed>218</osmand:speed>
        </extensions>
      </trkpt>
      <trkpt lat="58.0498788" lon="11.864201">
        <ele>10859.3</ele>
        <time>2026-08-24T12:01:53Z</time>
        <hdop>13.3</hdop>
        <extensions>
          <osmand:speed>217.9</osmand:speed>
        </extensions>
      </trkpt>
      <trkpt lat="58.0612571" lon="11.8588978">
        <ele>10861.3</ele>
        <time>2026-08-24T12:01:59Z</time>
        <hdop>12.8</hdop>
        <extensions>
          <osmand:speed>218</osmand:speed>
        </extensions>
      </trkpt>
      <trkpt lat="58.0726406" lon="11.8535547">
        <ele>10863.3</ele>
        <time>2026-08-24T12:02:05Z</time>
        <hdop>11.2</hdop>
        <extensions>
          <osmand:speed>218.1</osmand:speed>
        </extensions>
      </trkpt>
      <trkpt lat="58.0840276" lon="11.8482236">
        <ele>10863.3</ele>
        <time>2026-08-24T12:02:11Z</time>
        <hdop>10.7</hdop>
        <extensions>
          <osmand:speed>218.3</osmand:speed>
        </extensions>
      </trkpt>
      <trkpt lat="58.0954372" lon="11.8428988">
        <ele>10865.3</ele>
        <time>2026-08-24T12:02:17Z</time>
        <hdop>13.3</hdop>
        <extensions>
          <osmand:speed>218.5</osmand:speed>
        </extensions>
      </trkpt>
      <trkpt lat="58.1068414" lon="11.8375723">
        <ele>10866.3</ele>
        <time>2026-08-24T12:02:23Z</time>
        <hdop>12.2</hdop>
        <extensions>
          <osmand:speed>218.5</osmand:speed>
        </extensions>
      </trkpt>
      <trkpt lat="58.11826" lon="11.8322424">
        <ele>10865.3</ele>
        <time>2026-08-24T12:02:29Z</time>
        <hdop>11.2</hdop>
        <extensions>
          <osmand:speed>218.6</osmand:speed>
        </extensions>
      </trkpt>
      <trkpt lat="58.1296789" lon="11.8268893">
        <ele>10863.3</ele>
        <time>2026-08-24T12:02:35Z</time>
        <hdop>14.8</hdop>
        <extensions>
          <osmand:speed>218.5</osmand:speed>
        </extensions>
      </trkpt>
      <trkpt lat="58.1410877" lon="11.8215378">
        <ele>10865.3</ele>
        <time>2026-08-24T12:02:41Z</time>
        <hdop>13.3</hdop>
        <extensions>
          <osmand:speed>218.5</osmand:speed>
        </extensions>
      </trkpt>
      <trkpt lat="58.1525018" lon="11.8161632">
        <ele>10865.3</ele>
        <time>2026-08-24T12:02:47Z</time>
        <hdop>8.7</hdop>
        <extensions>
          <osmand:speed>218.9</osmand:speed>
        </extensions>
      </trkpt>
      <trkpt lat="58.1639086" lon="11.81079">
        <ele>10866.3</ele>
        <time>2026-08-24T12:02:53Z</time>
        <hdop>9.7</hdop>
        <extensions>
          <osmand:speed>219</osmand:speed>
        </extensions>
      </trkpt>
      <trkpt lat="58.1753288" lon="11.8053669">
        <ele>10864.3</ele>
        <time>2026-08-24T12:02:59Z</time>
        <hdop>12.2</hdop>
        <extensions>
          <osmand:speed>218.8</osmand:speed>
        </extensions>
      </trkpt>
      <trkpt lat="58.1867394" lon="11.7999844">
        <ele>10864.3</ele>
        <time>2026-08-24T12:03:05Z</time>
        <hdop>9.2</hdop>
        <extensions>
          <osmand:speed>218.8</osmand:speed>
        </extensions>
      </trkpt>
      <trkpt lat="58.1981656" lon="11.7945797">
        <ele>10865.3</ele>
        <time>2026-08-24T12:03:11Z</time>
        <hdop>14.8</hdop>
        <extensions>
          <osmand:speed>218.9</osmand:speed>
        </extensions>
      </trkpt>
      <trkpt lat="58.2095742" lon="11.7891657">
        <ele>10865.3</ele>
        <time>2026-08-24T12:03:17Z</time>
        <hdop>14.8</hdop>
        <extensions>
          <osmand:speed>218.6</osmand:speed>
        </extensions>
      </trkpt>
      <trkpt lat="58.221013" lon="11.7839484">
        <ele>10875.3</ele>
        <time>2026-08-24T12:03:23Z</time>
        <hdop>19.9</hdop>
        <extensions>
          <osmand:speed>218.8</osmand:speed>
        </extensions>
      </trkpt>
      <trkpt lat="58.2324153" lon="11.7785368">
        <ele>10879.3</ele>
        <time>2026-08-24T12:03:29Z</time>
        <hdop>21.9</hdop>
        <extensions>
          <osmand:speed>218.6</osmand:speed>
        </extensions>
      </trkpt>
      <trkpt lat="58.2437879" lon="11.77308">
        <ele>10875.3</ele>
        <time>2026-08-24T12:03:35Z</time>
        <hdop>19.9</hdop>
        <extensions>
          <osmand:speed>218.1</osmand:speed>
        </extensions>
      </trkpt>
      <trkpt lat="58.2551508" lon="11.7676761">
        <ele>10866.4</ele>
        <time>2026-08-24T12:03:41Z</time>
        <hdop>21.9</hdop>
        <extensions>
          <osmand:speed>217.8</osmand:speed>
        </extensions>
      </trkpt>
      <trkpt lat="58.2665156" lon="11.762241">
        <ele>10863.4</ele>
        <time>2026-08-24T12:03:47Z</time>
        <hdop>16.3</hdop>
        <extensions>
          <osmand:speed>218.1</osmand:speed>
        </extensions>
      </trkpt>
      <trkpt lat="58.2779014" lon="11.7568061">
        <ele>10869.4</ele>
        <time>2026-08-24T12:03:53Z</time>
        <hdop>19.9</hdop>
        <extensions>
          <osmand:speed>218.1</osmand:speed>
        </extensions>
      </trkpt>
      <trkpt lat="58.2892503" lon="11.7513873">
        <ele>10857.4</ele>
        <time>2026-08-24T12:03:59Z</time>
        <hdop>37.2</hdop>
        <extensions>
          <osmand:speed>217.8</osmand:speed>
        </extensions>
      </trkpt>
      <trkpt lat="58.3006246" lon="11.7460005">
        <ele>10859</ele>
        <time>2026-08-24T12:04:05Z</time>
        <hdop>25.5</hdop>
        <extensions>
          <osmand:speed>216.7</osmand:speed>
        </extensions>
      </trkpt>
      <trkpt lat="58.3120286" lon="11.7406364">
        <ele>10875</ele>
        <time>2026-08-24T12:04:11Z</time>
        <hdop>19.4</hdop>
        <extensions>
          <osmand:speed>218.1</osmand:speed>
        </extensions>
      </trkpt>
      <trkpt lat="58.3234184" lon="11.735254">
        <ele>10881</ele>
        <time>2026-08-24T12:04:17Z</time>
        <hdop>14.8</hdop>
        <extensions>
          <osmand:speed>218</osmand:speed>
        </extensions>
      </trkpt>
      <trkpt lat="58.3347977" lon="11.7298757">
        <ele>10881</ele>
        <time>2026-08-24T12:04:23Z</time>
        <hdop>14.3</hdop>
        <extensions>
          <osmand:speed>218.2</osmand:speed>
        </extensions>
      </trkpt>
      <trkpt lat="58.3461673" lon="11.7243996">
        <ele>10878</ele>
        <time>2026-08-24T12:04:29Z</time>
        <hdop>11.7</hdop>
        <extensions>
          <osmand:speed>218.2</osmand:speed>
        </extensions>
      </trkpt>
      <trkpt lat="58.3575495" lon="11.7189265">
        <ele>10876</ele>
        <time>2026-08-24T12:04:35Z</time>
        <hdop>9.7</hdop>
        <extensions>
          <osmand:speed>218.3</osmand:speed>
        </extensions>
      </trkpt>
      <trkpt lat="58.3689289" lon="11.7134773">
        <ele>10875</ele>
        <time>2026-08-24T12:04:41Z</time>
        <hdop>8.7</hdop>
        <extensions>
          <osmand:speed>218.2</osmand:speed>
        </extensions>
      </trkpt>
      <trkpt lat="58.380299" lon="11.7080542">
        <ele>10875</ele>
        <time>2026-08-24T12:04:47Z</time>
        <hdop>9.7</hdop>
        <extensions>
          <osmand:speed>218.1</osmand:speed>
        </extensions>
      </trkpt>
      <trkpt lat="58.3916793" lon="11.7025795">
        <ele>10874</ele>
        <time>2026-08-24T12:04:53Z</time>
        <hdop>10.2</hdop>
        <extensions>
          <osmand:speed>218.3</osmand:speed>
        </extensions>
      </trkpt>
      <trkpt lat="58.4030626" lon="11.6971889">
        <ele>10871</ele>
        <time>2026-08-24T12:04:59Z</time>
        <hdop>9.7</hdop>
        <extensions>
          <osmand:speed>218.4</osmand:speed>
        </extensions>
      </trkpt>
      <trkpt lat="58.4144633" lon="11.6917383">
        <ele>10867</ele>
        <time>2026-08-24T12:05:05Z</time>
        <hdop>10.2</hdop>
        <extensions>
          <osmand:speed>218.5</osmand:speed>
        </extensions>
      </trkpt>
      <trkpt lat="58.4258602" lon="11.6862695">
        <ele>10868</ele>
        <time>2026-08-24T12:05:11Z</time>
        <hdop>9.2</hdop>
        <extensions>
          <osmand:speed>218.6</osmand:speed>
        </extensions>
      </trkpt>
      <trkpt lat="58.4372847" lon="11.6807879">
        <ele>10868</ele>
        <time>2026-08-24T12:05:17Z</time>
        <hdop>26.5</hdop>
        <extensions>
          <osmand:speed>219</osmand:speed>
        </extensions>
      </trkpt>
      <trkpt lat="58.448748" lon="11.6753074">
        <ele>10876</ele>
        <time>2026-08-24T12:05:23Z</time>
        <hdop>28.6</hdop>
        <extensions>
          <osmand:speed>220.5</osmand:speed>
        </extensions>
      </trkpt>
      <trkpt lat="58.4694894" lon="11.6652366">
        <ele>10861</ele>
        <time>2026-08-24T12:05:34Z</time>
        <hdop>38.8</hdop>
        <extensions>
          <osmand:speed>218.9</osmand:speed>
        </extensions>
      </trkpt>
      <trkpt lat="58.4809827" lon="11.6597793">
        <ele>10866</ele>
        <time>2026-08-24T12:05:40Z</time>
        <hdop>31.1</hdop>
        <extensions>
          <osmand:speed>219</osmand:speed>
        </extensions>
      </trkpt>
      <trkpt lat="58.4924442" lon="11.6542963">
        <ele>10869</ele>
        <time>2026-08-24T12:05:46Z</time>
        <hdop>25.5</hdop>
        <extensions>
          <osmand:speed>219.1</osmand:speed>
        </extensions>
      </trkpt>
      <trkpt lat="58.5038988" lon="11.6488174">
        <ele>10870.8</ele>
        <time>2026-08-24T12:05:52Z</time>
        <hdop>30.1</hdop>
        <extensions>
          <osmand:speed>219.1</osmand:speed>
        </extensions>
      </trkpt>
      <trkpt lat="58.5153145" lon="11.6433439">
        <ele>10871.8</ele>
        <time>2026-08-24T12:05:58Z</time>
        <hdop>24.5</hdop>
        <extensions>
          <osmand:speed>219.1</osmand:speed>
        </extensions>
      </trkpt>
      <trkpt lat="58.5267429" lon="11.6378334">
        <ele>10872.8</ele>
        <time>2026-08-24T12:06:04Z</time>
        <hdop>21.9</hdop>
        <extensions>
          <osmand:speed>219.1</osmand:speed>
        </extensions>
      </trkpt>
      <trkpt lat="58.5381736" lon="11.6323556">
        <ele>10873.8</ele>
        <time>2026-08-24T12:06:10Z</time>
        <hdop>19.9</hdop>
        <extensions>
          <osmand:speed>219.1</osmand:speed>
        </extensions>
      </trkpt>
      <trkpt lat="58.5496031" lon="11.6268735">
        <ele>10873.8</ele>
        <time>2026-08-24T12:06:16Z</time>
        <hdop>14.3</hdop>
        <extensions>
          <osmand:speed>219.2</osmand:speed>
        </extensions>
      </trkpt>
      <trkpt lat="58.5610193" lon="11.6213718">
        <ele>10874.8</ele>
        <time>2026-08-24T12:06:22Z</time>
        <hdop>12.8</hdop>
        <extensions>
          <osmand:speed>219.2</osmand:speed>
        </extensions>
      </trkpt>
      <trkpt lat="58.5724519" lon="11.61584">
        <ele>10874.8</ele>
        <time>2026-08-24T12:06:28Z</time>
        <hdop>20.9</hdop>
        <extensions>
          <osmand:speed>219.3</osmand:speed>
        </extensions>
      </trkpt>
      <trkpt lat="58.5838781" lon="11.6103096">
        <ele>10873.8</ele>
        <time>2026-08-24T12:06:34Z</time>
        <hdop>14.8</hdop>
        <extensions>
          <osmand:speed>219.2</osmand:speed>
        </extensions>
      </trkpt>
      <trkpt lat="58.5953212" lon="11.6047739">
        <ele>10873.8</ele>
        <time>2026-08-24T12:06:40Z</time>
        <hdop>23.5</hdop>
        <extensions>
          <osmand:speed>219</osmand:speed>
        </extensions>
      </trkpt>
      <trkpt lat="58.6086872" lon="11.5982912">
        <ele>10880.8</ele>
        <time>2026-08-24T12:06:47Z</time>
        <hdop>48.5</hdop>
        <extensions>
          <osmand:speed>220.7</osmand:speed>
        </extensions>
      </trkpt>
      <trkpt lat="58.620099" lon="11.5927462">
        <ele>10879.8</ele>
        <time>2026-08-24T12:06:53Z</time>
        <hdop>44.9</hdop>
        <extensions>
          <osmand:speed>219</osmand:speed>
        </extensions>
      </trkpt>
      <trkpt lat="58.6314565" lon="11.5871979">
        <ele>10873.8</ele>
        <time>2026-08-24T12:06:59Z</time>
        <hdop>44.4</hdop>
        <extensions>
          <osmand:speed>218.1</osmand:speed>
        </extensions>
      </trkpt>
      <trkpt lat="58.6429303" lon="11.581564">
        <ele>10869.8</ele>
        <time>2026-08-24T12:07:05Z</time>
        <hdop>47.4</hdop>
        <extensions>
          <osmand:speed>220.1</osmand:speed>
        </extensions>
      </trkpt>
      <trkpt lat="58.6543927" lon="11.5760141">
        <ele>10873.8</ele>
        <time>2026-08-24T12:07:11Z</time>
        <hdop>44.9</hdop>
        <extensions>
          <osmand:speed>219.5</osmand:speed>
        </extensions>
      </trkpt>
      <trkpt lat="58.6658365" lon="11.5705283">
        <ele>10878.8</ele>
        <time>2026-08-24T12:07:17Z</time>
        <hdop>39.3</hdop>
        <extensions>
          <osmand:speed>219.1</osmand:speed>
        </extensions>
      </trkpt>
      <trkpt lat="58.6772698" lon="11.5650336">
        <ele>10881.8</ele>
        <time>2026-08-24T12:07:23Z</time>
        <hdop>35.2</hdop>
        <extensions>
          <osmand:speed>219.6</osmand:speed>
        </extensions>
      </trkpt>
      <trkpt lat="58.6887021" lon="11.5594381">
        <ele>10874.8</ele>
        <time>2026-08-24T12:07:29Z</time>
        <hdop>26.5</hdop>
        <extensions>
          <osmand:speed>219.1</osmand:speed>
        </extensions>
      </trkpt>
      <trkpt lat="58.700103" lon="11.5538654">
        <ele>10859.8</ele>
        <time>2026-08-24T12:07:35Z</time>
        <hdop>26.5</hdop>
        <extensions>
          <osmand:speed>218.5</osmand:speed>
        </extensions>
      </trkpt>
      <trkpt lat="58.7114714" lon="11.5484248">
        <ele>10830.8</ele>
        <time>2026-08-24T12:07:41Z</time>
        <hdop>26</hdop>
        <extensions>
          <osmand:speed>218.1</osmand:speed>
        </extensions>
      </trkpt>
      <trkpt lat="58.722825" lon="11.5429139">
        <ele>10778.8</ele>
        <time>2026-08-24T12:07:47Z</time>
        <hdop>29.1</hdop>
        <extensions>
          <osmand:speed>217.8</osmand:speed>
        </extensions>
      </trkpt>
      <trkpt lat="58.7341785" lon="11.5374377">
        <ele>10698.8</ele>
        <time>2026-08-24T12:07:53Z</time>
        <hdop>40.3</hdop>
        <extensions>
          <osmand:speed>218.3</osmand:speed>
        </extensions>
      </trkpt>
      <trkpt lat="58.7456084" lon="11.5319433">
        <ele>10592.8</ele>
        <time>2026-08-24T12:07:59Z</time>
        <hdop>34.7</hdop>
        <extensions>
          <osmand:speed>220</osmand:speed>
        </extensions>
      </trkpt>
      <trkpt lat="58.7571458" lon="11.5263146">
        <ele>10483.6</ele>
        <time>2026-08-24T12:08:05Z</time>
        <hdop>23.5</hdop>
        <extensions>
          <osmand:speed>221.2</osmand:speed>
        </extensions>
      </trkpt>
      <trkpt lat="58.7686925" lon="11.5206944">
        <ele>10385.6</ele>
        <time>2026-08-24T12:08:11Z</time>
        <hdop>25.5</hdop>
        <extensions>
          <osmand:speed>221.6</osmand:speed>
        </extensions>
      </trkpt>
      <trkpt lat="58.7802332" lon="11.5148183">
        <ele>10272.6</ele>
        <time>2026-08-24T12:08:17Z</time>
        <hdop>19.9</hdop>
        <extensions>
          <osmand:speed>222.2</osmand:speed>
        </extensions>
      </trkpt>
      <trkpt lat="58.7918239" lon="11.5091135">
        <ele>10161.6</ele>
        <time>2026-08-24T12:08:23Z</time>
        <hdop>20.9</hdop>
        <extensions>
          <osmand:speed>223</osmand:speed>
        </extensions>
      </trkpt>
      <trkpt lat="58.8034763" lon="11.5034104">
        <ele>10049.6</ele>
        <time>2026-08-24T12:08:29Z</time>
        <hdop>27</hdop>
        <extensions>
          <osmand:speed>224.2</osmand:speed>
        </extensions>
      </trkpt>
      <trkpt lat="58.8151727" lon="11.4976581">
        <ele>9933.9</ele>
        <time>2026-08-24T12:08:35Z</time>
        <hdop>21.9</hdop>
        <extensions>
          <osmand:speed>224.8</osmand:speed>
        </extensions>
      </trkpt>
      <trkpt lat="58.8269082" lon="11.4918155">
        <ele>9817.9</ele>
        <time>2026-08-24T12:08:41Z</time>
        <hdop>17.3</hdop>
        <extensions>
          <osmand:speed>225.5</osmand:speed>
        </extensions>
      </trkpt>
      <trkpt lat="58.8386767" lon="11.4860539">
        <ele>9702.9</ele>
        <time>2026-08-24T12:08:47Z</time>
        <hdop>17.3</hdop>
        <extensions>
          <osmand:speed>226.7</osmand:speed>
        </extensions>
      </trkpt>
      <trkpt lat="58.8504913" lon="11.4803">
        <ele>9581.9</ele>
        <time>2026-08-24T12:08:53Z</time>
        <hdop>13.8</hdop>
        <extensions>
          <osmand:speed>226.7</osmand:speed>
        </extensions>
      </trkpt>
      <trkpt lat="58.8623786" lon="11.4749401">
        <ele>9471.9</ele>
        <time>2026-08-24T12:08:59Z</time>
        <hdop>13.3</hdop>
        <extensions>
          <osmand:speed>226.8</osmand:speed>
        </extensions>
      </trkpt>
      <trkpt lat="58.8743183" lon="11.4701006">
        <ele>9370.9</ele>
        <time>2026-08-24T12:09:05Z</time>
        <hdop>11.2</hdop>
        <extensions>
          <osmand:speed>226.5</osmand:speed>
        </extensions>
      </trkpt>
      <trkpt lat="58.8862713" lon="11.465689">
        <ele>9273.9</ele>
        <time>2026-08-24T12:09:11Z</time>
        <hdop>9.2</hdop>
        <extensions>
          <osmand:speed>226.3</osmand:speed>
        </extensions>
      </trkpt>
      <trkpt lat="58.8982261" lon="11.4614287">
        <ele>9185.9</ele>
        <time>2026-08-24T12:09:17Z</time>
        <hdop>11.2</hdop>
        <extensions>
          <osmand:speed>225.7</osmand:speed>
        </extensions>
      </trkpt>
      <trkpt lat="58.910147" lon="11.4572074">
        <ele>9093.9</ele>
        <time>2026-08-24T12:09:23Z</time>
        <hdop>16.3</hdop>
        <extensions>
          <osmand:speed>225.2</osmand:speed>
        </extensions>
      </trkpt>
      <trkpt lat="58.9220475" lon="11.452931">
        <ele>9004.9</ele>
        <time>2026-08-24T12:09:29Z</time>
        <hdop>14.3</hdop>
        <extensions>
          <osmand:speed>224.8</osmand:speed>
        </extensions>
      </trkpt>
      <trkpt lat="58.9338957" lon="11.4486174">
        <ele>8923.9</ele>
        <time>2026-08-24T12:09:35Z</time>
        <hdop>14.8</hdop>
        <extensions>
          <osmand:speed>223.7</osmand:speed>
        </extensions>
      </trkpt>
      <trkpt lat="58.9456854" lon="11.4443845">
        <ele>8851.9</ele>
        <time>2026-08-24T12:09:41Z</time>
        <hdop>17.3</hdop>
        <extensions>
          <osmand:speed>222.5</osmand:speed>
        </extensions>
      </trkpt>
      <trkpt lat="58.957415" lon="11.4401307">
        <ele>8780.9</ele>
        <time>2026-08-24T12:09:47Z</time>
        <hdop>21.9</hdop>
        <extensions>
          <osmand:speed>221.4</osmand:speed>
        </extensions>
      </trkpt>
      <trkpt lat="58.9690958" lon="11.4359017">
        <ele>8706.9</ele>
        <time>2026-08-24T12:09:53Z</time>
        <hdop>16.3</hdop>
        <extensions>
          <osmand:speed>220.2</osmand:speed>
        </extensions>
      </trkpt>
      <trkpt lat="58.9807368" lon="11.4316975">
        <ele>8630.9</ele>
        <time>2026-08-24T12:09:59Z</time>
        <hdop>25.5</hdop>
        <extensions>
          <osmand:speed>219.4</osmand:speed>
        </extensions>
      </trkpt>
      <trkpt lat="58.9923239" lon="11.427448">
        <ele>8543.9</ele>
        <time>2026-08-24T12:10:05Z</time>
        <hdop>17.3</hdop>
        <extensions>
          <osmand:speed>219</osmand:speed>
        </extensions>
      </trkpt>
      <trkpt lat="59.0038788" lon="11.4232049">
        <ele>8444.6</ele>
        <time>2026-08-24T12:10:11Z</time>
        <hdop>30.1</hdop>
        <extensions>
          <osmand:speed>218.7</osmand:speed>
        </extensions>
      </trkpt>
      <trkpt lat="59.0154839" lon="11.419011">
        <ele>8346.6</ele>
        <time>2026-08-24T12:10:17Z</time>
        <hdop>30.6</hdop>
        <extensions>
          <osmand:speed>219.6</osmand:speed>
        </extensions>
      </trkpt>
      <trkpt lat="59.0270175" lon="11.4147958">
        <ele>8258.6</ele>
        <time>2026-08-24T12:10:23Z</time>
        <hdop>33.7</hdop>
        <extensions>
          <osmand:speed>218.5</osmand:speed>
        </extensions>
      </trkpt>
      <trkpt lat="59.0385216" lon="11.4104988">
        <ele>8143.6</ele>
        <time>2026-08-24T12:10:29Z</time>
        <hdop>29.6</hdop>
        <extensions>
          <osmand:speed>218.2</osmand:speed>
        </extensions>
      </trkpt>
      <trkpt lat="59.0500898" lon="11.4064457">
        <ele>8014.6</ele>
        <time>2026-08-24T12:10:35Z</time>
        <hdop>27.6</hdop>
        <extensions>
          <osmand:speed>218.9</osmand:speed>
        </extensions>
      </trkpt>
      <trkpt lat="59.0617077" lon="11.4023631">
        <ele>7884.6</ele>
        <time>2026-08-24T12:10:41Z</time>
        <hdop>25.5</hdop>
        <extensions>
          <osmand:speed>220.4</osmand:speed>
        </extensions>
      </trkpt>
      <trkpt lat="59.073362" lon="11.3981537">
        <ele>7775.6</ele>
        <time>2026-08-24T12:10:47Z</time>
        <hdop>26</hdop>
        <extensions>
          <osmand:speed>220.8</osmand:speed>
        </extensions>
      </trkpt>
      <trkpt lat="59.0850268" lon="11.3939579">
        <ele>7666.6</ele>
        <time>2026-08-24T12:10:53Z</time>
        <hdop>49.5</hdop>
        <extensions>
          <osmand:speed>220.4</osmand:speed>
        </extensions>
      </trkpt>
      <trkpt lat="59.1044818" lon="11.3869579">
        <ele>7481.6</ele>
        <time>2026-08-24T12:11:03Z</time>
        <hdop>44.4</hdop>
        <extensions>
          <osmand:speed>221.1</osmand:speed>
        </extensions>
      </trkpt>
      <trkpt lat="59.1161938" lon="11.3824921">
        <ele>7368.6</ele>
        <time>2026-08-24T12:11:09Z</time>
        <hdop>28.6</hdop>
        <extensions>
          <osmand:speed>221</osmand:speed>
        </extensions>
      </trkpt>
      <trkpt lat="59.1278543" lon="11.3782664">
        <ele>7281.6</ele>
        <time>2026-08-24T12:11:15Z</time>
        <hdop>29.6</hdop>
        <extensions>
          <osmand:speed>219.7</osmand:speed>
        </extensions>
      </trkpt>
      <trkpt lat="59.139471" lon="11.3740036">
        <ele>7182.6</ele>
        <time>2026-08-24T12:11:21Z</time>
        <hdop>24.5</hdop>
        <extensions>
          <osmand:speed>219.2</osmand:speed>
        </extensions>
      </trkpt>
      <trkpt lat="59.1510787" lon="11.3697295">
        <ele>7063.6</ele>
        <time>2026-08-24T12:11:27Z</time>
        <hdop>26.5</hdop>
        <extensions>
          <osmand:speed>219.8</osmand:speed>
        </extensions>
      </trkpt>
      <trkpt lat="59.1627203" lon="11.3654235">
        <ele>6953.6</ele>
        <time>2026-08-24T12:11:33Z</time>
        <hdop>24.5</hdop>
        <extensions>
          <osmand:speed>220.2</osmand:speed>
        </extensions>
      </trkpt>
      <trkpt lat="59.1743632" lon="11.361181">
        <ele>6868.6</ele>
        <time>2026-08-24T12:11:39Z</time>
        <hdop>22.4</hdop>
        <extensions>
          <osmand:speed>219.6</osmand:speed>
        </extensions>
      </trkpt>
      <trkpt lat="59.1859311" lon="11.3569011">
        <ele>6786.6</ele>
        <time>2026-08-24T12:11:45Z</time>
        <hdop>22.4</hdop>
        <extensions>
          <osmand:speed>218.7</osmand:speed>
        </extensions>
      </trkpt>
      <trkpt lat="59.1974662" lon="11.3525345">
        <ele>6706.6</ele>
        <time>2026-08-24T12:11:51Z</time>
        <hdop>17.3</hdop>
        <extensions>
          <osmand:speed>217.5</osmand:speed>
        </extensions>
      </trkpt>
      <trkpt lat="59.2089048" lon="11.3483478">
        <ele>6640.6</ele>
        <time>2026-08-24T12:11:57Z</time>
        <hdop>21.4</hdop>
        <extensions>
          <osmand:speed>215.7</osmand:speed>
        </extensions>
      </trkpt>
      <trkpt lat="59.2202485" lon="11.3442203">
        <ele>6575.6</ele>
        <time>2026-08-24T12:12:03Z</time>
        <hdop>20.9</hdop>
        <extensions>
          <osmand:speed>213.6</osmand:speed>
        </extensions>
      </trkpt>
      <trkpt lat="59.2315063" lon="11.3401269">
        <ele>6501.6</ele>
        <time>2026-08-24T12:12:09Z</time>
        <hdop>18.4</hdop>
        <extensions>
          <osmand:speed>212.3</osmand:speed>
        </extensions>
      </trkpt>
      <trkpt lat="59.2427019" lon="11.3359957">
        <ele>6416.6</ele>
        <time>2026-08-24T12:12:15Z</time>
        <hdop>18.4</hdop>
        <extensions>
          <osmand:speed>211.6</osmand:speed>
        </extensions>
      </trkpt>
      <trkpt lat="59.2538916" lon="11.3319644">
        <ele>6320.4</ele>
        <time>2026-08-24T12:12:21Z</time>
        <hdop>23</hdop>
        <extensions>
          <osmand:speed>211.5</osmand:speed>
        </extensions>
      </trkpt>
      <trkpt lat="59.2650825" lon="11.3278469">
        <ele>6218.4</ele>
        <time>2026-08-24T12:12:27Z</time>
        <hdop>20.4</hdop>
        <extensions>
          <osmand:speed>211.3</osmand:speed>
        </extensions>
      </trkpt>
      <trkpt lat="59.2762612" lon="11.3237488">
        <ele>6114.4</ele>
        <time>2026-08-24T12:12:33Z</time>
        <hdop>28.6</hdop>
        <extensions>
          <osmand:speed>211.1</osmand:speed>
        </extensions>
      </trkpt>
      <trkpt lat="59.2874374" lon="11.3195971">
        <ele>6013.4</ele>
        <time>2026-08-24T12:12:39Z</time>
        <hdop>28.6</hdop>
        <extensions>
          <osmand:speed>211.4</osmand:speed>
        </extensions>
      </trkpt>
      <trkpt lat="59.2985868" lon="11.3154912">
        <ele>5930.4</ele>
        <time>2026-08-24T12:12:45Z</time>
        <hdop>29.1</hdop>
        <extensions>
          <osmand:speed>210.8</osmand:speed>
        </extensions>
      </trkpt>
      <trkpt lat="59.3096913" lon="11.311365">
        <ele>5847.4</ele>
        <time>2026-08-24T12:12:51Z</time>
        <hdop>24.5</hdop>
        <extensions>
          <osmand:speed>209.8</osmand:speed>
        </extensions>
      </trkpt>
      <trkpt lat="59.3207449" lon="11.3073262">
        <ele>5767.4</ele>
        <time>2026-08-24T12:12:57Z</time>
        <hdop>21.4</hdop>
        <extensions>
          <osmand:speed>208.6</osmand:speed>
        </extensions>
      </trkpt>
      <trkpt lat="59.3317583" lon="11.3032748">
        <ele>5680.4</ele>
        <time>2026-08-24T12:13:03Z</time>
        <hdop>20.4</hdop>
        <extensions>
          <osmand:speed>207.9</osmand:speed>
        </extensions>
      </trkpt>
      <trkpt lat="59.3427299" lon="11.2992066">
        <ele>5564.4</ele>
        <time>2026-08-24T12:13:09Z</time>
        <hdop>23</hdop>
        <extensions>
          <osmand:speed>207.8</osmand:speed>
        </extensions>
      </trkpt>
      <trkpt lat="59.3537019" lon="11.2951021">
        <ele>5430.4</ele>
        <time>2026-08-24T12:13:15Z</time>
        <hdop>40.8</hdop>
        <extensions>
          <osmand:speed>208.3</osmand:speed>
        </extensions>
      </trkpt>
      <trkpt lat="59.3647428" lon="11.2910162">
        <ele>5311.4</ele>
        <time>2026-08-24T12:13:21Z</time>
        <hdop>39.3</hdop>
        <extensions>
          <osmand:speed>209.1</osmand:speed>
        </extensions>
      </trkpt>
      <trkpt lat="59.385207" lon="11.2836375">
        <ele>5131.4</ele>
        <time>2026-08-24T12:13:32Z</time>
        <hdop>38.3</hdop>
        <extensions>
          <osmand:speed>210.1</osmand:speed>
        </extensions>
      </trkpt>
      <trkpt lat="59.3962696" lon="11.279567">
        <ele>5025.4</ele>
        <time>2026-08-24T12:13:38Z</time>
        <hdop>14.8</hdop>
        <extensions>
          <osmand:speed>207.8</osmand:speed>
        </extensions>
      </trkpt>
      <trkpt lat="59.4072936" lon="11.275365">
        <ele>4969.4</ele>
        <time>2026-08-24T12:13:44Z</time>
        <hdop>13.8</hdop>
        <extensions>
          <osmand:speed>207.5</osmand:speed>
        </extensions>
      </trkpt>
      <trkpt lat="59.4182444" lon="11.2714371">
        <ele>4919.4</ele>
        <time>2026-08-24T12:13:50Z</time>
        <hdop>23</hdop>
        <extensions>
          <osmand:speed>205.1</osmand:speed>
        </extensions>
      </trkpt>
      <trkpt lat="59.430741" lon="11.2667811">
        <ele>4873.4</ele>
        <time>2026-08-24T12:13:57Z</time>
        <hdop>18.9</hdop>
        <extensions>
          <osmand:speed>201.3</osmand:speed>
        </extensions>
      </trkpt>
      <trkpt lat="59.4413194" lon="11.26285">
        <ele>4832.4</ele>
        <time>2026-08-24T12:14:03Z</time>
        <hdop>17.9</hdop>
        <extensions>
          <osmand:speed>198.6</osmand:speed>
        </extensions>
      </trkpt>
      <trkpt lat="59.4517898" lon="11.2592727">
        <ele>4788.4</ele>
        <time>2026-08-24T12:14:09Z</time>
        <hdop>20.4</hdop>
        <extensions>
          <osmand:speed>195.8</osmand:speed>
        </extensions>
      </trkpt>
      <trkpt lat="59.4621559" lon="11.2563888">
        <ele>4748.4</ele>
        <time>2026-08-24T12:14:15Z</time>
        <hdop>28.6</hdop>
        <extensions>
          <osmand:speed>193.2</osmand:speed>
        </extensions>
      </trkpt>
      <trkpt lat="59.4741008" lon="11.2536228">
        <ele>4706.4</ele>
        <time>2026-08-24T12:14:22Z</time>
        <hdop>17.9</hdop>
        <extensions>
          <osmand:speed>190.3</osmand:speed>
        </extensions>
      </trkpt>
      <trkpt lat="59.4842174" lon="11.2513279">
        <ele>4670.4</ele>
        <time>2026-08-24T12:14:28Z</time>
        <hdop>14.8</hdop>
        <extensions>
          <osmand:speed>187.5</osmand:speed>
        </extensions>
      </trkpt>
      <trkpt lat="59.4941389" lon="11.2489313">
        <ele>4630.7</ele>
        <time>2026-08-24T12:14:34Z</time>
        <hdop>20.9</hdop>
        <extensions>
          <osmand:speed>184.2</osmand:speed>
        </extensions>
      </trkpt>
      <trkpt lat="59.5038702" lon="11.2465001">
        <ele>4591.5</ele>
        <time>2026-08-24T12:14:40Z</time>
        <hdop>28.6</hdop>
        <extensions>
          <osmand:speed>180.5</osmand:speed>
        </extensions>
      </trkpt>
      <trkpt lat="59.5134344" lon="11.2441763">
        <ele>4555.5</ele>
        <time>2026-08-24T12:14:46Z</time>
        <hdop>28.6</hdop>
        <extensions>
          <osmand:speed>177.6</osmand:speed>
        </extensions>
      </trkpt>
      <trkpt lat="59.522833" lon="11.2418815">
        <ele>4517.5</ele>
        <time>2026-08-24T12:14:52Z</time>
        <hdop>27</hdop>
        <extensions>
          <osmand:speed>174.8</osmand:speed>
        </extensions>
      </trkpt>
      <trkpt lat="59.5321121" lon="11.2397181">
        <ele>4483.5</ele>
        <time>2026-08-24T12:14:58Z</time>
        <hdop>30.1</hdop>
        <extensions>
          <osmand:speed>172.9</osmand:speed>
        </extensions>
      </trkpt>
      <trkpt lat="59.5412861" lon="11.2375429">
        <ele>4449.5</ele>
        <time>2026-08-24T12:15:04Z</time>
        <hdop>20.4</hdop>
        <extensions>
          <osmand:speed>171</osmand:speed>
        </extensions>
      </trkpt>
      <trkpt lat="59.550372" lon="11.2353416">
        <ele>4415.5</ele>
        <time>2026-08-24T12:15:10Z</time>
        <hdop>19.4</hdop>
        <extensions>
          <osmand:speed>169.3</osmand:speed>
        </extensions>
      </trkpt>
      <trkpt lat="59.5593616" lon="11.2331722">
        <ele>4381.5</ele>
        <time>2026-08-24T12:15:16Z</time>
        <hdop>19.9</hdop>
        <extensions>
          <osmand:speed>168</osmand:speed>
        </extensions>
      </trkpt>
      <trkpt lat="59.5682683" lon="11.2310295">
        <ele>4350.5</ele>
        <time>2026-08-24T12:15:22Z</time>
        <hdop>27.6</hdop>
        <extensions>
          <osmand:speed>165.6</osmand:speed>
        </extensions>
      </trkpt>
      <trkpt lat="59.6016174" lon="11.2247982">
        <ele>4222.5</ele>
        <time>2026-08-24T12:15:45Z</time>
        <hdop>49</hdop>
        <extensions>
          <osmand:speed>160.1</osmand:speed>
        </extensions>
      </trkpt>
      <trkpt lat="59.6386836" lon="11.2621731">
        <ele>3996.2</ele>
        <time>2026-08-24T12:16:16Z</time>
        <hdop>49.5</hdop>
        <extensions>
          <osmand:speed>139.7</osmand:speed>
        </extensions>
      </trkpt>
      <trkpt lat="59.651143" lon="11.3239856">
        <ele>3886.2</ele>
        <time>2026-08-24T12:16:41Z</time>
        <hdop>50</hdop>
        <extensions>
          <osmand:speed>146.4</osmand:speed>
        </extensions>
      </trkpt>
      <trkpt lat="59.6545648" lon="11.3382047">
        <ele>3879.2</ele>
        <time>2026-08-24T12:16:47Z</time>
        <hdop>44.9</hdop>
        <extensions>
          <osmand:speed>144</osmand:speed>
        </extensions>
      </trkpt>
      <trkpt lat="59.6588692" lon="11.3510827">
        <ele>3877.2</ele>
        <time>2026-08-24T12:16:53Z</time>
        <hdop>25.5</hdop>
        <extensions>
          <osmand:speed>142.7</osmand:speed>
        </extensions>
      </trkpt>
      <trkpt lat="59.6641416" lon="11.3616979">
        <ele>3852.2</ele>
        <time>2026-08-24T12:16:59Z</time>
        <hdop>29.1</hdop>
        <extensions>
          <osmand:speed>137.3</osmand:speed>
        </extensions>
      </trkpt>
      <trkpt lat="59.6701089" lon="11.3701835">
        <ele>3819.2</ele>
        <time>2026-08-24T12:17:05Z</time>
        <hdop>20.4</hdop>
        <extensions>
          <osmand:speed>135.4</osmand:speed>
        </extensions>
      </trkpt>
      <trkpt lat="59.6765373" lon="11.3766782">
        <ele>3772.2</ele>
        <time>2026-08-24T12:17:11Z</time>
        <hdop>19.4</hdop>
        <extensions>
          <osmand:speed>132.3</osmand:speed>
        </extensions>
      </trkpt>
      <trkpt lat="59.683258" lon="11.3810176">
        <ele>3739.2</ele>
        <time>2026-08-24T12:17:17Z</time>
        <hdop>29.6</hdop>
        <extensions>
          <osmand:speed>130</osmand:speed>
        </extensions>
      </trkpt>
      <trkpt lat="59.690306" lon="11.3831522">
        <ele>3693.2</ele>
        <time>2026-08-24T12:17:23Z</time>
        <hdop>27.6</hdop>
        <extensions>
          <osmand:speed>131</osmand:speed>
        </extensions>
      </trkpt>
      <trkpt lat="59.6973646" lon="11.3829553">
        <ele>3643.2</ele>
        <time>2026-08-24T12:17:29Z</time>
        <hdop>16.3</hdop>
        <extensions>
          <osmand:speed>130</osmand:speed>
        </extensions>
      </trkpt>
      <trkpt lat="59.7042785" lon="11.3806681">
        <ele>3580.2</ele>
        <time>2026-08-24T12:17:35Z</time>
        <hdop>24.5</hdop>
        <extensions>
          <osmand:speed>129.1</osmand:speed>
        </extensions>
      </trkpt>
      <trkpt lat="59.7109141" lon="11.3762278">
        <ele>3521.2</ele>
        <time>2026-08-24T12:17:41Z</time>
        <hdop>21.9</hdop>
        <extensions>
          <osmand:speed>132.8</osmand:speed>
        </extensions>
      </trkpt>
      <trkpt lat="59.7171122" lon="11.3698403">
        <ele>3467.2</ele>
        <time>2026-08-24T12:17:47Z</time>
        <hdop>28.1</hdop>
        <extensions>
          <osmand:speed>129.8</osmand:speed>
        </extensions>
      </trkpt>
      <trkpt lat="59.7230268" lon="11.3625579">
        <ele>3410.2</ele>
        <time>2026-08-24T12:17:53Z</time>
        <hdop>28.6</hdop>
        <extensions>
          <osmand:speed>128.9</osmand:speed>
        </extensions>
      </trkpt>
      <trkpt lat="59.7289486" lon="11.3552791">
        <ele>3353.2</ele>
        <time>2026-08-24T12:17:59Z</time>
        <hdop>23</hdop>
        <extensions>
          <osmand:speed>129.2</osmand:speed>
        </extensions>
      </trkpt>
      <trkpt lat="59.7348605" lon="11.3480025">
        <ele>3296.2</ele>
        <time>2026-08-24T12:18:05Z</time>
        <hdop>16.8</hdop>
        <extensions>
          <osmand:speed>128.6</osmand:speed>
        </extensions>
      </trkpt>
      <trkpt lat="59.7407474" lon="11.3407895">
        <ele>3239.2</ele>
        <time>2026-08-24T12:18:11Z</time>
        <hdop>13.8</hdop>
        <extensions>
          <osmand:speed>128.4</osmand:speed>
        </extensions>
      </trkpt>
      <trkpt lat="59.7466311" lon="11.3336216">
        <ele>3180.2</ele>
        <time>2026-08-24T12:18:17Z</time>
        <hdop>13.3</hdop>
        <extensions>
          <osmand:speed>128</osmand:speed>
        </extensions>
      </trkpt>
      <trkpt lat="59.7525179" lon="11.326509">
        <ele>3120.1</ele>
        <time>2026-08-24T12:18:23Z</time>
        <hdop>16.3</hdop>
        <extensions>
          <osmand:speed>127.8</osmand:speed>
        </extensions>
      </trkpt>
      <trkpt lat="59.7584089" lon="11.3194108">
        <ele>3067.1</ele>
        <time>2026-08-24T12:18:29Z</time>
        <hdop>14.3</hdop>
        <extensions>
          <osmand:speed>127.9</osmand:speed>
        </extensions>
      </trkpt>
      <trkpt lat="59.7642592" lon="11.3123405">
        <ele>3019.1</ele>
        <time>2026-08-24T12:18:35Z</time>
        <hdop>13.8</hdop>
        <extensions>
          <osmand:speed>126.8</osmand:speed>
        </extensions>
      </trkpt>
      <trkpt lat="59.7700499" lon="11.3052724">
        <ele>2971.1</ele>
        <time>2026-08-24T12:18:41Z</time>
        <hdop>13.3</hdop>
        <extensions>
          <osmand:speed>126.1</osmand:speed>
        </extensions>
      </trkpt>
      <trkpt lat="59.7758126" lon="11.2982479">
        <ele>2919.1</ele>
        <time>2026-08-24T12:18:47Z</time>
        <hdop>13.8</hdop>
        <extensions>
          <osmand:speed>125.8</osmand:speed>
        </extensions>
      </trkpt>
      <trkpt lat="59.7815647" lon="11.2911912">
        <ele>2855.1</ele>
        <time>2026-08-24T12:18:53Z</time>
        <hdop>17.3</hdop>
        <extensions>
          <osmand:speed>125.8</osmand:speed>
        </extensions>
      </trkpt>
      <trkpt lat="59.7873268" lon="11.2841133">
        <ele>2785.1</ele>
        <time>2026-08-24T12:18:59Z</time>
        <hdop>19.4</hdop>
        <extensions>
          <osmand:speed>126.6</osmand:speed>
        </extensions>
      </trkpt>
      <trkpt lat="59.793135" lon="11.2771091">
        <ele>2723.1</ele>
        <time>2026-08-24T12:19:05Z</time>
        <hdop>11.2</hdop>
        <extensions>
          <osmand:speed>126.7</osmand:speed>
        </extensions>
      </trkpt>
      <trkpt lat="59.7989943" lon="11.2700069">
        <ele>2657.1</ele>
        <time>2026-08-24T12:19:11Z</time>
        <hdop>15.8</hdop>
        <extensions>
          <osmand:speed>127.8</osmand:speed>
        </extensions>
      </trkpt>
      <trkpt lat="59.8048714" lon="11.2628233">
        <ele>2597.1</ele>
        <time>2026-08-24T12:19:17Z</time>
        <hdop>13.3</hdop>
        <extensions>
          <osmand:speed>128.8</osmand:speed>
        </extensions>
      </trkpt>
      <trkpt lat="59.8107825" lon="11.2555874">
        <ele>2542.1</ele>
        <time>2026-08-24T12:19:23Z</time>
        <hdop>19.4</hdop>
        <extensions>
          <osmand:speed>129</osmand:speed>
        </extensions>
      </trkpt>
      <trkpt lat="59.8166412" lon="11.2483722">
        <ele>2493.4</ele>
        <time>2026-08-24T12:19:29Z</time>
        <hdop>23</hdop>
        <extensions>
          <osmand:speed>127.5</osmand:speed>
        </extensions>
      </trkpt>
      <trkpt lat="59.8224422" lon="11.2412314">
        <ele>2451.4</ele>
        <time>2026-08-24T12:19:35Z</time>
        <hdop>22.4</hdop>
        <extensions>
          <osmand:speed>126.7</osmand:speed>
        </extensions>
      </trkpt>
      <trkpt lat="59.8282304" lon="11.2342104">
        <ele>2406.4</ele>
        <time>2026-08-24T12:19:41Z</time>
        <hdop>22.4</hdop>
        <extensions>
          <osmand:speed>125.5</osmand:speed>
        </extensions>
      </trkpt>
      <trkpt lat="59.8339279" lon="11.227069">
        <ele>2355.4</ele>
        <time>2026-08-24T12:19:47Z</time>
        <hdop>27.6</hdop>
        <extensions>
          <osmand:speed>124.1</osmand:speed>
        </extensions>
      </trkpt>
      <trkpt lat="59.8394813" lon="11.2195706">
        <ele>2306.4</ele>
        <time>2026-08-24T12:19:53Z</time>
        <hdop>30.1</hdop>
        <extensions>
          <osmand:speed>125.2</osmand:speed>
        </extensions>
      </trkpt>
      <trkpt lat="59.8448972" lon="11.2118242">
        <ele>2260.4</ele>
        <time>2026-08-24T12:19:59Z</time>
        <hdop>20.9</hdop>
        <extensions>
          <osmand:speed>123.2</osmand:speed>
        </extensions>
      </trkpt>
      <trkpt lat="59.8502489" lon="11.2039504">
        <ele>2212.4</ele>
        <time>2026-08-24T12:20:05Z</time>
        <hdop>18.4</hdop>
        <extensions>
          <osmand:speed>122.9</osmand:speed>
        </extensions>
      </trkpt>
      <trkpt lat="59.8555368" lon="11.1960435">
        <ele>2160.4</ele>
        <time>2026-08-24T12:20:11Z</time>
        <hdop>20.9</hdop>
        <extensions>
          <osmand:speed>122.5</osmand:speed>
        </extensions>
      </trkpt>
      <trkpt lat="59.8607819" lon="11.1881017">
        <ele>2107.4</ele>
        <time>2026-08-24T12:20:17Z</time>
        <hdop>27</hdop>
        <extensions>
          <osmand:speed>122</osmand:speed>
        </extensions>
      </trkpt>
      <trkpt lat="59.8659686" lon="11.1801964">
        <ele>2059.4</ele>
        <time>2026-08-24T12:20:23Z</time>
        <hdop>29.1</hdop>
        <extensions>
          <osmand:speed>120.9</osmand:speed>
        </extensions>
      </trkpt>
      <trkpt lat="59.8711412" lon="11.1723608">
        <ele>2010.4</ele>
        <time>2026-08-24T12:20:29Z</time>
        <hdop>18.9</hdop>
        <extensions>
          <osmand:speed>120</osmand:speed>
        </extensions>
      </trkpt>
      <trkpt lat="59.8762574" lon="11.1645772">
        <ele>1959.4</ele>
        <time>2026-08-24T12:20:35Z</time>
        <hdop>20.4</hdop>
        <extensions>
          <osmand:speed>119.5</osmand:speed>
        </extensions>
      </trkpt>
      <trkpt lat="59.8813495" lon="11.1567819">
        <ele>1909.4</ele>
        <time>2026-08-24T12:20:41Z</time>
        <hdop>16.3</hdop>
        <extensions>
          <osmand:speed>118.8</osmand:speed>
        </extensions>
      </trkpt>
      <trkpt lat="59.8864012" lon="11.1490238">
        <ele>1857.4</ele>
        <time>2026-08-24T12:20:47Z</time>
        <hdop>20.9</hdop>
        <extensions>
          <osmand:speed>118.3</osmand:speed>
        </extensions>
      </trkpt>
      <trkpt lat="59.8913914" lon="11.1412345">
        <ele>1806.4</ele>
        <time>2026-08-24T12:20:53Z</time>
        <hdop>17.9</hdop>
        <extensions>
          <osmand:speed>117.1</osmand:speed>
        </extensions>
      </trkpt>
      <trkpt lat="59.8963005" lon="11.1334088">
        <ele>1771.4</ele>
        <time>2026-08-24T12:20:59Z</time>
        <hdop>23</hdop>
        <extensions>
          <osmand:speed>116.9</osmand:speed>
        </extensions>
      </trkpt>
      <trkpt lat="59.9011232" lon="11.1255442">
        <ele>1724.4</ele>
        <time>2026-08-24T12:21:05Z</time>
        <hdop>20.4</hdop>
        <extensions>
          <osmand:speed>115</osmand:speed>
        </extensions>
      </trkpt>
      <trkpt lat="59.9059313" lon="11.1178317">
        <ele>1673.4</ele>
        <time>2026-08-24T12:21:11Z</time>
        <hdop>20.4</hdop>
        <extensions>
          <osmand:speed>115.1</osmand:speed>
        </extensions>
      </trkpt>
      <trkpt lat="59.910824" lon="11.1101698">
        <ele>1621.4</ele>
        <time>2026-08-24T12:21:17Z</time>
        <hdop>17.9</hdop>
        <extensions>
          <osmand:speed>116.3</osmand:speed>
        </extensions>
      </trkpt>
      <trkpt lat="59.9157888" lon="11.1025332">
        <ele>1577.4</ele>
        <time>2026-08-24T12:21:23Z</time>
        <hdop>19.9</hdop>
        <extensions>
          <osmand:speed>116.8</osmand:speed>
        </extensions>
      </trkpt>
      <trkpt lat="59.9207891" lon="11.0949896">
        <ele>1544.4</ele>
        <time>2026-08-24T12:21:29Z</time>
        <hdop>18.9</hdop>
        <extensions>
          <osmand:speed>116.3</osmand:speed>
        </extensions>
      </trkpt>
      <trkpt lat="59.9257677" lon="11.0875257">
        <ele>1519.4</ele>
        <time>2026-08-24T12:21:35Z</time>
        <hdop>21.4</hdop>
        <extensions>
          <osmand:speed>115.1</osmand:speed>
        </extensions>
      </trkpt>
      <trkpt lat="59.9307128" lon="11.0801486">
        <ele>1493.4</ele>
        <time>2026-08-24T12:21:41Z</time>
        <hdop>28.1</hdop>
        <extensions>
          <osmand:speed>113.9</osmand:speed>
        </extensions>
      </trkpt>
      <trkpt lat="59.9356293" lon="11.0729142">
        <ele>1470.4</ele>
        <time>2026-08-24T12:21:47Z</time>
        <hdop>27.6</hdop>
        <extensions>
          <osmand:speed>113.3</osmand:speed>
        </extensions>
      </trkpt>
      <trkpt lat="59.9405179" lon="11.0658077">
        <ele>1454.4</ele>
        <time>2026-08-24T12:21:53Z</time>
        <hdop>24</hdop>
        <extensions>
          <osmand:speed>111.7</osmand:speed>
        </extensions>
      </trkpt>
      <trkpt lat="59.9453594" lon="11.0588213">
        <ele>1428.4</ele>
        <time>2026-08-24T12:21:59Z</time>
        <hdop>23.5</hdop>
        <extensions>
          <osmand:speed>110.6</osmand:speed>
        </extensions>
      </trkpt>
      <trkpt lat="59.9501293" lon="11.0518708">
        <ele>1408.4</ele>
        <time>2026-08-24T12:22:05Z</time>
        <hdop>23</hdop>
        <extensions>
          <osmand:speed>109.2</osmand:speed>
        </extensions>
      </trkpt>
      <trkpt lat="59.95487" lon="11.0449833">
        <ele>1387.4</ele>
        <time>2026-08-24T12:22:11Z</time>
        <hdop>22.4</hdop>
        <extensions>
          <osmand:speed>107.8</osmand:speed>
        </extensions>
      </trkpt>
      <trkpt lat="59.9595333" lon="11.0382337">
        <ele>1373.4</ele>
        <time>2026-08-24T12:22:17Z</time>
        <hdop>20.4</hdop>
        <extensions>
          <osmand:speed>106.6</osmand:speed>
        </extensions>
      </trkpt>
      <trkpt lat="59.9641673" lon="11.0317014">
        <ele>1362.4</ele>
        <time>2026-08-24T12:22:23Z</time>
        <hdop>19.9</hdop>
        <extensions>
          <osmand:speed>104.2</osmand:speed>
        </extensions>
      </trkpt>
      <trkpt lat="59.9686802" lon="11.0253152">
        <ele>1355.4</ele>
        <time>2026-08-24T12:22:29Z</time>
        <hdop>26.5</hdop>
        <extensions>
          <osmand:speed>102.1</osmand:speed>
        </extensions>
      </trkpt>
      <trkpt lat="59.973129" lon="11.019145">
        <ele>1346.4</ele>
        <time>2026-08-24T12:22:35Z</time>
        <hdop>25.5</hdop>
        <extensions>
          <osmand:speed>99.5</osmand:speed>
        </extensions>
      </trkpt>
      <trkpt lat="59.977483" lon="11.0130361">
        <ele>1337.4</ele>
        <time>2026-08-24T12:22:41Z</time>
        <hdop>33.7</hdop>
        <extensions>
          <osmand:speed>97.8</osmand:speed>
        </extensions>
      </trkpt>
      <trkpt lat="59.9820289" lon="11.0078174">
        <ele>1322.4</ele>
        <time>2026-08-24T12:22:47Z</time>
        <hdop>13.8</hdop>
        <extensions>
          <osmand:speed>94.8</osmand:speed>
        </extensions>
      </trkpt>
      <trkpt lat="59.9984689" lon="11.006629">
        <ele>1279.4</ele>
        <time>2026-08-24T12:23:06Z</time>
        <hdop>46.4</hdop>
        <extensions>
          <osmand:speed>97.4</osmand:speed>
        </extensions>
      </trkpt>
      <trkpt lat="60.0036397" lon="11.0096714">
        <ele>1278.5</ele>
        <time>2026-08-24T12:23:12Z</time>
        <hdop>18.9</hdop>
        <extensions>
          <osmand:speed>97.5</osmand:speed>
        </extensions>
      </trkpt>
      <trkpt lat="60.0086804" lon="11.0122171">
        <ele>1269.5</ele>
        <time>2026-08-24T12:23:18Z</time>
        <hdop>18.9</hdop>
        <extensions>
          <osmand:speed>94.6</osmand:speed>
        </extensions>
      </trkpt>
      <trkpt lat="60.0136082" lon="11.0147885">
        <ele>1252.5</ele>
        <time>2026-08-24T12:23:24Z</time>
        <hdop>11.2</hdop>
        <extensions>
          <osmand:speed>95.6</osmand:speed>
        </extensions>
      </trkpt>
      <trkpt lat="60.0186376" lon="11.0175492">
        <ele>1221.5</ele>
        <time>2026-08-24T12:23:30Z</time>
        <hdop>22.4</hdop>
        <extensions>
          <osmand:speed>96.8</osmand:speed>
        </extensions>
      </trkpt>
      <trkpt lat="60.0236955" lon="11.0204131">
        <ele>1189.5</ele>
        <time>2026-08-24T12:23:36Z</time>
        <hdop>26</hdop>
        <extensions>
          <osmand:speed>97.3</osmand:speed>
        </extensions>
      </trkpt>
      <trkpt lat="60.0286739" lon="11.0232913">
        <ele>1148.5</ele>
        <time>2026-08-24T12:23:42Z</time>
        <hdop>28.6</hdop>
        <extensions>
          <osmand:speed>97.3</osmand:speed>
        </extensions>
      </trkpt>
      <trkpt lat="60.0336757" lon="11.0261323">
        <ele>1111.5</ele>
        <time>2026-08-24T12:23:48Z</time>
        <hdop>27</hdop>
        <extensions>
          <osmand:speed>96.5</osmand:speed>
        </extensions>
      </trkpt>
      <trkpt lat="60.0386944" lon="11.0289381">
        <ele>1070.5</ele>
        <time>2026-08-24T12:23:54Z</time>
        <hdop>25</hdop>
        <extensions>
          <osmand:speed>96.9</osmand:speed>
        </extensions>
      </trkpt>
      <trkpt lat="60.0436699" lon="11.031817">
        <ele>1039.5</ele>
        <time>2026-08-24T12:24:00Z</time>
        <hdop>35.2</hdop>
        <extensions>
          <osmand:speed>96</osmand:speed>
        </extensions>
      </trkpt>
      <trkpt lat="60.0486345" lon="11.0346659">
        <ele>1009.5</ele>
        <time>2026-08-24T12:24:06Z</time>
        <hdop>32.7</hdop>
        <extensions>
          <osmand:speed>95.9</osmand:speed>
        </extensions>
      </trkpt>
      <trkpt lat="60.053526" lon="11.03751">
        <ele>974.5</ele>
        <time>2026-08-24T12:24:12Z</time>
        <hdop>31.6</hdop>
        <extensions>
          <osmand:speed>94.6</osmand:speed>
        </extensions>
      </trkpt>
      <trkpt lat="60.0583603" lon="11.0403186">
        <ele>948.5</ele>
        <time>2026-08-24T12:24:18Z</time>
        <hdop>25.5</hdop>
        <extensions>
          <osmand:speed>94</osmand:speed>
        </extensions>
      </trkpt>
      <trkpt lat="60.0631888" lon="11.0431046">
        <ele>920.5</ele>
        <time>2026-08-24T12:24:24Z</time>
        <hdop>26</hdop>
        <extensions>
          <osmand:speed>92.8</osmand:speed>
        </extensions>
      </trkpt>
      <trkpt lat="60.0680171" lon="11.0457528">
        <ele>893.5</ele>
        <time>2026-08-24T12:24:30Z</time>
        <hdop>31.1</hdop>
        <extensions>
          <osmand:speed>92.2</osmand:speed>
        </extensions>
      </trkpt>
      <trkpt lat="60.0729285" lon="11.0484721">
        <ele>871.5</ele>
        <time>2026-08-24T12:24:36Z</time>
        <hdop>29.6</hdop>
        <extensions>
          <osmand:speed>95.8</osmand:speed>
        </extensions>
      </trkpt>
      <trkpt lat="60.080399" lon="11.0527453">
        <ele>824.5</ele>
        <time>2026-08-24T12:24:45Z</time>
        <hdop>44.9</hdop>
        <extensions>
          <osmand:speed>100</osmand:speed>
        </extensions>
      </trkpt>
      <trkpt lat="60.0894396" lon="11.0580836">
        <ele>756.5</ele>
        <time>2026-08-24T12:24:56Z</time>
        <hdop>39.8</hdop>
        <extensions>
          <osmand:speed>96.9</osmand:speed>
        </extensions>
      </trkpt>
      <trkpt lat="60.0943075" lon="11.0607461">
        <ele>719.5</ele>
        <time>2026-08-24T12:25:02Z</time>
        <hdop>46.4</hdop>
        <extensions>
          <osmand:speed>93.1</osmand:speed>
        </extensions>
      </trkpt>
      <trkpt lat="60.0989951" lon="11.0634296">
        <ele>687.5</ele>
        <time>2026-08-24T12:25:08Z</time>
        <hdop>40.3</hdop>
        <extensions>
          <osmand:speed>91.6</osmand:speed>
        </extensions>
      </trkpt>
      <trkpt lat="60.1036826" lon="11.0661251">
        <ele>665.5</ele>
        <time>2026-08-24T12:25:14Z</time>
        <hdop>33.7</hdop>
        <extensions>
          <osmand:speed>90.7</osmand:speed>
        </extensions>
      </trkpt>
      <trkpt lat="60.1089574" lon="11.0695075">
        <ele>646.5</ele>
        <time>2026-08-24T12:25:21Z</time>
        <hdop>50</hdop>
        <extensions>
          <osmand:speed>89</osmand:speed>
        </extensions>
      </trkpt>
      <trkpt lat="60.114782" lon="11.0727939">
        <ele>607.5</ele>
        <time>2026-08-24T12:25:29Z</time>
        <hdop>34.2</hdop>
        <extensions>
          <osmand:speed>83</osmand:speed>
        </extensions>
      </trkpt>
      <trkpt lat="60.1197913" lon="11.07563">
        <ele>571.5</ele>
        <time>2026-08-24T12:25:36Z</time>
        <hdop>50</hdop>
        <extensions>
          <osmand:speed>83.1</osmand:speed>
        </extensions>
      </trkpt>
      <trkpt lat="60.1239682" lon="11.0780163">
        <ele>545.5</ele>
        <time>2026-08-24T12:25:42Z</time>
        <hdop>29.6</hdop>
        <extensions>
          <osmand:speed>78.8</osmand:speed>
        </extensions>
      </trkpt>
      <trkpt lat="60.127996" lon="11.0803384">
        <ele>519.5</ele>
        <time>2026-08-24T12:25:48Z</time>
        <hdop>27.6</hdop>
        <extensions>
          <osmand:speed>75.8</osmand:speed>
        </extensions>
      </trkpt>
      <trkpt lat="60.1318108" lon="11.0824934">
        <ele>498.5</ele>
        <time>2026-08-24T12:25:54Z</time>
        <hdop>27.6</hdop>
        <extensions>
          <osmand:speed>73</osmand:speed>
        </extensions>
      </trkpt>
      <trkpt lat="60.135538" lon="11.0846494">
        <ele>473.5</ele>
        <time>2026-08-24T12:26:00Z</time>
        <hdop>34.2</hdop>
        <extensions>
          <osmand:speed>71.8</osmand:speed>
        </extensions>
      </trkpt>
      <trkpt lat="60.1392099" lon="11.0867635">
        <ele>445.5</ele>
        <time>2026-08-24T12:26:06Z</time>
        <hdop>37.8</hdop>
        <extensions>
          <osmand:speed>71</osmand:speed>
        </extensions>
      </trkpt>
      <trkpt lat="60.1427833" lon="11.088773">
        <ele>423.5</ele>
        <time>2026-08-24T12:26:12Z</time>
        <hdop>21.9</hdop>
        <extensions>
          <osmand:speed>68.7</osmand:speed>
        </extensions>
      </trkpt>
      <trkpt lat="60.1463065" lon="11.0908119">
        <ele>406.5</ele>
        <time>2026-08-24T12:26:18Z</time>
        <hdop>25.5</hdop>
        <extensions>
          <osmand:speed>67.9</osmand:speed>
        </extensions>
      </trkpt>
      <trkpt lat="60.1504448" lon="11.0932188">
        <ele>384.5</ele>
        <time>2026-08-24T12:26:25Z</time>
        <hdop>25.5</hdop>
        <extensions>
          <osmand:speed>69</osmand:speed>
        </extensions>
      </trkpt>
      <trkpt lat="60.1541306" lon="11.0952508">
        <ele>358.5</ele>
        <time>2026-08-24T12:26:31Z</time>
        <hdop>26.5</hdop>
        <extensions>
          <osmand:speed>72.7</osmand:speed>
        </extensions>
      </trkpt>
      <trkpt lat="60.1578137" lon="11.0973962">
        <ele>336.5</ele>
        <time>2026-08-24T12:26:37Z</time>
        <hdop>39.3</hdop>
        <extensions>
          <osmand:speed>71.5</osmand:speed>
        </extensions>
      </trkpt>
      <trkpt lat="60.1614704" lon="11.0996178">
        <ele>314.5</ele>
        <time>2026-08-24T12:26:43Z</time>
        <hdop>18.9</hdop>
        <extensions>
          <osmand:speed>70.2</osmand:speed>
        </extensions>
      </trkpt>
      <trkpt lat="60.1650796" lon="11.1018582">
        <ele>289.5</ele>
        <time>2026-08-24T12:26:49Z</time>
        <hdop>19.4</hdop>
        <extensions>
          <osmand:speed>69.3</osmand:speed>
        </extensions>
      </trkpt>
      <trkpt lat="60.1686466" lon="11.1038804">
        <ele>269.5</ele>
        <time>2026-08-24T12:26:55Z</time>
        <hdop>28.6</hdop>
        <extensions>
          <osmand:speed>68</osmand:speed>
        </extensions>
      </trkpt>
      <trkpt lat="60.1721691" lon="11.1059305">
        <ele>246.5</ele>
        <time>2026-08-24T12:27:01Z</time>
        <hdop>23</hdop>
        <extensions>
          <osmand:speed>67.8</osmand:speed>
        </extensions>
      </trkpt>
      <trkpt lat="60.1756863" lon="11.1078651">
        <ele>226.5</ele>
        <time>2026-08-24T12:27:07Z</time>
        <hdop>23</hdop>
        <extensions>
          <osmand:speed>68.1</osmand:speed>
        </extensions>
      </trkpt>
      <trkpt lat="60.1792427" lon="11.1098415">
        <ele>208.5</ele>
        <time>2026-08-24T12:27:13Z</time>
        <hdop>20.4</hdop>
        <extensions>
          <osmand:speed>68.2</osmand:speed>
        </extensions>
      </trkpt>
      <trkpt lat="60.1827015" lon="11.1118333">
        <ele>210.5</ele>
        <time>2026-08-24T12:27:19Z</time>
        <hdop>24</hdop>
        <extensions>
          <osmand:speed>63.2</osmand:speed>
        </extensions>
      </trkpt>
      <trkpt lat="60.1857283" lon="11.1135367">
        <ele>209.5</ele>
        <time>2026-08-24T12:27:25Z</time>
        <hdop>30.1</hdop>
        <extensions>
          <osmand:speed>53.9</osmand:speed>
        </extensions>
      </trkpt>
      <trkpt lat="60.1882196" lon="11.114992">
        <ele>210.5</ele>
        <time>2026-08-24T12:27:31Z</time>
        <hdop>32.1</hdop>
        <extensions>
          <osmand:speed>43.6</osmand:speed>
        </extensions>
      </trkpt>
      <trkpt lat="60.1903274" lon="11.1161884">
        <ele>208.5</ele>
        <time>2026-08-24T12:27:37Z</time>
        <hdop>15.8</hdop>
        <extensions>
          <osmand:speed>38.5</osmand:speed>
        </extensions>
      </trkpt>
      <trkpt lat="60.1921761" lon="11.1172405">
        <ele>205.5</ele>
        <time>2026-08-24T12:27:43Z</time>
        <hdop>19.4</hdop>
        <extensions>
          <osmand:speed>33.4</osmand:speed>
        </extensions>
      </trkpt>
      <trkpt lat="60.193673" lon="11.1181498">
        <ele>207.5</ele>
        <time>2026-08-24T12:27:49Z</time>
        <hdop>19.9</hdop>
        <extensions>
          <osmand:speed>24.5</osmand:speed>
        </extensions>
      </trkpt>
      <trkpt lat="60.1946982" lon="11.1186636">
        <ele>203.5</ele>
        <time>2026-08-24T12:27:55Z</time>
        <hdop>17.3</hdop>
        <extensions>
          <osmand:speed>15.7</osmand:speed>
        </extensions>
      </trkpt>
      <trkpt lat="60.1954332" lon="11.1188232">
        <ele>199.5</ele>
        <time>2026-08-24T12:28:01Z</time>
        <hdop>17.9</hdop>
        <extensions>
          <osmand:speed>12.1</osmand:speed>
        </extensions>
      </trkpt>
      <trkpt lat="60.196001" lon="11.1187894">
        <ele>203.5</ele>
        <time>2026-08-24T12:28:07Z</time>
        <hdop>12.2</hdop>
        <extensions>
          <osmand:speed>11.1</osmand:speed>
        </extensions>
      </trkpt>
      <trkpt lat="60.1965043" lon="11.1185851">
        <ele>203.5</ele>
        <time>2026-08-24T12:28:13Z</time>
        <hdop>14.3</hdop>
        <extensions>
          <osmand:speed>8.5</osmand:speed>
        </extensions>
      </trkpt>
      <trkpt lat="60.1968543" lon="11.1181039">
        <ele>203.5</ele>
        <time>2026-08-24T12:28:19Z</time>
        <hdop>12.2</hdop>
        <extensions>
          <osmand:speed>8.2</osmand:speed>
        </extensions>
      </trkpt>
      <trkpt lat="60.1970463" lon="11.1172885">
        <ele>204.5</ele>
        <time>2026-08-24T12:28:25Z</time>
        <hdop>11.7</hdop>
        <extensions>
          <osmand:speed>8.3</osmand:speed>
        </extensions>
      </trkpt>
      <trkpt lat="60.1971472" lon="11.1164888">
        <ele>206.5</ele>
        <time>2026-08-24T12:28:31Z</time>
        <hdop>10.7</hdop>
        <extensions>
          <osmand:speed>8</osmand:speed>
        </extensions>
      </trkpt>
      <trkpt lat="60.1972722" lon="11.1156251">
        <ele>207.5</ele>
        <time>2026-08-24T12:28:37Z</time>
        <hdop>10.7</hdop>
        <extensions>
          <osmand:speed>8.6</osmand:speed>
        </extensions>
      </trkpt>
      <trkpt lat="60.1974332" lon="11.114694">
        <ele>206.5</ele>
        <time>2026-08-24T12:28:43Z</time>
        <hdop>12.8</hdop>
        <extensions>
          <osmand:speed>8.7</osmand:speed>
        </extensions>
      </trkpt>
      <trkpt lat="60.1976569" lon="11.1137882">
        <ele>204.5</ele>
        <time>2026-08-24T12:28:49Z</time>
        <hdop>12.8</hdop>
        <extensions>
          <osmand:speed>9.9</osmand:speed>
        </extensions>
      </trkpt>
      <trkpt lat="60.1978659" lon="11.1127702">
        <ele>205.5</ele>
        <time>2026-08-24T12:28:55Z</time>
        <hdop>9.7</hdop>
        <extensions>
          <osmand:speed>10.1</osmand:speed>
        </extensions>
      </trkpt>
      <trkpt lat="60.1980284" lon="11.1116921">
        <ele>202.5</ele>
        <time>2026-08-24T12:29:01Z</time>
        <hdop>11.2</hdop>
        <extensions>
          <osmand:speed>10.7</osmand:speed>
        </extensions>
      </trkpt>
      <trkpt lat="60.1981925" lon="11.1105587">
        <ele>203.5</ele>
        <time>2026-08-24T12:29:07Z</time>
        <hdop>9.2</hdop>
        <extensions>
          <osmand:speed>11.1</osmand:speed>
        </extensions>
      </trkpt>
      <trkpt lat="60.1983726" lon="11.1093942">
        <ele>204.5</ele>
        <time>2026-08-24T12:29:13Z</time>
        <hdop>9.2</hdop>
        <extensions>
          <osmand:speed>11.5</osmand:speed>
        </extensions>
      </trkpt>
      <trkpt lat="60.1985439" lon="11.1081942">
        <ele>205.5</ele>
        <time>2026-08-24T12:29:19Z</time>
        <hdop>14.3</hdop>
        <extensions>
          <osmand:speed>12.3</osmand:speed>
        </extensions>
      </trkpt>
      <trkpt lat="60.1987071" lon="11.1071297">
        <ele>204.5</ele>
        <time>2026-08-24T12:29:25Z</time>
        <hdop>15.8</hdop>
        <extensions>
          <osmand:speed>8.4</osmand:speed>
        </extensions>
      </trkpt>
      <trkpt lat="60.1987737" lon="11.1063654">
        <ele>205.5</ele>
        <time>2026-08-24T12:29:31Z</time>
        <hdop>12.8</hdop>
        <extensions>
          <osmand:speed>6.4</osmand:speed>
        </extensions>
      </trkpt>
      <trkpt lat="60.1986824" lon="11.1056888">
        <ele>205.5</ele>
        <time>2026-08-24T12:29:37Z</time>
        <hdop>12.2</hdop>
        <extensions>
          <osmand:speed>7.5</osmand:speed>
        </extensions>
      </trkpt>
      <trkpt lat="60.1983105" lon="11.1053648">
        <ele>204.5</ele>
        <time>2026-08-24T12:29:43Z</time>
        <hdop>12.8</hdop>
        <extensions>
          <osmand:speed>8</osmand:speed>
        </extensions>
      </trkpt>
      <trkpt lat="60.1978797" lon="11.1051726">
        <ele>205.5</ele>
        <time>2026-08-24T12:29:49Z</time>
        <hdop>13.3</hdop>
        <extensions>
          <osmand:speed>7.5</osmand:speed>
        </extensions>
      </trkpt>
      <trkpt lat="60.1975707" lon="11.1049836">
        <ele>207.5</ele>
        <time>2026-08-24T12:29:55Z</time>
        <hdop>19.9</hdop>
        <extensions>
          <osmand:speed>4.8</osmand:speed>
        </extensions>
      </trkpt>
      <trkpt lat="60.1973879" lon="11.1048896">
        <ele>207.5</ele>
        <time>2026-08-24T12:30:01Z</time>
        <hdop>6.6</hdop>
        <extensions>
          <osmand:speed>2.5</osmand:speed>
        </extensions>
      </trkpt>
      <trkpt lat="60.1973167" lon="11.104719">
        <ele>207.5</ele>
        <time>2026-08-24T12:30:07Z</time>
        <hdop>12.8</hdop>
        <extensions>
          <osmand:speed>2.4</osmand:speed>
        </extensions>
      </trkpt>
      <trkpt lat="60.1973123" lon="11.1043956">
        <ele>207.5</ele>
        <time>2026-08-24T12:30:13Z</time>
        <hdop>7.7</hdop>
        <extensions>
          <osmand:speed>2.4</osmand:speed>
        </extensions>
      </trkpt>
      <trkpt lat="60.1973233" lon="11.1042456">
        <ele>206.5</ele>
        <time>2026-08-24T12:30:19Z</time>
        <hdop>7.7</hdop>
        <extensions>
          <osmand:speed>1</osmand:speed>
        </extensions>
      </trkpt>
      <trkpt lat="60.1973442" lon="11.104145">
        <ele>206.5</ele>
        <time>2026-08-24T12:30:25Z</time>
        <hdop>14.3</hdop>
        <extensions>
          <osmand:speed>1.3</osmand:speed>
        </extensions>
      </trkpt>
      <trkpt lat="60.197371" lon="11.1040037">
        <ele>206.5</ele>
        <time>2026-08-24T12:30:31Z</time>
        <hdop>15.8</hdop>
        <extensions>
          <osmand:speed>2</osmand:speed>
        </extensions>
      </trkpt>
      <trkpt lat="60.1974105" lon="11.1037267">
        <ele>206.5</ele>
        <time>2026-08-24T12:30:37Z</time>
        <hdop>14.3</hdop>
        <extensions>
          <osmand:speed>2.6</osmand:speed>
        </extensions>
      </trkpt>
      <trkpt lat="60.1974494" lon="11.1034268">
        <ele>207.5</ele>
        <time>2026-08-24T12:30:43Z</time>
        <hdop>14.8</hdop>
        <extensions>
          <osmand:speed>3.2</osmand:speed>
        </extensions>
      </trkpt>
      <trkpt lat="60.1974988" lon="11.1031003">
        <ele>206.5</ele>
        <time>2026-08-24T12:30:49Z</time>
        <hdop>8.2</hdop>
        <extensions>
          <osmand:speed>2.3</osmand:speed>
        </extensions>
      </trkpt>
      <trkpt lat="60.1975374" lon="11.1028688">
        <ele>205.5</ele>
        <time>2026-08-24T12:30:55Z</time>
        <hdop>8.2</hdop>
        <extensions>
          <osmand:speed>1.8</osmand:speed>
        </extensions>
      </trkpt>
      <trkpt lat="60.1975506" lon="11.1027284">
        <ele>205.5</ele>
        <time>2026-08-24T12:31:01Z</time>
        <hdop>8.7</hdop>
        <extensions>
          <osmand:speed>1.2</osmand:speed>
        </extensions>
      </trkpt>
      <trkpt lat="60.1975614" lon="11.1026212">
        <ele>206.5</ele>
        <time>2026-08-24T12:31:07Z</time>
        <hdop>8.7</hdop>
        <extensions>
          <osmand:speed>0.8</osmand:speed>
        </extensions>
      </trkpt>
    </trkseg>
  </trk>
  <extensions>
    <osmand:show_arrows>false</osmand:show_arrows>
    <osmand:show_start_finish>true</osmand:show_start_finish>
    <osmand:split_interval>0.0</osmand:split_interval>
    <osmand:split_type>no_split</osmand:split_type>
    <osmand:line_3d_visualization_by_type>none</osmand:line_3d_visualization_by_type>
    <osmand:line_3d_visualization_wall_color_type>none</osmand:line_3d_visualization_wall_color_type>
    <osmand:line_3d_visualization_position_type>top</osmand:line_3d_visualization_position_type>
    <osmand:vertical_exaggeration_scale>1.0</osmand:vertical_exaggeration_scale>
    <osmand:elevation_meters>1000.0</osmand:elevation_meters>
    <osmand:color>#D00D0D</osmand:color>
    <osmand:width></osmand:width>
    <osmand:coloring_type>solid</osmand:coloring_type>
  </extensions>
</gpx>
